SMS_Text,Language,Label
सूचना: बैंक रिकॉर्ड में आपके ग्राहक विवरण की समीक्षा बाकी है। यह प्रक्रिया आज की समीक्षा विंडो बंद होने से पहले पूरी करनी होगी। मांगी गई राशि ₹499 है। https://account-review.example/confirm,Hindi,Phishing
आपकी बैंक प्रोफाइल में एक असंगति मिली है। विफल रहने पर अगली सेवा सुविधा रोकने की चेतावनी दी गई है। http://kyc-alert.example/update,Hindi,Phishing
डिजिटल बैंकिंग खाते के लिए पहचान दोबारा जांचनी है। सुरक्षा टीम के नाम पर तुरंत प्रतिक्रिया देने का निर्देश दिया गया है। https://upi-support.example/resolve,Hindi,Phishing
आपके खाते का KYC चरण पूरा नहीं हुआ है। निर्देशित पेज पर जाकर अनुरोधित जानकारी दर्ज करने को कहा गया है। https://parcel-status.example/address,Hindi,Phishing
बैंकिंग सेवा की सुरक्षा जांच में आपका विवरण लंबित दिख रहा है। लिंक से स्थिति जांचने और प्रक्रिया जारी रखने को कहा गया है। मांगी गई राशि ₹499 है। http://reward-center.example/claim,Hindi,Phishing
सूचना: आपकी ग्राहक जानकारी की समय-सीमा समाप्त होने वाली है। अनुरोध को खुला रखने के लिए अभी कार्रवाई करने को कहा गया है। https://job-selection.example/document,Hindi,Phishing
बैंक रिकॉर्ड में आपके ग्राहक विवरण की समीक्षा बाकी है। सेवा सीमित होने से पहले खाते की पुष्टि करें। https://card-security.example/review,Hindi,Phishing
"आपकी बैंक प्रोफाइल में एक असंगति मिली है। यदि आपने यह गतिविधि शुरू नहीं की है, तो पहचान जांच पूरी करें। संदर्भ: [REF_ID] http://utility-notice.example/pay",Hindi,Phishing
डिजिटल बैंकिंग खाते के लिए पहचान दोबारा जांचनी है। राशि/सेवा जारी करने के लिए खाते की जानकारी मांगी गई है। मांगी गई राशि ₹499 है। https://profile-access.example/recover,Hindi,Phishing
कृपया ध्यान दें — आपके खाते का KYC चरण पूरा नहीं हुआ है। अभी दिए गए verification चरण को पूरा करें। hxxp://secure-check.example/verify,Hindi,Phishing
सूचना: बैंकिंग सेवा की सुरक्षा जांच में आपका विवरण लंबित दिख रहा है। यह प्रक्रिया आज की समीक्षा विंडो बंद होने से पहले पूरी करनी होगी।,Hindi,Phishing
आपकी ग्राहक जानकारी की समय-सीमा समाप्त होने वाली है। विफल रहने पर अगली सेवा सुविधा रोकने की चेतावनी दी गई है।,Hindi,Phishing
बैंक रिकॉर्ड में आपके ग्राहक विवरण की समीक्षा बाकी है। सुरक्षा टीम के नाम पर तुरंत प्रतिक्रिया देने का निर्देश दिया गया है। मांगी गई राशि ₹499 है।,Hindi,Phishing
आपकी बैंक प्रोफाइल में एक असंगति मिली है। निर्देशित पेज पर जाकर अनुरोधित जानकारी दर्ज करने को कहा गया है।,Hindi,Phishing
डिजिटल बैंकिंग खाते के लिए पहचान दोबारा जांचनी है। लिंक से स्थिति जांचने और प्रक्रिया जारी रखने को कहा गया है। संदर्भ: [APPLICATION_ID],Hindi,Phishing
सूचना: आपके खाते का KYC चरण पूरा नहीं हुआ है। अनुरोध को खुला रखने के लिए अभी कार्रवाई करने को कहा गया है।,Hindi,Phishing
बैंकिंग सेवा की सुरक्षा जांच में आपका विवरण लंबित दिख रहा है। सेवा सीमित होने से पहले खाते की पुष्टि करें। मांगी गई राशि ₹499 है।,Hindi,Phishing
"आपकी ग्राहक जानकारी की समय-सीमा समाप्त होने वाली है। यदि आपने यह गतिविधि शुरू नहीं की है, तो पहचान जांच पूरी करें।",Hindi,Phishing
कृपया ध्यान दें — बैंक रिकॉर्ड में आपके ग्राहक विवरण की समीक्षा बाकी है। राशि/सेवा जारी करने के लिए खाते की जानकारी मांगी गई है।,Hindi,Phishing
आपकी बैंक प्रोफाइल में एक असंगति मिली है। अभी दिए गए verification चरण को पूरा करें। hxxp://secure-check.example/verify सेवा अनुरोध की स्थिति बाद में भी देखी जा सकती है।,Hindi,Phishing
सूचना: डिजिटल बैंकिंग खाते के लिए पहचान दोबारा जांचनी है। यह प्रक्रिया आज की समीक्षा विंडो बंद होने से पहले पूरी करनी होगी। मांगी गई राशि ₹499 है। https://account-review.example/confirm,Hindi,Phishing
आपके खाते का KYC चरण पूरा नहीं हुआ है। विफल रहने पर अगली सेवा सुविधा रोकने की चेतावनी दी गई है। संदर्भ: [CASE_ID] http://kyc-alert.example/update,Hindi,Phishing
बैंकिंग सेवा की सुरक्षा जांच में आपका विवरण लंबित दिख रहा है। सुरक्षा टीम के नाम पर तुरंत प्रतिक्रिया देने का निर्देश दिया गया है। https://upi-support.example/resolve,Hindi,Phishing
आपकी ग्राहक जानकारी की समय-सीमा समाप्त होने वाली है। निर्देशित पेज पर जाकर अनुरोधित जानकारी दर्ज करने को कहा गया है। https://parcel-status.example/address,Hindi,Phishing
बैंक रिकॉर्ड में आपके ग्राहक विवरण की समीक्षा बाकी है। लिंक से स्थिति जांचने और प्रक्रिया जारी रखने को कहा गया है। मांगी गई राशि ₹499 है। http://reward-center.example/claim,Hindi,Phishing
सूचना: आपकी बैंक प्रोफाइल में एक असंगति मिली है। अनुरोध को खुला रखने के लिए अभी कार्रवाई करने को कहा गया है। https://job-selection.example/document,Hindi,Phishing
डिजिटल बैंकिंग खाते के लिए पहचान दोबारा जांचनी है। सेवा सीमित होने से पहले खाते की पुष्टि करें। https://card-security.example/review अधिक जानकारी के लिए आधिकारिक सेवा चैनल देखें।,Hindi,Phishing
"कृपया ध्यान दें — आपके खाते का KYC चरण पूरा नहीं हुआ है। यदि आपने यह गतिविधि शुरू नहीं की है, तो पहचान जांच पूरी करें। http://utility-notice.example/pay",Hindi,Phishing
बैंकिंग सेवा की सुरक्षा जांच में आपका विवरण लंबित दिख रहा है। राशि/सेवा जारी करने के लिए खाते की जानकारी मांगी गई है। संदर्भ: [ORDER_ID] मांगी गई राशि ₹499 है। https://profile-access.example/recover,Hindi,Phishing
आपकी ग्राहक details की समय-सीमा समाप्त होने वाली है। अभी दिए गए verification चरण को पूरा करें। hxxp://secure-check.example/verify सेवा अनुरोध की स्थिति बाद में भी देखी जा सकती है।,Hindi,Phishing
सूचना: बैंक रिकॉर्ड में आपके ग्राहक विवरण की समीक्षा बाकी है। यह प्रक्रिया आज की समीक्षा विंडो बंद होने से पहले पूरी करनी होगी।,Hindi,Phishing
आपकी बैंक प्रोफाइल में एक असंगति मिली है। विफल रहने पर अगली सेवा सुविधा रोकने की चेतावनी दी गई है।,Hindi,Phishing
डिजिटल बैंकिंग खाते के लिए पहचान दोबारा जांचनी है। सुरक्षा टीम के नाम पर तुरंत प्रतिक्रिया देने का निर्देश दिया गया है। मांगी गई राशि ₹499 है।,Hindi,Phishing
आपके खाते का KYC चरण पूरा नहीं हुआ है। निर्देशित पेज पर जाकर अनुरोधित जानकारी दर्ज करने को कहा गया है।,Hindi,Phishing
बैंकिंग सेवा की सुरक्षा जांच में आपका विवरण लंबित दिख रहा है। लिंक से स्थिति जांचने और प्रक्रिया जारी रखने को कहा गया है।,Hindi,Phishing
सूचना: आपकी ग्राहक जानकारी की समय-सीमा समाप्त होने वाली है। अनुरोध को खुला रखने के लिए अभी कार्रवाई करने को कहा गया है।,Hindi,Phishing
"सूचना: आपके UPI प्रोफाइल पर एक सुरक्षा जांच शुरू हुई है। निर्देशित पेज पर जाकर अनुरोधित जानकारी दर्ज करने को कहा गया है। मांगी गई राशि ₹3,499 है।",Hindi,Phishing
एक UPI लेनदेन को अतिरिक्त पुष्टि की जरूरत बताई गई है। लिंक से स्थिति जांचने और प्रक्रिया जारी रखने को कहा गया है।,Hindi,Phishing
आपकी UPI सुविधा में असामान्य गतिविधि दर्ज हुई है। अनुरोध को खुला रखने के लिए अभी कार्रवाई करने को कहा गया है।,Hindi,Phishing
एक डिजिटल भुगतान अनुरोध आपके नाम से लंबित दिख रहा है। सेवा सीमित होने से पहले खाते की पुष्टि करें। hxxp://secure-check.example/verify,Hindi,Phishing
"आपका UPI रिफंड प्रोसेस होने से पहले पुष्टि मांग रहा है। यदि आपने यह गतिविधि शुरू नहीं की है, तो पहचान जांच पूरी करें। मांगी गई राशि ₹3,499 है। https://account-review.example/confirm",Hindi,Phishing
सूचना: भुगतान सेवा ने आपके UPI खाते की समीक्षा चिन्हित की है। राशि/सेवा जारी करने के लिए खाते की जानकारी मांगी गई है। http://kyc-alert.example/update,Hindi,Phishing
आपके UPI प्रोफाइल पर एक सुरक्षा जांच शुरू हुई है। अभी दिए गए सत्यापन चरण को पूरा करें। https://upi-support.example/resolve किसी अनजान नंबर पर प्रतिक्रिया न दें।,Hindi,Phishing
एक UPI लेनदेन को अतिरिक्त पुष्टि की जरूरत बताई गई है। यह प्रक्रिया आज की समीक्षा विंडो बंद होने से पहले पूरी करनी होगी। संदर्भ: [TXN_ID] https://parcel-status.example/address,Hindi,Phishing
"आपकी UPI सुविधा में असामान्य गतिविधि दर्ज हुई है। विफल रहने पर अगली सेवा सुविधा रोकने की चेतावनी दी गई है। मांगी गई राशि ₹3,499 है। http://reward-center.example/claim",Hindi,Phishing
कृपया ध्यान दें — एक डिजिटल भुगतान अनुरोध आपके नाम से लंबित दिख रहा है। सुरक्षा टीम के नाम पर तुरंत प्रतिक्रिया देने का निर्देश दिया गया है। https://job-selection.example/document,Hindi,Phishing
सूचना: आपका UPI रिफंड प्रोसेस होने से पहले पुष्टि मांग रहा है। निर्देशित पेज पर जाकर अनुरोधित जानकारी दर्ज करने को कहा गया है। https://card-security.example/review,Hindi,Phishing
भुगतान सेवा ने आपके UPI खाते की समीक्षा चिन्हित की है। लिंक से स्थिति जांचने और प्रक्रिया जारी रखने को कहा गया है। http://utility-notice.example/pay,Hindi,Phishing
"आपके UPI प्रोफाइल पर एक सुरक्षा जांच शुरू हुई है। अनुरोध को खुला रखने के लिए अभी कार्रवाई करने को कहा गया है। मांगी गई राशि ₹3,499 है। https://profile-access.example/recover",Hindi,Phishing
एक UPI लेनदेन को अतिरिक्त पुष्टि की जरूरत बताई गई है। सेवा सीमित होने से पहले खाते की पुष्टि करें। hxxp://secure-check.example/verify,Hindi,Phishing
"आपकी UPI सुविधा में असामान्य गतिविधि दर्ज हुई है। यदि आपने यह गतिविधि शुरू नहीं की है, तो पहचान जांच पूरी करें। संदर्भ: [REF_ID]",Hindi,Phishing
सूचना: एक डिजिटल भुगतान अनुरोध आपके नाम से लंबित दिख रहा है। राशि/सेवा जारी करने के लिए खाते की जानकारी मांगी गई है।,Hindi,Phishing
"आपका UPI रिफंड प्रोसेस होने से पहले पुष्टि मांग रहा है। अभी दिए गए सत्यापन चरण को पूरा करें। मांगी गई राशि ₹3,499 है।",Hindi,Phishing
भुगतान सेवा ने आपके UPI खाते की समीक्षा चिन्हित की है। यह प्रक्रिया आज की समीक्षा विंडो बंद होने से पहले पूरी करनी होगी।,Hindi,Phishing
कृपया ध्यान दें — आपके UPI प्रोफाइल पर एक सुरक्षा जांच शुरू हुई है। विफल रहने पर अगली सेवा सुविधा रोकने की चेतावनी दी गई है।,Hindi,Phishing
एक UPI लेनदेन को अतिरिक्त पुष्टि की जरूरत बताई गई है। सुरक्षा टीम के नाम पर तुरंत प्रतिक्रिया देने का निर्देश दिया गया है।,Hindi,Phishing
"सूचना: आपकी UPI सुविधा में असामान्य गतिविधि दर्ज हुई है। निर्देशित पेज पर जाकर अनुरोधित जानकारी दर्ज करने को कहा गया है। मांगी गई राशि ₹3,499 है।",Hindi,Phishing
एक डिजिटल भुगतान अनुरोध आपके नाम से लंबित दिख रहा है। लिंक से स्थिति जांचने और प्रक्रिया जारी रखने को कहा गया है। संदर्भ: [APPLICATION_ID],Hindi,Phishing
आपका UPI रिफंड प्रोसेस होने से पहले पुष्टि मांग रहा है। अनुरोध को खुला रखने के लिए अभी कार्रवाई करने को कहा गया है।,Hindi,Phishing
भुगतान सेवा ने आपके UPI खाते की समीक्षा चिन्हित की है। सेवा सीमित होने से पहले खाते की पुष्टि करें। hxxp://secure-check.example/verify,Hindi,Phishing
"आपके UPI प्रोफाइल पर एक सुरक्षा जांच शुरू हुई है। यदि आपने यह गतिविधि शुरू नहीं की है, तो पहचान जांच पूरी करें। मांगी गई राशि ₹3,499 है। https://account-review.example/confirm",Hindi,Phishing
सूचना: एक UPI लेनदेन को अतिरिक्त पुष्टि की जरूरत बताई गई है। राशि/सेवा जारी करने के लिए खाते की जानकारी मांगी गई है। http://kyc-alert.example/update,Hindi,Phishing
आपकी UPI सुविधा में असामान्य गतिविधि दर्ज हुई है। अभी दिए गए सत्यापन चरण को पूरा करें। https://upi-support.example/resolve किसी अनजान नंबर पर प्रतिक्रिया न दें।,Hindi,Phishing
कृपया ध्यान दें — एक डिजिटल भुगतान अनुरोध आपके नाम से लंबित दिख रहा है। यह प्रक्रिया आज की समीक्षा विंडो बंद होने से पहले पूरी करनी होगी। https://parcel-status.example/address,Hindi,Phishing
"आपका UPI रिफंड प्रोसेस होने से पहले पुष्टि मांग रहा है। विफल रहने पर अगली सेवा सुविधा रोकने की चेतावनी दी गई है। संदर्भ: [CASE_ID] मांगी गई राशि ₹3,499 है। http://reward-center.example/claim",Hindi,Phishing
भुगतान सेवा ने आपके UPI खाते की समीक्षा चिन्हित की है। सुरक्षा टीम के नाम पर तुरंत प्रतिक्रिया देने का निर्देश दिया गया है। https://job-selection.example/document,Hindi,Phishing
सूचना: आपके UPI प्रोफाइल पर एक सुरक्षा जांच शुरू हुई है। निर्देशित पेज पर जाकर अनुरोधित जानकारी दर्ज करने को कहा गया है। https://card-security.example/review,Hindi,Phishing
एक UPI लेनदेन को अतिरिक्त पुष्टि की जरूरत बताई गई है। लिंक से स्थिति जांचने और प्रक्रिया जारी रखने को कहा गया है। http://utility-notice.example/pay,Hindi,Phishing
"आपकी UPI सुविधा में असामान्य गतिविधि दर्ज हुई है। अनुरोध को खुला रखने के लिए अभी कार्रवाई करने को कहा गया है। मांगी गई राशि ₹3,499 है। https://profile-access.example/recover",Hindi,Phishing
एक डिजिटल भुगतान अनुरोध आपके नाम से लंबित दिख रहा है। सेवा सीमित होने से पहले खाते की पुष्टि करें। hxxp://secure-check.example/verify अनुरोध की स्थिति जांचने के लिए आधिकारिक चैनल का उपयोग करें.,Hindi,Phishing
"आपका UPI रिफंड प्रोसेस होने से पहले पुष्टि मांग रहा है। यदि आपने यह गतिविधि शुरू नहीं की है, तो पहचान जांच पूरी करें।",Hindi,Phishing
सूचना: भुगतान सेवा ने आपके UPI खाते की समीक्षा चिन्हित की है। राशि/सेवा जारी करने के लिए खाते की जानकारी मांगी गई है।,Hindi,Phishing
सूचना: आपके खाते में एक नया साइन-इन प्रयास दर्ज हुआ है। निर्देशित पेज पर जाकर अनुरोधित जानकारी दर्ज करने को कहा गया है। मांगी गई राशि ₹499 है।,Hindi,Phishing
मोबाइल सत्यापन अनुरोध अभी पूरा नहीं हुआ है। लिंक से स्थिति जांचने और प्रक्रिया जारी रखने को कहा गया है।,Hindi,Phishing
आपके प्रोफाइल पर सुरक्षा पुष्टि की समय-सीमा नजदीक है। अनुरोध को खुला रखने के लिए अभी कार्रवाई करने को कहा गया है।,Hindi,Phishing
एक नए डिवाइस से खाते तक पहुंच का प्रयास मिला है। सेवा सीमित होने से पहले खाते की पुष्टि करें।,Hindi,Phishing
"आपके लॉगिन सत्र के लिए अतिरिक्त पुष्टि मांगी गई है। यदि आपने यह गतिविधि शुरू नहीं की है, तो पहचान जांच पूरी करें। मांगी गई राशि ₹499 है।",Hindi,Phishing
सूचना: खाता पुनर्प्राप्ति अनुरोध आपकी जानकारी से जोड़ा गया है। राशि/सेवा जारी करने के लिए खाते की जानकारी मांगी गई है।,Hindi,Phishing
आपके खाते में एक नया साइन-इन प्रयास दर्ज हुआ है। अभी दिए गए सत्यापन चरण को पूरा करें। आपके रिकॉर्ड में यह सूचना सुरक्षित रहेगी।,Hindi,Phishing
मोबाइल verification अनुरोध अभी पूरा नहीं हुआ है। यह प्रक्रिया आज की समीक्षा विंडो बंद होने से पहले पूरी करनी होगी। संदर्भ: [ORDER_ID] hxxp://secure-check.example/verify,Hindi,Phishing
आपके प्रोफाइल पर सुरक्षा पुष्टि की समय-सीमा नजदीक है। विफल रहने पर अगली सेवा सुविधा रोकने की चेतावनी दी गई है। मांगी गई राशि ₹499 है। https://account-review.example/confirm,Hindi,Phishing
कृपया ध्यान दें — एक नए डिवाइस से खाते तक पहुंच का प्रयास मिला है। सुरक्षा टीम के नाम पर तुरंत प्रतिक्रिया देने का निर्देश दिया गया है। http://kyc-alert.example/update,Hindi,Phishing
सूचना: आपके लॉगिन सत्र के लिए अतिरिक्त पुष्टि मांगी गई है। निर्देशित पेज पर जाकर अनुरोधित जानकारी दर्ज करने को कहा गया है। https://upi-support.example/resolve,Hindi,Phishing
खाता पुनर्प्राप्ति अनुरोध आपकी जानकारी से जोड़ा गया है। लिंक से स्थिति जांचने और प्रक्रिया जारी रखने को कहा गया है। https://parcel-status.example/address,Hindi,Phishing
आपके खाते में एक नया साइन-इन प्रयास दर्ज हुआ है। अनुरोध को खुला रखने के लिए अभी कार्रवाई करने को कहा गया है। मांगी गई राशि ₹499 है। http://reward-center.example/claim,Hindi,Phishing
मोबाइल सत्यापन अनुरोध अभी पूरा नहीं हुआ है। सेवा सीमित होने से पहले खाते की पुष्टि करें। https://job-selection.example/document संदर्भ उपलब्ध होने पर उसे सुरक्षित रखें।,Hindi,Phishing
"आपके प्रोफाइल पर सुरक्षा पुष्टि की समय-सीमा नजदीक है। यदि आपने यह गतिविधि शुरू नहीं की है, तो पहचान जांच पूरी करें। संदर्भ: [TXN_ID] https://card-security.example/review",Hindi,Phishing
सूचना: एक नए डिवाइस से खाते तक पहुंच का प्रयास मिला है। राशि/सेवा जारी करने के लिए खाते की जानकारी मांगी गई है। http://utility-notice.example/pay,Hindi,Phishing
आपके लॉगिन सत्र के लिए अतिरिक्त पुष्टि मांगी गई है। अभी दिए गए सत्यापन चरण को पूरा करें। मांगी गई राशि ₹499 है। https://profile-access.example/recover,Hindi,Phishing
account पुनर्प्राप्ति अनुरोध आपकी details से जोड़ा गया है। यह प्रक्रिया आज की समीक्षा विंडो बंद होने से पहले पूरी करनी होगी। hxxp://secure-check.example/verify,Hindi,Phishing
कृपया ध्यान दें — आपके खाते में एक नया साइन-इन प्रयास दर्ज हुआ है। विफल रहने पर अगली सेवा सुविधा रोकने की चेतावनी दी गई है।,Hindi,Phishing
मोबाइल सत्यापन अनुरोध अभी पूरा नहीं हुआ है। सुरक्षा टीम के नाम पर तुरंत प्रतिक्रिया देने का निर्देश दिया गया है।,Hindi,Phishing
सूचना: आपके प्रोफाइल पर सुरक्षा पुष्टि की समय-सीमा नजदीक है। निर्देशित पेज पर जाकर अनुरोधित जानकारी दर्ज करने को कहा गया है। मांगी गई राशि ₹499 है।,Hindi,Phishing
एक नए डिवाइस से खाते तक पहुंच का प्रयास मिला है। लिंक से स्थिति जांचने और प्रक्रिया जारी रखने को कहा गया है। संदर्भ: [REF_ID],Hindi,Phishing
आपके लॉगिन सत्र के लिए अतिरिक्त पुष्टि मांगी गई है। अनुरोध को खुला रखने के लिए अभी कार्रवाई करने को कहा गया है।,Hindi,Phishing
खाता पुनर्प्राप्ति अनुरोध आपकी जानकारी से जोड़ा गया है। सेवा सीमित होने से पहले खाते की पुष्टि करें। संदर्भ उपलब्ध होने पर उसे सुरक्षित रखें।,Hindi,Phishing
"आपके खाते में एक नया साइन-इन प्रयास दर्ज हुआ है। यदि आपने यह गतिविधि शुरू नहीं की है, तो पहचान जांच पूरी करें। मांगी गई राशि ₹499 है।",Hindi,Phishing
सूचना: मोबाइल सत्यापन अनुरोध अभी पूरा नहीं हुआ है। राशि/सेवा जारी करने के लिए खाते की जानकारी मांगी गई है।,Hindi,Phishing
आपके प्रोफाइल पर सुरक्षा पुष्टि की समय-सीमा नजदीक है। अभी दिए गए सत्यापन चरण को पूरा करें। आपके रिकॉर्ड में यह सूचना सुरक्षित रहेगी।,Hindi,Phishing
"सूचना: आपके कार्ड रिकॉर्ड में सुरक्षा समीक्षा लंबित है। सुरक्षा टीम के नाम पर तुरंत प्रतिक्रिया देने का निर्देश दिया गया है। मांगी गई राशि ₹1,999 है। hxxp://secure-check.example/verify",Hindi,Phishing
कार्ड सेवा ने आपके प्रोफाइल में एक असामान्य बदलाव चिन्हित किया है। निर्देशित पेज पर जाकर अनुरोधित जानकारी दर्ज करने को कहा गया है। https://account-review.example/confirm,Hindi,Phishing
आपके डेबिट कार्ड की ऑनलाइन सुविधा के लिए पुनः पुष्टि मांगी गई है। लिंक से स्थिति जांचने और प्रक्रिया जारी रखने को कहा गया है। http://kyc-alert.example/update,Hindi,Phishing
कार्ड सत्यापन प्रक्रिया पूरी नहीं हुई है। अनुरोध को खुला रखने के लिए अभी कार्रवाई करने को कहा गया है। https://upi-support.example/resolve,Hindi,Phishing
"आपके कार्ड पर एक संदिग्ध भुगतान प्रयास दर्ज हुआ है। सेवा सीमित होने से पहले खाते की पुष्टि करें। मांगी गई राशि ₹1,999 है। https://parcel-status.example/address",Hindi,Phishing
"सूचना: आपकी कार्ड प्रोफाइल की सुरक्षा जांच बाकी है। यदि आपने यह गतिविधि शुरू नहीं की है, तो पहचान जांच पूरी करें। http://reward-center.example/claim",Hindi,Phishing
आपके कार्ड रिकॉर्ड में सुरक्षा समीक्षा लंबित है। राशि/सेवा जारी करने के लिए खाते की जानकारी मांगी गई है। https://job-selection.example/document,Hindi,Phishing
कार्ड सेवा ने आपके प्रोफाइल में एक असामान्य बदलाव चिन्हित किया है। अभी दिए गए सत्यापन चरण को पूरा करें। संदर्भ: [APPLICATION_ID] https://card-security.example/review,Hindi,Phishing
"आपके डेबिट कार्ड की ऑनलाइन सुविधा के लिए पुनः पुष्टि मांगी गई है। यह प्रक्रिया आज की समीक्षा विंडो बंद होने से पहले पूरी करनी होगी। मांगी गई राशि ₹1,999 है। http://utility-notice.example/pay",Hindi,Phishing
कृपया ध्यान दें — कार्ड सत्यापन प्रक्रिया पूरी नहीं हुई है। विफल रहने पर अगली सेवा सुविधा रोकने की चेतावनी दी गई है। https://profile-access.example/recover,Hindi,Phishing
सूचना: आपके कार्ड पर एक संदिग्ध भुगतान प्रयास दर्ज हुआ है। सुरक्षा टीम के नाम पर तुरंत प्रतिक्रिया देने का निर्देश दिया गया है। hxxp://secure-check.example/verify,Hindi,Phishing
आपकी कार्ड प्रोफाइल की सुरक्षा जांच बाकी है। निर्देशित पेज पर जाकर अनुरोधित जानकारी दर्ज करने को कहा गया है।,Hindi,Phishing
"आपके कार्ड रिकॉर्ड में सुरक्षा समीक्षा लंबित है। लिंक से स्थिति जांचने और प्रक्रिया जारी रखने को कहा गया है। मांगी गई राशि ₹1,999 है।",Hindi,Phishing
कार्ड सेवा ने आपके प्रोफाइल में एक असामान्य बदलाव चिन्हित किया है। अनुरोध को खुला रखने के लिए अभी कार्रवाई करने को कहा गया है।,Hindi,Phishing
आपके डेबिट कार्ड की ऑनलाइन सुविधा के लिए पुनः पुष्टि मांगी गई है। सेवा सीमित होने से पहले खाते की पुष्टि करें। संदर्भ: [CASE_ID],Hindi,Phishing
"सूचना: कार्ड verification प्रक्रिया पूरी नहीं हुई है। यदि आपने यह गतिविधि शुरू नहीं की है, तो पहचान जांच पूरी करें।",Hindi,Phishing
"आपके कार्ड पर एक संदिग्ध भुगतान प्रयास दर्ज हुआ है। राशि/सेवा जारी करने के लिए खाते की जानकारी मांगी गई है। मांगी गई राशि ₹1,999 है।",Hindi,Phishing
आपकी कार्ड प्रोफाइल की सुरक्षा जांच बाकी है। अभी दिए गए सत्यापन चरण को पूरा करें। अधिक जानकारी के लिए आधिकारिक सेवा चैनल देखें।,Hindi,Phishing
कृपया ध्यान दें — आपके कार्ड रिकॉर्ड में सुरक्षा समीक्षा लंबित है। यह प्रक्रिया आज की समीक्षा विंडो बंद होने से पहले पूरी करनी होगी।,Hindi,Phishing
कार्ड सेवा ने आपके प्रोफाइल में एक असामान्य बदलाव चिन्हित किया है। विफल रहने पर अगली सेवा सुविधा रोकने की चेतावनी दी गई है।,Hindi,Phishing
"सूचना: आपके डेबिट कार्ड की ऑनलाइन सुविधा के लिए पुनः पुष्टि मांगी गई है। सुरक्षा टीम के नाम पर तुरंत प्रतिक्रिया देने का निर्देश दिया गया है। मांगी गई राशि ₹1,999 है। hxxp://secure-check.example/verify",Hindi,Phishing
कार्ड सत्यापन प्रक्रिया पूरी नहीं हुई है। निर्देशित पेज पर जाकर अनुरोधित जानकारी दर्ज करने को कहा गया है। संदर्भ: [ORDER_ID] https://account-review.example/confirm,Hindi,Phishing
आपके कार्ड पर एक संदिग्ध भुगतान प्रयास दर्ज हुआ है। लिंक से स्थिति जांचने और प्रक्रिया जारी रखने को कहा गया है। http://kyc-alert.example/update,Hindi,Phishing
"सूचना: आपकी आधार-लिंक सेवा के रिकॉर्ड में पुनः सत्यापन आवश्यक है। यह प्रक्रिया आज की समीक्षा विंडो बंद होने से पहले पूरी करनी होगी। मांगी गई राशि ₹1,240 है। https://upi-support.example/resolve",Hindi,Phishing
DigiLocker प्रोफाइल पर पहचान जांच लंबित दिखाई गई है। विफल रहने पर अगली सेवा सुविधा रोकने की चेतावनी दी गई है। https://parcel-status.example/address,Hindi,Phishing
सरकारी सेवा आवेदन के लिए अतिरिक्त पहचान पुष्टि मांगी गई है। सुरक्षा टीम के नाम पर तुरंत प्रतिक्रिया देने का निर्देश दिया गया है। http://reward-center.example/claim,Hindi,Phishing
आपके डिजिटल दस्तावेज खाते की स्थिति की समीक्षा जरूरी बताई गई है। निर्देशित पेज पर जाकर अनुरोधित जानकारी दर्ज करने को कहा गया है। https://job-selection.example/document,Hindi,Phishing
"आधिकारिक सेवा रिकॉर्ड में पहचान विवरण अपडेट मांगा गया है। लिंक से स्थिति जांचने और प्रक्रिया जारी रखने को कहा गया है। मांगी गई राशि ₹1,240 है। https://card-security.example/review",Hindi,Phishing
सूचना: आपकी सरकारी लाभ प्रोफाइल के सत्यापन की समय-सीमा नजदीक है। अनुरोध को खुला रखने के लिए अभी कार्रवाई करने को कहा गया है। http://utility-notice.example/pay,Hindi,Phishing
आपकी आधार-लिंक सेवा के रिकॉर्ड में पुनः सत्यापन आवश्यक है। सेवा सीमित होने से पहले खाते की पुष्टि करें। https://profile-access.example/recover,Hindi,Phishing
"DigiLocker प्रोफाइल पर पहचान जांच लंबित दिखाई गई है। यदि आपने यह गतिविधि शुरू नहीं की है, तो पहचान जांच पूरी करें। संदर्भ: [ORDER_ID] hxxp://secure-check.example/verify",Hindi,Phishing
"सरकारी सेवा आवेदन के लिए अतिरिक्त पहचान पुष्टि मांगी गई है। राशि/सेवा जारी करने के लिए खाते की जानकारी मांगी गई है। मांगी गई राशि ₹1,240 है।",Hindi,Phishing
कृपया ध्यान दें — आपके डिजिटल दस्तावेज खाते की स्थिति की समीक्षा जरूरी बताई गई है। अभी दिए गए सत्यापन चरण को पूरा करें।,Hindi,Phishing
सूचना: आधिकारिक सेवा रिकॉर्ड में पहचान विवरण अपडेट मांगा गया है। यह प्रक्रिया आज की समीक्षा विंडो बंद होने से पहले पूरी करनी होगी।,Hindi,Phishing
आपकी सरकारी लाभ प्रोफाइल के सत्यापन की समय-सीमा नजदीक है। विफल रहने पर अगली सेवा सुविधा रोकने की चेतावनी दी गई है।,Hindi,Phishing
"आपकी आधार-लिंक सेवा के रिकॉर्ड में पुनः verification आवश्यक है। सुरक्षा टीम के नाम पर तुरंत प्रतिक्रिया देने का निर्देश दिया गया है। मांगी गई राशि ₹1,240 है।",Hindi,Phishing
DigiLocker प्रोफाइल पर पहचान जांच लंबित दिखाई गई है। निर्देशित पेज पर जाकर अनुरोधित जानकारी दर्ज करने को कहा गया है।,Hindi,Phishing
सरकारी सेवा आवेदन के लिए अतिरिक्त पहचान पुष्टि मांगी गई है। लिंक से स्थिति जांचने और प्रक्रिया जारी रखने को कहा गया है। संदर्भ: [TXN_ID],Hindi,Phishing
सूचना: आपके डिजिटल दस्तावेज खाते की स्थिति की समीक्षा जरूरी बताई गई है। अनुरोध को खुला रखने के लिए अभी कार्रवाई करने को कहा गया है।,Hindi,Phishing
"आधिकारिक सेवा रिकॉर्ड में पहचान विवरण अपडेट मांगा गया है। सेवा सीमित होने से पहले खाते की पुष्टि करें। मांगी गई राशि ₹1,240 है।",Hindi,Phishing
"आपकी सरकारी लाभ प्रोफाइल के verification की समय-सीमा नजदीक है। यदि आपने यह गतिविधि शुरू नहीं की है, तो पहचान जांच पूरी करें। hxxp://secure-check.example/verify",Hindi,Phishing
कृपया ध्यान दें — आपकी आधार-लिंक सेवा के रिकॉर्ड में पुनः सत्यापन आवश्यक है। राशि/सेवा जारी करने के लिए खाते की जानकारी मांगी गई है। https://account-review.example/confirm,Hindi,Phishing
DigiLocker प्रोफाइल पर पहचान जांच लंबित दिखाई गई है। अभी दिए गए सत्यापन चरण को पूरा करें। http://kyc-alert.example/update अधिक जानकारी के लिए आधिकारिक सेवा चैनल देखें।,Hindi,Phishing
"सूचना: सरकारी सेवा आवेदन के लिए अतिरिक्त पहचान पुष्टि मांगी गई है। यह प्रक्रिया आज की समीक्षा विंडो बंद होने से पहले पूरी करनी होगी। मांगी गई राशि ₹1,240 है। https://upi-support.example/resolve",Hindi,Phishing
आपके डिजिटल दस्तावेज खाते की स्थिति की समीक्षा जरूरी बताई गई है। विफल रहने पर अगली सेवा सुविधा रोकने की चेतावनी दी गई है। संदर्भ: [REF_ID] https://parcel-status.example/address,Hindi,Phishing
आधिकारिक सेवा रिकॉर्ड में पहचान विवरण अपडेट मांगा गया है। सुरक्षा टीम के नाम पर तुरंत प्रतिक्रिया देने का निर्देश दिया गया है। http://reward-center.example/claim,Hindi,Phishing
सूचना: आपके पार्सल की डिलीवरी जानकारी में एक समस्या दर्ज हुई है। विफल रहने पर अगली सेवा सुविधा रोकने की चेतावनी दी गई है। मांगी गई राशि ₹850 है। https://job-selection.example/document,Hindi,Phishing
कूरियर रिकॉर्ड में पते की पुष्टि बाकी दिखाई गई है। सुरक्षा टीम के नाम पर तुरंत प्रतिक्रिया देने का निर्देश दिया गया है। https://card-security.example/review,Hindi,Phishing
आपका पैकेज स्थानीय डिलीवरी केंद्र पर रोका गया है। निर्देशित पेज पर जाकर अनुरोधित जानकारी दर्ज करने को कहा गया है। http://utility-notice.example/pay,Hindi,Phishing
डिलीवरी अनुरोध में अतिरिक्त पुष्टि की जरूरत बताई गई है। लिंक से स्थिति जांचने और प्रक्रिया जारी रखने को कहा गया है। https://profile-access.example/recover,Hindi,Phishing
आपके शिपमेंट की अगली प्रक्रिया पता verification पर निर्भर है। अनुरोध को खुला रखने के लिए अभी कार्रवाई करने को कहा गया है। मांगी गई राशि ₹850 है। hxxp://secure-check.example/verify,Hindi,Phishing
सूचना: कूरियर सिस्टम में आपके पार्सल का स्टेटस समीक्षा में है। सेवा सीमित होने से पहले खाते की पुष्टि करें।,Hindi,Phishing
"आपके पार्सल की डिलीवरी जानकारी में एक समस्या दर्ज हुई है। यदि आपने यह गतिविधि शुरू नहीं की है, तो पहचान जांच पूरी करें।",Hindi,Phishing
कूरियर रिकॉर्ड में पते की पुष्टि बाकी दिखाई गई है। राशि/सेवा जारी करने के लिए खाते की जानकारी मांगी गई है। संदर्भ: [REF_ID],Hindi,Phishing
आपका पैकेज स्थानीय डिलीवरी केंद्र पर रोका गया है। अभी दिए गए सत्यापन चरण को पूरा करें। मांगी गई राशि ₹850 है।,Hindi,Phishing
कृपया ध्यान दें — डिलीवरी अनुरोध में अतिरिक्त पुष्टि की जरूरत बताई गई है। यह प्रक्रिया आज की समीक्षा विंडो बंद होने से पहले पूरी करनी होगी।,Hindi,Phishing
सूचना: आपके शिपमेंट की अगली प्रक्रिया पता सत्यापन पर निर्भर है। विफल रहने पर अगली सेवा सुविधा रोकने की चेतावनी दी गई है।,Hindi,Phishing
कूरियर सिस्टम में आपके पार्सल का स्टेटस समीक्षा में है। सुरक्षा टीम के नाम पर तुरंत प्रतिक्रिया देने का निर्देश दिया गया है।,Hindi,Phishing
आपके पार्सल की डिलीवरी जानकारी में एक समस्या दर्ज हुई है। निर्देशित पेज पर जाकर अनुरोधित जानकारी दर्ज करने को कहा गया है। मांगी गई राशि ₹850 है।,Hindi,Phishing
कूरियर रिकॉर्ड में पते की पुष्टि बाकी दिखाई गई है। लिंक से स्थिति जांचने और प्रक्रिया जारी रखने को कहा गया है।,Hindi,Phishing
आपका पैकेज स्थानीय डिलीवरी केंद्र पर रोका गया है। अनुरोध को खुला रखने के लिए अभी कार्रवाई करने को कहा गया है। संदर्भ: [APPLICATION_ID] hxxp://secure-check.example/verify,Hindi,Phishing
सूचना: डिलीवरी अनुरोध में अतिरिक्त पुष्टि की जरूरत बताई गई है। सेवा सीमित होने से पहले खाते की पुष्टि करें। https://account-review.example/confirm,Hindi,Phishing
"आपके शिपमेंट की अगली प्रक्रिया पता सत्यापन पर निर्भर है। यदि आपने यह गतिविधि शुरू नहीं की है, तो पहचान जांच पूरी करें। मांगी गई राशि ₹850 है। http://kyc-alert.example/update",Hindi,Phishing
कूरियर सिस्टम में आपके पार्सल का स्टेटस समीक्षा में है। राशि/सेवा जारी करने के लिए खाते की जानकारी मांगी गई है। https://upi-support.example/resolve,Hindi,Phishing
कृपया ध्यान दें — आपके पार्सल की डिलीवरी जानकारी में एक समस्या दर्ज हुई है। अभी दिए गए सत्यापन चरण को पूरा करें। https://parcel-status.example/address,Hindi,Phishing
कूरियर रिकॉर्ड में पते की पुष्टि बाकी दिखाई गई है। यह प्रक्रिया आज की समीक्षा विंडो बंद होने से पहले पूरी करनी होगी। http://reward-center.example/claim,Hindi,Phishing
सूचना: आपका पैकेज स्थानीय डिलीवरी केंद्र पर रोका गया है। विफल रहने पर अगली सेवा सुविधा रोकने की चेतावनी दी गई है। मांगी गई राशि ₹850 है। https://job-selection.example/document,Hindi,Phishing
डिलीवरी अनुरोध में अतिरिक्त पुष्टि की जरूरत बताई गई है। सुरक्षा टीम के नाम पर तुरंत प्रतिक्रिया देने का निर्देश दिया गया है। संदर्भ: [CASE_ID] https://card-security.example/review,Hindi,Phishing
आपके शिपमेंट की अगली प्रक्रिया पता सत्यापन पर निर्भर है। निर्देशित पेज पर जाकर अनुरोधित जानकारी दर्ज करने को कहा गया है। http://utility-notice.example/pay,Hindi,Phishing
सूचना: आपकी प्रोफाइल एक त्वरित भर्ती प्रक्रिया के लिए चुनी गई बताई गई है। निर्देशित पेज पर जाकर अनुरोधित जानकारी दर्ज करने को कहा गया है। मांगी गई राशि ₹499 है। https://profile-access.example/recover,Hindi,Phishing
एक कंपनी की भर्ती टीम ने आपके आवेदन पर रुचि दिखाई है। लिंक से स्थिति जांचने और प्रक्रिया जारी रखने को कहा गया है। hxxp://secure-check.example/verify,Hindi,Phishing
आपके नंबर पर एक वर्क-फ्रॉम-होम अवसर के लिए चयन सूचना भेजी गई है। अनुरोध को खुला रखने के लिए अभी कार्रवाई करने को कहा गया है।,Hindi,Phishing
एक भर्ती स्लॉट आपके नाम से अस्थायी रूप से आरक्षित बताया गया है। सेवा सीमित होने से पहले खाते की पुष्टि करें।,Hindi,Phishing
"आपका रिज्यूमे एक शॉर्टलिस्टिंग चरण में पहुंचने की सूचना दी गई है। यदि आपने यह गतिविधि शुरू नहीं की है, तो पहचान जांच पूरी करें। मांगी गई राशि ₹499 है।",Hindi,Phishing
सूचना: आपको तत्काल joining प्रक्रिया के लिए संपर्क करने को कहा गया है। राशि/सेवा जारी करने के लिए खाते की जानकारी मांगी गई है।,Hindi,Phishing
आपकी प्रोफाइल एक त्वरित भर्ती प्रक्रिया के लिए चुनी गई बताई गई है। अभी दिए गए verification चरण को पूरा करें।,Hindi,Phishing
एक कंपनी की भर्ती टीम ने आपके आवेदन पर रुचि दिखाई है। यह प्रक्रिया आज की समीक्षा विंडो बंद होने से पहले पूरी करनी होगी। संदर्भ: [CASE_ID],Hindi,Phishing
आपके नंबर पर एक वर्क-फ्रॉम-होम अवसर के लिए चयन सूचना भेजी गई है। विफल रहने पर अगली सेवा सुविधा रोकने की चेतावनी दी गई है। मांगी गई राशि ₹499 है।,Hindi,Phishing
कृपया ध्यान दें — एक भर्ती स्लॉट आपके नाम से अस्थायी रूप से आरक्षित बताया गया है। सुरक्षा टीम के नाम पर तुरंत प्रतिक्रिया देने का निर्देश दिया गया है।,Hindi,Phishing
सूचना: आपका रिज्यूमे एक शॉर्टलिस्टिंग चरण में पहुंचने की सूचना दी गई है। निर्देशित पेज पर जाकर अनुरोधित जानकारी दर्ज करने को कहा गया है।,Hindi,Phishing
आपको तत्काल joining प्रक्रिया के लिए संपर्क करने को कहा गया है। लिंक से स्थिति जांचने और प्रक्रिया जारी रखने को कहा गया है। hxxp://secure-check.example/verify,Hindi,Phishing
आपकी प्रोफाइल एक त्वरित भर्ती प्रक्रिया के लिए चुनी गई बताई गई है। अनुरोध को खुला रखने के लिए अभी कार्रवाई करने को कहा गया है। मांगी गई राशि ₹499 है। https://account-review.example/confirm,Hindi,Phishing
एक कंपनी की भर्ती टीम ने आपके आवेदन पर रुचि दिखाई है। सेवा सीमित होने से पहले खाते की पुष्टि करें। http://kyc-alert.example/update,Hindi,Phishing
"आपके नंबर पर एक वर्क-फ्रॉम-होम अवसर के लिए चयन सूचना भेजी गई है। यदि आपने यह गतिविधि शुरू नहीं की है, तो पहचान जांच पूरी करें। संदर्भ: [ORDER_ID] https://upi-support.example/resolve",Hindi,Phishing
सूचना: एक भर्ती स्लॉट आपके नाम से अस्थायी रूप से आरक्षित बताया गया है। राशि/सेवा जारी करने के लिए खाते की जानकारी मांगी गई है। https://parcel-status.example/address,Hindi,Phishing
आपका रिज्यूमे एक शॉर्टलिस्टिंग चरण में पहुंचने की सूचना दी गई है। अभी दिए गए verification चरण को पूरा करें। मांगी गई राशि ₹499 है। http://reward-center.example/claim,Hindi,Phishing
आपको तत्काल joining प्रक्रिया के लिए संपर्क करने को कहा गया है। यह प्रक्रिया आज की समीक्षा विंडो बंद होने से पहले पूरी करनी होगी। https://job-selection.example/document,Hindi,Phishing
Kripya ध्यान दें — आपकी प्रोफाइल एक त्वरित भर्ती प्रक्रिया के लिए चुनी गई बताई गई है। विफल रहने पर अगली सेवा सुविधा रोकने की चेतावनी दी गई है। https://card-security.example/review,Hindi,Phishing
एक कंपनी की भर्ती टीम ने आपके आवेदन पर रुचि दिखाई है। सुरक्षा टीम के नाम पर तुरंत प्रतिक्रिया देने का निर्देश दिया गया है। http://utility-notice.example/pay,Hindi,Phishing
सूचना: आपके नंबर पर एक वर्क-फ्रॉम-होम अवसर के लिए चयन सूचना भेजी गई है। निर्देशित पेज पर जाकर अनुरोधित जानकारी दर्ज करने को कहा गया है। मांगी गई राशि ₹499 है। https://profile-access.example/recover,Hindi,Phishing
एक भर्ती स्लॉट आपके नाम से अस्थायी रूप से आरक्षित बताया गया है। लिंक से स्थिति जांचने और प्रक्रिया जारी रखने को कहा गया है। संदर्भ: [TXN_ID] hxxp://secure-check.example/verify,Hindi,Phishing
आपका रिज्यूमे एक शॉर्टलिस्टिंग चरण में पहुंचने की सूचना दी गई है। अनुरोध को खुला रखने के लिए अभी कार्रवाई करने को कहा गया है।,Hindi,Phishing
"सूचना: आपके लिए एक प्री-अप्रूव्ड वित्तीय ऑफर उपलब्ध बताया गया है। यदि आपने यह गतिविधि शुरू नहीं की है, तो पहचान जांच पूरी करें। मांगी गई राशि ₹249 है।",Hindi,Phishing
लोन आवेदन की अगली प्रक्रिया के लिए दस्तावेज पुष्टि मांगी गई है। राशि/सेवा जारी करने के लिए खाते की जानकारी मांगी गई है।,Hindi,Phishing
आपके नाम से एक त्वरित क्रेडिट सीमा तैयार होने की सूचना है। अभी दिए गए सत्यापन चरण को पूरा करें।,Hindi,Phishing
वित्तीय सेवा ने आपके आवेदन को प्राथमिक समीक्षा में रखा है। यह प्रक्रिया आज की समीक्षा विंडो बंद होने से पहले पूरी करनी होगी।,Hindi,Phishing
आपका ऋण अनुरोध अतिरिक्त पहचान जांच की प्रतीक्षा में बताया गया है। विफल रहने पर अगली सेवा सुविधा रोकने की चेतावनी दी गई है। मांगी गई राशि ₹249 है।,Hindi,Phishing
सूचना: कम दस्तावेजों वाले लोन विकल्प के लिए आपकी पात्रता बताई गई है। सुरक्षा टीम के नाम पर तुरंत प्रतिक्रिया देने का निर्देश दिया गया है।,Hindi,Phishing
आपके लिए एक प्री-अप्रूव्ड वित्तीय ऑफर उपलब्ध बताया गया है। निर्देशित पेज पर जाकर अनुरोधित जानकारी दर्ज करने को कहा गया है।,Hindi,Phishing
लोन आवेदन की अगली प्रक्रिया के लिए दस्तावेज पुष्टि मांगी गई है। लिंक से स्थिति जांचने और प्रक्रिया जारी रखने को कहा गया है। संदर्भ: [TXN_ID],Hindi,Phishing
आपके नाम से एक त्वरित क्रेडिट सीमा तैयार होने की सूचना है। अनुरोध को खुला रखने के लिए अभी कार्रवाई करने को कहा गया है। मांगी गई राशि ₹249 है। hxxp://secure-check.example/verify,Hindi,Phishing
कृपया ध्यान दें — वित्तीय सेवा ने आपके आवेदन को प्राथमिक समीक्षा में रखा है। सेवा सीमित होने से पहले खाते की पुष्टि करें। https://account-review.example/confirm,Hindi,Phishing
"सूचना: आपका ऋण अनुरोध अतिरिक्त पहचान जांच की प्रतीक्षा में बताया गया है। यदि आपने यह गतिविधि शुरू नहीं की है, तो पहचान जांच पूरी करें। http://kyc-alert.example/update",Hindi,Phishing
कम दस्तावेजों वाले लोन विकल्प के लिए आपकी पात्रता बताई गई है। राशि/सेवा जारी करने के लिए खाते की जानकारी मांगी गई है। https://upi-support.example/resolve,Hindi,Phishing
आपके लिए एक प्री-अप्रूव्ड वित्तीय ऑफर उपलब्ध बताया गया है। अभी दिए गए सत्यापन चरण को पूरा करें। मांगी गई राशि ₹249 है। https://parcel-status.example/address,Hindi,Phishing
लोन आवेदन की अगली प्रक्रिया के लिए दस्तावेज पुष्टि मांगी गई है। यह प्रक्रिया आज की समीक्षा विंडो बंद होने से पहले पूरी करनी होगी। http://reward-center.example/claim,Hindi,Phishing
आपके नाम से एक त्वरित क्रेडिट सीमा तैयार होने की सूचना है। विफल रहने पर अगली सेवा सुविधा रोकने की चेतावनी दी गई है। संदर्भ: [REF_ID] https://job-selection.example/document,Hindi,Phishing
सूचना: वित्तीय सेवा ने आपके आवेदन को प्राथमिक समीक्षा में रखा है। सुरक्षा टीम के नाम पर तुरंत प्रतिक्रिया देने का निर्देश दिया गया है। https://card-security.example/review,Hindi,Phishing
आपका ऋण अनुरोध अतिरिक्त पहचान जांच की प्रतीक्षा में बताया गया है। निर्देशित पेज पर जाकर अनुरोधित जानकारी दर्ज करने को कहा गया है। मांगी गई राशि ₹249 है। http://utility-notice.example/pay,Hindi,Phishing
कम दस्तावेजों वाले लोन विकल्प के लिए आपकी पात्रता बताई गई है। लिंक से स्थिति जांचने और प्रक्रिया जारी रखने को कहा गया है। https://profile-access.example/recover,Hindi,Phishing
सूचना: आपके नंबर के लिए एक विशेष कैशबैक लाभ चुना गया बताया गया है। राशि/सेवा जारी करने के लिए खाते की details मांगी गई है। मांगी गई राशि ₹850 है। hxxp://secure-check.example/verify,Hindi,Phishing
एक डिजिटल रिवॉर्ड आपके नाम से लंबित होने की सूचना दी गई है। अभी दिए गए सत्यापन चरण को पूरा करें।,Hindi,Phishing
आपका ग्राहक नंबर एक पुरस्कार सूची में चुना गया बताया गया है। यह प्रक्रिया आज की समीक्षा विंडो बंद होने से पहले पूरी करनी होगी।,Hindi,Phishing
आपके हाल के भुगतान पर अतिरिक्त लाभ उपलब्ध होने का संदेश आया है। विफल रहने पर अगली सेवा सुविधा रोकने की चेतावनी दी गई है।,Hindi,Phishing
एक रिफंड राशि आपके प्रोफाइल में जारी होने की प्रतीक्षा में बताई गई है। सुरक्षा टीम के नाम पर तुरंत प्रतिक्रिया देने का निर्देश दिया गया है। मांगी गई राशि ₹850 है।,Hindi,Phishing
सूचना: आपके लिए सीमित समय का बोनस क्रेडिट तैयार बताया गया है। निर्देशित पेज पर जाकर अनुरोधित details दर्ज करने को कहा गया है।,Hindi,Phishing
आपके नंबर के लिए एक विशेष कैशबैक लाभ चुना गया बताया गया है। लिंक से स्थिति जांचने और प्रक्रिया जारी रखने को कहा गया है।,Hindi,Phishing
एक डिजिटल रिवॉर्ड आपके नाम से लंबित होने की सूचना दी गई है। अनुरोध को खुला रखने के लिए अभी कार्रवाई करने को कहा गया है। संदर्भ: [APPLICATION_ID],Hindi,Phishing
आपका ग्राहक नंबर एक पुरस्कार सूची में चुना गया बताया गया है। सेवा सीमित होने से पहले खाते की पुष्टि करें। मांगी गई राशि ₹850 है।,Hindi,Phishing
"कृपया ध्यान दें — आपके हाल के भुगतान पर अतिरिक्त लाभ उपलब्ध होने का संदेश आया है। यदि आपने यह गतिविधि शुरू नहीं की है, तो पहचान जांच पूरी करें।",Hindi,Phishing
सूचना: एक रिफंड राशि आपके प्रोफाइल में जारी होने की प्रतीक्षा में बताई गई है। राशि/सेवा जारी करने के लिए खाते की details मांगी गई है। hxxp://secure-check.example/verify,Hindi,Phishing
आपके लिए सीमित समय का बोनस क्रेडिट तैयार बताया गया है। अभी दिए गए सत्यापन चरण को पूरा करें। https://account-review.example/confirm,Hindi,Phishing
आपके नंबर के लिए एक विशेष कैशबैक लाभ चुना गया बताया गया है। यह प्रक्रिया आज की समीक्षा विंडो बंद होने से पहले पूरी करनी होगी। मांगी गई राशि ₹850 है। http://kyc-alert.example/update,Hindi,Phishing
एक डिजिटल रिवॉर्ड आपके नाम से लंबित होने की सूचना दी गई है। विफल रहने पर अगली सेवा सुविधा रोकने की चेतावनी दी गई है। https://upi-support.example/resolve,Hindi,Phishing
आपका ग्राहक नंबर एक पुरस्कार सूची में चुना गया बताया गया है। सुरक्षा टीम के नाम पर तुरंत प्रतिक्रिया देने का निर्देश दिया गया है। संदर्भ: [CASE_ID] https://parcel-status.example/address,Hindi,Phishing
सूचना: आपके हाल के भुगतान पर अतिरिक्त लाभ उपलब्ध होने का संदेश आया है। निर्देशित पेज पर जाकर अनुरोधित details दर्ज करने को कहा गया है। http://reward-center.example/claim,Hindi,Phishing
एक रिफंड राशि आपके प्रोफाइल में जारी होने की प्रतीक्षा में बताई गई है। लिंक से स्थिति जांचने और प्रक्रिया जारी रखने को कहा गया है। मांगी गई राशि ₹850 है। https://job-selection.example/document,Hindi,Phishing
आपके लिए सीमित समय का बोनस क्रेडिट तैयार बताया गया है। अनुरोध को खुला रखने के लिए अभी कार्रवाई करने को कहा गया है। https://card-security.example/review,Hindi,Phishing
"सूचना: आपके ऑर्डर की पुष्टि के दौरान एक भुगतान समस्या दर्ज हुई है। सेवा सीमित होने से पहले खाते की पुष्टि करें। मांगी गई राशि ₹1,999 है। http://utility-notice.example/pay",Hindi,Phishing
"ऑनलाइन खरीदारी के लिए रिफंड प्रक्रिया में अतिरिक्त पुष्टि मांगी गई है। यदि आपने यह गतिविधि शुरू नहीं की है, तो पहचान जांच पूरी करें। https://profile-access.example/recover",Hindi,Phishing
आपका ऑर्डर डिलीवरी से पहले खाते की समीक्षा में रखा गया है। राशि/सेवा जारी करने के लिए खाते की details मांगी गई है। hxxp://secure-check.example/verify,Hindi,Phishing
रिटर्न अनुरोध में बैंक विवरण की दोबारा पुष्टि मांगी गई है। अभी दिए गए सत्यापन चरण को पूरा करें। संदर्भ उपलब्ध होने पर उसे सुरक्षित रखें।,Hindi,Phishing
"आपकी खरीदारी से जुड़ी राशि वापस करने के लिए कार्रवाई आवश्यक बताई गई है। यह प्रक्रिया आज की समीक्षा विंडो बंद होने से पहले पूरी करनी होगी। मांगी गई राशि ₹1,999 है।",Hindi,Phishing
सूचना: एक ई-कॉमर्स सेवा ने आपके ऑर्डर को अस्थायी रूप से होल्ड किया है। विफल रहने पर अगली सेवा सुविधा रोकने की चेतावनी दी गई है।,Hindi,Phishing
आपके ऑर्डर की पुष्टि के दौरान एक भुगतान समस्या दर्ज हुई है। सुरक्षा टीम के नाम पर तुरंत प्रतिक्रिया देने का निर्देश दिया गया है।,Hindi,Phishing
ऑनलाइन खरीदारी के लिए रिफंड प्रक्रिया में अतिरिक्त पुष्टि मांगी गई है। निर्देशित पेज पर जाकर अनुरोधित details दर्ज करने को कहा गया है। संदर्भ: [ORDER_ID],Hindi,Phishing
"आपका ऑर्डर डिलीवरी से पहले खाते की समीक्षा में रखा गया है। लिंक से स्थिति जांचने और प्रक्रिया जारी रखने को कहा गया है। मांगी गई राशि ₹1,999 है।",Hindi,Phishing
कृपया ध्यान दें — रिटर्न अनुरोध में बैंक विवरण की दोबारा पुष्टि मांगी गई है। अनुरोध को खुला रखने के लिए अभी कार्रवाई करने को कहा गया है।,Hindi,Phishing
सूचना: आपकी खरीदारी से जुड़ी राशि वापस करने के लिए कार्रवाई आवश्यक बताई गई है। सेवा सीमित होने से पहले खाते की पुष्टि करें।,Hindi,Phishing
"एक ई-कॉमर्स सेवा ने आपके ऑर्डर को अस्थायी रूप से होल्ड किया है। यदि आपने यह गतिविधि शुरू नहीं की है, तो पहचान जांच पूरी करें।",Hindi,Phishing
"आपके ऑर्डर की पुष्टि के दौरान एक भुगतान समस्या दर्ज हुई है। राशि/सेवा जारी करने के लिए खाते की details मांगी गई है। मांगी गई राशि ₹1,999 है। hxxp://secure-check.example/verify",Hindi,Phishing
ऑनलाइन खरीदारी के लिए रिफंड प्रक्रिया में अतिरिक्त पुष्टि मांगी गई है। अभी दिए गए सत्यापन चरण को पूरा करें। https://account-review.example/confirm,Hindi,Phishing
आपका ऑर्डर डिलीवरी से पहले खाते की समीक्षा में रखा गया है। यह प्रक्रिया आज की समीक्षा विंडो बंद होने से पहले पूरी करनी होगी। संदर्भ: [TXN_ID] http://kyc-alert.example/update,Hindi,Phishing
सूचना: रिटर्न अनुरोध में बैंक विवरण की दोबारा पुष्टि मांगी गई है। विफल रहने पर अगली सेवा सुविधा रोकने की चेतावनी दी गई है। https://upi-support.example/resolve,Hindi,Phishing
"आपकी खरीदारी से जुड़ी राशि वापस करने के लिए कार्रवाई आवश्यक बताई गई है। सुरक्षा टीम के नाम पर तुरंत प्रतिक्रिया देने का निर्देश दिया गया है। मांगी गई राशि ₹1,999 है। https://parcel-status.example/address",Hindi,Phishing
एक ई-कॉमर्स सेवा ने आपके ऑर्डर को अस्थायी रूप से होल्ड किया है। निर्देशित पेज पर जाकर अनुरोधित details दर्ज करने को कहा गया है। http://reward-center.example/claim,Hindi,Phishing
"सूचना: आपके बिजली खाते में बकाया राशि के कारण सेवा समीक्षा की सूचना है। सेवा सीमित होने से पहले खाते की पुष्टि करें। मांगी गई राशि ₹5,000 है। https://job-selection.example/document",Hindi,Phishing
"बिजली कनेक्शन के लिए भुगतान पुष्टि लंबित बताई गई है। यदि आपने यह गतिविधि शुरू नहीं की है, तो पहचान जांच पूरी करें। https://card-security.example/review",Hindi,Phishing
आपके उपयोगिता बिल में एक अंतिम भुगतान सूचना दर्ज हुई है। राशि/सेवा जारी करने के लिए खाते की जानकारी मांगी गई है। http://utility-notice.example/pay,Hindi,Phishing
मीटर सेवा अनुरोध के लिए खाता सत्यापन मांगा गया है। अभी दिए गए सत्यापन चरण को पूरा करें। https://profile-access.example/recover आपके रिकॉर्ड में यह सूचना सुरक्षित रहेगी।,Hindi,Phishing
"आपकी बिजली सेवा पर भुगतान से जुड़ी चेतावनी भेजी गई है। यह प्रक्रिया आज की समीक्षा विंडो बंद होने से पहले पूरी करनी होगी। मांगी गई राशि ₹5,000 है। hxxp://secure-check.example/verify",Hindi,Phishing
सूचना: उपयोगिता खाते की स्थिति अपडेट करने के लिए कार्रवाई बताई गई है। विफल रहने पर अगली सेवा सुविधा रोकने की चेतावनी दी गई है।,Hindi,Phishing
आपके बिजली खाते में बकाया राशि के कारण सेवा समीक्षा की सूचना है। सुरक्षा टीम के नाम पर तुरंत प्रतिक्रिया देने का निर्देश दिया गया है।,Hindi,Phishing
बिजली कनेक्शन के लिए भुगतान पुष्टि लंबित बताई गई है। निर्देशित पेज पर जाकर अनुरोधित जानकारी दर्ज करने को कहा गया है। संदर्भ: [REF_ID],Hindi,Phishing
"आपके उपयोगिता बिल में एक अंतिम भुगतान सूचना दर्ज हुई है। लिंक से स्थिति जांचने और प्रक्रिया जारी रखने को कहा गया है। मांगी गई राशि ₹5,000 है।",Hindi,Phishing
Kripya ध्यान दें — मीटर सेवा अनुरोध के लिए account verification मांगा गया है। अनुरोध को खुला रखने के लिए अभी कार्रवाई करने को कहा गया है।,Hindi,Phishing
सूचना: आपकी बिजली सेवा पर भुगतान से जुड़ी चेतावनी भेजी गई है। सेवा सीमित होने से पहले खाते की पुष्टि करें।,Hindi,Phishing
"उपयोगिता खाते की स्थिति अपडेट करने के लिए कार्रवाई बताई गई है। यदि आपने यह गतिविधि शुरू नहीं की है, तो पहचान जांच पूरी करें।",Hindi,Phishing
"आपके बिजली खाते में बकाया राशि के कारण सेवा समीक्षा की सूचना है। राशि/सेवा जारी करने के लिए खाते की जानकारी मांगी गई है। मांगी गई राशि ₹5,000 है।",Hindi,Phishing
बिजली कनेक्शन के लिए भुगतान पुष्टि लंबित बताई गई है। अभी दिए गए सत्यापन चरण को पूरा करें। आपके रिकॉर्ड में यह सूचना सुरक्षित रहेगी।,Hindi,Phishing
"सूचना: आपके मोबाइल नंबर की सेवा प्रोफाइल में KYC समीक्षा लंबित है। यह प्रक्रिया आज की समीक्षा विंडो बंद होने से पहले पूरी करनी होगी। मांगी गई राशि ₹1,999 है। hxxp://secure-check.example/verify",Hindi,Phishing
SIM सेवा के लिए पहचान पुनः पुष्टि की आवश्यकता बताई गई है। विफल रहने पर अगली सेवा सुविधा रोकने की चेतावनी दी गई है। https://account-review.example/confirm,Hindi,Phishing
आपके नंबर पर नेटवर्क सेवा समीक्षा का अलर्ट आया है। सुरक्षा टीम के नाम पर तुरंत प्रतिक्रिया देने का निर्देश दिया गया है। http://kyc-alert.example/update,Hindi,Phishing
मोबाइल खाते में एक सुरक्षा बदलाव दर्ज हुआ है। निर्देशित पेज पर जाकर अनुरोधित जानकारी दर्ज करने को कहा गया है। https://upi-support.example/resolve,Hindi,Phishing
"आपकी टेलीकॉम प्रोफाइल की समय-सीमा समाप्त होने वाली है। लिंक से स्थिति जांचने और प्रक्रिया जारी रखने को कहा गया है। मांगी गई राशि ₹1,999 है। https://parcel-status.example/address",Hindi,Phishing
सूचना: रीचार्ज सेवा को दोबारा सक्रिय करने के लिए account जांच मांगी गई है। अनुरोध को खुला रखने के लिए अभी कार्रवाई करने को कहा गया है। http://reward-center.example/claim,Hindi,Phishing
आपके मोबाइल नंबर की सेवा प्रोफाइल में KYC समीक्षा लंबित है। सेवा सीमित होने से पहले खाते की पुष्टि करें। https://job-selection.example/document,Hindi,Phishing
"SIM सेवा के लिए पहचान पुनः पुष्टि की आवश्यकता बताई गई है। यदि आपने यह गतिविधि शुरू नहीं की है, तो पहचान जांच पूरी करें। संदर्भ: [APPLICATION_ID] https://card-security.example/review",Hindi,Phishing
"आपके नंबर पर नेटवर्क सेवा समीक्षा का अलर्ट आया है। राशि/सेवा जारी करने के लिए खाते की जानकारी मांगी गई है। मांगी गई राशि ₹1,999 है। http://utility-notice.example/pay",Hindi,Phishing
कृपया ध्यान दें — मोबाइल खाते में एक सुरक्षा बदलाव दर्ज हुआ है। अभी दिए गए सत्यापन चरण को पूरा करें। https://profile-access.example/recover,Hindi,Phishing
सूचना: आपकी टेलीकॉम प्रोफाइल की समय-सीमा समाप्त होने वाली है। यह प्रक्रिया आज की समीक्षा विंडो बंद होने से पहले पूरी करनी होगी। hxxp://secure-check.example/verify,Hindi,Phishing
रीचार्ज सेवा को दोबारा सक्रिय करने के लिए खाता जांच मांगी गई है। विफल रहने पर अगली सेवा सुविधा रोकने की चेतावनी दी गई है।,Hindi,Phishing
"आपके मोबाइल नंबर की सेवा प्रोफाइल में KYC समीक्षा लंबित है। सुरक्षा टीम के नाम पर turant प्रतिक्रिया देने का निर्देश दिया गया है। मांगी गई राशि ₹1,999 है।",Hindi,Phishing
SIM सेवा के लिए पहचान पुनः पुष्टि की आवश्यकता बताई गई है। निर्देशित पेज पर जाकर अनुरोधित जानकारी दर्ज करने को कहा गया है।,Hindi,Phishing
सूचना: आपकी बीमा पॉलिसी की प्रोफाइल समीक्षा लंबित बताई गई है। सुरक्षा टीम के नाम पर तुरंत प्रतिक्रिया देने का निर्देश दिया गया है। मांगी गई राशि ₹850 है।,Hindi,Phishing
बीमा दावा प्रक्रिया में दस्तावेज पुष्टि की जरूरत बताई गई है। निर्देशित पेज पर जाकर अनुरोधित details दर्ज करने को कहा गया है।,Hindi,Phishing
आपकी पॉलिसी पर एक रिफंड/प्रीमियम समायोजन लंबित होने की सूचना है। लिंक से स्थिति जांचने और प्रक्रिया जारी रखने को कहा गया है।,Hindi,Phishing
बीमा सेवा ने पहचान विवरण दोबारा जमा करने को कहा है। अनुरोध को खुला रखने के लिए अभी कार्रवाई करने को कहा गया है।,Hindi,Phishing
आपके दावे की अगली प्रक्रिया ऑनलाइन सत्यापन पर निर्भर बताई गई है। सेवा सीमित होने से पहले खाते की पुष्टि करें। मांगी गई राशि ₹850 है।,Hindi,Phishing
"सूचना: पॉलिसी नवीनीकरण के लिए एक अतिरिक्त पुष्टि मांगी गई है। यदि आपने यह गतिविधि शुरू नहीं की है, तो पहचान जांच पूरी करें।",Hindi,Phishing
आपकी बीमा पॉलिसी की प्रोफाइल समीक्षा लंबित बताई गई है। राशि/सेवा जारी करने के लिए खाते की details मांगी गई है। hxxp://secure-check.example/verify,Hindi,Phishing
बीमा दावा प्रक्रिया में दस्तावेज पुष्टि की जरूरत बताई गई है। अभी दिए गए सत्यापन चरण को पूरा करें। संदर्भ: [CASE_ID] https://account-review.example/confirm,Hindi,Phishing
आपकी पॉलिसी पर एक रिफंड/प्रीमियम समायोजन लंबित होने की सूचना है। यह प्रक्रिया आज की समीक्षा विंडो बंद होने से पहले पूरी करनी होगी। मांगी गई राशि ₹850 है। http://kyc-alert.example/update,Hindi,Phishing
"सूचना: आपके निवेश खाते में एक सुरक्षा समीक्षा शुरू होने की सूचना है। अभी दिए गए सत्यापन चरण को पूरा करें। मांगी गई राशि ₹1,240 है। https://upi-support.example/resolve",Hindi,Phishing
ट्रेडिंग प्रोफाइल में एक नया अनुरोध लंबित दिखाया गया है। यह प्रक्रिया आज की समीक्षा विंडो बंद होने से पहले पूरी करनी होगी। https://parcel-status.example/address,Hindi,Phishing
आपके निवेश खाते की पहचान जांच दोबारा करने को कहा गया है। विफल रहने पर अगली सेवा सुविधा रोकने की चेतावनी दी गई है। http://reward-center.example/claim,Hindi,Phishing
एक विशेष ट्रेडिंग अवसर आपके खाते से जुड़ा होने की सूचना है। सुरक्षा टीम के नाम पर तुरंत प्रतिक्रिया देने का निर्देश दिया गया है। https://job-selection.example/document,Hindi,Phishing
"आपके निवेश रिफंड को जारी करने के लिए खाता पुष्टि मांगी गई है। निर्देशित पेज पर जाकर अनुरोधित जानकारी दर्ज करने को कहा गया है। मांगी गई राशि ₹1,240 है। https://card-security.example/review",Hindi,Phishing
सूचना: ट्रेडिंग सेवा ने प्रोफाइल सक्रिय रखने के लिए कार्रवाई बताई है। लिंक से स्थिति जांचने और प्रक्रिया जारी रखने को कहा गया है। http://utility-notice.example/pay,Hindi,Phishing
आपके निवेश खाते में एक सुरक्षा समीक्षा शुरू होने की सूचना है। अनुरोध को खुला रखने के लिए अभी कार्रवाई करने को कहा गया है। https://profile-access.example/recover,Hindi,Phishing
ट्रेडिंग प्रोफाइल में एक नया अनुरोध लंबित दिखाया गया है। सेवा सीमित होने से पहले खाते की पुष्टि करें। संदर्भ: [ORDER_ID] hxxp://secure-check.example/verify,Hindi,Phishing
"आपके निवेश खाते की पहचान जांच दोबारा करने को कहा गया है। यदि आपने यह गतिविधि शुरू नहीं की है, तो पहचान जांच पूरी करें। मांगी गई राशि ₹1,240 है।",Hindi,Phishing
"सूचना: आपके सोशल प्रोफाइल में एक नए डिवाइस से प्रवेश दर्ज हुआ है। सेवा सीमित होने से पहले खाते की पुष्टि करें। मांगी गई राशि ₹1,999 है।",Hindi,Phishing
"आपके खाते की सुरक्षा सेटिंग में बदलाव की सूचना मिली है। यदि आपने यह गतिविधि शुरू नहीं की है, तो पहचान जांच पूरी करें।",Hindi,Phishing
एक नया लॉगिन सत्र आपके प्रोफाइल से जुड़ा दिखाई दिया है। राशि/सेवा जारी करने के लिए खाते की जानकारी मांगी गई है।,Hindi,Phishing
account पुनर्प्राप्ति अनुरोध आपके नंबर से शुरू होने की सूचना है। अभी दिए गए verification चरण को पूरा करें। सेवा अनुरोध की स्थिति बाद में भी देखी जा सकती है।,Hindi,Phishing
"आपके प्रोफाइल पर संदिग्ध गतिविधि की सुरक्षा सूचना आई है। यह प्रक्रिया आज की समीक्षा विंडो बंद होने से पहले पूरी करनी होगी। मांगी गई राशि ₹1,999 है।",Hindi,Phishing
सूचना: सोशल खाते की पहचान पुष्टि लंबित बताई गई है। विफल रहने पर अगली सेवा सुविधा रोकने की चेतावनी दी गई है।,Hindi,Phishing
आपके सोशल प्रोफाइल में एक नए डिवाइस से प्रवेश दर्ज हुआ है। सुरक्षा टीम के नाम पर तुरंत प्रतिक्रिया देने का निर्देश दिया गया है।,Hindi,Phishing
आपके खाते की सुरक्षा सेटिंग में बदलाव की सूचना मिली है। निर्देशित पेज पर जाकर अनुरोधित जानकारी दर्ज करने को कहा गया है। संदर्भ: [TXN_ID],Hindi,Phishing
"एक नया लॉगिन सत्र आपके प्रोफाइल से जुड़ा दिखाई दिया है। लिंक से स्थिति जांचने और प्रक्रिया जारी रखने को कहा गया है। मांगी गई राशि ₹1,999 है। hxxp://secure-check.example/verify",Hindi,Phishing
अपडेट: आपका बैंक प्रोफाइल अपडेट अनुरोध दर्ज हो गया है। संदर्भ संख्या [REF_ID] है। https://portal.example/status संदर्भ उपलब्ध होने पर उसे सुरक्षित रखें।,Hindi,Legitimate
मासिक स्टेटमेंट आपके बैंक के आधिकारिक ऐप में उपलब्ध है। https://service.example/receipt अधिक जानकारी के लिए आधिकारिक सेवा चैनल देखें।,Hindi,Legitimate
आपके पते में बदलाव का अनुरोध प्राप्त हो गया है और समीक्षा में है। किसी अनजान नंबर पर प्रतिक्रिया न दें।,Hindi,Legitimate
नई चेकबुक का अनुरोध सफलतापूर्वक दर्ज किया गया है। आपके रिकॉर्ड में यह सूचना सुरक्षित रहेगी।,Hindi,Legitimate
आपके खाते में नामांकन संबंधी अनुरोध दर्ज हो गया है। सेवा अनुरोध की स्थिति बाद में भी देखी जा सकती है।,Hindi,Legitimate
बैंक शाखा में आपकी सेवा अपॉइंटमेंट [DATE] को [TIME] पर है। संदर्भ उपलब्ध होने पर उसे सुरक्षित रखें।,Hindi,Legitimate
अपडेट: आपके डेबिट कार्ड के लिए डिलीवरी अनुरोध स्वीकार किया गया है। अधिक जानकारी के लिए आधिकारिक सेवा चैनल देखें।,Hindi,Legitimate
आपके बैंक सेवा टिकट [REF_ID] को बंद कर दिया गया है। किसी अनजान नंबर पर प्रतिक्रिया न दें।,Hindi,Legitimate
खाते की जानकारी में किया गया आपका अपडेट सफलतापूर्वक सेव हो गया है। धन्यवाद। आपके रिकॉर्ड में यह सूचना सुरक्षित रहेगी।,Hindi,Legitimate
आपकी बैंक स्टेटमेंट अवधि की जानकारी आधिकारिक चैनल पर उपलब्ध है। https://service.example/receipt सेवा अनुरोध की स्थिति बाद में भी देखी जा सकती है।,Hindi,Legitimate
आपका बैंक प्रोफाइल अपडेट अनुरोध दर्ज हो गया है। संदर्भ संख्या [REF_ID] है। https://track.example/order संदर्भ उपलब्ध होने पर उसे सुरक्षित रखें।,Hindi,Legitimate
आपके अनुरोध के लिए सूचना: मासिक स्टेटमेंट आपके बैंक के आधिकारिक ऐप में उपलब्ध है। https://official.example/app अधिक जानकारी के लिए आधिकारिक सेवा चैनल देखें।,Hindi,Legitimate
अपडेट: आपके पते में बदलाव का अनुरोध प्राप्त हो गया है और समीक्षा में है। किसी अनजान नंबर पर प्रतिक्रिया न दें।,Hindi,Legitimate
नई चेकबुक का अनुरोध सफलतापूर्वक दर्ज किया गया है। यह सूचना आपके अनुरोध के संदर्भ में है. आपके रिकॉर्ड में यह सूचना सुरक्षित रहेगी।,Hindi,Legitimate
आपके खाते में नामांकन संबंधी अनुरोध दर्ज हो गया है। सेवा स्थिति आपके आधिकारिक खाते में भी दिखाई दे सकती है.,Hindi,Legitimate
बैंक शाखा में आपकी सेवा अपॉइंटमेंट [DATE] को [TIME] पर है। कृपया संदर्भ संख्या सुरक्षित रखें. संदर्भ उपलब्ध होने पर उसे सुरक्षित रखें।,Hindi,Legitimate
आपके डेबिट कार्ड के लिए डिलीवरी अनुरोध स्वीकार किया गया है। धन्यवाद। अधिक जानकारी के लिए आधिकारिक सेवा चैनल देखें।,Hindi,Legitimate
आपके बैंक सेवा टिकट [REF_ID] को बंद कर दिया गया है। अनुरोध की स्थिति जांचने के लिए आधिकारिक चैनल का उपयोग करें.,Hindi,Legitimate
अपडेट: खाते की जानकारी में किया गया आपका अपडेट सफलतापूर्वक सेव हो गया है। आपके रिकॉर्ड में यह सूचना सुरक्षित रहेगी।,Hindi,Legitimate
आपकी बैंक स्टेटमेंट अवधि की जानकारी आधिकारिक चैनल पर उपलब्ध है। https://official.example/app सेवा अनुरोध की स्थिति बाद में भी देखी जा सकती है।,Hindi,Legitimate
आपका बैंक प्रोफाइल अपडेट अनुरोध दर्ज हो गया है। संदर्भ संख्या [REF_ID] है। https://portal.example/status संदर्भ उपलब्ध होने पर उसे सुरक्षित रखें।,Hindi,Legitimate
मासिक स्टेटमेंट आपके बैंक के आधिकारिक ऐप में उपलब्ध है। https://service.example/receipt यह सूचना आपके अनुरोध के संदर्भ में है. अधिक जानकारी के लिए आधिकारिक सेवा चैनल देखें।,Hindi,Legitimate
आपके अनुरोध के लिए सूचना: आपके पते में बदलाव का अनुरोध प्राप्त हो गया है और समीक्षा में है। किसी अनजान नंबर पर प्रतिक्रिया न दें।,Hindi,Legitimate
नई चेकबुक का अनुरोध सफलतापूर्वक दर्ज किया गया है। कृपया संदर्भ संख्या सुरक्षित रखें. आपके रिकॉर्ड में यह सूचना सुरक्षित रहेगी।,Hindi,Legitimate
"अपडेट: आपके खाते में नामांकन संबंधी अनुरोध दर्ज हो गया है। यह सूचना सेवा स्थिति और अगले चरण के संदर्भ में विवरण देती है। यदि कोई कार्रवाई आवश्यक हो, तो अपने बैंक, सेवा प्रदाता या सरकारी खाते में सीधे लॉगिन करके वही जानकारी जांचें। अनजान संपर्क माध्यम से संवेदनशील जानकारी साझा न करें। संदेश में दी गई राशि, समय और संदर्भ संख्या को अपने सामान्य लेनदेन रिकॉर्ड से मिलाया जा सकता है। किसी भुगतान, पहचान या खाते से जुड़ी कार्रवाई से पहले आधिकारिक ऐप या वेबसाइट पर स्वतंत्र रूप से स्थिति जांचना सुरक्षित तरीका है।",Hindi,Legitimate
बैंक शाखा में आपकी सेवा अपॉइंटमेंट [DATE] को [TIME] पर है। अनुरोध की स्थिति जांचने के लिए आधिकारिक चैनल का उपयोग करें.,Hindi,Legitimate
"आपके डेबिट कार्ड के लिए डिलीवरी अनुरोध स्वीकार किया गया है। यदि यह सूचना किसी खाते, ऑर्डर या सेवा अनुरोध से संबंधित है, तो संबंधित आधिकारिक चैनल में लॉगिन करके अनुरोध की वास्तविक स्थिति देखें। अलग से प्राप्त फोन नंबर, लिंक या भुगतान निर्देशों पर निर्भर रहने के बजाय आधिकारिक सहायता माध्यम का उपयोग करें। यह संदेश किसी सेवा घटना, भुगतान, आवेदन या सुरक्षा स्थिति का संदर्भ दे सकता है। संवेदनशील विवरण साझा करने से पहले संबंधित संस्था के आधिकारिक पोर्टल, ऐप या ग्राहक सेवा से जानकारी सत्यापित करें और अनपेक्षित संपर्क को अलग से जांचें।",Hindi,Legitimate
आपके बैंक सेवा टिकट [REF_ID] को बंद कर दिया गया है। इस सूचना को रिकॉर्ड के लिए सुरक्षित रख सकते हैं.,Hindi,Legitimate
"खाते की जानकारी में किया गया आपका अपडेट सफलतापूर्वक सेव हो गया है। यह सूचना सेवा स्थिति और अगले चरण के संदर्भ में विवरण देती है। यदि कोई कार्रवाई आवश्यक हो, तो अपने बैंक, सेवा प्रदाता या सरकारी खाते में सीधे लॉगिन करके वही जानकारी जांचें। अनजान संपर्क माध्यम से संवेदनशील जानकारी साझा न करें। संदेश में दी गई राशि, समय और संदर्भ संख्या को अपने सामान्य लेनदेन रिकॉर्ड से मिलाया जा सकता है। किसी भुगतान, पहचान या खाते से जुड़ी कार्रवाई से पहले आधिकारिक ऐप या वेबसाइट पर स्वतंत्र रूप से स्थिति जांचना सुरक्षित तरीका है।",Hindi,Legitimate
आपकी बैंक स्टेटमेंट अवधि की जानकारी आधिकारिक चैनल पर उपलब्ध है। https://service.example/receipt यह सूचना आपके अनुरोध के संदर्भ में है.,Hindi,Legitimate
"अपडेट: आपका बैंक प्रोफाइल अपडेट अनुरोध दर्ज हो गया है। संदर्भ संख्या [REF_ID] है। https://track.example/order यदि यह सूचना किसी खाते, ऑर्डर या सेवा अनुरोध से संबंधित है, तो संबंधित आधिकारिक चैनल में लॉगिन करके अनुरोध की वास्तविक स्थिति देखें। अलग से प्राप्त फोन नंबर, लिंक या भुगतान निर्देशों पर निर्भर रहने के बजाय आधिकारिक सहायता माध्यम का उपयोग करें। यह संदेश किसी सेवा घटना, भुगतान, आवेदन या सुरक्षा स्थिति का संदर्भ दे सकता है। संवेदनशील विवरण साझा करने से पहले संबंधित संस्था के आधिकारिक पोर्टल, ऐप या ग्राहक सेवा से जानकारी सत्यापित करें और अनपेक्षित संपर्क को अलग से जांचें।",Hindi,Legitimate
"मासिक स्टेटमेंट आपके बैंक के आधिकारिक ऐप में उपलब्ध है। https://official.example/app यह संदेश किसी सेवा घटना, भुगतान, आवेदन या सुरक्षा स्थिति का संदर्भ दे सकता है। संवेदनशील विवरण साझा करने से पहले संबंधित संस्था के आधिकारिक पोर्टल, ऐप या ग्राहक सेवा से जानकारी सत्यापित करें और अनपेक्षित संपर्क को अलग से जांचें। यह सूचना सेवा स्थिति और अगले चरण के संदर्भ में विवरण देती है। यदि कोई कार्रवाई आवश्यक हो, तो अपने बैंक, सेवा प्रदाता या सरकारी खाते में सीधे लॉगिन करके वही जानकारी जांचें। अनजान संपर्क माध्यम से संवेदनशील जानकारी साझा न करें।",Hindi,Legitimate
"आपके पते में बदलाव का अनुरोध प्राप्त हो गया है और समीक्षा में है। धन्यवाद। यह सूचना सेवा स्थिति और अगले चरण के संदर्भ में विवरण देती है। यदि कोई कार्रवाई आवश्यक हो, तो अपने बैंक, सेवा प्रदाता या सरकारी खाते में सीधे लॉगिन करके वही जानकारी जांचें। अनजान संपर्क माध्यम से संवेदनशील जानकारी साझा न करें। संदेश में दी गई राशि, समय और संदर्भ संख्या को अपने सामान्य लेनदेन रिकॉर्ड से मिलाया जा सकता है। किसी भुगतान, पहचान या खाते से जुड़ी कार्रवाई से पहले आधिकारिक ऐप या वेबसाइट पर स्वतंत्र रूप से स्थिति जांचना सुरक्षित तरीका है।",Hindi,Legitimate
"आपके अनुरोध के लिए सूचना: नई चेकबुक का अनुरोध सफलतापूर्वक दर्ज किया गया है। संदेश में दी गई राशि, समय और संदर्भ संख्या को अपने सामान्य लेनदेन रिकॉर्ड से मिलाया जा सकता है। किसी भुगतान, पहचान या खाते से जुड़ी कार्रवाई से पहले आधिकारिक ऐप या वेबसाइट पर स्वतंत्र रूप से स्थिति जांचना सुरक्षित तरीका है। यदि यह सूचना किसी खाते, ऑर्डर या सेवा अनुरोध से संबंधित है, तो संबंधित आधिकारिक चैनल में लॉगिन करके अनुरोध की वास्तविक स्थिति देखें। अलग से प्राप्त फोन नंबर, लिंक या भुगतान निर्देशों पर निर्भर रहने के बजाय आधिकारिक सहायता माध्यम का उपयोग करें।",Hindi,Legitimate
"आपके खाते में नामांकन संबंधी अनुरोध दर्ज हो गया है। ग्राहक सेवा विवरण आपके खाते में उपलब्ध है. यदि यह सूचना किसी खाते, ऑर्डर या सेवा अनुरोध से संबंधित है, तो संबंधित आधिकारिक चैनल में लॉगिन करके अनुरोध की वास्तविक स्थिति देखें। अलग से प्राप्त फोन नंबर, लिंक या भुगतान निर्देशों पर निर्भर रहने के बजाय आधिकारिक सहायता माध्यम का उपयोग करें। यह संदेश किसी सेवा घटना, भुगतान, आवेदन या सुरक्षा स्थिति का संदर्भ दे सकता है। संवेदनशील विवरण साझा करने से पहले संबंधित संस्था के आधिकारिक पोर्टल, ऐप या ग्राहक सेवा से जानकारी सत्यापित करें और अनपेक्षित संपर्क को अलग से जांचें।",Hindi,Legitimate
बैंक शाखा में आपकी सेवा अपॉइंटमेंट [DATE] को [TIME] पर है। इस सूचना को रिकॉर्ड के लिए सुरक्षित रख सकते हैं.,Hindi,Legitimate
"अपडेट: आपका UPI भुगतान ₹850 का XYZ को सफलतापूर्वक पूरा हुआ। ट्रांजैक्शन [TXN_ID] है। यह सूचना सेवा स्थिति और अगले चरण के संदर्भ में विवरण देती है। यदि कोई कार्रवाई आवश्यक हो, तो अपने बैंक, सेवा प्रदाता या सरकारी खाते में सीधे लॉगिन करके वही जानकारी जांचें। अनजान संपर्क माध्यम से संवेदनशील जानकारी साझा न करें। संदेश में दी गई राशि, समय और संदर्भ संख्या को अपने सामान्य लेनदेन रिकॉर्ड से मिलाया जा सकता है। किसी भुगतान, पहचान या खाते से जुड़ी कार्रवाई से पहले आधिकारिक ऐप या वेबसाइट पर स्वतंत्र रूप से स्थिति जांचना सुरक्षित तरीका है।",Hindi,Legitimate
"₹1,240 की UPI राशि आपके खाते में प्राप्त हुई है। संदेश में दी गई राशि, समय और संदर्भ संख्या को अपने सामान्य लेनदेन रिकॉर्ड से मिलाया जा सकता है। किसी भुगतान, पहचान या खाते से जुड़ी कार्रवाई से पहले आधिकारिक ऐप या वेबसाइट पर स्वतंत्र रूप से स्थिति जांचना सुरक्षित तरीका है। यदि यह सूचना किसी खाते, ऑर्डर या सेवा अनुरोध से संबंधित है, तो संबंधित आधिकारिक चैनल में लॉगिन करके अनुरोध की वास्तविक स्थिति देखें। अलग से प्राप्त फोन नंबर, लिंक या भुगतान निर्देशों पर निर्भर रहने के बजाय आधिकारिक सहायता माध्यम का उपयोग करें।",Hindi,Legitimate
"UPI भुगतान असफल रहा; डेबिट हुई राशि बैंक प्रक्रिया के अनुसार वापस की जाएगी। यदि यह सूचना किसी खाते, ऑर्डर या सेवा अनुरोध से संबंधित है, तो संबंधित आधिकारिक चैनल में लॉगिन करके अनुरोध की वास्तविक स्थिति देखें। अलग से प्राप्त फोन नंबर, लिंक या भुगतान निर्देशों पर निर्भर रहने के बजाय आधिकारिक सहायता माध्यम का उपयोग करें। यह संदेश किसी सेवा घटना, भुगतान, आवेदन या सुरक्षा स्थिति का संदर्भ दे सकता है। संवेदनशील विवरण साझा करने से पहले संबंधित संस्था के आधिकारिक पोर्टल, ऐप या ग्राहक सेवा से जानकारी सत्यापित करें और अनपेक्षित संपर्क को अलग से जांचें।",Hindi,Legitimate
"Aapka UPI रिफंड ₹499 खाते में जमा कर दिया गया है। https://official.example/app यह संदेश किसी सेवा घटना, भुगतान, आवेदन या सुरक्षा स्थिति का संदर्भ दे सकता है। संवेदनशील विवरण साझा करने से पहले संबंधित संस्था के आधिकारिक पोर्टल, ऐप या ग्राहक सेवा से जानकारी सत्यापित करें और अनपेक्षित संपर्क को अलग से जांचें। यह सूचना सेवा स्थिति और अगले चरण के संदर्भ में विवरण देती है। यदि कोई कार्रवाई आवश्यक हो, तो अपने बैंक, सेवा प्रदाता या सरकारी खाते में सीधे लॉगिन करके वही जानकारी जांचें। अनजान संपर्क माध्यम से संवेदनशील जानकारी साझा न करें।",Hindi,Legitimate
"UPI ऑटो-पे से ₹349 का निर्धारित भुगतान पूरा हुआ। https://portal.example/status यह सूचना सेवा स्थिति और अगले चरण के संदर्भ में विवरण देती है। यदि कोई कार्रवाई आवश्यक हो, तो अपने बैंक, सेवा प्रदाता या सरकारी खाते में सीधे लॉगिन करके वही जानकारी जांचें। अनजान संपर्क माध्यम से संवेदनशील जानकारी साझा न करें। संदेश में दी गई राशि, समय और संदर्भ संख्या को अपने सामान्य लेनदेन रिकॉर्ड से मिलाया जा सकता है। किसी भुगतान, पहचान या खाते से जुड़ी कार्रवाई से पहले आधिकारिक ऐप या वेबसाइट पर स्वतंत्र रूप से स्थिति जांचना सुरक्षित तरीका है।",Hindi,Legitimate
"आपका UPI ट्रांजैक्शन [TXN_ID] सफलतापूर्वक पूरा हो गया है। https://service.example/receipt संदेश में दी गई राशि, समय और संदर्भ संख्या को अपने सामान्य लेनदेन रिकॉर्ड से मिलाया जा सकता है। किसी भुगतान, पहचान या खाते से जुड़ी कार्रवाई से पहले आधिकारिक ऐप या वेबसाइट पर स्वतंत्र रूप से स्थिति जांचना सुरक्षित तरीका है। यदि यह सूचना किसी खाते, ऑर्डर या सेवा अनुरोध से संबंधित है, तो संबंधित आधिकारिक चैनल में लॉगिन करके अनुरोध की वास्तविक स्थिति देखें। अलग से प्राप्त फोन नंबर, लिंक या भुगतान निर्देशों पर निर्भर रहने के बजाय आधिकारिक सहायता माध्यम का उपयोग करें।",Hindi,Legitimate
"अपडेट: मोबाइल रिचार्ज के लिए UPI से ₹249 का भुगतान सफल रहा। यदि यह सूचना किसी खाते, ऑर्डर या सेवा अनुरोध से संबंधित है, तो संबंधित आधिकारिक चैनल में लॉगिन करके अनुरोध की वास्तविक स्थिति देखें। अलग से प्राप्त फोन नंबर, लिंक या भुगतान निर्देशों पर निर्भर रहने के बजाय आधिकारिक सहायता माध्यम का उपयोग करें। यह संदेश किसी सेवा घटना, भुगतान, आवेदन या सुरक्षा स्थिति का संदर्भ दे सकता है। संवेदनशील विवरण साझा करने से पहले संबंधित संस्था के आधिकारिक पोर्टल, ऐप या ग्राहक सेवा से जानकारी सत्यापित करें और अनपेक्षित संपर्क को अलग से जांचें।",Hindi,Legitimate
"बिजली बिल का ₹1,240 भुगतान UPI के माध्यम से प्राप्त हुआ। यह संदेश किसी सेवा घटना, भुगतान, आवेदन या सुरक्षा स्थिति का संदर्भ दे सकता है। संवेदनशील विवरण साझा करने से पहले संबंधित संस्था के आधिकारिक पोर्टल, ऐप या ग्राहक सेवा से जानकारी सत्यापित करें और अनपेक्षित संपर्क को अलग से जांचें। यह सूचना सेवा स्थिति और अगले चरण के संदर्भ में विवरण देती है। यदि कोई कार्रवाई आवश्यक हो, तो अपने बैंक, सेवा प्रदाता या सरकारी खाते में सीधे लॉगिन करके वही जानकारी जांचें। अनजान संपर्क माध्यम से संवेदनशील जानकारी साझा न करें।",Hindi,Legitimate
"आपकी UPI भुगतान रसीद आधिकारिक ऐप में उपलब्ध है। धन्यवाद। यह सूचना सेवा स्थिति और अगले चरण के संदर्भ में विवरण देती है। यदि कोई कार्रवाई आवश्यक हो, तो अपने बैंक, सेवा प्रदाता या सरकारी खाते में सीधे लॉगिन करके वही जानकारी जांचें। अनजान संपर्क माध्यम से संवेदनशील जानकारी साझा न करें। संदेश में दी गई राशि, समय और संदर्भ संख्या को अपने सामान्य लेनदेन रिकॉर्ड से मिलाया जा सकता है। किसी भुगतान, पहचान या खाते से जुड़ी कार्रवाई से पहले आधिकारिक ऐप या वेबसाइट पर स्वतंत्र रूप से स्थिति जांचना सुरक्षित तरीका है।",Hindi,Legitimate
"नए UPI लाभार्थी के पंजीकरण का अनुरोध दर्ज हो गया है। संदेश में दी गई राशि, समय और संदर्भ संख्या को अपने सामान्य लेनदेन रिकॉर्ड से मिलाया जा सकता है। किसी भुगतान, पहचान या खाते से जुड़ी कार्रवाई से पहले आधिकारिक ऐप या वेबसाइट पर स्वतंत्र रूप से स्थिति जांचना सुरक्षित तरीका है। यदि यह सूचना किसी खाते, ऑर्डर या सेवा अनुरोध से संबंधित है, तो संबंधित आधिकारिक चैनल में लॉगिन करके अनुरोध की वास्तविक स्थिति देखें। अलग से प्राप्त फोन नंबर, लिंक या भुगतान निर्देशों पर निर्भर रहने के बजाय आधिकारिक सहायता माध्यम का उपयोग करें।",Hindi,Legitimate
"आपका UPI भुगतान ₹850 का XYZ को सफलतापूर्वक पूरा हुआ। ट्रांजैक्शन [TXN_ID] है। यदि यह सूचना किसी खाते, ऑर्डर या सेवा अनुरोध से संबंधित है, तो संबंधित आधिकारिक चैनल में लॉगिन करके अनुरोध की वास्तविक स्थिति देखें। अलग से प्राप्त फोन नंबर, लिंक या भुगतान निर्देशों पर निर्भर रहने के बजाय आधिकारिक सहायता माध्यम का उपयोग करें। यह संदेश किसी सेवा घटना, भुगतान, आवेदन या सुरक्षा स्थिति का संदर्भ दे सकता है। संवेदनशील विवरण साझा करने से पहले संबंधित संस्था के आधिकारिक पोर्टल, ऐप या ग्राहक सेवा से जानकारी सत्यापित करें और अनपेक्षित संपर्क को अलग से जांचें।",Hindi,Legitimate
"आपके अनुरोध के लिए सूचना: ₹1,240 की UPI राशि आपके खाते में प्राप्त हुई है। यह संदेश किसी सेवा घटना, भुगतान, आवेदन या सुरक्षा स्थिति का संदर्भ दे सकता है। संवेदनशील विवरण साझा करने से पहले संबंधित संस्था के आधिकारिक पोर्टल, ऐप या ग्राहक सेवा से जानकारी सत्यापित करें और अनपेक्षित संपर्क को अलग से जांचें। यह सूचना सेवा स्थिति और अगले चरण के संदर्भ में विवरण देती है। यदि कोई कार्रवाई आवश्यक हो, तो अपने बैंक, सेवा प्रदाता या सरकारी खाते में सीधे लॉगिन करके वही जानकारी जांचें। अनजान संपर्क माध्यम से संवेदनशील जानकारी साझा न करें।",Hindi,Legitimate
"अपडेट: UPI भुगतान असफल रहा; डेबिट हुई राशि बैंक प्रक्रिया के अनुसार वापस की जाएगी। यह सूचना सेवा स्थिति और अगले चरण के संदर्भ में विवरण देती है। यदि कोई कार्रवाई आवश्यक हो, तो अपने बैंक, सेवा प्रदाता या सरकारी खाते में सीधे लॉगिन करके वही जानकारी जांचें। अनजान संपर्क माध्यम से संवेदनशील जानकारी साझा न करें। संदेश में दी गई राशि, समय और संदर्भ संख्या को अपने सामान्य लेनदेन रिकॉर्ड से मिलाया जा सकता है। किसी भुगतान, पहचान या खाते से जुड़ी कार्रवाई से पहले आधिकारिक ऐप या वेबसाइट पर स्वतंत्र रूप से स्थिति जांचना सुरक्षित तरीका है।",Hindi,Legitimate
"आपका UPI रिफंड ₹499 खाते में जमा कर दिया गया है। https://service.example/receipt संदेश में दी गई राशि, समय और संदर्भ संख्या को अपने सामान्य लेनदेन रिकॉर्ड से मिलाया जा सकता है। किसी भुगतान, पहचान या खाते से जुड़ी कार्रवाई से पहले आधिकारिक ऐप या वेबसाइट पर स्वतंत्र रूप से स्थिति जांचना सुरक्षित तरीका है। यदि यह सूचना किसी खाते, ऑर्डर या सेवा अनुरोध से संबंधित है, तो संबंधित आधिकारिक चैनल में लॉगिन करके अनुरोध की वास्तविक स्थिति देखें। अलग से प्राप्त फोन नंबर, लिंक या भुगतान निर्देशों पर निर्भर रहने के बजाय आधिकारिक सहायता माध्यम का उपयोग करें।",Hindi,Legitimate
"UPI ऑटो-पे से ₹349 का निर्धारित भुगतान पूरा हुआ। https://track.example/order यदि यह सूचना किसी खाते, ऑर्डर या सेवा अनुरोध से संबंधित है, तो संबंधित आधिकारिक चैनल में लॉगिन करके अनुरोध की वास्तविक स्थिति देखें। अलग से प्राप्त फोन नंबर, लिंक या भुगतान निर्देशों पर निर्भर रहने के बजाय आधिकारिक सहायता माध्यम का उपयोग करें। यह संदेश किसी सेवा घटना, भुगतान, आवेदन या सुरक्षा स्थिति का संदर्भ दे सकता है। संवेदनशील विवरण साझा करने से पहले संबंधित संस्था के आधिकारिक पोर्टल, ऐप या ग्राहक सेवा से जानकारी सत्यापित करें और अनपेक्षित संपर्क को अलग से जांचें।",Hindi,Legitimate
"आपका UPI ट्रांजैक्शन [TXN_ID] सफलतापूर्वक पूरा हो गया है। https://official.example/app यह संदेश किसी सेवा घटना, भुगतान, आवेदन या सुरक्षा स्थिति का संदर्भ दे सकता है। संवेदनशील विवरण साझा करने से पहले संबंधित संस्था के आधिकारिक पोर्टल, ऐप या ग्राहक सेवा से जानकारी सत्यापित करें और अनपेक्षित संपर्क को अलग से जांचें। यह सूचना सेवा स्थिति और अगले चरण के संदर्भ में विवरण देती है। यदि कोई कार्रवाई आवश्यक हो, तो अपने बैंक, सेवा प्रदाता या सरकारी खाते में सीधे लॉगिन करके वही जानकारी जांचें। अनजान संपर्क माध्यम से संवेदनशील जानकारी साझा न करें।",Hindi,Legitimate
"मोबाइल रिचार्ज के लिए UPI से ₹249 का भुगतान सफल रहा। धन्यवाद। यह सूचना सेवा स्थिति और अगले चरण के संदर्भ में विवरण देती है। यदि कोई कार्रवाई आवश्यक हो, तो अपने बैंक, सेवा प्रदाता या सरकारी खाते में सीधे लॉगिन करके वही जानकारी जांचें। अनजान संपर्क माध्यम से संवेदनशील जानकारी साझा न करें। संदेश में दी गई राशि, समय और संदर्भ संख्या को अपने सामान्य लेनदेन रिकॉर्ड से मिलाया जा सकता है। किसी भुगतान, पहचान या खाते से जुड़ी कार्रवाई से पहले आधिकारिक ऐप या वेबसाइट पर स्वतंत्र रूप से स्थिति जांचना सुरक्षित तरीका है।",Hindi,Legitimate
"बिजली बिल का ₹1,240 भुगतान UPI के माध्यम से प्राप्त हुआ। यह सूचना आपके अनुरोध के संदर्भ में है. संदेश में दी गई राशि, समय और संदर्भ संख्या को अपने सामान्य लेनदेन रिकॉर्ड से मिलाया जा सकता है। किसी भुगतान, पहचान या खाते से जुड़ी कार्रवाई से पहले आधिकारिक ऐप या वेबसाइट पर स्वतंत्र रूप से स्थिति जांचना सुरक्षित तरीका है। यदि यह सूचना किसी खाते, ऑर्डर या सेवा अनुरोध से संबंधित है, तो संबंधित आधिकारिक चैनल में लॉगिन करके अनुरोध की वास्तविक स्थिति देखें। अलग से प्राप्त फोन नंबर, लिंक या भुगतान निर्देशों पर निर्भर रहने के बजाय आधिकारिक सहायता माध्यम का उपयोग करें।",Hindi,Legitimate
"अपडेट: आपकी UPI भुगतान रसीद आधिकारिक ऐप में उपलब्ध है। यदि यह सूचना किसी खाते, ऑर्डर या सेवा अनुरोध से संबंधित है, तो संबंधित आधिकारिक चैनल में लॉगिन करके अनुरोध की वास्तविक स्थिति देखें। अलग से प्राप्त फोन नंबर, लिंक या भुगतान निर्देशों पर निर्भर रहने के बजाय आधिकारिक सहायता माध्यम का उपयोग करें। यह संदेश किसी सेवा घटना, भुगतान, आवेदन या सुरक्षा स्थिति का संदर्भ दे सकता है। संवेदनशील विवरण साझा करने से पहले संबंधित संस्था के आधिकारिक पोर्टल, ऐप या ग्राहक सेवा से जानकारी सत्यापित करें और अनपेक्षित संपर्क को अलग से जांचें।",Hindi,Legitimate
"नए UPI लाभार्थी के पंजीकरण का अनुरोध दर्ज हो गया है। कृपया संदर्भ संख्या सुरक्षित रखें. यह संदेश किसी सेवा घटना, भुगतान, आवेदन या सुरक्षा स्थिति का संदर्भ दे सकता है। संवेदनशील विवरण साझा करने से पहले संबंधित संस्था के आधिकारिक पोर्टल, ऐप या ग्राहक सेवा से जानकारी सत्यापित करें और अनपेक्षित संपर्क को अलग से जांचें। यह सूचना सेवा स्थिति और अगले चरण के संदर्भ में विवरण देती है। यदि कोई कार्रवाई आवश्यक हो, तो अपने बैंक, सेवा प्रदाता या सरकारी खाते में सीधे लॉगिन करके वही जानकारी जांचें। अनजान संपर्क माध्यम से संवेदनशील जानकारी साझा न करें।",Hindi,Legitimate
आपका UPI भुगतान ₹850 का XYZ को सफलतापूर्वक पूरा हुआ। ट्रांजैक्शन [TXN_ID] है। यह संदेश सेवा प्रक्रिया की जानकारी देता है.,Hindi,Legitimate
"₹1,240 की UPI राशि आपके खाते में प्राप्त हुई है। अनुरोध की स्थिति जांचने के लिए आधिकारिक चैनल का उपयोग करें.",Hindi,Legitimate
"आपके अनुरोध के लिए सूचना: UPI भुगतान असफल रहा; डेबिट हुई राशि बैंक प्रक्रिया के अनुसार वापस की जाएगी। यदि यह सूचना किसी खाते, ऑर्डर या सेवा अनुरोध से संबंधित है, तो संबंधित आधिकारिक चैनल में लॉगिन करके अनुरोध की वास्तविक स्थिति देखें। अलग से प्राप्त फोन नंबर, लिंक या भुगतान निर्देशों पर निर्भर रहने के बजाय आधिकारिक सहायता माध्यम का उपयोग करें। यह संदेश किसी सेवा घटना, भुगतान, आवेदन या सुरक्षा स्थिति का संदर्भ दे सकता है। संवेदनशील विवरण साझा करने से पहले संबंधित संस्था के आधिकारिक पोर्टल, ऐप या ग्राहक सेवा से जानकारी सत्यापित करें और अनपेक्षित संपर्क को अलग से जांचें।",Hindi,Legitimate
"आपका UPI रिफंड ₹499 खाते में जमा कर दिया गया है। https://official.example/app यह संदेश किसी सेवा घटना, भुगतान, आवेदन या सुरक्षा स्थिति का संदर्भ दे सकता है। संवेदनशील विवरण साझा करने से पहले संबंधित संस्था के आधिकारिक पोर्टल, ऐप या ग्राहक सेवा से जानकारी सत्यापित करें और अनपेक्षित संपर्क को अलग से जांचें। यह सूचना सेवा स्थिति और अगले चरण के संदर्भ में विवरण देती है। यदि कोई कार्रवाई आवश्यक हो, तो अपने बैंक, सेवा प्रदाता या सरकारी खाते में सीधे लॉगिन करके वही जानकारी जांचें। अनजान संपर्क माध्यम से संवेदनशील जानकारी साझा न करें।",Hindi,Legitimate
"अपडेट: UPI ऑटो-पे से ₹349 का निर्धारित भुगतान पूरा हुआ। https://portal.example/status यह सूचना सेवा स्थिति और अगले चरण के संदर्भ में विवरण देती है। यदि कोई कार्रवाई आवश्यक हो, तो अपने बैंक, सेवा प्रदाता या सरकारी खाते में सीधे लॉगिन करके वही जानकारी जांचें। अनजान संपर्क माध्यम से संवेदनशील जानकारी साझा न करें। संदेश में दी गई राशि, समय और संदर्भ संख्या को अपने सामान्य लेनदेन रिकॉर्ड से मिलाया जा सकता है। किसी भुगतान, पहचान या खाते से जुड़ी कार्रवाई से पहले आधिकारिक ऐप या वेबसाइट पर स्वतंत्र रूप से स्थिति जांचना सुरक्षित तरीका है।",Hindi,Legitimate
"आपका UPI ट्रांजैक्शन [TXN_ID] सफलतापूर्वक पूरा हो गया है। https://service.example/receipt यह सूचना आपके अनुरोध के संदर्भ में है. संदेश में दी गई राशि, समय और संदर्भ संख्या को अपने सामान्य लेनदेन रिकॉर्ड से मिलाया जा सकता है। किसी भुगतान, पहचान या खाते से जुड़ी कार्रवाई से पहले आधिकारिक ऐप या वेबसाइट पर स्वतंत्र रूप से स्थिति जांचना सुरक्षित तरीका है। यदि यह सूचना किसी खाते, ऑर्डर या सेवा अनुरोध से संबंधित है, तो संबंधित आधिकारिक चैनल में लॉगिन करके अनुरोध की वास्तविक स्थिति देखें। अलग से प्राप्त फोन नंबर, लिंक या भुगतान निर्देशों पर निर्भर रहने के बजाय आधिकारिक सहायता माध्यम का उपयोग करें।",Hindi,Legitimate
"मोबाइल रिचार्ज के लिए UPI से ₹249 का भुगतान सफल रहा। यदि यह सूचना किसी खाते, ऑर्डर या सेवा अनुरोध से संबंधित है, तो संबंधित आधिकारिक चैनल में लॉगिन करके अनुरोध की वास्तविक स्थिति देखें। अलग से प्राप्त फोन नंबर, लिंक या भुगतान निर्देशों पर निर्भर रहने के बजाय आधिकारिक सहायता माध्यम का उपयोग करें। यह संदेश किसी सेवा घटना, भुगतान, आवेदन या सुरक्षा स्थिति का संदर्भ दे सकता है। संवेदनशील विवरण साझा करने से पहले संबंधित संस्था के आधिकारिक पोर्टल, ऐप या ग्राहक सेवा से जानकारी सत्यापित करें और अनपेक्षित संपर्क को अलग से जांचें।",Hindi,Legitimate
"बिजली बिल का ₹1,240 भुगतान UPI के माध्यम से प्राप्त हुआ। कृपया संदर्भ संख्या सुरक्षित रखें. यह संदेश किसी सेवा घटना, भुगतान, आवेदन या सुरक्षा स्थिति का संदर्भ दे सकता है। संवेदनशील विवरण साझा करने से पहले संबंधित संस्था के आधिकारिक पोर्टल, ऐप या ग्राहक सेवा से जानकारी सत्यापित करें और अनपेक्षित संपर्क को अलग से जांचें। यह सूचना सेवा स्थिति और अगले चरण के संदर्भ में विवरण देती है। यदि कोई कार्रवाई आवश्यक हो, तो अपने बैंक, सेवा प्रदाता या सरकारी खाते में सीधे लॉगिन करके वही जानकारी जांचें। अनजान संपर्क माध्यम से संवेदनशील जानकारी साझा न करें।",Hindi,Legitimate
"आपकी UPI भुगतान रसीद आधिकारिक ऐप में उपलब्ध है। यह संदेश सेवा प्रक्रिया की जानकारी देता है. यह सूचना सेवा स्थिति और अगले चरण के संदर्भ में विवरण देती है। यदि कोई कार्रवाई आवश्यक हो, तो अपने बैंक, सेवा प्रदाता या सरकारी खाते में सीधे लॉगिन करके वही जानकारी जांचें। अनजान संपर्क माध्यम से संवेदनशील जानकारी साझा न करें। संदेश में दी गई राशि, समय और संदर्भ संख्या को अपने सामान्य लेनदेन रिकॉर्ड से मिलाया जा सकता है। किसी भुगतान, पहचान या खाते से जुड़ी कार्रवाई से पहले आधिकारिक ऐप या वेबसाइट पर स्वतंत्र रूप से स्थिति जांचना सुरक्षित तरीका है।",Hindi,Legitimate
नए UPI लाभार्थी के पंजीकरण का अनुरोध दर्ज हो गया है। अनुरोध की स्थिति जांचने के लिए आधिकारिक चैनल का उपयोग करें.,Hindi,Legitimate
अपडेट: आपका UPI भुगतान ₹850 का XYZ को सफलतापूर्वक पूरा हुआ। ट्रांजैक्शन [TXN_ID] है। ग्राहक सेवा विवरण आपके खाते में उपलब्ध है.,Hindi,Legitimate
"₹1,240 की UPI राशि आपके खाते में प्राप्त हुई है। इस सूचना को रिकॉर्ड के लिए सुरक्षित रख सकते हैं.",Hindi,Legitimate
"UPI भुगतान असफल रहा; डेबिट हुई राशि बैंक प्रक्रिया के अनुसार वापस की जाएगी। धन्यवाद। यह सूचना सेवा स्थिति और अगले चरण के संदर्भ में विवरण देती है। यदि कोई कार्रवाई आवश्यक हो, तो अपने बैंक, सेवा प्रदाता या सरकारी खाते में सीधे लॉगिन करके वही जानकारी जांचें। अनजान संपर्क माध्यम से संवेदनशील जानकारी साझा न करें। संदेश में दी गई राशि, समय और संदर्भ संख्या को अपने सामान्य लेनदेन रिकॉर्ड से मिलाया जा सकता है। किसी भुगतान, पहचान या खाते से जुड़ी कार्रवाई से पहले आधिकारिक ऐप या वेबसाइट पर स्वतंत्र रूप से स्थिति जांचना सुरक्षित तरीका है।",Hindi,Legitimate
"आपके अनुरोध के लिए सूचना: आपका UPI रिफंड ₹499 खाते में जमा कर दिया गया है। https://service.example/receipt संदेश में दी गई राशि, समय और संदर्भ संख्या को अपने सामान्य लेनदेन रिकॉर्ड से मिलाया जा सकता है। किसी भुगतान, पहचान या खाते से जुड़ी कार्रवाई से पहले आधिकारिक ऐप या वेबसाइट पर स्वतंत्र रूप से स्थिति जांचना सुरक्षित तरीका है। यदि यह सूचना किसी खाते, ऑर्डर या सेवा अनुरोध से संबंधित है, तो संबंधित आधिकारिक चैनल में लॉगिन करके अनुरोध की वास्तविक स्थिति देखें। अलग से प्राप्त फोन नंबर, लिंक या भुगतान निर्देशों पर निर्भर रहने के बजाय आधिकारिक सहायता माध्यम का उपयोग करें।",Hindi,Legitimate
UPI ऑटो-पे से ₹349 का निर्धारित भुगतान पूरा हुआ। https://track.example/order सेवा स्थिति आपके आधिकारिक खाते में भी दिखाई दे सकती है.,Hindi,Legitimate
"आपका UPI ट्रांजैक्शन [TXN_ID] सफलतापूर्वक पूरा हो गया है। https://official.example/app कृपया संदर्भ संख्या सुरक्षित रखें. यह संदेश किसी सेवा घटना, भुगतान, आवेदन या सुरक्षा स्थिति का संदर्भ दे सकता है। संवेदनशील विवरण साझा करने से पहले संबंधित संस्था के आधिकारिक पोर्टल, ऐप या ग्राहक सेवा से जानकारी सत्यापित करें और अनपेक्षित संपर्क को अलग से जांचें। यह सूचना सेवा स्थिति और अगले चरण के संदर्भ में विवरण देती है। यदि कोई कार्रवाई आवश्यक हो, तो अपने बैंक, सेवा प्रदाता या सरकारी खाते में सीधे लॉगिन करके वही जानकारी जांचें। अनजान संपर्क माध्यम से संवेदनशील जानकारी साझा न करें।",Hindi,Legitimate
"अपडेट: आपका लॉगिन OTP [OTP] है। इसे किसी के साथ साझा न करें। यह सूचना सेवा स्थिति और अगले चरण के संदर्भ में विवरण देती है। यदि कोई कार्रवाई आवश्यक हो, तो अपने बैंक, सेवा प्रदाता या सरकारी खाते में सीधे लॉगिन करके वही जानकारी जांचें। अनजान संपर्क माध्यम से संवेदनशील जानकारी साझा न करें। संदेश में दी गई राशि, समय और संदर्भ संख्या को अपने सामान्य लेनदेन रिकॉर्ड से मिलाया जा सकता है। किसी भुगतान, पहचान या खाते से जुड़ी कार्रवाई से पहले आधिकारिक ऐप या वेबसाइट पर स्वतंत्र रूप से स्थिति जांचना सुरक्षित तरीका है।",Hindi,Legitimate
"मोबाइल नंबर सत्यापन के लिए OTP [OTP] है। संदेश में दी गई राशि, समय और संदर्भ संख्या को अपने सामान्य लेनदेन रिकॉर्ड से मिलाया जा सकता है। किसी भुगतान, पहचान या खाते से जुड़ी कार्रवाई से पहले आधिकारिक ऐप या वेबसाइट पर स्वतंत्र रूप से स्थिति जांचना सुरक्षित तरीका है। यदि यह सूचना किसी खाते, ऑर्डर या सेवा अनुरोध से संबंधित है, तो संबंधित आधिकारिक चैनल में लॉगिन करके अनुरोध की वास्तविक स्थिति देखें। अलग से प्राप्त फोन नंबर, लिंक या भुगतान निर्देशों पर निर्भर रहने के बजाय आधिकारिक सहायता माध्यम का उपयोग करें।",Hindi,Legitimate
"नए लाभार्थी को जोड़ने के लिए OTP [OTP] आवश्यक है। यदि यह सूचना किसी खाते, ऑर्डर या सेवा अनुरोध से संबंधित है, तो संबंधित आधिकारिक चैनल में लॉगिन करके अनुरोध की वास्तविक स्थिति देखें। अलग से प्राप्त फोन नंबर, लिंक या भुगतान निर्देशों पर निर्भर रहने के बजाय आधिकारिक सहायता माध्यम का उपयोग करें। यह संदेश किसी सेवा घटना, भुगतान, आवेदन या सुरक्षा स्थिति का संदर्भ दे सकता है। संवेदनशील विवरण साझा करने से पहले संबंधित संस्था के आधिकारिक पोर्टल, ऐप या ग्राहक सेवा से जानकारी सत्यापित करें और अनपेक्षित संपर्क को अलग से जांचें।",Hindi,Legitimate
"आपके बैंक सेवा अनुरोध का सत्यापन OTP [OTP] है। यह संदेश किसी सेवा घटना, भुगतान, आवेदन या सुरक्षा स्थिति का संदर्भ दे सकता है। संवेदनशील विवरण साझा करने से पहले संबंधित संस्था के आधिकारिक पोर्टल, ऐप या ग्राहक सेवा से जानकारी सत्यापित करें और अनपेक्षित संपर्क को अलग से जांचें। यह सूचना सेवा स्थिति और अगले चरण के संदर्भ में विवरण देती है। यदि कोई कार्रवाई आवश्यक हो, तो अपने बैंक, सेवा प्रदाता या सरकारी खाते में सीधे लॉगिन करके वही जानकारी जांचें। अनजान संपर्क माध्यम से संवेदनशील जानकारी साझा न करें।",Hindi,Legitimate
"ऑनलाइन भुगतान की पुष्टि के लिए OTP [OTP] है। यह सूचना सेवा स्थिति और अगले चरण के संदर्भ में विवरण देती है। यदि कोई कार्रवाई आवश्यक हो, तो अपने बैंक, सेवा प्रदाता या सरकारी खाते में सीधे लॉगिन करके वही जानकारी जांचें। अनजान संपर्क माध्यम से संवेदनशील जानकारी साझा न करें। संदेश में दी गई राशि, समय और संदर्भ संख्या को अपने सामान्य लेनदेन रिकॉर्ड से मिलाया जा सकता है। किसी भुगतान, पहचान या खाते से जुड़ी कार्रवाई से पहले आधिकारिक ऐप या वेबसाइट पर स्वतंत्र रूप से स्थिति जांचना सुरक्षित तरीका है।",Hindi,Legitimate
"आपके खाते का पासवर्ड सफलतापूर्वक बदला गया है। यह सूचना आपके अनुरोध के संदर्भ में है. संदेश में दी गई राशि, समय और संदर्भ संख्या को अपने सामान्य लेनदेन रिकॉर्ड से मिलाया जा सकता है। किसी भुगतान, पहचान या खाते से जुड़ी कार्रवाई से पहले आधिकारिक ऐप या वेबसाइट पर स्वतंत्र रूप से स्थिति जांचना सुरक्षित तरीका है। यदि यह सूचना किसी खाते, ऑर्डर या सेवा अनुरोध से संबंधित है, तो संबंधित आधिकारिक चैनल में लॉगिन करके अनुरोध की वास्तविक स्थिति देखें। अलग से प्राप्त फोन नंबर, लिंक या भुगतान निर्देशों पर निर्भर रहने के बजाय आधिकारिक सहायता माध्यम का उपयोग करें।",Hindi,Legitimate
"अपडेट: नया डिवाइस आपके खाते में सफलतापूर्वक जोड़ा गया है। यदि यह सूचना किसी खाते, ऑर्डर या सेवा अनुरोध से संबंधित है, तो संबंधित आधिकारिक चैनल में लॉगिन करके अनुरोध की वास्तविक स्थिति देखें। अलग से प्राप्त फोन नंबर, लिंक या भुगतान निर्देशों पर निर्भर रहने के बजाय आधिकारिक सहायता माध्यम का उपयोग करें। यह संदेश किसी सेवा घटना, भुगतान, आवेदन या सुरक्षा स्थिति का संदर्भ दे सकता है। संवेदनशील विवरण साझा करने से पहले संबंधित संस्था के आधिकारिक पोर्टल, ऐप या ग्राहक सेवा से जानकारी सत्यापित करें और अनपेक्षित संपर्क को अलग से जांचें।",Hindi,Legitimate
"Aapka खाता रिकवरी अनुरोध [REF_ID] के रूप में दर्ज हुआ है। https://official.example/app यह संदेश किसी सेवा घटना, भुगतान, आवेदन या सुरक्षा स्थिति का संदर्भ दे सकता है। संवेदनशील विवरण साझा करने से पहले संबंधित संस्था के आधिकारिक पोर्टल, ऐप या ग्राहक सेवा से जानकारी सत्यापित करें और अनपेक्षित संपर्क को अलग से जांचें। यह सूचना सेवा स्थिति और अगले चरण के संदर्भ में विवरण देती है। यदि कोई कार्रवाई आवश्यक हो, तो अपने बैंक, सेवा प्रदाता या सरकारी खाते में सीधे लॉगिन करके वही जानकारी जांचें। अनजान संपर्क माध्यम से संवेदनशील जानकारी साझा न करें।",Hindi,Legitimate
"सुरक्षा सेटिंग में बदलाव सफलतापूर्वक सेव हो गया है। धन्यवाद। https://portal.example/status यह सूचना सेवा स्थिति और अगले चरण के संदर्भ में विवरण देती है। यदि कोई कार्रवाई आवश्यक हो, तो अपने बैंक, सेवा प्रदाता या सरकारी खाते में सीधे लॉगिन करके वही जानकारी जांचें। अनजान संपर्क माध्यम से संवेदनशील जानकारी साझा न करें। संदेश में दी गई राशि, समय और संदर्भ संख्या को अपने सामान्य लेनदेन रिकॉर्ड से मिलाया जा सकता है। किसी भुगतान, पहचान या खाते से जुड़ी कार्रवाई से पहले आधिकारिक ऐप या वेबसाइट पर स्वतंत्र रूप से स्थिति जांचना सुरक्षित तरीका है।",Hindi,Legitimate
आपका लॉगिन [TIME] पर सफल रहा। https://service.example/receipt,Hindi,Legitimate
"आपका लॉगिन OTP [OTP] है। इसे किसी के साथ साझा न करें। यदि यह सूचना किसी खाते, ऑर्डर या सेवा अनुरोध से संबंधित है, तो संबंधित आधिकारिक चैनल में लॉगिन करके अनुरोध की वास्तविक स्थिति देखें। अलग से प्राप्त फोन नंबर, लिंक या भुगतान निर्देशों पर निर्भर रहने के बजाय आधिकारिक सहायता माध्यम का उपयोग करें। यह संदेश किसी सेवा घटना, भुगतान, आवेदन या सुरक्षा स्थिति का संदर्भ दे सकता है। संवेदनशील विवरण साझा करने से पहले संबंधित संस्था के आधिकारिक पोर्टल, ऐप या ग्राहक सेवा से जानकारी सत्यापित करें और अनपेक्षित संपर्क को अलग से जांचें।",Hindi,Legitimate
"आपके अनुरोध के लिए सूचना: मोबाइल नंबर सत्यापन के लिए OTP [OTP] है। यह संदेश किसी सेवा घटना, भुगतान, आवेदन या सुरक्षा स्थिति का संदर्भ दे सकता है। संवेदनशील विवरण साझा करने से पहले संबंधित संस्था के आधिकारिक पोर्टल, ऐप या ग्राहक सेवा से जानकारी सत्यापित करें और अनपेक्षित संपर्क को अलग से जांचें। यह सूचना सेवा स्थिति और अगले चरण के संदर्भ में विवरण देती है। यदि कोई कार्रवाई आवश्यक हो, तो अपने बैंक, सेवा प्रदाता या सरकारी खाते में सीधे लॉगिन करके वही जानकारी जांचें। अनजान संपर्क माध्यम से संवेदनशील जानकारी साझा न करें।",Hindi,Legitimate
"अपडेट: नए लाभार्थी को जोड़ने के लिए OTP [OTP] आवश्यक है। यह सूचना सेवा स्थिति और अगले चरण के संदर्भ में विवरण देती है। यदि कोई कार्रवाई आवश्यक हो, तो अपने बैंक, सेवा प्रदाता या सरकारी खाते में सीधे लॉगिन करके वही जानकारी जांचें। अनजान संपर्क माध्यम से संवेदनशील जानकारी साझा न करें। संदेश में दी गई राशि, समय और संदर्भ संख्या को अपने सामान्य लेनदेन रिकॉर्ड से मिलाया जा सकता है। किसी भुगतान, पहचान या खाते से जुड़ी कार्रवाई से पहले आधिकारिक ऐप या वेबसाइट पर स्वतंत्र रूप से स्थिति जांचना सुरक्षित तरीका है।",Hindi,Legitimate
"आपके बैंक सेवा अनुरोध का सत्यापन OTP [OTP] है। यह सूचना आपके अनुरोध के संदर्भ में है. संदेश में दी गई राशि, समय और संदर्भ संख्या को अपने सामान्य लेनदेन रिकॉर्ड से मिलाया जा सकता है। किसी भुगतान, पहचान या खाते से जुड़ी कार्रवाई से पहले आधिकारिक ऐप या वेबसाइट पर स्वतंत्र रूप से स्थिति जांचना सुरक्षित तरीका है। यदि यह सूचना किसी खाते, ऑर्डर या सेवा अनुरोध से संबंधित है, तो संबंधित आधिकारिक चैनल में लॉगिन करके अनुरोध की वास्तविक स्थिति देखें। अलग से प्राप्त फोन नंबर, लिंक या भुगतान निर्देशों पर निर्भर रहने के बजाय आधिकारिक सहायता माध्यम का उपयोग करें।",Hindi,Legitimate
ऑनलाइन भुगतान की पुष्टि के लिए OTP [OTP] है। सेवा स्थिति आपके आधिकारिक खाते में भी दिखाई दे सकती है.,Hindi,Legitimate
"आपके खाते का पासवर्ड सफलतापूर्वक बदला गया है। कृपया संदर्भ संख्या सुरक्षित रखें. यह संदेश किसी सेवा घटना, भुगतान, आवेदन या सुरक्षा स्थिति का संदर्भ दे सकता है। संवेदनशील विवरण साझा करने से पहले संबंधित संस्था के आधिकारिक पोर्टल, ऐप या ग्राहक सेवा से जानकारी सत्यापित करें और अनपेक्षित संपर्क को अलग से जांचें। यह सूचना सेवा स्थिति और अगले चरण के संदर्भ में विवरण देती है। यदि कोई कार्रवाई आवश्यक हो, तो अपने बैंक, सेवा प्रदाता या सरकारी खाते में सीधे लॉगिन करके वही जानकारी जांचें। अनजान संपर्क माध्यम से संवेदनशील जानकारी साझा न करें।",Hindi,Legitimate
"नया डिवाइस आपके खाते में सफलतापूर्वक जोड़ा गया है। धन्यवाद। यह सूचना सेवा स्थिति और अगले चरण के संदर्भ में विवरण देती है। यदि कोई कार्रवाई आवश्यक हो, तो अपने बैंक, सेवा प्रदाता या सरकारी खाते में सीधे लॉगिन करके वही जानकारी जांचें। अनजान संपर्क माध्यम से संवेदनशील जानकारी साझा न करें। संदेश में दी गई राशि, समय और संदर्भ संख्या को अपने सामान्य लेनदेन रिकॉर्ड से मिलाया जा सकता है। किसी भुगतान, पहचान या खाते से जुड़ी कार्रवाई से पहले आधिकारिक ऐप या वेबसाइट पर स्वतंत्र रूप से स्थिति जांचना सुरक्षित तरीका है।",Hindi,Legitimate
"आपका खाता रिकवरी अनुरोध [REF_ID] के रूप में दर्ज हुआ है। https://service.example/receipt संदेश में दी गई राशि, समय और संदर्भ संख्या को अपने सामान्य लेनदेन रिकॉर्ड से मिलाया जा सकता है। किसी भुगतान, पहचान या खाते से जुड़ी कार्रवाई से पहले आधिकारिक ऐप या वेबसाइट पर स्वतंत्र रूप से स्थिति जांचना सुरक्षित तरीका है। यदि यह सूचना किसी खाते, ऑर्डर या सेवा अनुरोध से संबंधित है, तो संबंधित आधिकारिक चैनल में लॉगिन करके अनुरोध की वास्तविक स्थिति देखें। अलग से प्राप्त फोन नंबर, लिंक या भुगतान निर्देशों पर निर्भर रहने के बजाय आधिकारिक सहायता माध्यम का उपयोग करें।",Hindi,Legitimate
"अपडेट: सुरक्षा सेटिंग में बदलाव सफलतापूर्वक सेव हो गया है। https://track.example/order यदि यह सूचना किसी खाते, ऑर्डर या सेवा अनुरोध से संबंधित है, तो संबंधित आधिकारिक चैनल में लॉगिन करके अनुरोध की वास्तविक स्थिति देखें। अलग से प्राप्त फोन नंबर, लिंक या भुगतान निर्देशों पर निर्भर रहने के बजाय आधिकारिक सहायता माध्यम का उपयोग करें। यह संदेश किसी सेवा घटना, भुगतान, आवेदन या सुरक्षा स्थिति का संदर्भ दे सकता है। संवेदनशील विवरण साझा करने से पहले संबंधित संस्था के आधिकारिक पोर्टल, ऐप या ग्राहक सेवा से जानकारी सत्यापित करें और अनपेक्षित संपर्क को अलग से जांचें।",Hindi,Legitimate
आपका लॉगिन [TIME] पर सफल रहा। https://official.example/app,Hindi,Legitimate
"आपका लॉगिन OTP [OTP] है। इसे किसी के साथ साझा न करें। सूचना क्रमांक HIN-01. यह सूचना सेवा स्थिति और अगले चरण के संदर्भ में विवरण देती है। यदि कोई कार्रवाई आवश्यक हो, तो अपने बैंक, सेवा प्रदाता या सरकारी खाते में सीधे लॉगिन करके वही जानकारी जांचें। अनजान संपर्क माध्यम से संवेदनशील जानकारी साझा न करें। संदेश में दी गई राशि, समय और संदर्भ संख्या को अपने सामान्य लेनदेन रिकॉर्ड से मिलाया जा सकता है। किसी भुगतान, पहचान या खाते से जुड़ी कार्रवाई से पहले आधिकारिक ऐप या वेबसाइट पर स्वतंत्र रूप से स्थिति जांचना सुरक्षित तरीका है।",Hindi,Legitimate
"मोबाइल नंबर सत्यापन के लिए OTP [OTP] है। यह सूचना आपके अनुरोध के संदर्भ में है. संदेश में दी गई राशि, समय और संदर्भ संख्या को अपने सामान्य लेनदेन रिकॉर्ड से मिलाया जा सकता है। किसी भुगतान, पहचान या खाते से जुड़ी कार्रवाई से पहले आधिकारिक ऐप या वेबसाइट पर स्वतंत्र रूप से स्थिति जांचना सुरक्षित तरीका है। यदि यह सूचना किसी खाते, ऑर्डर या सेवा अनुरोध से संबंधित है, तो संबंधित आधिकारिक चैनल में लॉगिन करके अनुरोध की वास्तविक स्थिति देखें। अलग से प्राप्त फोन नंबर, लिंक या भुगतान निर्देशों पर निर्भर रहने के बजाय आधिकारिक सहायता माध्यम का उपयोग करें।",Hindi,Legitimate
"आपके अनुरोध के लिए सूचना: नए लाभार्थी को जोड़ने के लिए OTP [OTP] आवश्यक है। यदि यह सूचना किसी खाते, ऑर्डर या सेवा अनुरोध से संबंधित है, तो संबंधित आधिकारिक चैनल में लॉगिन करके अनुरोध की वास्तविक स्थिति देखें। अलग से प्राप्त फोन नंबर, लिंक या भुगतान निर्देशों पर निर्भर रहने के बजाय आधिकारिक सहायता माध्यम का उपयोग करें। यह संदेश किसी सेवा घटना, भुगतान, आवेदन या सुरक्षा स्थिति का संदर्भ दे सकता है। संवेदनशील विवरण साझा करने से पहले संबंधित संस्था के आधिकारिक पोर्टल, ऐप या ग्राहक सेवा से जानकारी सत्यापित करें और अनपेक्षित संपर्क को अलग से जांचें।",Hindi,Legitimate
"आपके बैंक सेवा अनुरोध का सत्यापन OTP [OTP] है। कृपया संदर्भ संख्या सुरक्षित रखें. यह संदेश किसी सेवा घटना, भुगतान, आवेदन या सुरक्षा स्थिति का संदर्भ दे सकता है। संवेदनशील विवरण साझा करने से पहले संबंधित संस्था के आधिकारिक पोर्टल, ऐप या ग्राहक सेवा से जानकारी सत्यापित करें और अनपेक्षित संपर्क को अलग से जांचें। यह सूचना सेवा स्थिति और अगले चरण के संदर्भ में विवरण देती है। यदि कोई कार्रवाई आवश्यक हो, तो अपने बैंक, सेवा प्रदाता या सरकारी खाते में सीधे लॉगिन करके वही जानकारी जांचें। अनजान संपर्क माध्यम से संवेदनशील जानकारी साझा न करें।",Hindi,Legitimate
"अपडेट: ऑनलाइन भुगतान की पुष्टि के लिए OTP [OTP] है। यह सूचना सेवा स्थिति और अगले चरण के संदर्भ में विवरण देती है। यदि कोई कार्रवाई आवश्यक हो, तो अपने बैंक, सेवा प्रदाता या सरकारी खाते में सीधे लॉगिन करके वही जानकारी जांचें। अनजान संपर्क माध्यम से संवेदनशील जानकारी साझा न करें। संदेश में दी गई राशि, समय और संदर्भ संख्या को अपने सामान्य लेनदेन रिकॉर्ड से मिलाया जा सकता है। किसी भुगतान, पहचान या खाते से जुड़ी कार्रवाई से पहले आधिकारिक ऐप या वेबसाइट पर स्वतंत्र रूप से स्थिति जांचना सुरक्षित तरीका है।",Hindi,Legitimate
"आपके खाते का पासवर्ड सफलतापूर्वक बदला गया है। अनुरोध की स्थिति जांचने के लिए आधिकारिक चैनल का उपयोग करें. संदेश में दी गई राशि, समय और संदर्भ संख्या को अपने सामान्य लेनदेन रिकॉर्ड से मिलाया जा सकता है। किसी भुगतान, पहचान या खाते से जुड़ी कार्रवाई से पहले आधिकारिक ऐप या वेबसाइट पर स्वतंत्र रूप से स्थिति जांचना सुरक्षित तरीका है। यदि यह सूचना किसी खाते, ऑर्डर या सेवा अनुरोध से संबंधित है, तो संबंधित आधिकारिक चैनल में लॉगिन करके अनुरोध की वास्तविक स्थिति देखें। अलग से प्राप्त फोन नंबर, लिंक या भुगतान निर्देशों पर निर्भर रहने के बजाय आधिकारिक सहायता माध्यम का उपयोग करें।",Hindi,Legitimate
"नया डिवाइस आपके खाते में सफलतापूर्वक जोड़ा गया है। यदि यह सूचना किसी खाते, ऑर्डर या सेवा अनुरोध से संबंधित है, तो संबंधित आधिकारिक चैनल में लॉगिन करके अनुरोध की वास्तविक स्थिति देखें। अलग से प्राप्त फोन नंबर, लिंक या भुगतान निर्देशों पर निर्भर रहने के बजाय आधिकारिक सहायता माध्यम का उपयोग करें। यह संदेश किसी सेवा घटना, भुगतान, आवेदन या सुरक्षा स्थिति का संदर्भ दे सकता है। संवेदनशील विवरण साझा करने से पहले संबंधित संस्था के आधिकारिक पोर्टल, ऐप या ग्राहक सेवा से जानकारी सत्यापित करें और अनपेक्षित संपर्क को अलग से जांचें।",Hindi,Legitimate
"अपडेट: आपके कार्ड से ₹2,499 का भुगतान सफल रहा। https://official.example/app यह संदेश किसी सेवा घटना, भुगतान, आवेदन या सुरक्षा स्थिति का संदर्भ दे सकता है। संवेदनशील विवरण साझा करने से पहले संबंधित संस्था के आधिकारिक पोर्टल, ऐप या ग्राहक सेवा से जानकारी सत्यापित करें और अनपेक्षित संपर्क को अलग से जांचें। यह सूचना सेवा स्थिति और अगले चरण के संदर्भ में विवरण देती है। यदि कोई कार्रवाई आवश्यक हो, तो अपने बैंक, सेवा प्रदाता या सरकारी खाते में सीधे लॉगिन करके वही जानकारी जांचें। अनजान संपर्क माध्यम से संवेदनशील जानकारी साझा न करें।",Hindi,Legitimate
"आपके डेबिट कार्ड की डिलीवरी के लिए अनुरोध स्वीकार किया गया है। https://portal.example/status यह सूचना सेवा स्थिति और अगले चरण के संदर्भ में विवरण देती है। यदि कोई कार्रवाई आवश्यक हो, तो अपने बैंक, सेवा प्रदाता या सरकारी खाते में सीधे लॉगिन करके वही जानकारी जांचें। अनजान संपर्क माध्यम से संवेदनशील जानकारी साझा न करें। संदेश में दी गई राशि, समय और संदर्भ संख्या को अपने सामान्य लेनदेन रिकॉर्ड से मिलाया जा सकता है। किसी भुगतान, पहचान या खाते से जुड़ी कार्रवाई से पहले आधिकारिक ऐप या वेबसाइट पर स्वतंत्र रूप से स्थिति जांचना सुरक्षित तरीका है।",Hindi,Legitimate
"कार्ड पिन बदलने का अनुरोध सफलतापूर्वक पूरा हुआ। https://service.example/receipt संदेश में दी गई राशि, समय और संदर्भ संख्या को अपने सामान्य लेनदेन रिकॉर्ड से मिलाया जा सकता है। किसी भुगतान, पहचान या खाते से जुड़ी कार्रवाई से पहले आधिकारिक ऐप या वेबसाइट पर स्वतंत्र रूप से स्थिति जांचना सुरक्षित तरीका है। यदि यह सूचना किसी खाते, ऑर्डर या सेवा अनुरोध से संबंधित है, तो संबंधित आधिकारिक चैनल में लॉगिन करके अनुरोध की वास्तविक स्थिति देखें। अलग से प्राप्त फोन नंबर, लिंक या भुगतान निर्देशों पर निर्भर रहने के बजाय आधिकारिक सहायता माध्यम का उपयोग करें।",Hindi,Legitimate
"आपके कार्ड का ऑनलाइन भुगतान ₹1,999 सफल रहा। यदि यह सूचना किसी खाते, ऑर्डर या सेवा अनुरोध से संबंधित है, तो संबंधित आधिकारिक चैनल में लॉगिन करके अनुरोध की वास्तविक स्थिति देखें। अलग से प्राप्त फोन नंबर, लिंक या भुगतान निर्देशों पर निर्भर रहने के बजाय आधिकारिक सहायता माध्यम का उपयोग करें। यह संदेश किसी सेवा घटना, भुगतान, आवेदन या सुरक्षा स्थिति का संदर्भ दे सकता है। संवेदनशील विवरण साझा करने से पहले संबंधित संस्था के आधिकारिक पोर्टल, ऐप या ग्राहक सेवा से जानकारी सत्यापित करें और अनपेक्षित संपर्क को अलग से जांचें।",Hindi,Legitimate
"आपका कार्ड स्टेटमेंट आधिकारिक ऐप में उपलब्ध है। यह संदेश किसी सेवा घटना, भुगतान, आवेदन या सुरक्षा स्थिति का संदर्भ दे सकता है। संवेदनशील विवरण साझा करने से पहले संबंधित संस्था के आधिकारिक पोर्टल, ऐप या ग्राहक सेवा से जानकारी सत्यापित करें और अनपेक्षित संपर्क को अलग से जांचें। यह सूचना सेवा स्थिति और अगले चरण के संदर्भ में विवरण देती है। यदि कोई कार्रवाई आवश्यक हो, तो अपने बैंक, सेवा प्रदाता या सरकारी खाते में सीधे लॉगिन करके वही जानकारी जांचें। अनजान संपर्क माध्यम से संवेदनशील जानकारी साझा न करें।",Hindi,Legitimate
"नए कार्ड के लिए आपका आवेदन प्राप्त हो गया है। यह सूचना सेवा स्थिति और अगले चरण के संदर्भ में विवरण देती है। यदि कोई कार्रवाई आवश्यक हो, तो अपने बैंक, सेवा प्रदाता या सरकारी खाते में सीधे लॉगिन करके वही जानकारी जांचें। अनजान संपर्क माध्यम से संवेदनशील जानकारी साझा न करें। संदेश में दी गई राशि, समय और संदर्भ संख्या को अपने सामान्य लेनदेन रिकॉर्ड से मिलाया जा सकता है। किसी भुगतान, पहचान या खाते से जुड़ी कार्रवाई से पहले आधिकारिक ऐप या वेबसाइट पर स्वतंत्र रूप से स्थिति जांचना सुरक्षित तरीका है।",Hindi,Legitimate
"अपडेट: कार्ड भुगतान रिवर्सल की ₹499 राशि खाते में जमा हुई है। संदेश में दी गई राशि, समय और संदर्भ संख्या को अपने सामान्य लेनदेन रिकॉर्ड से मिलाया जा सकता है। किसी भुगतान, पहचान या खाते से जुड़ी कार्रवाई से पहले आधिकारिक ऐप या वेबसाइट पर स्वतंत्र रूप से स्थिति जांचना सुरक्षित तरीका है। यदि यह सूचना किसी खाते, ऑर्डर या सेवा अनुरोध से संबंधित है, तो संबंधित आधिकारिक चैनल में लॉगिन करके अनुरोध की वास्तविक स्थिति देखें। अलग से प्राप्त फोन नंबर, लिंक या भुगतान निर्देशों पर निर्भर रहने के बजाय आधिकारिक सहायता माध्यम का उपयोग करें।",Hindi,Legitimate
"आपके कार्ड की संपर्क रहित सुविधा सक्रिय हो गई है। यदि यह सूचना किसी खाते, ऑर्डर या सेवा अनुरोध से संबंधित है, तो संबंधित आधिकारिक चैनल में लॉगिन करके अनुरोध की वास्तविक स्थिति देखें। अलग से प्राप्त फोन नंबर, लिंक या भुगतान निर्देशों पर निर्भर रहने के बजाय आधिकारिक सहायता माध्यम का उपयोग करें। यह संदेश किसी सेवा घटना, भुगतान, आवेदन या सुरक्षा स्थिति का संदर्भ दे सकता है। संवेदनशील विवरण साझा करने से पहले संबंधित संस्था के आधिकारिक पोर्टल, ऐप या ग्राहक सेवा से जानकारी सत्यापित करें और अनपेक्षित संपर्क को अलग से जांचें।",Hindi,Legitimate
"आपके कार्ड सेवा अनुरोध [REF_ID] को दर्ज कर लिया गया है। धन्यवाद। यह संदेश किसी सेवा घटना, भुगतान, आवेदन या सुरक्षा स्थिति का संदर्भ दे सकता है। संवेदनशील विवरण साझा करने से पहले संबंधित संस्था के आधिकारिक पोर्टल, ऐप या ग्राहक सेवा से जानकारी सत्यापित करें और अनपेक्षित संपर्क को अलग से जांचें। यह सूचना सेवा स्थिति और अगले चरण के संदर्भ में विवरण देती है। यदि कोई कार्रवाई आवश्यक हो, तो अपने बैंक, सेवा प्रदाता या सरकारी खाते में सीधे लॉगिन करके वही जानकारी जांचें। अनजान संपर्क माध्यम से संवेदनशील जानकारी साझा न करें।",Hindi,Legitimate
"आपके कार्ड की डिलीवरी [DATE] तक अपेक्षित है। यह सूचना सेवा स्थिति और अगले चरण के संदर्भ में विवरण देती है। यदि कोई कार्रवाई आवश्यक हो, तो अपने बैंक, सेवा प्रदाता या सरकारी खाते में सीधे लॉगिन करके वही जानकारी जांचें। अनजान संपर्क माध्यम से संवेदनशील जानकारी साझा न करें। संदेश में दी गई राशि, समय और संदर्भ संख्या को अपने सामान्य लेनदेन रिकॉर्ड से मिलाया जा सकता है। किसी भुगतान, पहचान या खाते से जुड़ी कार्रवाई से पहले आधिकारिक ऐप या वेबसाइट पर स्वतंत्र रूप से स्थिति जांचना सुरक्षित तरीका है।",Hindi,Legitimate
"आपके कार्ड से ₹2,499 का भुगतान सफल रहा। https://service.example/receipt संदेश में दी गई राशि, समय और संदर्भ संख्या को अपने सामान्य लेनदेन रिकॉर्ड से मिलाया जा सकता है। किसी भुगतान, पहचान या खाते से जुड़ी कार्रवाई से पहले आधिकारिक ऐप या वेबसाइट पर स्वतंत्र रूप से स्थिति जांचना सुरक्षित तरीका है। यदि यह सूचना किसी खाते, ऑर्डर या सेवा अनुरोध से संबंधित है, तो संबंधित आधिकारिक चैनल में लॉगिन करके अनुरोध की वास्तविक स्थिति देखें। अलग से प्राप्त फोन नंबर, लिंक या भुगतान निर्देशों पर निर्भर रहने के बजाय आधिकारिक सहायता माध्यम का उपयोग करें।",Hindi,Legitimate
"आपके अनुरोध के लिए सूचना: आपके डेबिट कार्ड की डिलीवरी के लिए अनुरोध स्वीकार किया गया है। https://track.example/order यदि यह सूचना किसी खाते, ऑर्डर या सेवा अनुरोध से संबंधित है, तो संबंधित आधिकारिक चैनल में लॉगिन करके अनुरोध की वास्तविक स्थिति देखें। अलग से प्राप्त फोन नंबर, लिंक या भुगतान निर्देशों पर निर्भर रहने के बजाय आधिकारिक सहायता माध्यम का उपयोग करें। यह संदेश किसी सेवा घटना, भुगतान, आवेदन या सुरक्षा स्थिति का संदर्भ दे सकता है। संवेदनशील विवरण साझा करने से पहले संबंधित संस्था के आधिकारिक पोर्टल, ऐप या ग्राहक सेवा से जानकारी सत्यापित करें और अनपेक्षित संपर्क को अलग से जांचें।",Hindi,Legitimate
"अपडेट: कार्ड पिन बदलने का अनुरोध सफलतापूर्वक पूरा हुआ। https://official.example/app यह संदेश किसी सेवा घटना, भुगतान, आवेदन या सुरक्षा स्थिति का संदर्भ दे सकता है। संवेदनशील विवरण साझा करने से पहले संबंधित संस्था के आधिकारिक पोर्टल, ऐप या ग्राहक सेवा से जानकारी सत्यापित करें और अनपेक्षित संपर्क को अलग से जांचें। यह सूचना सेवा स्थिति और अगले चरण के संदर्भ में विवरण देती है। यदि कोई कार्रवाई आवश्यक हो, तो अपने बैंक, सेवा प्रदाता या सरकारी खाते में सीधे लॉगिन करके वही जानकारी जांचें। अनजान संपर्क माध्यम से संवेदनशील जानकारी साझा न करें।",Hindi,Legitimate
"आपके कार्ड का ऑनलाइन भुगतान ₹1,999 सफल रहा। यह संदेश सेवा प्रक्रिया की जानकारी देता है. यह सूचना सेवा स्थिति और अगले चरण के संदर्भ में विवरण देती है। यदि कोई कार्रवाई आवश्यक हो, तो अपने बैंक, सेवा प्रदाता या सरकारी खाते में सीधे लॉगिन करके वही जानकारी जांचें। अनजान संपर्क माध्यम से संवेदनशील जानकारी साझा न करें। संदेश में दी गई राशि, समय और संदर्भ संख्या को अपने सामान्य लेनदेन रिकॉर्ड से मिलाया जा सकता है। किसी भुगतान, पहचान या खाते से जुड़ी कार्रवाई से पहले आधिकारिक ऐप या वेबसाइट पर स्वतंत्र रूप से स्थिति जांचना सुरक्षित तरीका है।",Hindi,Legitimate
"आपका कार्ड स्टेटमेंट आधिकारिक ऐप में उपलब्ध है। अनुरोध की स्थिति जांचने के लिए आधिकारिक चैनल का उपयोग करें. संदेश में दी गई राशि, समय और संदर्भ संख्या को अपने सामान्य लेनदेन रिकॉर्ड से मिलाया जा सकता है। किसी भुगतान, पहचान या खाते से जुड़ी कार्रवाई से पहले आधिकारिक ऐप या वेबसाइट पर स्वतंत्र रूप से स्थिति जांचना सुरक्षित तरीका है। यदि यह सूचना किसी खाते, ऑर्डर या सेवा अनुरोध से संबंधित है, तो संबंधित आधिकारिक चैनल में लॉगिन करके अनुरोध की वास्तविक स्थिति देखें। अलग से प्राप्त फोन नंबर, लिंक या भुगतान निर्देशों पर निर्भर रहने के बजाय आधिकारिक सहायता माध्यम का उपयोग करें।",Hindi,Legitimate
"नए कार्ड के लिए आपका आवेदन प्राप्त हो गया है। ग्राहक सेवा विवरण आपके खाते में उपलब्ध है. यदि यह सूचना किसी खाते, ऑर्डर या सेवा अनुरोध से संबंधित है, तो संबंधित आधिकारिक चैनल में लॉगिन करके अनुरोध की वास्तविक स्थिति देखें। अलग से प्राप्त फोन नंबर, लिंक या भुगतान निर्देशों पर निर्भर रहने के बजाय आधिकारिक सहायता माध्यम का उपयोग करें। यह संदेश किसी सेवा घटना, भुगतान, आवेदन या सुरक्षा स्थिति का संदर्भ दे सकता है। संवेदनशील विवरण साझा करने से पहले संबंधित संस्था के आधिकारिक पोर्टल, ऐप या ग्राहक सेवा से जानकारी सत्यापित करें और अनपेक्षित संपर्क को अलग से जांचें।",Hindi,Legitimate
"कार्ड भुगतान रिवर्सल की ₹499 राशि खाते में जमा हुई है। धन्यवाद। यह संदेश किसी सेवा घटना, भुगतान, आवेदन या सुरक्षा स्थिति का संदर्भ दे सकता है। संवेदनशील विवरण साझा करने से पहले संबंधित संस्था के आधिकारिक पोर्टल, ऐप या ग्राहक सेवा से जानकारी सत्यापित करें और अनपेक्षित संपर्क को अलग से जांचें। यह सूचना सेवा स्थिति और अगले चरण के संदर्भ में विवरण देती है। यदि कोई कार्रवाई आवश्यक हो, तो अपने बैंक, सेवा प्रदाता या सरकारी खाते में सीधे लॉगिन करके वही जानकारी जांचें। अनजान संपर्क माध्यम से संवेदनशील जानकारी साझा न करें।",Hindi,Legitimate
"आपके कार्ड की संपर्क रहित सुविधा सक्रिय हो गई है। सूचना क्रमांक HIN-01. यह सूचना सेवा स्थिति और अगले चरण के संदर्भ में विवरण देती है। यदि कोई कार्रवाई आवश्यक हो, तो अपने बैंक, सेवा प्रदाता या सरकारी खाते में सीधे लॉगिन करके वही जानकारी जांचें। अनजान संपर्क माध्यम से संवेदनशील जानकारी साझा न करें। संदेश में दी गई राशि, समय और संदर्भ संख्या को अपने सामान्य लेनदेन रिकॉर्ड से मिलाया जा सकता है। किसी भुगतान, पहचान या खाते से जुड़ी कार्रवाई से पहले आधिकारिक ऐप या वेबसाइट पर स्वतंत्र रूप से स्थिति जांचना सुरक्षित तरीका है।",Hindi,Legitimate
"अपडेट: आपके कार्ड सेवा अनुरोध [REF_ID] को दर्ज कर लिया गया है। संदेश में दी गई राशि, समय और संदर्भ संख्या को अपने सामान्य लेनदेन रिकॉर्ड से मिलाया जा सकता है। किसी भुगतान, पहचान या खाते से जुड़ी कार्रवाई से पहले आधिकारिक ऐप या वेबसाइट पर स्वतंत्र रूप से स्थिति जांचना सुरक्षित तरीका है। यदि यह सूचना किसी खाते, ऑर्डर या सेवा अनुरोध से संबंधित है, तो संबंधित आधिकारिक चैनल में लॉगिन करके अनुरोध की वास्तविक स्थिति देखें। अलग से प्राप्त फोन नंबर, लिंक या भुगतान निर्देशों पर निर्भर रहने के बजाय आधिकारिक सहायता माध्यम का उपयोग करें।",Hindi,Legitimate
"आपके कार्ड की डिलीवरी [DATE] तक अपेक्षित है। सेवा स्थिति आपके आधिकारिक खाते में भी दिखाई दे सकती है. यदि यह सूचना किसी खाते, ऑर्डर या सेवा अनुरोध से संबंधित है, तो संबंधित आधिकारिक चैनल में लॉगिन करके अनुरोध की वास्तविक स्थिति देखें। अलग से प्राप्त फोन नंबर, लिंक या भुगतान निर्देशों पर निर्भर रहने के बजाय आधिकारिक सहायता माध्यम का उपयोग करें। यह संदेश किसी सेवा घटना, भुगतान, आवेदन या सुरक्षा स्थिति का संदर्भ दे सकता है। संवेदनशील विवरण साझा करने से पहले संबंधित संस्था के आधिकारिक पोर्टल, ऐप या ग्राहक सेवा से जानकारी सत्यापित करें और अनपेक्षित संपर्क को अलग से जांचें।",Hindi,Legitimate
"आपके कार्ड से ₹2,499 का भुगतान सफल रहा। https://official.example/app यह संदेश किसी सेवा घटना, भुगतान, आवेदन या सुरक्षा स्थिति का संदर्भ दे सकता है। संवेदनशील विवरण साझा करने से पहले संबंधित संस्था के आधिकारिक पोर्टल, ऐप या ग्राहक सेवा से जानकारी सत्यापित करें और अनपेक्षित संपर्क को अलग से जांचें। यह सूचना सेवा स्थिति और अगले चरण के संदर्भ में विवरण देती है। यदि कोई कार्रवाई आवश्यक हो, तो अपने बैंक, सेवा प्रदाता या सरकारी खाते में सीधे लॉगिन करके वही जानकारी जांचें। अनजान संपर्क माध्यम से संवेदनशील जानकारी साझा न करें।",Hindi,Legitimate
आपके डेबिट कार्ड की डिलीवरी के लिए अनुरोध स्वीकार किया गया है। https://portal.example/status यह संदेश सेवा प्रक्रिया की जानकारी देता है.,Hindi,Legitimate
"आपके अनुरोध के लिए सूचना: कार्ड पिन बदलने का अनुरोध सफलतापूर्वक पूरा हुआ। https://service.example/receipt संदेश में दी गई राशि, समय और संदर्भ संख्या को अपने सामान्य लेनदेन रिकॉर्ड से मिलाया जा सकता है। किसी भुगतान, पहचान या खाते से जुड़ी कार्रवाई से पहले आधिकारिक ऐप या वेबसाइट पर स्वतंत्र रूप से स्थिति जांचना सुरक्षित तरीका है। यदि यह सूचना किसी खाते, ऑर्डर या सेवा अनुरोध से संबंधित है, तो संबंधित आधिकारिक चैनल में लॉगिन करके अनुरोध की वास्तविक स्थिति देखें। अलग से प्राप्त फोन नंबर, लिंक या भुगतान निर्देशों पर निर्भर रहने के बजाय आधिकारिक सहायता माध्यम का उपयोग करें।",Hindi,Legitimate
"अपडेट: आपका सरकारी सेवा आवेदन [APPLICATION_ID] प्राप्त हो गया है। यदि यह सूचना किसी खाते, ऑर्डर या सेवा अनुरोध से संबंधित है, तो संबंधित आधिकारिक चैनल में लॉगिन करके अनुरोध की वास्तविक स्थिति देखें। अलग से प्राप्त फोन नंबर, लिंक या भुगतान निर्देशों पर निर्भर रहने के बजाय आधिकारिक सहायता माध्यम का उपयोग करें। यह संदेश किसी सेवा घटना, भुगतान, आवेदन या सुरक्षा स्थिति का संदर्भ दे सकता है। संवेदनशील विवरण साझा करने से पहले संबंधित संस्था के आधिकारिक पोर्टल, ऐप या ग्राहक सेवा से जानकारी सत्यापित करें और अनपेक्षित संपर्क को अलग से जांचें।",Hindi,Legitimate
"आपका प्रमाणपत्र आवेदन आधिकारिक पोर्टल पर दर्ज हो गया है। यह संदेश किसी सेवा घटना, भुगतान, आवेदन या सुरक्षा स्थिति का संदर्भ दे सकता है। संवेदनशील विवरण साझा करने से पहले संबंधित संस्था के आधिकारिक पोर्टल, ऐप या ग्राहक सेवा से जानकारी सत्यापित करें और अनपेक्षित संपर्क को अलग से जांचें। यह सूचना सेवा स्थिति और अगले चरण के संदर्भ में विवरण देती है। यदि कोई कार्रवाई आवश्यक हो, तो अपने बैंक, सेवा प्रदाता या सरकारी खाते में सीधे लॉगिन करके वही जानकारी जांचें। अनजान संपर्क माध्यम से संवेदनशील जानकारी साझा न करें।",Hindi,Legitimate
"आपके दस्तावेज जमा करने की रसीद उपलब्ध है। यह सूचना सेवा स्थिति और अगले चरण के संदर्भ में विवरण देती है। यदि कोई कार्रवाई आवश्यक हो, तो अपने बैंक, सेवा प्रदाता या सरकारी खाते में सीधे लॉगिन करके वही जानकारी जांचें। अनजान संपर्क माध्यम से संवेदनशील जानकारी साझा न करें। संदेश में दी गई राशि, समय और संदर्भ संख्या को अपने सामान्य लेनदेन रिकॉर्ड से मिलाया जा सकता है। किसी भुगतान, पहचान या खाते से जुड़ी कार्रवाई से पहले आधिकारिक ऐप या वेबसाइट पर स्वतंत्र रूप से स्थिति जांचना सुरक्षित तरीका है।",Hindi,Legitimate
"आपकी सरकारी सेवा अपॉइंटमेंट [DATE] को [TIME] पर है। संदेश में दी गई राशि, समय और संदर्भ संख्या को अपने सामान्य लेनदेन रिकॉर्ड से मिलाया जा सकता है। किसी भुगतान, पहचान या खाते से जुड़ी कार्रवाई से पहले आधिकारिक ऐप या वेबसाइट पर स्वतंत्र रूप से स्थिति जांचना सुरक्षित तरीका है। यदि यह सूचना किसी खाते, ऑर्डर या सेवा अनुरोध से संबंधित है, तो संबंधित आधिकारिक चैनल में लॉगिन करके अनुरोध की वास्तविक स्थिति देखें। अलग से प्राप्त फोन नंबर, लिंक या भुगतान निर्देशों पर निर्भर रहने के बजाय आधिकारिक सहायता माध्यम का उपयोग करें।",Hindi,Legitimate
"आपके आवेदन की स्थिति आधिकारिक पोर्टल पर अपडेट हुई है। यदि यह सूचना किसी खाते, ऑर्डर या सेवा अनुरोध से संबंधित है, तो संबंधित आधिकारिक चैनल में लॉगिन करके अनुरोध की वास्तविक स्थिति देखें। अलग से प्राप्त फोन नंबर, लिंक या भुगतान निर्देशों पर निर्भर रहने के बजाय आधिकारिक सहायता माध्यम का उपयोग करें। यह संदेश किसी सेवा घटना, भुगतान, आवेदन या सुरक्षा स्थिति का संदर्भ दे सकता है। संवेदनशील विवरण साझा करने से पहले संबंधित संस्था के आधिकारिक पोर्टल, ऐप या ग्राहक सेवा से जानकारी सत्यापित करें और अनपेक्षित संपर्क को अलग से जांचें।",Hindi,Legitimate
आपका दस्तावेज डाउनलोड के लिए तैयार है।,Hindi,Legitimate
"अपडेट: आपका सेवा भुगतान ₹249 सफलतापूर्वक प्राप्त हुआ है। यह सूचना सेवा स्थिति और अगले चरण के संदर्भ में विवरण देती है। यदि कोई कार्रवाई आवश्यक हो, तो अपने बैंक, सेवा प्रदाता या सरकारी खाते में सीधे लॉगिन करके वही जानकारी जांचें। अनजान संपर्क माध्यम से संवेदनशील जानकारी साझा न करें। संदेश में दी गई राशि, समय और संदर्भ संख्या को अपने सामान्य लेनदेन रिकॉर्ड से मिलाया जा सकता है। किसी भुगतान, पहचान या खाते से जुड़ी कार्रवाई से पहले आधिकारिक ऐप या वेबसाइट पर स्वतंत्र रूप से स्थिति जांचना सुरक्षित तरीका है।",Hindi,Legitimate
"आपका अनुरोध [REF_ID] के तहत पंजीकृत है। https://service.example/receipt संदेश में दी गई राशि, समय और संदर्भ संख्या को अपने सामान्य लेनदेन रिकॉर्ड से मिलाया जा सकता है। किसी भुगतान, पहचान या खाते से जुड़ी कार्रवाई से पहले आधिकारिक ऐप या वेबसाइट पर स्वतंत्र रूप से स्थिति जांचना सुरक्षित तरीका है। यदि यह सूचना किसी खाते, ऑर्डर या सेवा अनुरोध से संबंधित है, तो संबंधित आधिकारिक चैनल में लॉगिन करके अनुरोध की वास्तविक स्थिति देखें। अलग से प्राप्त फोन नंबर, लिंक या भुगतान निर्देशों पर निर्भर रहने के बजाय आधिकारिक सहायता माध्यम का उपयोग करें।",Hindi,Legitimate
"आपके आवेदन का सत्यापन पूरा हो गया है। धन्यवाद। https://track.example/order यदि यह सूचना किसी खाते, ऑर्डर या सेवा अनुरोध से संबंधित है, तो संबंधित आधिकारिक चैनल में लॉगिन करके अनुरोध की वास्तविक स्थिति देखें। अलग से प्राप्त फोन नंबर, लिंक या भुगतान निर्देशों पर निर्भर रहने के बजाय आधिकारिक सहायता माध्यम का उपयोग करें। यह संदेश किसी सेवा घटना, भुगतान, आवेदन या सुरक्षा स्थिति का संदर्भ दे सकता है। संवेदनशील विवरण साझा करने से पहले संबंधित संस्था के आधिकारिक पोर्टल, ऐप या ग्राहक सेवा से जानकारी सत्यापित करें और अनपेक्षित संपर्क को अलग से जांचें।",Hindi,Legitimate
"आपके प्रमाणपत्र की डिजिटल प्रति आधिकारिक खाते में उपलब्ध है। https://official.example/app यह संदेश किसी सेवा घटना, भुगतान, आवेदन या सुरक्षा स्थिति का संदर्भ दे सकता है। संवेदनशील विवरण साझा करने से पहले संबंधित संस्था के आधिकारिक पोर्टल, ऐप या ग्राहक सेवा से जानकारी सत्यापित करें और अनपेक्षित संपर्क को अलग से जांचें। यह सूचना सेवा स्थिति और अगले चरण के संदर्भ में विवरण देती है। यदि कोई कार्रवाई आवश्यक हो, तो अपने बैंक, सेवा प्रदाता या सरकारी खाते में सीधे लॉगिन करके वही जानकारी जांचें। अनजान संपर्क माध्यम से संवेदनशील जानकारी साझा न करें।",Hindi,Legitimate
"आपका सरकारी सेवा आवेदन [APPLICATION_ID] प्राप्त हो गया है। यह सूचना सेवा स्थिति और अगले चरण के संदर्भ में विवरण देती है। यदि कोई कार्रवाई आवश्यक हो, तो अपने बैंक, सेवा प्रदाता या सरकारी खाते में सीधे लॉगिन करके वही जानकारी जांचें। अनजान संपर्क माध्यम से संवेदनशील जानकारी साझा न करें। संदेश में दी गई राशि, समय और संदर्भ संख्या को अपने सामान्य लेनदेन रिकॉर्ड से मिलाया जा सकता है। किसी भुगतान, पहचान या खाते से जुड़ी कार्रवाई से पहले आधिकारिक ऐप या वेबसाइट पर स्वतंत्र रूप से स्थिति जांचना सुरक्षित तरीका है।",Hindi,Legitimate
"आपके अनुरोध के लिए सूचना: आपका प्रमाणपत्र आवेदन आधिकारिक पोर्टल पर दर्ज हो गया है। संदेश में दी गई राशि, समय और संदर्भ संख्या को अपने सामान्य लेनदेन रिकॉर्ड से मिलाया जा सकता है। किसी भुगतान, पहचान या खाते से जुड़ी कार्रवाई से पहले आधिकारिक ऐप या वेबसाइट पर स्वतंत्र रूप से स्थिति जांचना सुरक्षित तरीका है। यदि यह सूचना किसी खाते, ऑर्डर या सेवा अनुरोध से संबंधित है, तो संबंधित आधिकारिक चैनल में लॉगिन करके अनुरोध की वास्तविक स्थिति देखें। अलग से प्राप्त फोन नंबर, लिंक या भुगतान निर्देशों पर निर्भर रहने के बजाय आधिकारिक सहायता माध्यम का उपयोग करें।",Hindi,Legitimate
"अपडेट: आपके दस्तावेज जमा करने की रसीद उपलब्ध है। यदि यह सूचना किसी खाते, ऑर्डर या सेवा अनुरोध से संबंधित है, तो संबंधित आधिकारिक चैनल में लॉगिन करके अनुरोध की वास्तविक स्थिति देखें। अलग से प्राप्त फोन नंबर, लिंक या भुगतान निर्देशों पर निर्भर रहने के बजाय आधिकारिक सहायता माध्यम का उपयोग करें। यह संदेश किसी सेवा घटना, भुगतान, आवेदन या सुरक्षा स्थिति का संदर्भ दे सकता है। संवेदनशील विवरण साझा करने से पहले संबंधित संस्था के आधिकारिक पोर्टल, ऐप या ग्राहक सेवा से जानकारी सत्यापित करें और अनपेक्षित संपर्क को अलग से जांचें।",Hindi,Legitimate
"आपकी सरकारी सेवा अपॉइंटमेंट [DATE] को [TIME] पर है। कृपया संदर्भ संख्या सुरक्षित रखें. यह संदेश किसी सेवा घटना, भुगतान, आवेदन या सुरक्षा स्थिति का संदर्भ दे सकता है। संवेदनशील विवरण साझा करने से पहले संबंधित संस्था के आधिकारिक पोर्टल, ऐप या ग्राहक सेवा से जानकारी सत्यापित करें और अनपेक्षित संपर्क को अलग से जांचें। यह सूचना सेवा स्थिति और अगले चरण के संदर्भ में विवरण देती है। यदि कोई कार्रवाई आवश्यक हो, तो अपने बैंक, सेवा प्रदाता या सरकारी खाते में सीधे लॉगिन करके वही जानकारी जांचें। अनजान संपर्क माध्यम से संवेदनशील जानकारी साझा न करें।",Hindi,Legitimate
"आपके आवेदन की स्थिति आधिकारिक पोर्टल पर अपडेट हुई है। यह संदेश सेवा प्रक्रिया की जानकारी देता है. यह सूचना सेवा स्थिति और अगले चरण के संदर्भ में विवरण देती है। यदि कोई कार्रवाई आवश्यक हो, तो अपने बैंक, सेवा प्रदाता या सरकारी खाते में सीधे लॉगिन करके वही जानकारी जांचें। अनजान संपर्क माध्यम से संवेदनशील जानकारी साझा न करें। संदेश में दी गई राशि, समय और संदर्भ संख्या को अपने सामान्य लेनदेन रिकॉर्ड से मिलाया जा सकता है। किसी भुगतान, पहचान या खाते से जुड़ी कार्रवाई से पहले आधिकारिक ऐप या वेबसाइट पर स्वतंत्र रूप से स्थिति जांचना सुरक्षित तरीका है।",Hindi,Legitimate
"आपका दस्तावेज डाउनलोड के लिए तैयार है। अनुरोध की स्थिति जांचने के लिए आधिकारिक चैनल का उपयोग करें. संदेश में दी गई राशि, समय और संदर्भ संख्या को अपने सामान्य लेनदेन रिकॉर्ड से मिलाया जा सकता है। किसी भुगतान, पहचान या खाते से जुड़ी कार्रवाई से पहले आधिकारिक ऐप या वेबसाइट पर स्वतंत्र रूप से स्थिति जांचना सुरक्षित तरीका है। यदि यह सूचना किसी खाते, ऑर्डर या सेवा अनुरोध से संबंधित है, तो संबंधित आधिकारिक चैनल में लॉगिन करके अनुरोध की वास्तविक स्थिति देखें। अलग से प्राप्त फोन नंबर, लिंक या भुगतान निर्देशों पर निर्भर रहने के बजाय आधिकारिक सहायता माध्यम का उपयोग करें।",Hindi,Legitimate
"आपका सेवा भुगतान ₹249 सफलतापूर्वक प्राप्त हुआ है। धन्यवाद। यदि यह सूचना किसी खाते, ऑर्डर या सेवा अनुरोध से संबंधित है, तो संबंधित आधिकारिक चैनल में लॉगिन करके अनुरोध की वास्तविक स्थिति देखें। अलग से प्राप्त फोन नंबर, लिंक या भुगतान निर्देशों पर निर्भर रहने के बजाय आधिकारिक सहायता माध्यम का उपयोग करें। यह संदेश किसी सेवा घटना, भुगतान, आवेदन या सुरक्षा स्थिति का संदर्भ दे सकता है। संवेदनशील विवरण साझा करने से पहले संबंधित संस्था के आधिकारिक पोर्टल, ऐप या ग्राहक सेवा से जानकारी सत्यापित करें और अनपेक्षित संपर्क को अलग से जांचें।",Hindi,Legitimate
"Aapka अनुरोध [REF_ID] के तहत पंजीकृत है। https://official.example/app यह संदेश किसी सेवा घटना, भुगतान, आवेदन या सुरक्षा स्थिति का संदर्भ दे सकता है। संवेदनशील विवरण साझा करने से पहले संबंधित संस्था के आधिकारिक पोर्टल, ऐप या ग्राहक सेवा से जानकारी सत्यापित करें और अनपेक्षित संपर्क को अलग से जांचें। यह सूचना सेवा स्थिति और अगले चरण के संदर्भ में विवरण देती है। यदि कोई कार्रवाई आवश्यक हो, तो अपने बैंक, सेवा प्रदाता या सरकारी खाते में सीधे लॉगिन करके वही जानकारी जांचें। अनजान संपर्क माध्यम से संवेदनशील जानकारी साझा न करें।",Hindi,Legitimate
"अपडेट: आपके आवेदन का सत्यापन पूरा हो गया है। https://portal.example/status यह सूचना सेवा स्थिति और अगले चरण के संदर्भ में विवरण देती है। यदि कोई कार्रवाई आवश्यक हो, तो अपने बैंक, सेवा प्रदाता या सरकारी खाते में सीधे लॉगिन करके वही जानकारी जांचें। अनजान संपर्क माध्यम से संवेदनशील जानकारी साझा न करें। संदेश में दी गई राशि, समय और संदर्भ संख्या को अपने सामान्य लेनदेन रिकॉर्ड से मिलाया जा सकता है। किसी भुगतान, पहचान या खाते से जुड़ी कार्रवाई से पहले आधिकारिक ऐप या वेबसाइट पर स्वतंत्र रूप से स्थिति जांचना सुरक्षित तरीका है।",Hindi,Legitimate
"आपके प्रमाणपत्र की डिजिटल प्रति आधिकारिक खाते में उपलब्ध है। https://service.example/receipt संदेश में दी गई राशि, समय और संदर्भ संख्या को अपने सामान्य लेनदेन रिकॉर्ड से मिलाया जा सकता है। किसी भुगतान, पहचान या खाते से जुड़ी कार्रवाई से पहले आधिकारिक ऐप या वेबसाइट पर स्वतंत्र रूप से स्थिति जांचना सुरक्षित तरीका है। यदि यह सूचना किसी खाते, ऑर्डर या सेवा अनुरोध से संबंधित है, तो संबंधित आधिकारिक चैनल में लॉगिन करके अनुरोध की वास्तविक स्थिति देखें। अलग से प्राप्त फोन नंबर, लिंक या भुगतान निर्देशों पर निर्भर रहने के बजाय आधिकारिक सहायता माध्यम का उपयोग करें।",Hindi,Legitimate
आपका सरकारी सेवा आवेदन [APPLICATION_ID] प्राप्त हो गया है। सेवा स्थिति आपके आधिकारिक खाते में भी दिखाई दे सकती है.,Hindi,Legitimate
"आपका प्रमाणपत्र आवेदन आधिकारिक पोर्टल पर दर्ज हो गया है। कृपया संदर्भ संख्या सुरक्षित रखें. यह संदेश किसी सेवा घटना, भुगतान, आवेदन या सुरक्षा स्थिति का संदर्भ दे सकता है। संवेदनशील विवरण साझा करने से पहले संबंधित संस्था के आधिकारिक पोर्टल, ऐप या ग्राहक सेवा से जानकारी सत्यापित करें और अनपेक्षित संपर्क को अलग से जांचें। यह सूचना सेवा स्थिति और अगले चरण के संदर्भ में विवरण देती है। यदि कोई कार्रवाई आवश्यक हो, तो अपने बैंक, सेवा प्रदाता या सरकारी खाते में सीधे लॉगिन करके वही जानकारी जांचें। अनजान संपर्क माध्यम से संवेदनशील जानकारी साझा न करें।",Hindi,Legitimate
"आपके अनुरोध के लिए सूचना: आपके दस्तावेज जमा करने की रसीद उपलब्ध है। यह सूचना सेवा स्थिति और अगले चरण के संदर्भ में विवरण देती है। यदि कोई कार्रवाई आवश्यक हो, तो अपने बैंक, सेवा प्रदाता या सरकारी खाते में सीधे लॉगिन करके वही जानकारी जांचें। अनजान संपर्क माध्यम से संवेदनशील जानकारी साझा न करें। संदेश में दी गई राशि, समय और संदर्भ संख्या को अपने सामान्य लेनदेन रिकॉर्ड से मिलाया जा सकता है। किसी भुगतान, पहचान या खाते से जुड़ी कार्रवाई से पहले आधिकारिक ऐप या वेबसाइट पर स्वतंत्र रूप से स्थिति जांचना सुरक्षित तरीका है।",Hindi,Legitimate
"अपडेट: आपका पार्सल [REF_ID] डिलीवरी के लिए निकल चुका है। संदेश में दी गई राशि, समय और संदर्भ संख्या को अपने सामान्य लेनदेन रिकॉर्ड से मिलाया जा सकता है। किसी भुगतान, पहचान या खाते से जुड़ी कार्रवाई से पहले आधिकारिक ऐप या वेबसाइट पर स्वतंत्र रूप से स्थिति जांचना सुरक्षित तरीका है। यदि यह सूचना किसी खाते, ऑर्डर या सेवा अनुरोध से संबंधित है, तो संबंधित आधिकारिक चैनल में लॉगिन करके अनुरोध की वास्तविक स्थिति देखें। अलग से प्राप्त फोन नंबर, लिंक या भुगतान निर्देशों पर निर्भर रहने के बजाय आधिकारिक सहायता माध्यम का उपयोग करें।",Hindi,Legitimate
"आपका पैकेज स्थानीय डिलीवरी केंद्र पर पहुंच गया है। ग्राहक सेवा विवरण आपके खाते में उपलब्ध है. यदि यह सूचना किसी खाते, ऑर्डर या सेवा अनुरोध से संबंधित है, तो संबंधित आधिकारिक चैनल में लॉगिन करके अनुरोध की वास्तविक स्थिति देखें। अलग से प्राप्त फोन नंबर, लिंक या भुगतान निर्देशों पर निर्भर रहने के बजाय आधिकारिक सहायता माध्यम का उपयोग करें। यह संदेश किसी सेवा घटना, भुगतान, आवेदन या सुरक्षा स्थिति का संदर्भ दे सकता है। संवेदनशील विवरण साझा करने से पहले संबंधित संस्था के आधिकारिक पोर्टल, ऐप या ग्राहक सेवा से जानकारी सत्यापित करें और अनपेक्षित संपर्क को अलग से जांचें।",Hindi,Legitimate
"आपका ऑर्डर आज डिलीवर होने की उम्मीद है। यह संदेश किसी सेवा घटना, भुगतान, आवेदन या सुरक्षा स्थिति का संदर्भ दे सकता है। संवेदनशील विवरण साझा करने से पहले संबंधित संस्था के आधिकारिक पोर्टल, ऐप या ग्राहक सेवा से जानकारी सत्यापित करें और अनपेक्षित संपर्क को अलग से जांचें। यह सूचना सेवा स्थिति और अगले चरण के संदर्भ में विवरण देती है। यदि कोई कार्रवाई आवश्यक हो, तो अपने बैंक, सेवा प्रदाता या सरकारी खाते में सीधे लॉगिन करके वही जानकारी जांचें। अनजान संपर्क माध्यम से संवेदनशील जानकारी साझा न करें।",Hindi,Legitimate
"आपका शिपमेंट ट्रांजिट में है। आधिकारिक कूरियर ऐप से स्थिति देखें। यह सूचना सेवा स्थिति और अगले चरण के संदर्भ में विवरण देती है। यदि कोई कार्रवाई आवश्यक हो, तो अपने बैंक, सेवा प्रदाता या सरकारी खाते में सीधे लॉगिन करके वही जानकारी जांचें। अनजान संपर्क माध्यम से संवेदनशील जानकारी साझा न करें। संदेश में दी गई राशि, समय और संदर्भ संख्या को अपने सामान्य लेनदेन रिकॉर्ड से मिलाया जा सकता है। किसी भुगतान, पहचान या खाते से जुड़ी कार्रवाई से पहले आधिकारिक ऐप या वेबसाइट पर स्वतंत्र रूप से स्थिति जांचना सुरक्षित तरीका है।",Hindi,Legitimate
"आपका पार्सल सफलतापूर्वक डिलीवर हो गया है। https://service.example/receipt संदेश में दी गई राशि, समय और संदर्भ संख्या को अपने सामान्य लेनदेन रिकॉर्ड से मिलाया जा सकता है। किसी भुगतान, पहचान या खाते से जुड़ी कार्रवाई से पहले आधिकारिक ऐप या वेबसाइट पर स्वतंत्र रूप से स्थिति जांचना सुरक्षित तरीका है। यदि यह सूचना किसी खाते, ऑर्डर या सेवा अनुरोध से संबंधित है, तो संबंधित आधिकारिक चैनल में लॉगिन करके अनुरोध की वास्तविक स्थिति देखें। अलग से प्राप्त फोन नंबर, लिंक या भुगतान निर्देशों पर निर्भर रहने के बजाय आधिकारिक सहायता माध्यम का उपयोग करें।",Hindi,Legitimate
"आपके रिटर्न पैकेज का पिकअप पूरा हो गया है। https://track.example/order यदि यह सूचना किसी खाते, ऑर्डर या सेवा अनुरोध से संबंधित है, तो संबंधित आधिकारिक चैनल में लॉगिन करके अनुरोध की वास्तविक स्थिति देखें। अलग से प्राप्त फोन नंबर, लिंक या भुगतान निर्देशों पर निर्भर रहने के बजाय आधिकारिक सहायता माध्यम का उपयोग करें। यह संदेश किसी सेवा घटना, भुगतान, आवेदन या सुरक्षा स्थिति का संदर्भ दे सकता है। संवेदनशील विवरण साझा करने से पहले संबंधित संस्था के आधिकारिक पोर्टल, ऐप या ग्राहक सेवा से जानकारी सत्यापित करें और अनपेक्षित संपर्क को अलग से जांचें।",Hindi,Legitimate
"अपडेट: ऑर्डर पैक होकर डिस्पैच के लिए तैयार है। https://official.example/app यह संदेश किसी सेवा घटना, भुगतान, आवेदन या सुरक्षा स्थिति का संदर्भ दे सकता है। संवेदनशील विवरण साझा करने से पहले संबंधित संस्था के आधिकारिक पोर्टल, ऐप या ग्राहक सेवा से जानकारी सत्यापित करें और अनपेक्षित संपर्क को अलग से जांचें। यह सूचना सेवा स्थिति और अगले चरण के संदर्भ में विवरण देती है। यदि कोई कार्रवाई आवश्यक हो, तो अपने बैंक, सेवा प्रदाता या सरकारी खाते में सीधे लॉगिन करके वही जानकारी जांचें। अनजान संपर्क माध्यम से संवेदनशील जानकारी साझा न करें।",Hindi,Legitimate
"आपकी डिलीवरी स्थिति [REF_ID] के लिए अपडेट की गई है। यह सूचना सेवा स्थिति और अगले चरण के संदर्भ में विवरण देती है। यदि कोई कार्रवाई आवश्यक हो, तो अपने बैंक, सेवा प्रदाता या सरकारी खाते में सीधे लॉगिन करके वही जानकारी जांचें। अनजान संपर्क माध्यम से संवेदनशील जानकारी साझा न करें। संदेश में दी गई राशि, समय और संदर्भ संख्या को अपने सामान्य लेनदेन रिकॉर्ड से मिलाया जा सकता है। किसी भुगतान, पहचान या खाते से जुड़ी कार्रवाई से पहले आधिकारिक ऐप या वेबसाइट पर स्वतंत्र रूप से स्थिति जांचना सुरक्षित तरीका है।",Hindi,Legitimate
"आपके कूरियर पिकअप की पुष्टि हो गई है। धन्यवाद। संदेश में दी गई राशि, समय और संदर्भ संख्या को अपने सामान्य लेनदेन रिकॉर्ड से मिलाया जा सकता है। किसी भुगतान, पहचान या खाते से जुड़ी कार्रवाई से पहले आधिकारिक ऐप या वेबसाइट पर स्वतंत्र रूप से स्थिति जांचना सुरक्षित तरीका है। यदि यह सूचना किसी खाते, ऑर्डर या सेवा अनुरोध से संबंधित है, तो संबंधित आधिकारिक चैनल में लॉगिन करके अनुरोध की वास्तविक स्थिति देखें। अलग से प्राप्त फोन नंबर, लिंक या भुगतान निर्देशों पर निर्भर रहने के बजाय आधिकारिक सहायता माध्यम का उपयोग करें।",Hindi,Legitimate
"आपका रिटर्न पैकेज स्थानीय केंद्र को प्राप्त हो गया है। यदि यह सूचना किसी खाते, ऑर्डर या सेवा अनुरोध से संबंधित है, तो संबंधित आधिकारिक चैनल में लॉगिन करके अनुरोध की वास्तविक स्थिति देखें। अलग से प्राप्त फोन नंबर, लिंक या भुगतान निर्देशों पर निर्भर रहने के बजाय आधिकारिक सहायता माध्यम का उपयोग करें। यह संदेश किसी सेवा घटना, भुगतान, आवेदन या सुरक्षा स्थिति का संदर्भ दे सकता है। संवेदनशील विवरण साझा करने से पहले संबंधित संस्था के आधिकारिक पोर्टल, ऐप या ग्राहक सेवा से जानकारी सत्यापित करें और अनपेक्षित संपर्क को अलग से जांचें।",Hindi,Legitimate
"आपका पार्सल [REF_ID] डिलीवरी के लिए निकल चुका है। यह संदेश किसी सेवा घटना, भुगतान, आवेदन या सुरक्षा स्थिति का संदर्भ दे सकता है। संवेदनशील विवरण साझा करने से पहले संबंधित संस्था के आधिकारिक पोर्टल, ऐप या ग्राहक सेवा से जानकारी सत्यापित करें और अनपेक्षित संपर्क को अलग से जांचें। यह सूचना सेवा स्थिति और अगले चरण के संदर्भ में विवरण देती है। यदि कोई कार्रवाई आवश्यक हो, तो अपने बैंक, सेवा प्रदाता या सरकारी खाते में सीधे लॉगिन करके वही जानकारी जांचें। अनजान संपर्क माध्यम से संवेदनशील जानकारी साझा न करें।",Hindi,Legitimate
"आपके अनुरोध के लिए सूचना: आपका पैकेज स्थानीय डिलीवरी केंद्र पर पहुंच गया है। यह सूचना सेवा स्थिति और अगले चरण के संदर्भ में विवरण देती है। यदि कोई कार्रवाई आवश्यक हो, तो अपने बैंक, सेवा प्रदाता या सरकारी खाते में सीधे लॉगिन करके वही जानकारी जांचें। अनजान संपर्क माध्यम से संवेदनशील जानकारी साझा न करें। संदेश में दी गई राशि, समय और संदर्भ संख्या को अपने सामान्य लेनदेन रिकॉर्ड से मिलाया जा सकता है। किसी भुगतान, पहचान या खाते से जुड़ी कार्रवाई से पहले आधिकारिक ऐप या वेबसाइट पर स्वतंत्र रूप से स्थिति जांचना सुरक्षित तरीका है।",Hindi,Legitimate
"अपडेट: आपका ऑर्डर आज डिलीवर होने की उम्मीद है। संदेश में दी गई राशि, समय और संदर्भ संख्या को अपने सामान्य लेनदेन रिकॉर्ड से मिलाया जा सकता है। किसी भुगतान, पहचान या खाते से जुड़ी कार्रवाई से पहले आधिकारिक ऐप या वेबसाइट पर स्वतंत्र रूप से स्थिति जांचना सुरक्षित तरीका है। यदि यह सूचना किसी खाते, ऑर्डर या सेवा अनुरोध से संबंधित है, तो संबंधित आधिकारिक चैनल में लॉगिन करके अनुरोध की वास्तविक स्थिति देखें। अलग से प्राप्त फोन नंबर, लिंक या भुगतान निर्देशों पर निर्भर रहने के बजाय आधिकारिक सहायता माध्यम का उपयोग करें।",Hindi,Legitimate
आपका शिपमेंट ट्रांजिट में है। आधिकारिक कूरियर ऐप से स्थिति देखें। सेवा स्थिति आपके आधिकारिक खाते में भी दिखाई दे सकती है.,Hindi,Legitimate
"Aapka पार्सल सफलतापूर्वक डिलीवर हो गया है। https://official.example/app यह संदेश किसी सेवा घटना, भुगतान, आवेदन या सुरक्षा स्थिति का संदर्भ दे सकता है। संवेदनशील विवरण साझा करने से पहले संबंधित संस्था के आधिकारिक पोर्टल, ऐप या ग्राहक सेवा से जानकारी सत्यापित करें और अनपेक्षित संपर्क को अलग से जांचें। यह सूचना सेवा स्थिति और अगले चरण के संदर्भ में विवरण देती है। यदि कोई कार्रवाई आवश्यक हो, तो अपने बैंक, सेवा प्रदाता या सरकारी खाते में सीधे लॉगिन करके वही जानकारी जांचें। अनजान संपर्क माध्यम से संवेदनशील जानकारी साझा न करें।",Hindi,Legitimate
"आपके रिटर्न पैकेज का पिकअप पूरा हो गया है। https://portal.example/status यह सूचना सेवा स्थिति और अगले चरण के संदर्भ में विवरण देती है। यदि कोई कार्रवाई आवश्यक हो, तो अपने बैंक, सेवा प्रदाता या सरकारी खाते में सीधे लॉगिन करके वही जानकारी जांचें। अनजान संपर्क माध्यम से संवेदनशील जानकारी साझा न करें। संदेश में दी गई राशि, समय और संदर्भ संख्या को अपने सामान्य लेनदेन रिकॉर्ड से मिलाया जा सकता है। किसी भुगतान, पहचान या खाते से जुड़ी कार्रवाई से पहले आधिकारिक ऐप या वेबसाइट पर स्वतंत्र रूप से स्थिति जांचना सुरक्षित तरीका है।",Hindi,Legitimate
"ऑर्डर पैक होकर डिस्पैच के लिए तैयार है। धन्यवाद। https://service.example/receipt संदेश में दी गई राशि, समय और संदर्भ संख्या को अपने सामान्य लेनदेन रिकॉर्ड से मिलाया जा सकता है। किसी भुगतान, पहचान या खाते से जुड़ी कार्रवाई से पहले आधिकारिक ऐप या वेबसाइट पर स्वतंत्र रूप से स्थिति जांचना सुरक्षित तरीका है। यदि यह सूचना किसी खाते, ऑर्डर या सेवा अनुरोध से संबंधित है, तो संबंधित आधिकारिक चैनल में लॉगिन करके अनुरोध की वास्तविक स्थिति देखें। अलग से प्राप्त फोन नंबर, लिंक या भुगतान निर्देशों पर निर्भर रहने के बजाय आधिकारिक सहायता माध्यम का उपयोग करें।",Hindi,Legitimate
"आपकी डिलीवरी स्थिति [REF_ID] के लिए अपडेट की गई है। ग्राहक सेवा विवरण आपके खाते में उपलब्ध है. यदि यह सूचना किसी खाते, ऑर्डर या सेवा अनुरोध से संबंधित है, तो संबंधित आधिकारिक चैनल में लॉगिन करके अनुरोध की वास्तविक स्थिति देखें। अलग से प्राप्त फोन नंबर, लिंक या भुगतान निर्देशों पर निर्भर रहने के बजाय आधिकारिक सहायता माध्यम का उपयोग करें। यह संदेश किसी सेवा घटना, भुगतान, आवेदन या सुरक्षा स्थिति का संदर्भ दे सकता है। संवेदनशील विवरण साझा करने से पहले संबंधित संस्था के आधिकारिक पोर्टल, ऐप या ग्राहक सेवा से जानकारी सत्यापित करें और अनपेक्षित संपर्क को अलग से जांचें।",Hindi,Legitimate
"अपडेट: आपके कूरियर पिकअप की पुष्टि हो गई है। यह संदेश किसी सेवा घटना, भुगतान, आवेदन या सुरक्षा स्थिति का संदर्भ दे सकता है। संवेदनशील विवरण साझा करने से पहले संबंधित संस्था के आधिकारिक पोर्टल, ऐप या ग्राहक सेवा से जानकारी सत्यापित करें और अनपेक्षित संपर्क को अलग से जांचें। यह सूचना सेवा स्थिति और अगले चरण के संदर्भ में विवरण देती है। यदि कोई कार्रवाई आवश्यक हो, तो अपने बैंक, सेवा प्रदाता या सरकारी खाते में सीधे लॉगिन करके वही जानकारी जांचें। अनजान संपर्क माध्यम से संवेदनशील जानकारी साझा न करें।",Hindi,Legitimate
"आपका रिटर्न पैकेज स्थानीय केंद्र को प्राप्त हो गया है। सूचना क्रमांक HIN-01. यह सूचना सेवा स्थिति और अगले चरण के संदर्भ में विवरण देती है। यदि कोई कार्रवाई आवश्यक हो, तो अपने बैंक, सेवा प्रदाता या सरकारी खाते में सीधे लॉगिन करके वही जानकारी जांचें। अनजान संपर्क माध्यम से संवेदनशील जानकारी साझा न करें। संदेश में दी गई राशि, समय और संदर्भ संख्या को अपने सामान्य लेनदेन रिकॉर्ड से मिलाया जा सकता है। किसी भुगतान, पहचान या खाते से जुड़ी कार्रवाई से पहले आधिकारिक ऐप या वेबसाइट पर स्वतंत्र रूप से स्थिति जांचना सुरक्षित तरीका है।",Hindi,Legitimate
"आपका पार्सल [REF_ID] डिलीवरी के लिए निकल चुका है। यह सूचना आपके अनुरोध के संदर्भ में है. संदेश में दी गई राशि, समय और संदर्भ संख्या को अपने सामान्य लेनदेन रिकॉर्ड से मिलाया जा सकता है। किसी भुगतान, पहचान या खाते से जुड़ी कार्रवाई से पहले आधिकारिक ऐप या वेबसाइट पर स्वतंत्र रूप से स्थिति जांचना सुरक्षित तरीका है। यदि यह सूचना किसी खाते, ऑर्डर या सेवा अनुरोध से संबंधित है, तो संबंधित आधिकारिक चैनल में लॉगिन करके अनुरोध की वास्तविक स्थिति देखें। अलग से प्राप्त फोन नंबर, लिंक या भुगतान निर्देशों पर निर्भर रहने के बजाय आधिकारिक सहायता माध्यम का उपयोग करें।",Hindi,Legitimate
आपका पैकेज स्थानीय डिलीवरी केंद्र पर पहुंच गया है। सेवा स्थिति आपके आधिकारिक खाते में भी दिखाई दे सकती है.,Hindi,Legitimate
"आपके अनुरोध के लिए सूचना: आपका ऑर्डर आज डिलीवर होने की उम्मीद है। यह संदेश किसी सेवा घटना, भुगतान, आवेदन या सुरक्षा स्थिति का संदर्भ दे सकता है। संवेदनशील विवरण साझा करने से पहले संबंधित संस्था के आधिकारिक पोर्टल, ऐप या ग्राहक सेवा से जानकारी सत्यापित करें और अनपेक्षित संपर्क को अलग से जांचें। यह सूचना सेवा स्थिति और अगले चरण के संदर्भ में विवरण देती है। यदि कोई कार्रवाई आवश्यक हो, तो अपने बैंक, सेवा प्रदाता या सरकारी खाते में सीधे लॉगिन करके वही जानकारी जांचें। अनजान संपर्क माध्यम से संवेदनशील जानकारी साझा न करें।",Hindi,Legitimate
"अपडेट: आपके आवेदन [REF_ID] को भर्ती टीम ने प्राप्त कर लिया है। यह सूचना सेवा स्थिति और अगले चरण के संदर्भ में विवरण देती है। यदि कोई कार्रवाई आवश्यक हो, तो अपने बैंक, सेवा प्रदाता या सरकारी खाते में सीधे लॉगिन करके वही जानकारी जांचें। अनजान संपर्क माध्यम से संवेदनशील जानकारी साझा न करें। संदेश में दी गई राशि, समय और संदर्भ संख्या को अपने सामान्य लेनदेन रिकॉर्ड से मिलाया जा सकता है। किसी भुगतान, पहचान या खाते से जुड़ी कार्रवाई से पहले आधिकारिक ऐप या वेबसाइट पर स्वतंत्र रूप से स्थिति जांचना सुरक्षित तरीका है।",Hindi,Legitimate
"इंटरव्यू के लिए आपका स्लॉट [DATE] को [TIME] पर निर्धारित है। https://service.example/receipt संदेश में दी गई राशि, समय और संदर्भ संख्या को अपने सामान्य लेनदेन रिकॉर्ड से मिलाया जा सकता है। किसी भुगतान, पहचान या खाते से जुड़ी कार्रवाई से पहले आधिकारिक ऐप या वेबसाइट पर स्वतंत्र रूप से स्थिति जांचना सुरक्षित तरीका है। यदि यह सूचना किसी खाते, ऑर्डर या सेवा अनुरोध से संबंधित है, तो संबंधित आधिकारिक चैनल में लॉगिन करके अनुरोध की वास्तविक स्थिति देखें। अलग से प्राप्त फोन नंबर, लिंक या भुगतान निर्देशों पर निर्भर रहने के बजाय आधिकारिक सहायता माध्यम का उपयोग करें।",Hindi,Legitimate
"आपकी प्रोफाइल को अगले भर्ती चरण के लिए भेजा गया है। https://track.example/order यदि यह सूचना किसी खाते, ऑर्डर या सेवा अनुरोध से संबंधित है, तो संबंधित आधिकारिक चैनल में लॉगिन करके अनुरोध की वास्तविक स्थिति देखें। अलग से प्राप्त फोन नंबर, लिंक या भुगतान निर्देशों पर निर्भर रहने के बजाय आधिकारिक सहायता माध्यम का उपयोग करें। यह संदेश किसी सेवा घटना, भुगतान, आवेदन या सुरक्षा स्थिति का संदर्भ दे सकता है। संवेदनशील विवरण साझा करने से पहले संबंधित संस्था के आधिकारिक पोर्टल, ऐप या ग्राहक सेवा से जानकारी सत्यापित करें और अनपेक्षित संपर्क को अलग से जांचें।",Hindi,Legitimate
"आपके आवेदन की स्थिति कंपनी के भर्ती पोर्टल पर अपडेट हुई है। https://official.example/app यह संदेश किसी सेवा घटना, भुगतान, आवेदन या सुरक्षा स्थिति का संदर्भ दे सकता है। संवेदनशील विवरण साझा करने से पहले संबंधित संस्था के आधिकारिक पोर्टल, ऐप या ग्राहक सेवा से जानकारी सत्यापित करें और अनपेक्षित संपर्क को अलग से जांचें। यह सूचना सेवा स्थिति और अगले चरण के संदर्भ में विवरण देती है। यदि कोई कार्रवाई आवश्यक हो, तो अपने बैंक, सेवा प्रदाता या सरकारी खाते में सीधे लॉगिन करके वही जानकारी जांचें। अनजान संपर्क माध्यम से संवेदनशील जानकारी साझा न करें।",Hindi,Legitimate
"आपका ऑनलाइन टेस्ट [DATE] तक पूरा किया जाना है। यह सूचना सेवा स्थिति और अगले चरण के संदर्भ में विवरण देती है। यदि कोई कार्रवाई आवश्यक हो, तो अपने बैंक, सेवा प्रदाता या सरकारी खाते में सीधे लॉगिन करके वही जानकारी जांचें। अनजान संपर्क माध्यम से संवेदनशील जानकारी साझा न करें। संदेश में दी गई राशि, समय और संदर्भ संख्या को अपने सामान्य लेनदेन रिकॉर्ड से मिलाया जा सकता है। किसी भुगतान, पहचान या खाते से जुड़ी कार्रवाई से पहले आधिकारिक ऐप या वेबसाइट पर स्वतंत्र रूप से स्थिति जांचना सुरक्षित तरीका है।",Hindi,Legitimate
"भर्ती टीम ने आपके रिज्यूमे की समीक्षा दर्ज की है। संदेश में दी गई राशि, समय और संदर्भ संख्या को अपने सामान्य लेनदेन रिकॉर्ड से मिलाया जा सकता है। किसी भुगतान, पहचान या खाते से जुड़ी कार्रवाई से पहले आधिकारिक ऐप या वेबसाइट पर स्वतंत्र रूप से स्थिति जांचना सुरक्षित तरीका है। यदि यह सूचना किसी खाते, ऑर्डर या सेवा अनुरोध से संबंधित है, तो संबंधित आधिकारिक चैनल में लॉगिन करके अनुरोध की वास्तविक स्थिति देखें। अलग से प्राप्त फोन नंबर, लिंक या भुगतान निर्देशों पर निर्भर रहने के बजाय आधिकारिक सहायता माध्यम का उपयोग करें।",Hindi,Legitimate
"अपडेट: आपका इंटरव्यू आमंत्रण आधिकारिक भर्ती पोर्टल में उपलब्ध है। यदि यह सूचना किसी खाते, ऑर्डर या सेवा अनुरोध से संबंधित है, तो संबंधित आधिकारिक चैनल में लॉगिन करके अनुरोध की वास्तविक स्थिति देखें। अलग से प्राप्त फोन नंबर, लिंक या भुगतान निर्देशों पर निर्भर रहने के बजाय आधिकारिक सहायता माध्यम का उपयोग करें। यह संदेश किसी सेवा घटना, भुगतान, आवेदन या सुरक्षा स्थिति का संदर्भ दे सकता है। संवेदनशील विवरण साझा करने से पहले संबंधित संस्था के आधिकारिक पोर्टल, ऐप या ग्राहक सेवा से जानकारी सत्यापित करें और अनपेक्षित संपर्क को अलग से जांचें।",Hindi,Legitimate
"आपके आवेदन के लिए दस्तावेज जमा करने की रसीद उपलब्ध है। यह संदेश किसी सेवा घटना, भुगतान, आवेदन या सुरक्षा स्थिति का संदर्भ दे सकता है। संवेदनशील विवरण साझा करने से पहले संबंधित संस्था के आधिकारिक पोर्टल, ऐप या ग्राहक सेवा से जानकारी सत्यापित करें और अनपेक्षित संपर्क को अलग से जांचें। यह सूचना सेवा स्थिति और अगले चरण के संदर्भ में विवरण देती है। यदि कोई कार्रवाई आवश्यक हो, तो अपने बैंक, सेवा प्रदाता या सरकारी खाते में सीधे लॉगिन करके वही जानकारी जांचें। अनजान संपर्क माध्यम से संवेदनशील जानकारी साझा न करें।",Hindi,Legitimate
"आपकी जॉब एप्लीकेशन ID [APPLICATION_ID] सफलतापूर्वक बनाई गई है। धन्यवाद। यह सूचना सेवा स्थिति और अगले चरण के संदर्भ में विवरण देती है। यदि कोई कार्रवाई आवश्यक हो, तो अपने बैंक, सेवा प्रदाता या सरकारी खाते में सीधे लॉगिन करके वही जानकारी जांचें। अनजान संपर्क माध्यम से संवेदनशील जानकारी साझा न करें। संदेश में दी गई राशि, समय और संदर्भ संख्या को अपने सामान्य लेनदेन रिकॉर्ड से मिलाया जा सकता है। किसी भुगतान, पहचान या खाते से जुड़ी कार्रवाई से पहले आधिकारिक ऐप या वेबसाइट पर स्वतंत्र रूप से स्थिति जांचना सुरक्षित तरीका है।",Hindi,Legitimate
"आपकी भर्ती प्रक्रिया के अगले चरण की सूचना ईमेल पर भेजी गई है। संदेश में दी गई राशि, समय और संदर्भ संख्या को अपने सामान्य लेनदेन रिकॉर्ड से मिलाया जा सकता है। किसी भुगतान, पहचान या खाते से जुड़ी कार्रवाई से पहले आधिकारिक ऐप या वेबसाइट पर स्वतंत्र रूप से स्थिति जांचना सुरक्षित तरीका है। यदि यह सूचना किसी खाते, ऑर्डर या सेवा अनुरोध से संबंधित है, तो संबंधित आधिकारिक चैनल में लॉगिन करके अनुरोध की वास्तविक स्थिति देखें। अलग से प्राप्त फोन नंबर, लिंक या भुगतान निर्देशों पर निर्भर रहने के बजाय आधिकारिक सहायता माध्यम का उपयोग करें।",Hindi,Legitimate
"आपके आवेदन [REF_ID] को भर्ती टीम ने प्राप्त कर लिया है। यदि यह सूचना किसी खाते, ऑर्डर या सेवा अनुरोध से संबंधित है, तो संबंधित आधिकारिक चैनल में लॉगिन करके अनुरोध की वास्तविक स्थिति देखें। अलग से प्राप्त फोन नंबर, लिंक या भुगतान निर्देशों पर निर्भर रहने के बजाय आधिकारिक सहायता माध्यम का उपयोग करें। यह संदेश किसी सेवा घटना, भुगतान, आवेदन या सुरक्षा स्थिति का संदर्भ दे सकता है। संवेदनशील विवरण साझा करने से पहले संबंधित संस्था के आधिकारिक पोर्टल, ऐप या ग्राहक सेवा से जानकारी सत्यापित करें और अनपेक्षित संपर्क को अलग से जांचें।",Hindi,Legitimate
"आपके अनुरोध के लिए सूचना: इंटरव्यू के लिए आपका स्लॉट [DATE] को [TIME] पर निर्धारित है। https://official.example/app यह संदेश किसी सेवा घटना, भुगतान, आवेदन या सुरक्षा स्थिति का संदर्भ दे सकता है। संवेदनशील विवरण साझा करने से पहले संबंधित संस्था के आधिकारिक पोर्टल, ऐप या ग्राहक सेवा से जानकारी सत्यापित करें और अनपेक्षित संपर्क को अलग से जांचें। यह सूचना सेवा स्थिति और अगले चरण के संदर्भ में विवरण देती है। यदि कोई कार्रवाई आवश्यक हो, तो अपने बैंक, सेवा प्रदाता या सरकारी खाते में सीधे लॉगिन करके वही जानकारी जांचें। अनजान संपर्क माध्यम से संवेदनशील जानकारी साझा न करें।",Hindi,Legitimate
"अपडेट: आपकी प्रोफाइल को अगले भर्ती चरण के लिए भेजा गया है। https://portal.example/status यह सूचना सेवा स्थिति और अगले चरण के संदर्भ में विवरण देती है। यदि कोई कार्रवाई आवश्यक हो, तो अपने बैंक, सेवा प्रदाता या सरकारी खाते में सीधे लॉगिन करके वही जानकारी जांचें। अनजान संपर्क माध्यम से संवेदनशील जानकारी साझा न करें। संदेश में दी गई राशि, समय और संदर्भ संख्या को अपने सामान्य लेनदेन रिकॉर्ड से मिलाया जा सकता है। किसी भुगतान, पहचान या खाते से जुड़ी कार्रवाई से पहले आधिकारिक ऐप या वेबसाइट पर स्वतंत्र रूप से स्थिति जांचना सुरक्षित तरीका है।",Hindi,Legitimate
"आपके आवेदन की स्थिति कंपनी के भर्ती पोर्टल पर अपडेट हुई है। https://service.example/receipt संदेश में दी गई राशि, समय और संदर्भ संख्या को अपने सामान्य लेनदेन रिकॉर्ड से मिलाया जा सकता है। किसी भुगतान, पहचान या खाते से जुड़ी कार्रवाई से पहले आधिकारिक ऐप या वेबसाइट पर स्वतंत्र रूप से स्थिति जांचना सुरक्षित तरीका है। यदि यह सूचना किसी खाते, ऑर्डर या सेवा अनुरोध से संबंधित है, तो संबंधित आधिकारिक चैनल में लॉगिन करके अनुरोध की वास्तविक स्थिति देखें। अलग से प्राप्त फोन नंबर, लिंक या भुगतान निर्देशों पर निर्भर रहने के बजाय आधिकारिक सहायता माध्यम का उपयोग करें।",Hindi,Legitimate
आपका ऑनलाइन टेस्ट [DATE] तक पूरा किया जाना है। सेवा स्थिति आपके आधिकारिक खाते में भी दिखाई दे सकती है.,Hindi,Legitimate
"भर्ती टीम ने आपके रिज्यूमे की समीक्षा दर्ज की है। कृपया संदर्भ संख्या सुरक्षित रखें. यह संदेश किसी सेवा घटना, भुगतान, आवेदन या सुरक्षा स्थिति का संदर्भ दे सकता है। संवेदनशील विवरण साझा करने से पहले संबंधित संस्था के आधिकारिक पोर्टल, ऐप या ग्राहक सेवा से जानकारी सत्यापित करें और अनपेक्षित संपर्क को अलग से जांचें। यह सूचना सेवा स्थिति और अगले चरण के संदर्भ में विवरण देती है। यदि कोई कार्रवाई आवश्यक हो, तो अपने बैंक, सेवा प्रदाता या सरकारी खाते में सीधे लॉगिन करके वही जानकारी जांचें। अनजान संपर्क माध्यम से संवेदनशील जानकारी साझा न करें।",Hindi,Legitimate
"आपका इंटरव्यू आमंत्रण आधिकारिक भर्ती पोर्टल में उपलब्ध है। धन्यवाद। यह सूचना सेवा स्थिति और अगले चरण के संदर्भ में विवरण देती है। यदि कोई कार्रवाई आवश्यक हो, तो अपने बैंक, सेवा प्रदाता या सरकारी खाते में सीधे लॉगिन करके वही जानकारी जांचें। अनजान संपर्क माध्यम से संवेदनशील जानकारी साझा न करें। संदेश में दी गई राशि, समय और संदर्भ संख्या को अपने सामान्य लेनदेन रिकॉर्ड से मिलाया जा सकता है। किसी भुगतान, पहचान या खाते से जुड़ी कार्रवाई से पहले आधिकारिक ऐप या वेबसाइट पर स्वतंत्र रूप से स्थिति जांचना सुरक्षित तरीका है।",Hindi,Legitimate
आपके आवेदन के लिए दस्तावेज जमा करने की रसीद उपलब्ध है। अनुरोध की स्थिति जांचने के लिए आधिकारिक चैनल का उपयोग करें.,Hindi,Legitimate
"अपडेट: आपकी जॉब एप्लीकेशन ID [APPLICATION_ID] सफलतापूर्वक बनाई गई है। यदि यह सूचना किसी खाते, ऑर्डर या सेवा अनुरोध से संबंधित है, तो संबंधित आधिकारिक चैनल में लॉगिन करके अनुरोध की वास्तविक स्थिति देखें। अलग से प्राप्त फोन नंबर, लिंक या भुगतान निर्देशों पर निर्भर रहने के बजाय आधिकारिक सहायता माध्यम का उपयोग करें। यह संदेश किसी सेवा घटना, भुगतान, आवेदन या सुरक्षा स्थिति का संदर्भ दे सकता है। संवेदनशील विवरण साझा करने से पहले संबंधित संस्था के आधिकारिक पोर्टल, ऐप या ग्राहक सेवा से जानकारी सत्यापित करें और अनपेक्षित संपर्क को अलग से जांचें।",Hindi,Legitimate
आपकी भर्ती प्रक्रिया के अगले चरण की सूचना ईमेल पर भेजी गई है। इस सूचना को रिकॉर्ड के लिए सुरक्षित रख सकते हैं.,Hindi,Legitimate
"आपके आवेदन [REF_ID] को भर्ती टीम ने प्राप्त कर लिया है। सूचना क्रमांक HIN-01. यह सूचना सेवा स्थिति और अगले चरण के संदर्भ में विवरण देती है। यदि कोई कार्रवाई आवश्यक हो, तो अपने बैंक, सेवा प्रदाता या सरकारी खाते में सीधे लॉगिन करके वही जानकारी जांचें। अनजान संपर्क माध्यम से संवेदनशील जानकारी साझा न करें। संदेश में दी गई राशि, समय और संदर्भ संख्या को अपने सामान्य लेनदेन रिकॉर्ड से मिलाया जा सकता है। किसी भुगतान, पहचान या खाते से जुड़ी कार्रवाई से पहले आधिकारिक ऐप या वेबसाइट पर स्वतंत्र रूप से स्थिति जांचना सुरक्षित तरीका है।",Hindi,Legitimate
इंटरव्यू के लिए आपका स्लॉट [DATE] को [TIME] पर निर्धारित है। https://service.example/receipt यह सूचना आपके अनुरोध के संदर्भ में है.,Hindi,Legitimate
"आपके अनुरोध के लिए सूचना: आपकी प्रोफाइल को अगले भर्ती चरण के लिए भेजा गया है। https://track.example/order यदि यह सूचना किसी खाते, ऑर्डर या सेवा अनुरोध से संबंधित है, तो संबंधित आधिकारिक चैनल में लॉगिन करके अनुरोध की वास्तविक स्थिति देखें। अलग से प्राप्त फोन नंबर, लिंक या भुगतान निर्देशों पर निर्भर रहने के बजाय आधिकारिक सहायता माध्यम का उपयोग करें। यह संदेश किसी सेवा घटना, भुगतान, आवेदन या सुरक्षा स्थिति का संदर्भ दे सकता है। संवेदनशील विवरण साझा करने से पहले संबंधित संस्था के आधिकारिक पोर्टल, ऐप या ग्राहक सेवा से जानकारी सत्यापित करें और अनपेक्षित संपर्क को अलग से जांचें।",Hindi,Legitimate
"अपडेट: आपका लोन आवेदन [APPLICATION_ID] प्राप्त हो गया है। https://official.example/app यह संदेश किसी सेवा घटना, भुगतान, आवेदन या सुरक्षा स्थिति का संदर्भ दे सकता है। संवेदनशील विवरण साझा करने से पहले संबंधित संस्था के आधिकारिक पोर्टल, ऐप या ग्राहक सेवा से जानकारी सत्यापित करें और अनपेक्षित संपर्क को अलग से जांचें। यह सूचना सेवा स्थिति और अगले चरण के संदर्भ में विवरण देती है। यदि कोई कार्रवाई आवश्यक हो, तो अपने बैंक, सेवा प्रदाता या सरकारी खाते में सीधे लॉगिन करके वही जानकारी जांचें। अनजान संपर्क माध्यम से संवेदनशील जानकारी साझा न करें।",Hindi,Legitimate
"आपके ऋण आवेदन की स्थिति आधिकारिक खाते में अपडेट हुई है। यह सूचना सेवा स्थिति और अगले चरण के संदर्भ में विवरण देती है। यदि कोई कार्रवाई आवश्यक हो, तो अपने बैंक, सेवा प्रदाता या सरकारी खाते में सीधे लॉगिन करके वही जानकारी जांचें। अनजान संपर्क माध्यम से संवेदनशील जानकारी साझा न करें। संदेश में दी गई राशि, समय और संदर्भ संख्या को अपने सामान्य लेनदेन रिकॉर्ड से मिलाया जा सकता है। किसी भुगतान, पहचान या खाते से जुड़ी कार्रवाई से पहले आधिकारिक ऐप या वेबसाइट पर स्वतंत्र रूप से स्थिति जांचना सुरक्षित तरीका है।",Hindi,Legitimate
"आपके वित्तीय सेवा अनुरोध की समीक्षा शुरू हो गई है। संदेश में दी गई राशि, समय और संदर्भ संख्या को अपने सामान्य लेनदेन रिकॉर्ड से मिलाया जा सकता है। किसी भुगतान, पहचान या खाते से जुड़ी कार्रवाई से पहले आधिकारिक ऐप या वेबसाइट पर स्वतंत्र रूप से स्थिति जांचना सुरक्षित तरीका है। यदि यह सूचना किसी खाते, ऑर्डर या सेवा अनुरोध से संबंधित है, तो संबंधित आधिकारिक चैनल में लॉगिन करके अनुरोध की वास्तविक स्थिति देखें। अलग से प्राप्त फोन नंबर, लिंक या भुगतान निर्देशों पर निर्भर रहने के बजाय आधिकारिक सहायता माध्यम का उपयोग करें।",Hindi,Legitimate
"आपके लोन आवेदन के लिए दस्तावेज प्राप्त हो गए हैं। यदि यह सूचना किसी खाते, ऑर्डर या सेवा अनुरोध से संबंधित है, तो संबंधित आधिकारिक चैनल में लॉगिन करके अनुरोध की वास्तविक स्थिति देखें। अलग से प्राप्त फोन नंबर, लिंक या भुगतान निर्देशों पर निर्भर रहने के बजाय आधिकारिक सहायता माध्यम का उपयोग करें। यह संदेश किसी सेवा घटना, भुगतान, आवेदन या सुरक्षा स्थिति का संदर्भ दे सकता है। संवेदनशील विवरण साझा करने से पहले संबंधित संस्था के आधिकारिक पोर्टल, ऐप या ग्राहक सेवा से जानकारी सत्यापित करें और अनपेक्षित संपर्क को अलग से जांचें।",Hindi,Legitimate
"आपकी EMI राशि ₹7,500 की भुगतान रसीद उपलब्ध है। यह संदेश किसी सेवा घटना, भुगतान, आवेदन या सुरक्षा स्थिति का संदर्भ दे सकता है। संवेदनशील विवरण साझा करने से पहले संबंधित संस्था के आधिकारिक पोर्टल, ऐप या ग्राहक सेवा से जानकारी सत्यापित करें और अनपेक्षित संपर्क को अलग से जांचें। यह सूचना सेवा स्थिति और अगले चरण के संदर्भ में विवरण देती है। यदि कोई कार्रवाई आवश्यक हो, तो अपने बैंक, सेवा प्रदाता या सरकारी खाते में सीधे लॉगिन करके वही जानकारी जांचें। अनजान संपर्क माध्यम से संवेदनशील जानकारी साझा न करें।",Hindi,Legitimate
"आपके ऋण खाते में ₹3,499 का भुगतान सफल रहा। यह सूचना सेवा स्थिति और अगले चरण के संदर्भ में विवरण देती है। यदि कोई कार्रवाई आवश्यक हो, तो अपने बैंक, सेवा प्रदाता या सरकारी खाते में सीधे लॉगिन करके वही जानकारी जांचें। अनजान संपर्क माध्यम से संवेदनशील जानकारी साझा न करें। संदेश में दी गई राशि, समय और संदर्भ संख्या को अपने सामान्य लेनदेन रिकॉर्ड से मिलाया जा सकता है। किसी भुगतान, पहचान या खाते से जुड़ी कार्रवाई से पहले आधिकारिक ऐप या वेबसाइट पर स्वतंत्र रूप से स्थिति जांचना सुरक्षित तरीका है।",Hindi,Legitimate
"अपडेट: आपका वित्तीय सेवा टिकट [REF_ID] दर्ज हो गया है। संदेश में दी गई राशि, समय और संदर्भ संख्या को अपने सामान्य लेनदेन रिकॉर्ड से मिलाया जा सकता है। किसी भुगतान, पहचान या खाते से जुड़ी कार्रवाई से पहले आधिकारिक ऐप या वेबसाइट पर स्वतंत्र रूप से स्थिति जांचना सुरक्षित तरीका है। यदि यह सूचना किसी खाते, ऑर्डर या सेवा अनुरोध से संबंधित है, तो संबंधित आधिकारिक चैनल में लॉगिन करके अनुरोध की वास्तविक स्थिति देखें। अलग से प्राप्त फोन नंबर, लिंक या भुगतान निर्देशों पर निर्भर रहने के बजाय आधिकारिक सहायता माध्यम का उपयोग करें।",Hindi,Legitimate
आपकी क्रेडिट रिपोर्ट अनुरोध प्रक्रिया में है।,Hindi,Legitimate
"आपके लोन खाते का स्टेटमेंट आधिकारिक पोर्टल पर उपलब्ध है। धन्यवाद। https://official.example/app यह संदेश किसी सेवा घटना, भुगतान, आवेदन या सुरक्षा स्थिति का संदर्भ दे सकता है। संवेदनशील विवरण साझा करने से पहले संबंधित संस्था के आधिकारिक पोर्टल, ऐप या ग्राहक सेवा से जानकारी सत्यापित करें और अनपेक्षित संपर्क को अलग से जांचें। यह सूचना सेवा स्थिति और अगले चरण के संदर्भ में विवरण देती है। यदि कोई कार्रवाई आवश्यक हो, तो अपने बैंक, सेवा प्रदाता या सरकारी खाते में सीधे लॉगिन करके वही जानकारी जांचें। अनजान संपर्क माध्यम से संवेदनशील जानकारी साझा न करें।",Hindi,Legitimate
"आपका भुगतान शेड्यूल सफलतापूर्वक अपडेट हो गया है। https://portal.example/status यह सूचना सेवा स्थिति और अगले चरण के संदर्भ में विवरण देती है। यदि कोई कार्रवाई आवश्यक हो, तो अपने बैंक, सेवा प्रदाता या सरकारी खाते में सीधे लॉगिन करके वही जानकारी जांचें। अनजान संपर्क माध्यम से संवेदनशील जानकारी साझा न करें। संदेश में दी गई राशि, समय और संदर्भ संख्या को अपने सामान्य लेनदेन रिकॉर्ड से मिलाया जा सकता है। किसी भुगतान, पहचान या खाते से जुड़ी कार्रवाई से पहले आधिकारिक ऐप या वेबसाइट पर स्वतंत्र रूप से स्थिति जांचना सुरक्षित तरीका है।",Hindi,Legitimate
"आपका लोन आवेदन [APPLICATION_ID] प्राप्त हो गया है। https://service.example/receipt संदेश में दी गई राशि, समय और संदर्भ संख्या को अपने सामान्य लेनदेन रिकॉर्ड से मिलाया जा सकता है। किसी भुगतान, पहचान या खाते से जुड़ी कार्रवाई से पहले आधिकारिक ऐप या वेबसाइट पर स्वतंत्र रूप से स्थिति जांचना सुरक्षित तरीका है। यदि यह सूचना किसी खाते, ऑर्डर या सेवा अनुरोध से संबंधित है, तो संबंधित आधिकारिक चैनल में लॉगिन करके अनुरोध की वास्तविक स्थिति देखें। अलग से प्राप्त फोन नंबर, लिंक या भुगतान निर्देशों पर निर्भर रहने के बजाय आधिकारिक सहायता माध्यम का उपयोग करें।",Hindi,Legitimate
"आपके अनुरोध के लिए सूचना: आपके ऋण आवेदन की स्थिति आधिकारिक खाते में अपडेट हुई है। यदि यह सूचना किसी खाते, ऑर्डर या सेवा अनुरोध से संबंधित है, तो संबंधित आधिकारिक चैनल में लॉगिन करके अनुरोध की वास्तविक स्थिति देखें। अलग से प्राप्त फोन नंबर, लिंक या भुगतान निर्देशों पर निर्भर रहने के बजाय आधिकारिक सहायता माध्यम का उपयोग करें। यह संदेश किसी सेवा घटना, भुगतान, आवेदन या सुरक्षा स्थिति का संदर्भ दे सकता है। संवेदनशील विवरण साझा करने से पहले संबंधित संस्था के आधिकारिक पोर्टल, ऐप या ग्राहक सेवा से जानकारी सत्यापित करें और अनपेक्षित संपर्क को अलग से जांचें।",Hindi,Legitimate
"अपडेट: आपके वित्तीय सेवा अनुरोध की समीक्षा शुरू हो गई है। यह संदेश किसी सेवा घटना, भुगतान, आवेदन या सुरक्षा स्थिति का संदर्भ दे सकता है। संवेदनशील विवरण साझा करने से पहले संबंधित संस्था के आधिकारिक पोर्टल, ऐप या ग्राहक सेवा से जानकारी सत्यापित करें और अनपेक्षित संपर्क को अलग से जांचें। यह सूचना सेवा स्थिति और अगले चरण के संदर्भ में विवरण देती है। यदि कोई कार्रवाई आवश्यक हो, तो अपने बैंक, सेवा प्रदाता या सरकारी खाते में सीधे लॉगिन करके वही जानकारी जांचें। अनजान संपर्क माध्यम से संवेदनशील जानकारी साझा न करें।",Hindi,Legitimate
"आपके लोन आवेदन के लिए दस्तावेज प्राप्त हो गए हैं। सूचना क्रमांक HIN-01. यह सूचना सेवा स्थिति और अगले चरण के संदर्भ में विवरण देती है। यदि कोई कार्रवाई आवश्यक हो, तो अपने बैंक, सेवा प्रदाता या सरकारी खाते में सीधे लॉगिन करके वही जानकारी जांचें। अनजान संपर्क माध्यम से संवेदनशील जानकारी साझा न करें। संदेश में दी गई राशि, समय और संदर्भ संख्या को अपने सामान्य लेनदेन रिकॉर्ड से मिलाया जा सकता है। किसी भुगतान, पहचान या खाते से जुड़ी कार्रवाई से पहले आधिकारिक ऐप या वेबसाइट पर स्वतंत्र रूप से स्थिति जांचना सुरक्षित तरीका है।",Hindi,Legitimate
"आपकी EMI राशि ₹7,500 की भुगतान रसीद उपलब्ध है। यह सूचना आपके अनुरोध के संदर्भ में है. संदेश में दी गई राशि, समय और संदर्भ संख्या को अपने सामान्य लेनदेन रिकॉर्ड से मिलाया जा सकता है। किसी भुगतान, पहचान या खाते से जुड़ी कार्रवाई से पहले आधिकारिक ऐप या वेबसाइट पर स्वतंत्र रूप से स्थिति जांचना सुरक्षित तरीका है। यदि यह सूचना किसी खाते, ऑर्डर या सेवा अनुरोध से संबंधित है, तो संबंधित आधिकारिक चैनल में लॉगिन करके अनुरोध की वास्तविक स्थिति देखें। अलग से प्राप्त फोन नंबर, लिंक या भुगतान निर्देशों पर निर्भर रहने के बजाय आधिकारिक सहायता माध्यम का उपयोग करें।",Hindi,Legitimate
"आपके ऋण खाते में ₹3,499 का भुगतान सफल रहा। सेवा स्थिति आपके आधिकारिक खाते में भी दिखाई दे सकती है.",Hindi,Legitimate
"आपका वित्तीय सेवा टिकट [REF_ID] दर्ज हो गया है। धन्यवाद। यह संदेश किसी सेवा घटना, भुगतान, आवेदन या सुरक्षा स्थिति का संदर्भ दे सकता है। संवेदनशील विवरण साझा करने से पहले संबंधित संस्था के आधिकारिक पोर्टल, ऐप या ग्राहक सेवा से जानकारी सत्यापित करें और अनपेक्षित संपर्क को अलग से जांचें। यह सूचना सेवा स्थिति और अगले चरण के संदर्भ में विवरण देती है। यदि कोई कार्रवाई आवश्यक हो, तो अपने बैंक, सेवा प्रदाता या सरकारी खाते में सीधे लॉगिन करके वही जानकारी जांचें। अनजान संपर्क माध्यम से संवेदनशील जानकारी साझा न करें।",Hindi,Legitimate
"आपकी क्रेडिट रिपोर्ट अनुरोध प्रक्रिया में है। यह संदेश सेवा प्रक्रिया की जानकारी देता है. यह सूचना सेवा स्थिति और अगले चरण के संदर्भ में विवरण देती है। यदि कोई कार्रवाई आवश्यक हो, तो अपने बैंक, सेवा प्रदाता या सरकारी खाते में सीधे लॉगिन करके वही जानकारी जांचें। अनजान संपर्क माध्यम से संवेदनशील जानकारी साझा न करें। संदेश में दी गई राशि, समय और संदर्भ संख्या को अपने सामान्य लेनदेन रिकॉर्ड से मिलाया जा सकता है। किसी भुगतान, पहचान या खाते से जुड़ी कार्रवाई से पहले आधिकारिक ऐप या वेबसाइट पर स्वतंत्र रूप से स्थिति जांचना सुरक्षित तरीका है।",Hindi,Legitimate
"अपडेट: आपका ₹499 कैशबैक मूल भुगतान माध्यम में जमा हो गया है। https://service.example/receipt संदेश में दी गई राशि, समय और संदर्भ संख्या को अपने सामान्य लेनदेन रिकॉर्ड से मिलाया जा सकता है। किसी भुगतान, पहचान या खाते से जुड़ी कार्रवाई से पहले आधिकारिक ऐप या वेबसाइट पर स्वतंत्र रूप से स्थिति जांचना सुरक्षित तरीका है। यदि यह सूचना किसी खाते, ऑर्डर या सेवा अनुरोध से संबंधित है, तो संबंधित आधिकारिक चैनल में लॉगिन करके अनुरोध की वास्तविक स्थिति देखें। अलग से प्राप्त फोन नंबर, लिंक या भुगतान निर्देशों पर निर्भर रहने के बजाय आधिकारिक सहायता माध्यम का उपयोग करें।",Hindi,Legitimate
"आपकी खरीदारी का रिफंड ₹1,240 प्रोसेस हो गया है। https://track.example/order यदि यह सूचना किसी खाते, ऑर्डर या सेवा अनुरोध से संबंधित है, तो संबंधित आधिकारिक चैनल में लॉगिन करके अनुरोध की वास्तविक स्थिति देखें। अलग से प्राप्त फोन नंबर, लिंक या भुगतान निर्देशों पर निर्भर रहने के बजाय आधिकारिक सहायता माध्यम का उपयोग करें। यह संदेश किसी सेवा घटना, भुगतान, आवेदन या सुरक्षा स्थिति का संदर्भ दे सकता है। संवेदनशील विवरण साझा करने से पहले संबंधित संस्था के आधिकारिक पोर्टल, ऐप या ग्राहक सेवा से जानकारी सत्यापित करें और अनपेक्षित संपर्क को अलग से जांचें।",Hindi,Legitimate
"आपका प्रमोशनल लाभ खाते में क्रेडिट हो गया है। https://official.example/app यह संदेश किसी सेवा घटना, भुगतान, आवेदन या सुरक्षा स्थिति का संदर्भ दे सकता है। संवेदनशील विवरण साझा करने से पहले संबंधित संस्था के आधिकारिक पोर्टल, ऐप या ग्राहक सेवा से जानकारी सत्यापित करें और अनपेक्षित संपर्क को अलग से जांचें। यह सूचना सेवा स्थिति और अगले चरण के संदर्भ में विवरण देती है। यदि कोई कार्रवाई आवश्यक हो, तो अपने बैंक, सेवा प्रदाता या सरकारी खाते में सीधे लॉगिन करके वही जानकारी जांचें। अनजान संपर्क माध्यम से संवेदनशील जानकारी साझा न करें।",Hindi,Legitimate
"आपका रिवॉर्ड पॉइंट बैलेंस आधिकारिक ऐप में अपडेट हुआ है। यह सूचना सेवा स्थिति और अगले चरण के संदर्भ में विवरण देती है। यदि कोई कार्रवाई आवश्यक हो, तो अपने बैंक, सेवा प्रदाता या सरकारी खाते में सीधे लॉगिन करके वही जानकारी जांचें। अनजान संपर्क माध्यम से संवेदनशील जानकारी साझा न करें। संदेश में दी गई राशि, समय और संदर्भ संख्या को अपने सामान्य लेनदेन रिकॉर्ड से मिलाया जा सकता है। किसी भुगतान, पहचान या खाते से जुड़ी कार्रवाई से पहले आधिकारिक ऐप या वेबसाइट पर स्वतंत्र रूप से स्थिति जांचना सुरक्षित तरीका है।",Hindi,Legitimate
"आपके रिफंड अनुरोध [REF_ID] की प्रक्रिया पूरी हो गई है। संदेश में दी गई राशि, समय और संदर्भ संख्या को अपने सामान्य लेनदेन रिकॉर्ड से मिलाया जा सकता है। किसी भुगतान, पहचान या खाते से जुड़ी कार्रवाई से पहले आधिकारिक ऐप या वेबसाइट पर स्वतंत्र रूप से स्थिति जांचना सुरक्षित तरीका है। यदि यह सूचना किसी खाते, ऑर्डर या सेवा अनुरोध से संबंधित है, तो संबंधित आधिकारिक चैनल में लॉगिन करके अनुरोध की वास्तविक स्थिति देखें। अलग से प्राप्त फोन नंबर, लिंक या भुगतान निर्देशों पर निर्भर रहने के बजाय आधिकारिक सहायता माध्यम का उपयोग करें।",Hindi,Legitimate
"आपकी कैशबैक राशि ₹249 खाते में जमा हुई है। यदि यह सूचना किसी खाते, ऑर्डर या सेवा अनुरोध से संबंधित है, तो संबंधित आधिकारिक चैनल में लॉगिन करके अनुरोध की वास्तविक स्थिति देखें। अलग से प्राप्त फोन नंबर, लिंक या भुगतान निर्देशों पर निर्भर रहने के बजाय आधिकारिक सहायता माध्यम का उपयोग करें। यह संदेश किसी सेवा घटना, भुगतान, आवेदन या सुरक्षा स्थिति का संदर्भ दे सकता है। संवेदनशील विवरण साझा करने से पहले संबंधित संस्था के आधिकारिक पोर्टल, ऐप या ग्राहक सेवा से जानकारी सत्यापित करें और अनपेक्षित संपर्क को अलग से जांचें।",Hindi,Legitimate
"अपडेट: ऑर्डर रद्द होने पर रिफंड प्रक्रिया शुरू कर दी गई है। यह संदेश किसी सेवा घटना, भुगतान, आवेदन या सुरक्षा स्थिति का संदर्भ दे सकता है। संवेदनशील विवरण साझा करने से पहले संबंधित संस्था के आधिकारिक पोर्टल, ऐप या ग्राहक सेवा से जानकारी सत्यापित करें और अनपेक्षित संपर्क को अलग से जांचें। यह सूचना सेवा स्थिति और अगले चरण के संदर्भ में विवरण देती है। यदि कोई कार्रवाई आवश्यक हो, तो अपने बैंक, सेवा प्रदाता या सरकारी खाते में सीधे लॉगिन करके वही जानकारी जांचें। अनजान संपर्क माध्यम से संवेदनशील जानकारी साझा न करें।",Hindi,Legitimate
"आपके भुगतान का रिवर्सल सफलतापूर्वक पूरा हुआ है। यह सूचना सेवा स्थिति और अगले चरण के संदर्भ में विवरण देती है। यदि कोई कार्रवाई आवश्यक हो, तो अपने बैंक, सेवा प्रदाता या सरकारी खाते में सीधे लॉगिन करके वही जानकारी जांचें। अनजान संपर्क माध्यम से संवेदनशील जानकारी साझा न करें। संदेश में दी गई राशि, समय और संदर्भ संख्या को अपने सामान्य लेनदेन रिकॉर्ड से मिलाया जा सकता है। किसी भुगतान, पहचान या खाते से जुड़ी कार्रवाई से पहले आधिकारिक ऐप या वेबसाइट पर स्वतंत्र रूप से स्थिति जांचना सुरक्षित तरीका है।",Hindi,Legitimate
"रिफंड रसीद आपके आधिकारिक खाते में उपलब्ध है। धन्यवाद। संदेश में दी गई राशि, समय और संदर्भ संख्या को अपने सामान्य लेनदेन रिकॉर्ड से मिलाया जा सकता है। किसी भुगतान, पहचान या खाते से जुड़ी कार्रवाई से पहले आधिकारिक ऐप या वेबसाइट पर स्वतंत्र रूप से स्थिति जांचना सुरक्षित तरीका है। यदि यह सूचना किसी खाते, ऑर्डर या सेवा अनुरोध से संबंधित है, तो संबंधित आधिकारिक चैनल में लॉगिन करके अनुरोध की वास्तविक स्थिति देखें। अलग से प्राप्त फोन नंबर, लिंक या भुगतान निर्देशों पर निर्भर रहने के बजाय आधिकारिक सहायता माध्यम का उपयोग करें।",Hindi,Legitimate
"आपके ऑफर लाभ का विवरण आधिकारिक ऐप में अपडेट हुआ है। यदि यह सूचना किसी खाते, ऑर्डर या सेवा अनुरोध से संबंधित है, तो संबंधित आधिकारिक चैनल में लॉगिन करके अनुरोध की वास्तविक स्थिति देखें। अलग से प्राप्त फोन नंबर, लिंक या भुगतान निर्देशों पर निर्भर रहने के बजाय आधिकारिक सहायता माध्यम का उपयोग करें। यह संदेश किसी सेवा घटना, भुगतान, आवेदन या सुरक्षा स्थिति का संदर्भ दे सकता है। संवेदनशील विवरण साझा करने से पहले संबंधित संस्था के आधिकारिक पोर्टल, ऐप या ग्राहक सेवा से जानकारी सत्यापित करें और अनपेक्षित संपर्क को अलग से जांचें।",Hindi,Legitimate
"Aapka ₹499 कैशबैक मूल भुगतान माध्यम में जमा हो गया है। https://official.example/app यह संदेश किसी सेवा घटना, भुगतान, आवेदन या सुरक्षा स्थिति का संदर्भ दे सकता है। संवेदनशील विवरण साझा करने से पहले संबंधित संस्था के आधिकारिक पोर्टल, ऐप या ग्राहक सेवा से जानकारी सत्यापित करें और अनपेक्षित संपर्क को अलग से जांचें। यह सूचना सेवा स्थिति और अगले चरण के संदर्भ में विवरण देती है। यदि कोई कार्रवाई आवश्यक हो, तो अपने बैंक, सेवा प्रदाता या सरकारी खाते में सीधे लॉगिन करके वही जानकारी जांचें। अनजान संपर्क माध्यम से संवेदनशील जानकारी साझा न करें।",Hindi,Legitimate
"आपके अनुरोध के लिए सूचना: आपकी खरीदारी का रिफंड ₹1,240 प्रोसेस हो गया है। https://portal.example/status यह सूचना सेवा स्थिति और अगले चरण के संदर्भ में विवरण देती है। यदि कोई कार्रवाई आवश्यक हो, तो अपने बैंक, सेवा प्रदाता या सरकारी खाते में सीधे लॉगिन करके वही जानकारी जांचें। अनजान संपर्क माध्यम से संवेदनशील जानकारी साझा न करें। संदेश में दी गई राशि, समय और संदर्भ संख्या को अपने सामान्य लेनदेन रिकॉर्ड से मिलाया जा सकता है। किसी भुगतान, पहचान या खाते से जुड़ी कार्रवाई से पहले आधिकारिक ऐप या वेबसाइट पर स्वतंत्र रूप से स्थिति जांचना सुरक्षित तरीका है।",Hindi,Legitimate
"अपडेट: आपका प्रमोशनल लाभ खाते में क्रेडिट हो गया है। https://service.example/receipt संदेश में दी गई राशि, समय और संदर्भ संख्या को अपने सामान्य लेनदेन रिकॉर्ड से मिलाया जा सकता है। किसी भुगतान, पहचान या खाते से जुड़ी कार्रवाई से पहले आधिकारिक ऐप या वेबसाइट पर स्वतंत्र रूप से स्थिति जांचना सुरक्षित तरीका है। यदि यह सूचना किसी खाते, ऑर्डर या सेवा अनुरोध से संबंधित है, तो संबंधित आधिकारिक चैनल में लॉगिन करके अनुरोध की वास्तविक स्थिति देखें। अलग से प्राप्त फोन नंबर, लिंक या भुगतान निर्देशों पर निर्भर रहने के बजाय आधिकारिक सहायता माध्यम का उपयोग करें।",Hindi,Legitimate
आपका रिवॉर्ड पॉइंट बैलेंस आधिकारिक ऐप में अपडेट हुआ है। सेवा स्थिति आपके आधिकारिक खाते में भी दिखाई दे सकती है.,Hindi,Legitimate
"आपके रिफंड अनुरोध [REF_ID] की प्रक्रिया पूरी हो गई है। कृपया संदर्भ संख्या सुरक्षित रखें. यह संदेश किसी सेवा घटना, भुगतान, आवेदन या सुरक्षा स्थिति का संदर्भ दे सकता है। संवेदनशील विवरण साझा करने से पहले संबंधित संस्था के आधिकारिक पोर्टल, ऐप या ग्राहक सेवा से जानकारी सत्यापित करें और अनपेक्षित संपर्क को अलग से जांचें। यह सूचना सेवा स्थिति और अगले चरण के संदर्भ में विवरण देती है। यदि कोई कार्रवाई आवश्यक हो, तो अपने बैंक, सेवा प्रदाता या सरकारी खाते में सीधे लॉगिन करके वही जानकारी जांचें। अनजान संपर्क माध्यम से संवेदनशील जानकारी साझा न करें।",Hindi,Legitimate
"आपकी कैशबैक राशि ₹249 खाते में जमा हुई है। यह संदेश सेवा प्रक्रिया की जानकारी देता है. यह सूचना सेवा स्थिति और अगले चरण के संदर्भ में विवरण देती है। यदि कोई कार्रवाई आवश्यक हो, तो अपने बैंक, सेवा प्रदाता या सरकारी खाते में सीधे लॉगिन करके वही जानकारी जांचें। अनजान संपर्क माध्यम से संवेदनशील जानकारी साझा न करें। संदेश में दी गई राशि, समय और संदर्भ संख्या को अपने सामान्य लेनदेन रिकॉर्ड से मिलाया जा सकता है। किसी भुगतान, पहचान या खाते से जुड़ी कार्रवाई से पहले आधिकारिक ऐप या वेबसाइट पर स्वतंत्र रूप से स्थिति जांचना सुरक्षित तरीका है।",Hindi,Legitimate
"ऑर्डर रद्द होने पर रिफंड प्रक्रिया शुरू कर दी गई है। धन्यवाद। संदेश में दी गई राशि, समय और संदर्भ संख्या को अपने सामान्य लेनदेन रिकॉर्ड से मिलाया जा सकता है। किसी भुगतान, पहचान या खाते से जुड़ी कार्रवाई से पहले आधिकारिक ऐप या वेबसाइट पर स्वतंत्र रूप से स्थिति जांचना सुरक्षित तरीका है। यदि यह सूचना किसी खाते, ऑर्डर या सेवा अनुरोध से संबंधित है, तो संबंधित आधिकारिक चैनल में लॉगिन करके अनुरोध की वास्तविक स्थिति देखें। अलग से प्राप्त फोन नंबर, लिंक या भुगतान निर्देशों पर निर्भर रहने के बजाय आधिकारिक सहायता माध्यम का उपयोग करें।",Hindi,Legitimate
"आपके भुगतान का रिवर्सल सफलतापूर्वक पूरा हुआ है। ग्राहक सेवा विवरण आपके खाते में उपलब्ध है. यदि यह सूचना किसी खाते, ऑर्डर या सेवा अनुरोध से संबंधित है, तो संबंधित आधिकारिक चैनल में लॉगिन करके अनुरोध की वास्तविक स्थिति देखें। अलग से प्राप्त फोन नंबर, लिंक या भुगतान निर्देशों पर निर्भर रहने के बजाय आधिकारिक सहायता माध्यम का उपयोग करें। यह संदेश किसी सेवा घटना, भुगतान, आवेदन या सुरक्षा स्थिति का संदर्भ दे सकता है। संवेदनशील विवरण साझा करने से पहले संबंधित संस्था के आधिकारिक पोर्टल, ऐप या ग्राहक सेवा से जानकारी सत्यापित करें और अनपेक्षित संपर्क को अलग से जांचें।",Hindi,Legitimate
"अपडेट: आपका ऑर्डर [ORDER_ID] कन्फर्म हो गया है। यह संदेश किसी सेवा घटना, भुगतान, आवेदन या सुरक्षा स्थिति का संदर्भ दे सकता है। संवेदनशील विवरण साझा करने से पहले संबंधित संस्था के आधिकारिक पोर्टल, ऐप या ग्राहक सेवा से जानकारी सत्यापित करें और अनपेक्षित संपर्क को अलग से जांचें। यह सूचना सेवा स्थिति और अगले चरण के संदर्भ में विवरण देती है। यदि कोई कार्रवाई आवश्यक हो, तो अपने बैंक, सेवा प्रदाता या सरकारी खाते में सीधे लॉगिन करके वही जानकारी जांचें। अनजान संपर्क माध्यम से संवेदनशील जानकारी साझा न करें।",Hindi,Legitimate
"आपके ऑर्डर का ₹1,999 भुगतान सफल रहा।",Hindi,Legitimate
"आपका पैकेज पैक होकर डिस्पैच के लिए तैयार है। https://service.example/receipt संदेश में दी गई राशि, समय और संदर्भ संख्या को अपने सामान्य लेनदेन रिकॉर्ड से मिलाया जा सकता है। किसी भुगतान, पहचान या खाते से जुड़ी कार्रवाई से पहले आधिकारिक ऐप या वेबसाइट पर स्वतंत्र रूप से स्थिति जांचना सुरक्षित तरीका है। यदि यह सूचना किसी खाते, ऑर्डर या सेवा अनुरोध से संबंधित है, तो संबंधित आधिकारिक चैनल में लॉगिन करके अनुरोध की वास्तविक स्थिति देखें। अलग से प्राप्त फोन नंबर, लिंक या भुगतान निर्देशों पर निर्भर रहने के बजाय आधिकारिक सहायता माध्यम का उपयोग करें।",Hindi,Legitimate
"आपका ऑर्डर डिलीवरी के लिए निकल चुका है। https://track.example/order किसी भुगतान या पहचान संबंधी निर्णय से पहले आधिकारिक जानकारी की तुलना करें। समय, राशि और संदर्भ जैसे विवरण आपके सेवा रिकॉर्ड में अलग से दिखाई दे सकते हैं। संबंधित सेवा का इतिहास आधिकारिक ऐप या पोर्टल में उपलब्ध हो सकता है।",Hindi,Legitimate
"आपका रिटर्न अनुरोध दर्ज हो गया है। https://official.example/app समय, राशि और संदर्भ जैसे विवरण आपके सेवा रिकॉर्ड में अलग से दिखाई दे सकते हैं। संबंधित सेवा का इतिहास आधिकारिक ऐप या पोर्टल में उपलब्ध हो सकता है। संदेश को अपने सामान्य लेनदेन रिकॉर्ड के साथ मिलाकर देखना उपयोगी है।",Hindi,Legitimate
रिटर्न पिकअप [DATE] को निर्धारित है।,Hindi,Legitimate
अपडेट: आपका ऑर्डर रद्द कर दिया गया है और रिफंड प्रक्रिया शुरू है। संदेश को अपने सामान्य लेनदेन रिकॉर्ड के साथ मिलाकर देखना उपयोगी है। खाते से जुड़े अनुरोधों के लिए पहले से ज्ञात आधिकारिक संपर्क माध्यमों का उपयोग करें।,Hindi,Legitimate
आपकी खरीदारी की रसीद खाते में उपलब्ध है। ग्राहक सेवा विवरण आपके खाते में उपलब्ध है. खाते से जुड़े अनुरोधों के लिए पहले से ज्ञात आधिकारिक संपर्क माध्यमों का उपयोग करें। किसी समस्या की स्थिति में सेवा प्रदाता के आधिकारिक सहायता विकल्प से जानकारी लें।,Hindi,Legitimate
आपके ऑर्डर [ORDER_ID] की डिलीवरी स्थिति अपडेट हुई है। धन्यवाद। किसी समस्या की स्थिति में सेवा प्रदाता के आधिकारिक सहायता विकल्प से जानकारी लें। संदेश में दी गई कार्रवाई आपके अनुरोध की अगली प्रक्रिया से संबंधित है। अपने नियमित आधिकारिक खाते में जाकर इस सेवा की स्थिति भी जांचें।,Hindi,Legitimate
आपका सेवा बुकिंग अनुरोध सफलतापूर्वक दर्ज हुआ है। संदेश में दी गई कार्रवाई आपके अनुरोध की अगली प्रक्रिया से संबंधित है। अपने नियमित आधिकारिक खाते में जाकर इस सेवा की स्थिति भी जांचें। किसी भुगतान या पहचान संबंधी निर्णय से पहले आधिकारिक जानकारी की तुलना करें।,Hindi,Legitimate
आपका ऑर्डर [ORDER_ID] कन्फर्म हो गया है।,Hindi,Legitimate
"आपके अनुरोध के लिए सूचना: आपके ऑर्डर का ₹1,999 भुगतान सफल रहा। किसी भुगतान या पहचान संबंधी निर्णय से पहले आधिकारिक जानकारी की तुलना करें। समय, राशि और संदर्भ जैसे विवरण आपके सेवा रिकॉर्ड में अलग से दिखाई दे सकते हैं।",Hindi,Legitimate
"अपडेट: आपका पैकेज पैक होकर डिस्पैच के लिए तैयार है। https://official.example/app समय, राशि और संदर्भ जैसे विवरण आपके सेवा रिकॉर्ड में अलग से दिखाई दे सकते हैं। संबंधित सेवा का इतिहास आधिकारिक ऐप या पोर्टल में उपलब्ध हो सकता है।",Hindi,Legitimate
आपका ऑर्डर डिलीवरी के लिए निकल चुका है। https://portal.example/status संबंधित सेवा का इतिहास आधिकारिक ऐप या पोर्टल में उपलब्ध हो सकता है। संदेश को अपने सामान्य लेनदेन रिकॉर्ड के साथ मिलाकर देखना उपयोगी है। खाते से जुड़े अनुरोधों के लिए पहले से ज्ञात आधिकारिक संपर्क माध्यमों का उपयोग करें।,Hindi,Legitimate
आपका रिटर्न अनुरोध दर्ज हो गया है। https://service.example/receipt संदेश को अपने सामान्य लेनदेन रिकॉर्ड के साथ मिलाकर देखना उपयोगी है। खाते से जुड़े अनुरोधों के लिए पहले से ज्ञात आधिकारिक संपर्क माध्यमों का उपयोग करें। किसी समस्या की स्थिति में सेवा प्रदाता के आधिकारिक सहायता विकल्प से जानकारी लें।,Hindi,Legitimate
रिटर्न पिकअप [DATE] को निर्धारित है। ग्राहक सेवा विवरण आपके खाते में उपलब्ध है. खाते से जुड़े अनुरोधों के लिए पहले से ज्ञात आधिकारिक संपर्क माध्यमों का उपयोग करें। किसी समस्या की स्थिति में सेवा प्रदाता के आधिकारिक सहायता विकल्प से जानकारी लें।,Hindi,Legitimate
आपका ऑर्डर रद्द कर दिया गया है और रिफंड प्रक्रिया शुरू है। धन्यवाद। किसी समस्या की स्थिति में सेवा प्रदाता के आधिकारिक सहायता विकल्प से जानकारी लें। संदेश में दी गई कार्रवाई आपके अनुरोध की अगली प्रक्रिया से संबंधित है।,Hindi,Legitimate
आपकी खरीदारी की रसीद खाते में उपलब्ध है। सूचना क्रमांक HIN-01. संदेश में दी गई कार्रवाई आपके अनुरोध की अगली प्रक्रिया से संबंधित है। अपने नियमित आधिकारिक खाते में जाकर इस सेवा की स्थिति भी जांचें। किसी भुगतान या पहचान संबंधी निर्णय से पहले आधिकारिक जानकारी की तुलना करें।,Hindi,Legitimate
"अपडेट: ₹1,240 बिजली बिल का भुगतान सफलतापूर्वक प्राप्त हुआ। रसीद [REF_ID] है। अपने नियमित आधिकारिक खाते में जाकर इस सेवा की स्थिति भी जांचें। किसी भुगतान या पहचान संबंधी निर्णय से पहले आधिकारिक जानकारी की तुलना करें। समय, राशि और संदर्भ जैसे विवरण आपके सेवा रिकॉर्ड में अलग से दिखाई दे सकते हैं।",Hindi,Legitimate
"आपका बिजली बिल आधिकारिक पोर्टल पर उपलब्ध है। किसी भुगतान या पहचान संबंधी निर्णय से पहले आधिकारिक जानकारी की तुलना करें। समय, राशि और संदर्भ जैसे विवरण आपके सेवा रिकॉर्ड में अलग से दिखाई दे सकते हैं। संबंधित सेवा का इतिहास आधिकारिक ऐप या पोर्टल में उपलब्ध हो सकता है।",Hindi,Legitimate
"मीटर रीडिंग [DATE] को दर्ज की गई है। समय, राशि और संदर्भ जैसे विवरण आपके सेवा रिकॉर्ड में अलग से दिखाई दे सकते हैं। संबंधित सेवा का इतिहास आधिकारिक ऐप या पोर्टल में उपलब्ध हो सकता है। संदेश को अपने सामान्य लेनदेन रिकॉर्ड के साथ मिलाकर देखना उपयोगी है।",Hindi,Legitimate
आपकी बिजली शिकायत [REF_ID] के रूप में दर्ज हुई है। संबंधित सेवा का इतिहास आधिकारिक ऐप या पोर्टल में उपलब्ध हो सकता है। संदेश को अपने सामान्य लेनदेन रिकॉर्ड के साथ मिलाकर देखना उपयोगी है। खाते से जुड़े अनुरोधों के लिए पहले से ज्ञात आधिकारिक संपर्क माध्यमों का उपयोग करें।,Hindi,Legitimate
बिजली सेवा अनुरोध सफलतापूर्वक पंजीकृत है। https://service.example/receipt,Hindi,Legitimate
आपका ₹850 उपयोगिता भुगतान सफल रहा। https://track.example/order,Hindi,Legitimate
अपडेट: आपकी बिजली सेवा अपॉइंटमेंट [DATE] को है। https://official.example/app किसी समस्या की स्थिति में सेवा प्रदाता के आधिकारिक सहायता विकल्प से जानकारी लें। संदेश में दी गई कार्रवाई आपके अनुरोध की अगली प्रक्रिया से संबंधित है। अपने नियमित आधिकारिक खाते में जाकर इस सेवा की स्थिति भी जांचें।,Hindi,Legitimate
बिल भुगतान की रसीद आधिकारिक खाते में उपलब्ध है। संदेश में दी गई कार्रवाई आपके अनुरोध की अगली प्रक्रिया से संबंधित है। अपने नियमित आधिकारिक खाते में जाकर इस सेवा की स्थिति भी जांचें। किसी भुगतान या पहचान संबंधी निर्णय से पहले आधिकारिक जानकारी की तुलना करें।,Hindi,Legitimate
"आपका मीटर सेवा अनुरोध समीक्षा में है। धन्यवाद। अपने नियमित आधिकारिक खाते में जाकर इस सेवा की स्थिति भी जांचें। किसी भुगतान या पहचान संबंधी निर्णय से पहले आधिकारिक जानकारी की तुलना करें। समय, राशि और संदर्भ जैसे विवरण आपके सेवा रिकॉर्ड में अलग से दिखाई दे सकते हैं।",Hindi,Legitimate
"आपकी बिजली भुगतान स्थिति अपडेट हो गई है। किसी भुगतान या पहचान संबंधी निर्णय से पहले आधिकारिक जानकारी की तुलना करें। समय, राशि और संदर्भ जैसे विवरण आपके सेवा रिकॉर्ड में अलग से दिखाई दे सकते हैं। संबंधित सेवा का इतिहास आधिकारिक ऐप या पोर्टल में उपलब्ध हो सकता है।",Hindi,Legitimate
"₹1,240 बिजली बिल का भुगतान सफलतापूर्वक प्राप्त हुआ। रसीद [REF_ID] है। समय, राशि और संदर्भ जैसे विवरण आपके सेवा रिकॉर्ड में अलग से दिखाई दे सकते हैं। संबंधित सेवा का इतिहास आधिकारिक ऐप या पोर्टल में उपलब्ध हो सकता है।",Hindi,Legitimate
आपके अनुरोध के लिए सूचना: आपका बिजली बिल आधिकारिक पोर्टल पर उपलब्ध है। संबंधित सेवा का इतिहास आधिकारिक ऐप या पोर्टल में उपलब्ध हो सकता है। संदेश को अपने सामान्य लेनदेन रिकॉर्ड के साथ मिलाकर देखना उपयोगी है। खाते से जुड़े अनुरोधों के लिए पहले से ज्ञात आधिकारिक संपर्क माध्यमों का उपयोग करें।,Hindi,Legitimate
अपडेट: मीटर रीडिंग [DATE] को दर्ज की गई है। संदेश को अपने सामान्य लेनदेन रिकॉर्ड के साथ मिलाकर देखना उपयोगी है। खाते से जुड़े अनुरोधों के लिए पहले से ज्ञात आधिकारिक संपर्क माध्यमों का उपयोग करें। किसी समस्या की स्थिति में सेवा प्रदाता के आधिकारिक सहायता विकल्प से जानकारी लें।,Hindi,Legitimate
आपकी बिजली शिकायत [REF_ID] के रूप में दर्ज हुई है। ग्राहक सेवा विवरण आपके खाते में उपलब्ध है. खाते से जुड़े अनुरोधों के लिए पहले से ज्ञात आधिकारिक संपर्क माध्यमों का उपयोग करें। किसी समस्या की स्थिति में सेवा प्रदाता के आधिकारिक सहायता विकल्प से जानकारी लें।,Hindi,Legitimate
अपडेट: ₹249 मोबाइल रिचार्ज सफल रहा। https://official.example/app,Hindi,Legitimate
आपका डेटा पैक सक्रिय हो गया है। https://portal.example/status संदेश में दी गई कार्रवाई आपके अनुरोध की अगली प्रक्रिया से संबंधित है। अपने नियमित आधिकारिक खाते में जाकर इस सेवा की स्थिति भी जांचें। किसी भुगतान या पहचान संबंधी निर्णय से पहले आधिकारिक जानकारी की तुलना करें।,Hindi,Legitimate
"आपका प्रीपेड प्लान [DATE] तक वैध है। https://service.example/receipt अपने नियमित आधिकारिक खाते में जाकर इस सेवा की स्थिति भी जांचें। किसी भुगतान या पहचान संबंधी निर्णय से पहले आधिकारिक जानकारी की तुलना करें। समय, राशि और संदर्भ जैसे विवरण आपके सेवा रिकॉर्ड में अलग से दिखाई दे सकते हैं।",Hindi,Legitimate
₹499 पोस्टपेड बिल भुगतान सफल रहा।,Hindi,Legitimate
"आपका मोबाइल सेवा अनुरोध [REF_ID] दर्ज हो गया है। समय, राशि और संदर्भ जैसे विवरण आपके सेवा रिकॉर्ड में अलग से दिखाई दे सकते हैं। संबंधित सेवा का इतिहास आधिकारिक ऐप या पोर्टल में उपलब्ध हो सकता है। संदेश को अपने सामान्य लेनदेन रिकॉर्ड के साथ मिलाकर देखना उपयोगी है।",Hindi,Legitimate
आपका ब्रॉडबैंड भुगतान प्राप्त हो गया है।,Hindi,Legitimate
अपडेट: आपकी SIM replacement request दर्ज हो गई है। संदेश को अपने सामान्य लेनदेन रिकॉर्ड के साथ मिलाकर देखना उपयोगी है। खाते से जुड़े अनुरोधों के लिए पहले से ज्ञात आधिकारिक संपर्क माध्यमों का उपयोग करें। किसी समस्या की स्थिति में सेवा प्रदाता के आधिकारिक सहायता विकल्प से जानकारी लें।,Hindi,Legitimate
आपका डेटा ऐड-ऑन सफलतापूर्वक सक्रिय हुआ है।,Hindi,Legitimate
रिचार्ज रसीद आधिकारिक ऐप में उपलब्ध है। धन्यवाद। किसी समस्या की स्थिति में सेवा प्रदाता के आधिकारिक सहायता विकल्प से जानकारी लें। संदेश में दी गई कार्रवाई आपके अनुरोध की अगली प्रक्रिया से संबंधित है। अपने नियमित आधिकारिक खाते में जाकर इस सेवा की स्थिति भी जांचें।,Hindi,Legitimate
आपके नंबर की सेवा योजना सफलतापूर्वक नवीनीकृत हुई है। संदेश में दी गई कार्रवाई आपके अनुरोध की अगली प्रक्रिया से संबंधित है। अपने नियमित आधिकारिक खाते में जाकर इस सेवा की स्थिति भी जांचें। किसी भुगतान या पहचान संबंधी निर्णय से पहले आधिकारिक जानकारी की तुलना करें।,Hindi,Legitimate
₹249 मोबाइल रिचार्ज सफल रहा। https://service.example/receipt,Hindi,Legitimate
"आपके अनुरोध के लिए सूचना: आपका डेटा पैक सक्रिय हो गया है। https://track.example/order किसी भुगतान या पहचान संबंधी निर्णय से पहले आधिकारिक जानकारी की तुलना करें। समय, राशि और संदर्भ जैसे विवरण आपके सेवा रिकॉर्ड में अलग से दिखाई दे सकते हैं।",Hindi,Legitimate
"अपडेट: आपका प्रीपेड प्लान [DATE] तक वैध है। https://official.example/app समय, राशि और संदर्भ जैसे विवरण आपके सेवा रिकॉर्ड में अलग से दिखाई दे सकते हैं। संबंधित सेवा का इतिहास आधिकारिक ऐप या पोर्टल में उपलब्ध हो सकता है। संदेश को अपने सामान्य लेनदेन रिकॉर्ड के साथ मिलाकर देखना उपयोगी है।",Hindi,Legitimate
₹499 पोस्टपेड बिल भुगतान सफल रहा। यह संदेश सेवा प्रक्रिया की जानकारी देता है. संबंधित सेवा का इतिहास आधिकारिक ऐप या पोर्टल में उपलब्ध हो सकता है। संदेश को अपने सामान्य लेनदेन रिकॉर्ड के साथ मिलाकर देखना उपयोगी है। खाते से जुड़े अनुरोधों के लिए पहले से ज्ञात आधिकारिक संपर्क माध्यमों का उपयोग करें।,Hindi,Legitimate
"अपडेट: आपकी बीमा पॉलिसी का प्रीमियम ₹3,499 सफलतापूर्वक प्राप्त हुआ। संदेश को अपने सामान्य लेनदेन रिकॉर्ड के साथ मिलाकर देखना उपयोगी है। खाते से जुड़े अनुरोधों के लिए पहले से ज्ञात आधिकारिक संपर्क माध्यमों का उपयोग करें। किसी समस्या की स्थिति में सेवा प्रदाता के आधिकारिक सहायता विकल्प से जानकारी लें।",Hindi,Legitimate
आपका बीमा दावा [REF_ID] दर्ज हो गया है। खाते से जुड़े अनुरोधों के लिए पहले से ज्ञात आधिकारिक संपर्क माध्यमों का उपयोग करें। किसी समस्या की स्थिति में सेवा प्रदाता के आधिकारिक सहायता विकल्प से जानकारी लें। संदेश में दी गई कार्रवाई आपके अनुरोध की अगली प्रक्रिया से संबंधित है।,Hindi,Legitimate
आपकी पॉलिसी नवीनीकरण रसीद उपलब्ध है।,Hindi,Legitimate
दावे के दस्तावेज सफलतापूर्वक प्राप्त हो गए हैं। संदेश में दी गई कार्रवाई आपके अनुरोध की अगली प्रक्रिया से संबंधित है। अपने नियमित आधिकारिक खाते में जाकर इस सेवा की स्थिति भी जांचें। किसी भुगतान या पहचान संबंधी निर्णय से पहले आधिकारिक जानकारी की तुलना करें।,Hindi,Legitimate
"आपकी पॉलिसी स्टेटमेंट आधिकारिक खाते में उपलब्ध है। अपने नियमित आधिकारिक खाते में जाकर इस सेवा की स्थिति भी जांचें। किसी भुगतान या पहचान संबंधी निर्णय से पहले आधिकारिक जानकारी की तुलना करें। समय, राशि और संदर्भ जैसे विवरण आपके सेवा रिकॉर्ड में अलग से दिखाई दे सकते हैं।",Hindi,Legitimate
"आपका प्रीमियम भुगतान [TXN_ID] के तहत दर्ज हुआ है। किसी भुगतान या पहचान संबंधी निर्णय से पहले आधिकारिक जानकारी की तुलना करें। समय, राशि और संदर्भ जैसे विवरण आपके सेवा रिकॉर्ड में अलग से दिखाई दे सकते हैं। संबंधित सेवा का इतिहास आधिकारिक ऐप या पोर्टल में उपलब्ध हो सकता है।",Hindi,Legitimate
"अपडेट: आपके दावे की स्थिति अपडेट हुई है। https://official.example/app समय, राशि और संदर्भ जैसे विवरण आपके सेवा रिकॉर्ड में अलग से दिखाई दे सकते हैं। संबंधित सेवा का इतिहास आधिकारिक ऐप या पोर्टल में उपलब्ध हो सकता है। संदेश को अपने सामान्य लेनदेन रिकॉर्ड के साथ मिलाकर देखना उपयोगी है।",Hindi,Legitimate
आपका पॉलिसी सर्विस अनुरोध सफलतापूर्वक दर्ज है। https://portal.example/status संबंधित सेवा का इतिहास आधिकारिक ऐप या पोर्टल में उपलब्ध हो सकता है। संदेश को अपने सामान्य लेनदेन रिकॉर्ड के साथ मिलाकर देखना उपयोगी है। खाते से जुड़े अनुरोधों के लिए पहले से ज्ञात आधिकारिक संपर्क माध्यमों का उपयोग करें।,Hindi,Legitimate
आपकी पॉलिसी की अगली किस्त की तारीख [DATE] है। धन्यवाद। https://service.example/receipt संदेश को अपने सामान्य लेनदेन रिकॉर्ड के साथ मिलाकर देखना उपयोगी है। खाते से जुड़े अनुरोधों के लिए पहले से ज्ञात आधिकारिक संपर्क माध्यमों का उपयोग करें। किसी समस्या की स्थिति में सेवा प्रदाता के आधिकारिक सहायता विकल्प से जानकारी लें।,Hindi,Legitimate
अपडेट: आपके निवेश खाते का स्टेटमेंट उपलब्ध है। खाते से जुड़े अनुरोधों के लिए पहले से ज्ञात आधिकारिक संपर्क माध्यमों का उपयोग करें। किसी समस्या की स्थिति में सेवा प्रदाता के आधिकारिक सहायता विकल्प से जानकारी लें। संदेश में दी गई कार्रवाई आपके अनुरोध की अगली प्रक्रिया से संबंधित है।,Hindi,Legitimate
आपका म्यूचुअल फंड लेनदेन [TXN_ID] सफल रहा।,Hindi,Legitimate
"आपके ट्रेडिंग खाते में ₹5,000 जमा हुए।",Hindi,Legitimate
आपका SIP भुगतान सफलतापूर्वक प्रोसेस हुआ।,Hindi,Legitimate
"आपके निवेश रिडेम्पशन अनुरोध की रसीद उपलब्ध है। किसी भुगतान या पहचान संबंधी निर्णय से पहले आधिकारिक जानकारी की तुलना करें। समय, राशि और संदर्भ जैसे विवरण आपके सेवा रिकॉर्ड में अलग से दिखाई दे सकते हैं। संबंधित सेवा का इतिहास आधिकारिक ऐप या पोर्टल में उपलब्ध हो सकता है।",Hindi,Legitimate
"आपके ट्रेडिंग खाते की प्रोफाइल अपडेट हुई है। समय, राशि और संदर्भ जैसे विवरण आपके सेवा रिकॉर्ड में अलग से दिखाई दे सकते हैं। संबंधित सेवा का इतिहास आधिकारिक ऐप या पोर्टल में उपलब्ध हो सकता है। संदेश को अपने सामान्य लेनदेन रिकॉर्ड के साथ मिलाकर देखना उपयोगी है।",Hindi,Legitimate
अपडेट: आपका निवेश सेवा अनुरोध [REF_ID] दर्ज हुआ है। संबंधित सेवा का इतिहास आधिकारिक ऐप या पोर्टल में उपलब्ध हो सकता है। संदेश को अपने सामान्य लेनदेन रिकॉर्ड के साथ मिलाकर देखना उपयोगी है। खाते से जुड़े अनुरोधों के लिए पहले से ज्ञात आधिकारिक संपर्क माध्यमों का उपयोग करें।,Hindi,Legitimate
आपकी पोर्टफोलियो रिपोर्ट आधिकारिक खाते में उपलब्ध है। https://service.example/receipt संदेश को अपने सामान्य लेनदेन रिकॉर्ड के साथ मिलाकर देखना उपयोगी है। खाते से जुड़े अनुरोधों के लिए पहले से ज्ञात आधिकारिक संपर्क माध्यमों का उपयोग करें। किसी समस्या की स्थिति में सेवा प्रदाता के आधिकारिक सहायता विकल्प से जानकारी लें।,Hindi,Legitimate
आपका SIP अगली तारीख [DATE] को प्रोसेस होगा। धन्यवाद। https://track.example/order खाते से जुड़े अनुरोधों के लिए पहले से ज्ञात आधिकारिक संपर्क माध्यमों का उपयोग करें। किसी समस्या की स्थिति में सेवा प्रदाता के आधिकारिक सहायता विकल्प से जानकारी लें। संदेश में दी गई कार्रवाई आपके अनुरोध की अगली प्रक्रिया से संबंधित है।,Hindi,Legitimate
अपडेट: आपके सोशल खाते में [TIME] पर सफल लॉगिन हुआ। https://official.example/app किसी समस्या की स्थिति में सेवा प्रदाता के आधिकारिक सहायता विकल्प से जानकारी लें। संदेश में दी गई कार्रवाई आपके अनुरोध की अगली प्रक्रिया से संबंधित है। अपने नियमित आधिकारिक खाते में जाकर इस सेवा की स्थिति भी जांचें।,Hindi,Legitimate
आपके खाते में नया डिवाइस सफलतापूर्वक जोड़ा गया है। संदेश में दी गई कार्रवाई आपके अनुरोध की अगली प्रक्रिया से संबंधित है। अपने नियमित आधिकारिक खाते में जाकर इस सेवा की स्थिति भी जांचें। किसी भुगतान या पहचान संबंधी निर्णय से पहले आधिकारिक जानकारी की तुलना करें।,Hindi,Legitimate
आपका पासवर्ड सफलतापूर्वक बदला गया है।,Hindi,Legitimate
"आपका अकाउंट रिकवरी अनुरोध [REF_ID] दर्ज हुआ है। किसी भुगतान या पहचान संबंधी निर्णय से पहले आधिकारिक जानकारी की तुलना करें। समय, राशि और संदर्भ जैसे विवरण आपके सेवा रिकॉर्ड में अलग से दिखाई दे सकते हैं। संबंधित सेवा का इतिहास आधिकारिक ऐप या पोर्टल में उपलब्ध हो सकता है।",Hindi,Legitimate
आपकी सुरक्षा सेटिंग अपडेट हो गई है।,Hindi,Legitimate
आपके लॉगिन इतिहास में नया सत्र दर्ज हुआ है। संबंधित सेवा का इतिहास आधिकारिक ऐप या पोर्टल में उपलब्ध हो सकता है। संदेश को अपने सामान्य लेनदेन रिकॉर्ड के साथ मिलाकर देखना उपयोगी है। खाते से जुड़े अनुरोधों के लिए पहले से ज्ञात आधिकारिक संपर्क माध्यमों का उपयोग करें।,Hindi,Legitimate
अपडेट: आपकी प्रोफाइल ईमेल पुष्टि पूरी हो गई है। संदेश को अपने सामान्य लेनदेन रिकॉर्ड के साथ मिलाकर देखना उपयोगी है। खाते से जुड़े अनुरोधों के लिए पहले से ज्ञात आधिकारिक संपर्क माध्यमों का उपयोग करें। किसी समस्या की स्थिति में सेवा प्रदाता के आधिकारिक सहायता विकल्प से जानकारी लें।,Hindi,Legitimate
आपका दो-चरणीय सत्यापन सक्रिय है।,Hindi,Legitimate
आपकी खाता सुरक्षा सूचना आधिकारिक ऐप में उपलब्ध है। धन्यवाद। https://official.example/app किसी समस्या की स्थिति में सेवा प्रदाता के आधिकारिक सहायता विकल्प से जानकारी लें। संदेश में दी गई कार्रवाई आपके अनुरोध की अगली प्रक्रिया से संबंधित है। अपने नियमित आधिकारिक खाते में जाकर इस सेवा की स्थिति भी जांचें।,Hindi,Legitimate
ಸೂಚನೆ: ನಿಮ್ಮ ಬ್ಯಾಂಕ್ ಗ್ರಾಹಕ ಮಾಹಿತಿಯ ಪರಿಶೀಲನೆ ಇನ್ನೂ ಪೂರ್ಣಗೊಂಡಿಲ್ಲ. ಇಂದಿನ review window ಮುಗಿಯುವ ಮೊದಲು ಈ ಪ್ರಕ್ರಿಯೆ ಪೂರ್ಣಗೊಳ್ಳಬೇಕು. ಕೇಳಲಾದ ಮೊತ್ತ ₹249. https://account-review.example/confirm,Kannada,Phishing
"ನಿಮ್ಮ ಬ್ಯಾಂಕ್ ಪ್ರೊಫೈಲ್‌ನಲ್ಲಿ ಒಂದು ಅಸಂಗತತೆ ಕಂಡುಬಂದಿದೆ. ಪರಿಶೀಲನೆ ವಿಫಲವಾದರೆ ಮುಂದಿನ ಸೇವೆಯನ್ನು ನಿಲ್ಲಿಸುವ ಎಚ್ಚರಿಕೆ ನೀಡಲಾಗಿದೆ. http://kyc-alert.example/update ಯಾವುದೇ payment ಅಥವಾ identity action ಮಾಡುವ ಮೊದಲು ಅಧಿಕೃತ ಮಾಹಿತಿಯನ್ನು ಹೋಲಿಸಿ ನೋಡಿ. ಸಂಬಂಧಿತ service history ನಿಮ್ಮ official app ಅಥವಾ portalನಲ್ಲಿ ಪ್ರತ್ಯೇಕವಾಗಿ ಕಾಣಬಹುದು. ಸಂದೇಶದಲ್ಲಿರುವ ಸಮಯ, ಮೊತ್ತ ಮತ್ತು reference ವಿವರಗಳು service recordನಲ್ಲಿ ಕಾಣಿಸಬಹುದು.",Kannada,Phishing
"ಡಿಜಿಟಲ್ ಬ್ಯಾಂಕಿಂಗ್ ಖಾತೆಗೆ ಗುರುತಿನ ಮರುಪರಿಶೀಲನೆ ಅಗತ್ಯವಿದೆ. Security team ಹೆಸರಿನಲ್ಲಿ ತಕ್ಷಣ ಪ್ರತಿಕ್ರಿಯಿಸಲು ಸೂಚಿಸಲಾಗಿದೆ. https://upi-support.example/resolve ಸಂಬಂಧಿತ service history ನಿಮ್ಮ official app ಅಥವಾ portalನಲ್ಲಿ ಪ್ರತ್ಯೇಕವಾಗಿ ಕಾಣಬಹುದು. ಸಂದೇಶದಲ್ಲಿರುವ ಸಮಯ, ಮೊತ್ತ ಮತ್ತು reference ವಿವರಗಳು service recordನಲ್ಲಿ ಕಾಣಿಸಬಹುದು. ನಿಮ್ಮ ಸಾಮಾನ್ಯ transaction record ಜೊತೆ ಈ ಸೂಚನೆಯನ್ನು ಪರಿಶೀಲಿಸುವುದು ಉಪಯುಕ್ತ.",Kannada,Phishing
"ನಿಮ್ಮ ಖಾತೆಯ KYC ಹಂತ ಪೂರ್ಣಗೊಂಡಿಲ್ಲ ಎಂದು ತೋರಿಸಲಾಗಿದೆ. ಸೂಚಿಸಿದ page ತೆರೆಯಿ ಮತ್ತು ಕೇಳಲಾದ ಮಾಹಿತಿಯನ್ನು ನಮೂದಿಸಿ. https://parcel-status.example/address ಸಂದೇಶದಲ್ಲಿರುವ ಸಮಯ, ಮೊತ್ತ ಮತ್ತು reference ವಿವರಗಳು service recordನಲ್ಲಿ ಕಾಣಿಸಬಹುದು. ನಿಮ್ಮ ಸಾಮಾನ್ಯ transaction record ಜೊತೆ ಈ ಸೂಚನೆಯನ್ನು ಪರಿಶೀಲಿಸುವುದು ಉಪಯುಕ್ತ. Account ಸಂಬಂಧಿತ ವಿನಂತಿಗಳಿಗೆ ಈಗಾಗಲೇ ತಿಳಿದಿರುವ ಅಧಿಕೃತ contact channel ಮಾತ್ರ ಬಳಸಿ.",Kannada,Phishing
ಬ್ಯಾಂಕ್ ಭದ್ರತಾ ಪರಿಶೀಲನೆಯಲ್ಲಿ ನಿಮ್ಮ ವಿವರಗಳು ಬಾಕಿಯಿವೆ. ಸ್ಥಿತಿಯನ್ನು ಪರಿಶೀಲಿಸಿ ಮುಂದುವರಿಯಲು link ಬಳಸಿ ಎಂದು ಸೂಚಿಸಲಾಗಿದೆ. ಕೇಳಲಾದ ಮೊತ್ತ ₹1999. http://reward-center.example/claim ನಿಮ್ಮ ಸಾಮಾನ್ಯ transaction record ಜೊತೆ ಈ ಸೂಚನೆಯನ್ನು ಪರಿಶೀಲಿಸುವುದು ಉಪಯುಕ್ತ. Account ಸಂಬಂಧಿತ ವಿನಂತಿಗಳಿಗೆ ಈಗಾಗಲೇ ತಿಳಿದಿರುವ ಅಧಿಕೃತ contact channel ಮಾತ್ರ ಬಳಸಿ. ಯಾವುದೇ ಸಮಸ್ಯೆಯಿದ್ದರೆ service providerನ ಅಧಿಕೃತ support option ಬಳಸಿ.,Kannada,Phishing
ಸೂಚನೆ: ನಿಮ್ಮ ಗ್ರಾಹಕ ಮಾಹಿತಿಯ ಮಾನ್ಯತಾ ಅವಧಿ ಮುಗಿಯುವ ಹಂತದಲ್ಲಿದೆ. ವಿನಂತಿಯನ್ನು active ಇರಿಸಲು ತಕ್ಷಣ action ತೆಗೆದುಕೊಳ್ಳಿ ಎಂದು ತಿಳಿಸಲಾಗಿದೆ. https://job-selection.example/document Account ಸಂಬಂಧಿತ ವಿನಂತಿಗಳಿಗೆ ಈಗಾಗಲೇ ತಿಳಿದಿರುವ ಅಧಿಕೃತ contact channel ಮಾತ್ರ ಬಳಸಿ. ಯಾವುದೇ ಸಮಸ್ಯೆಯಿದ್ದರೆ service providerನ ಅಧಿಕೃತ support option ಬಳಸಿ. ಸೇವೆಯ ಸ್ಥಿತಿಯನ್ನು ನಂತರ ಅಧಿಕೃತ portalನಲ್ಲಿ ಮತ್ತೆ ಪರಿಶೀಲಿಸಬಹುದು.,Kannada,Phishing
ನಿಮ್ಮ ಬ್ಯಾಂಕ್ ಗ್ರಾಹಕ ಮಾಹಿತಿಯ verification ಇನ್ನೂ ಪೂರ್ಣಗೊಂಡಿಲ್ಲ. ಸೇವೆ ಸೀಮಿತಗೊಳ್ಳುವ ಮೊದಲು accountಯನ್ನು ದೃಢೀಕರಿಸಿ. https://card-security.example/review ಯಾವುದೇ ಸಮಸ್ಯೆಯಿದ್ದರೆ service providerನ ಅಧಿಕೃತ support option ಬಳಸಿ. ಸೇವೆಯ ಸ್ಥಿತಿಯನ್ನು ನಂತರ ಅಧಿಕೃತ portalನಲ್ಲಿ ಮತ್ತೆ ಪರಿಶೀಲಿಸಬಹುದು. ಈ ಮಾಹಿತಿಯಲ್ಲಿರುವ ಸೇವಾ ವಿವರಗಳನ್ನು ನಿಮ್ಮ ಅಧಿಕೃತ accountನಲ್ಲಿ ಪರಿಶೀಲಿಸಬಹುದು. ಯಾವುದೇ payment ಅಥವಾ identity action ಮಾಡುವ ಮೊದಲು ಅಧಿಕೃತ ಮಾಹಿತಿಯನ್ನು ಹೋಲಿಸಿ ನೋಡಿ.,Kannada,Phishing
ನಿಮ್ಮ ಬ್ಯಾಂಕ್ ಪ್ರೊಫೈಲ್‌ನಲ್ಲಿ ಒಂದು ಅಸಂಗತತೆ ಕಂಡುಬಂದಿದೆ. ಈ activity ನಿಮ್ಮದಾಗಿರದಿದ್ದರೆ identity check ಪೂರ್ಣಗೊಳಿಸಿ. ಉಲ್ಲೇಖ: [REF_ID]. http://utility-notice.example/pay ಸೇವೆಯ ಸ್ಥಿತಿಯನ್ನು ನಂತರ ಅಧಿಕೃತ portalನಲ್ಲಿ ಮತ್ತೆ ಪರಿಶೀಲಿಸಬಹುದು. ಈ ಮಾಹಿತಿಯಲ್ಲಿರುವ ಸೇವಾ ವಿವರಗಳನ್ನು ನಿಮ್ಮ ಅಧಿಕೃತ accountನಲ್ಲಿ ಪರಿಶೀಲಿಸಬಹುದು. ಯಾವುದೇ payment ಅಥವಾ identity action ಮಾಡುವ ಮೊದಲು ಅಧಿಕೃತ ಮಾಹಿತಿಯನ್ನು ಹೋಲಿಸಿ ನೋಡಿ.,Kannada,Phishing
ಡಿಜಿಟಲ್ ಬ್ಯಾಂಕಿಂಗ್ ಖಾತೆಗೆ ಗುರುತಿನ ಮರುಪರಿಶೀಲನೆ ಅಗತ್ಯವಿದೆ. ಮೊತ್ತ ಅಥವಾ ಸೇವೆ ಬಿಡುಗಡೆ ಮಾಡಲು account information ಕೇಳಲಾಗಿದೆ. ಕೇಳಲಾದ ಮೊತ್ತ ₹1240. https://profile-access.example/recover ಈ ಮಾಹಿತಿಯಲ್ಲಿರುವ ಸೇವಾ ವಿವರಗಳನ್ನು ನಿಮ್ಮ ಅಧಿಕೃತ accountನಲ್ಲಿ ಪರಿಶೀಲಿಸಬಹುದು. ಯಾವುದೇ payment ಅಥವಾ identity action ಮಾಡುವ ಮೊದಲು ಅಧಿಕೃತ ಮಾಹಿತಿಯನ್ನು ಹೋಲಿಸಿ ನೋಡಿ. ಸಂಬಂಧಿತ service history ನಿಮ್ಮ official app ಅಥವಾ portalನಲ್ಲಿ ಪ್ರತ್ಯೇಕವಾಗಿ ಕಾಣಬಹುದು.,Kannada,Phishing
"ದಯವಿಟ್ಟು ಗಮನಿಸಿ — ನಿಮ್ಮ ಖಾತೆಯ KYC ಹಂತ ಪೂರ್ಣಗೊಂಡಿಲ್ಲ ಎಂದು ತೋರಿಸಲಾಗಿದೆ. ಈಗ ನೀಡಿರುವ verification ಹಂತವನ್ನು ಪೂರ್ಣಗೊಳಿಸಿ. hxxp://secure-check.example/verify ಯಾವುದೇ payment ಅಥವಾ identity action ಮಾಡುವ ಮೊದಲು ಅಧಿಕೃತ ಮಾಹಿತಿಯನ್ನು ಹೋಲಿಸಿ ನೋಡಿ. ಸಂಬಂಧಿತ service history ನಿಮ್ಮ official app ಅಥವಾ portalನಲ್ಲಿ ಪ್ರತ್ಯೇಕವಾಗಿ ಕಾಣಬಹುದು. ಸಂದೇಶದಲ್ಲಿರುವ ಸಮಯ, ಮೊತ್ತ ಮತ್ತು reference ವಿವರಗಳು service recordನಲ್ಲಿ ಕಾಣಿಸಬಹುದು.",Kannada,Phishing
"ಸೂಚನೆ: ಬ್ಯಾಂಕ್ ಭದ್ರತಾ ಪರಿಶೀಲನೆಯಲ್ಲಿ ನಿಮ್ಮ ವಿವರಗಳು ಬಾಕಿಯಿವೆ. ಇಂದಿನ review window ಮುಗಿಯುವ ಮೊದಲು ಈ ಪ್ರಕ್ರಿಯೆ ಪೂರ್ಣಗೊಳ್ಳಬೇಕು. ಸಂಬಂಧಿತ service history ನಿಮ್ಮ official app ಅಥವಾ portalನಲ್ಲಿ ಪ್ರತ್ಯೇಕವಾಗಿ ಕಾಣಬಹುದು. ಸಂದೇಶದಲ್ಲಿರುವ ಸಮಯ, ಮೊತ್ತ ಮತ್ತು reference ವಿವರಗಳು service recordನಲ್ಲಿ ಕಾಣಿಸಬಹುದು. ನಿಮ್ಮ ಸಾಮಾನ್ಯ transaction record ಜೊತೆ ಈ ಸೂಚನೆಯನ್ನು ಪರಿಶೀಲಿಸುವುದು ಉಪಯುಕ್ತ.",Kannada,Phishing
"ನಿಮ್ಮ ಗ್ರಾಹಕ ಮಾಹಿತಿಯ ಮಾನ್ಯತಾ ಅವಧಿ ಮುಗಿಯುವ ಹಂತದಲ್ಲಿದೆ. ಪರಿಶೀಲನೆ ವಿಫಲವಾದರೆ ಮುಂದಿನ ಸೇವೆಯನ್ನು ನಿಲ್ಲಿಸುವ ಎಚ್ಚರಿಕೆ ನೀಡಲಾಗಿದೆ. ಸಂದೇಶದಲ್ಲಿರುವ ಸಮಯ, ಮೊತ್ತ ಮತ್ತು reference ವಿವರಗಳು service recordನಲ್ಲಿ ಕಾಣಿಸಬಹುದು. ನಿಮ್ಮ ಸಾಮಾನ್ಯ transaction record ಜೊತೆ ಈ ಸೂಚನೆಯನ್ನು ಪರಿಶೀಲಿಸುವುದು ಉಪಯುಕ್ತ. Account ಸಂಬಂಧಿತ ವಿನಂತಿಗಳಿಗೆ ಈಗಾಗಲೇ ತಿಳಿದಿರುವ ಅಧಿಕೃತ contact channel ಮಾತ್ರ ಬಳಸಿ.",Kannada,Phishing
ನಿಮ್ಮ ಬ್ಯಾಂಕ್ ಗ್ರಾಹಕ ಮಾಹಿತಿಯ ಪರಿಶೀಲನೆ ಇನ್ನೂ ಪೂರ್ಣಗೊಂಡಿಲ್ಲ. Security team ಹೆಸರಿನಲ್ಲಿ ತಕ್ಷಣ ಪ್ರತಿಕ್ರಿಯಿಸಲು ಸೂಚಿಸಲಾಗಿದೆ. ಕೇಳಲಾದ ಮೊತ್ತ ₹850. ನಿಮ್ಮ ಸಾಮಾನ್ಯ transaction record ಜೊತೆ ಈ ಸೂಚನೆಯನ್ನು ಪರಿಶೀಲಿಸುವುದು ಉಪಯುಕ್ತ. Account ಸಂಬಂಧಿತ ವಿನಂತಿಗಳಿಗೆ ಈಗಾಗಲೇ ತಿಳಿದಿರುವ ಅಧಿಕೃತ contact channel ಮಾತ್ರ ಬಳಸಿ. ಯಾವುದೇ ಸಮಸ್ಯೆಯಿದ್ದರೆ service providerನ ಅಧಿಕೃತ support option ಬಳಸಿ.,Kannada,Phishing
ನಿಮ್ಮ ಬ್ಯಾಂಕ್ ಪ್ರೊಫೈಲ್‌ನಲ್ಲಿ ಒಂದು ಅಸಂಗತತೆ ಕಂಡುಬಂದಿದೆ. ಸೂಚಿಸಿದ page ತೆರೆಯಿ ಮತ್ತು ಕೇಳಲಾದ ಮಾಹಿತಿಯನ್ನು ನಮೂದಿಸಿ. Account ಸಂಬಂಧಿತ ವಿನಂತಿಗಳಿಗೆ ಈಗಾಗಲೇ ತಿಳಿದಿರುವ ಅಧಿಕೃತ contact channel ಮಾತ್ರ ಬಳಸಿ. ಯಾವುದೇ ಸಮಸ್ಯೆಯಿದ್ದರೆ service providerನ ಅಧಿಕೃತ support option ಬಳಸಿ. ಸೇವೆಯ ಸ್ಥಿತಿಯನ್ನು ನಂತರ ಅಧಿಕೃತ portalನಲ್ಲಿ ಮತ್ತೆ ಪರಿಶೀಲಿಸಬಹುದು. ಈ ಮಾಹಿತಿಯಲ್ಲಿರುವ ಸೇವಾ ವಿವರಗಳನ್ನು ನಿಮ್ಮ ಅಧಿಕೃತ accountನಲ್ಲಿ ಪರಿಶೀಲಿಸಬಹುದು.,Kannada,Phishing
ಡಿಜಿಟಲ್ ಬ್ಯಾಂಕಿಂಗ್ ಖಾತೆಗೆ ಗುರುತಿನ ಮರುಪರಿಶೀಲನೆ ಅಗತ್ಯವಿದೆ. ಸ್ಥಿತಿಯನ್ನು ಪರಿಶೀಲಿಸಿ ಮುಂದುವರಿಯಲು link ಬಳಸಿ ಎಂದು ಸೂಚಿಸಲಾಗಿದೆ. ಉಲ್ಲೇಖ: [REF_ID]. ಯಾವುದೇ ಸಮಸ್ಯೆಯಿದ್ದರೆ service providerನ ಅಧಿಕೃತ support option ಬಳಸಿ. ಸೇವೆಯ ಸ್ಥಿತಿಯನ್ನು ನಂತರ ಅಧಿಕೃತ portalನಲ್ಲಿ ಮತ್ತೆ ಪರಿಶೀಲಿಸಬಹುದು. ಈ ಮಾಹಿತಿಯಲ್ಲಿರುವ ಸೇವಾ ವಿವರಗಳನ್ನು ನಿಮ್ಮ ಅಧಿಕೃತ accountನಲ್ಲಿ ಪರಿಶೀಲಿಸಬಹುದು. ಯಾವುದೇ payment ಅಥವಾ identity action ಮಾಡುವ ಮೊದಲು ಅಧಿಕೃತ ಮಾಹಿತಿಯನ್ನು ಹೋಲಿಸಿ ನೋಡಿ.,Kannada,Phishing
ಸೂಚನೆ: ನಿಮ್ಮ ಖಾತೆಯ KYC ಹಂತ ಪೂರ್ಣಗೊಂಡಿಲ್ಲ ಎಂದು ತೋರಿಸಲಾಗಿದೆ. ವಿನಂತಿಯನ್ನು active ಇರಿಸಲು ತಕ್ಷಣ action ತೆಗೆದುಕೊಳ್ಳಿ ಎಂದು ತಿಳಿಸಲಾಗಿದೆ. ಸೇವೆಯ ಸ್ಥಿತಿಯನ್ನು ನಂತರ ಅಧಿಕೃತ portalನಲ್ಲಿ ಮತ್ತೆ ಪರಿಶೀಲಿಸಬಹುದು. ಈ ಮಾಹಿತಿಯಲ್ಲಿರುವ ಸೇವಾ ವಿವರಗಳನ್ನು ನಿಮ್ಮ ಅಧಿಕೃತ accountನಲ್ಲಿ ಪರಿಶೀಲಿಸಬಹುದು. ಯಾವುದೇ payment ಅಥವಾ identity action ಮಾಡುವ ಮೊದಲು ಅಧಿಕೃತ ಮಾಹಿತಿಯನ್ನು ಹೋಲಿಸಿ ನೋಡಿ.,Kannada,Phishing
ಬ್ಯಾಂಕ್ ಭದ್ರತಾ ಪರಿಶೀಲನೆಯಲ್ಲಿ ನಿಮ್ಮ ವಿವರಗಳು ಬಾಕಿಯಿವೆ. ಸೇವೆ ಸೀಮಿತಗೊಳ್ಳುವ ಮೊದಲು ಖಾತೆಯನ್ನು ದೃಢೀಕರಿಸಿ. ಕೇಳಲಾದ ಮೊತ್ತ ₹499. ಈ ಮಾಹಿತಿಯಲ್ಲಿರುವ ಸೇವಾ ವಿವರಗಳನ್ನು ನಿಮ್ಮ ಅಧಿಕೃತ accountನಲ್ಲಿ ಪರಿಶೀಲಿಸಬಹುದು. ಯಾವುದೇ payment ಅಥವಾ identity action ಮಾಡುವ ಮೊದಲು ಅಧಿಕೃತ ಮಾಹಿತಿಯನ್ನು ಹೋಲಿಸಿ ನೋಡಿ. ಸಂಬಂಧಿತ service history ನಿಮ್ಮ official app ಅಥವಾ portalನಲ್ಲಿ ಪ್ರತ್ಯೇಕವಾಗಿ ಕಾಣಬಹುದು.,Kannada,Phishing
"ನಿಮ್ಮ ಗ್ರಾಹಕ ಮಾಹಿತಿಯ ಮಾನ್ಯತಾ ಅವಧಿ ಮುಗಿಯುವ ಹಂತದಲ್ಲಿದೆ. ಈ activity ನಿಮ್ಮದಾಗಿರದಿದ್ದರೆ identity check ಪೂರ್ಣಗೊಳಿಸಿ. ಯಾವುದೇ payment ಅಥವಾ identity action ಮಾಡುವ ಮೊದಲು ಅಧಿಕೃತ ಮಾಹಿತಿಯನ್ನು ಹೋಲಿಸಿ ನೋಡಿ. ಸಂಬಂಧಿತ service history ನಿಮ್ಮ official app ಅಥವಾ portalನಲ್ಲಿ ಪ್ರತ್ಯೇಕವಾಗಿ ಕಾಣಬಹುದು. ಸಂದೇಶದಲ್ಲಿರುವ ಸಮಯ, ಮೊತ್ತ ಮತ್ತು reference ವಿವರಗಳು service recordನಲ್ಲಿ ಕಾಣಿಸಬಹುದು.",Kannada,Phishing
"ದಯವಿಟ್ಟು ಗಮನಿಸಿ — ನಿಮ್ಮ ಬ್ಯಾಂಕ್ ಗ್ರಾಹಕ ಮಾಹಿತಿಯ ಪರಿಶೀಲನೆ ಇನ್ನೂ ಪೂರ್ಣಗೊಂಡಿಲ್ಲ. ಮೊತ್ತ ಅಥವಾ ಸೇವೆ ಬಿಡುಗಡೆ ಮಾಡಲು account information ಕೇಳಲಾಗಿದೆ. ಸಂಬಂಧಿತ service history ನಿಮ್ಮ official app ಅಥವಾ portalನಲ್ಲಿ ಪ್ರತ್ಯೇಕವಾಗಿ ಕಾಣಬಹುದು. ಸಂದೇಶದಲ್ಲಿರುವ ಸಮಯ, ಮೊತ್ತ ಮತ್ತು reference ವಿವರಗಳು service recordನಲ್ಲಿ ಕಾಣಿಸಬಹುದು. ನಿಮ್ಮ ಸಾಮಾನ್ಯ transaction record ಜೊತೆ ಈ ಸೂಚನೆಯನ್ನು ಪರಿಶೀಲಿಸುವುದು ಉಪಯುಕ್ತ.",Kannada,Phishing
"ನಿಮ್ಮ ಬ್ಯಾಂಕ್ ಪ್ರೊಫೈಲ್‌ನಲ್ಲಿ ಒಂದು ಅಸಂಗತತೆ ಕಂಡುಬಂದಿದೆ. ಈಗ ನೀಡಿರುವ verification ಹಂತವನ್ನು ಪೂರ್ಣಗೊಳಿಸಿ. hxxp://secure-check.example/verify ಸಂದೇಶದಲ್ಲಿರುವ ಸಮಯ, ಮೊತ್ತ ಮತ್ತು reference ವಿವರಗಳು service recordನಲ್ಲಿ ಕಾಣಿಸಬಹುದು. ನಿಮ್ಮ ಸಾಮಾನ್ಯ transaction record ಜೊತೆ ಈ ಸೂಚನೆಯನ್ನು ಪರಿಶೀಲಿಸುವುದು ಉಪಯುಕ್ತ. Account ಸಂಬಂಧಿತ ವಿನಂತಿಗಳಿಗೆ ಈಗಾಗಲೇ ತಿಳಿದಿರುವ ಅಧಿಕೃತ contact channel ಮಾತ್ರ ಬಳಸಿ.",Kannada,Phishing
ಸೂಚನೆ: ಡಿಜಿಟಲ್ ಬ್ಯಾಂಕಿಂಗ್ accountಗೆ ಗುರುತಿನ ಮರುverification ಅಗತ್ಯವಿದೆ. ಇಂದಿನ review window ಮುಗಿಯುವ ಮೊದಲು ಈ ಪ್ರಕ್ರಿಯೆ ಪೂರ್ಣಗೊಳ್ಳಬೇಕು. ಕೇಳಲಾದ ಮೊತ್ತ ₹249. https://account-review.example/confirm ನಿಮ್ಮ ಸಾಮಾನ್ಯ transaction record ಜೊತೆ ಈ ಸೂಚನೆಯನ್ನು ಪರಿಶೀಲಿಸುವುದು ಉಪಯುಕ್ತ. Account ಸಂಬಂಧಿತ ವಿನಂತಿಗಳಿಗೆ ಈಗಾಗಲೇ ತಿಳಿದಿರುವ ಅಧಿಕೃತ contact channel ಮಾತ್ರ ಬಳಸಿ. ಯಾವುದೇ ಸಮಸ್ಯೆಯಿದ್ದರೆ service providerನ ಅಧಿಕೃತ support option ಬಳಸಿ.,Kannada,Phishing
ನಿಮ್ಮ ಖಾತೆಯ KYC ಹಂತ ಪೂರ್ಣಗೊಂಡಿಲ್ಲ ಎಂದು ತೋರಿಸಲಾಗಿದೆ. ಪರಿಶೀಲನೆ ವಿಫಲವಾದರೆ ಮುಂದಿನ ಸೇವೆಯನ್ನು ನಿಲ್ಲಿಸುವ ಎಚ್ಚರಿಕೆ ನೀಡಲಾಗಿದೆ. ಉಲ್ಲೇಖ: [REF_ID]. http://kyc-alert.example/update Account ಸಂಬಂಧಿತ ವಿನಂತಿಗಳಿಗೆ ಈಗಾಗಲೇ ತಿಳಿದಿರುವ ಅಧಿಕೃತ contact channel ಮಾತ್ರ ಬಳಸಿ. ಯಾವುದೇ ಸಮಸ್ಯೆಯಿದ್ದರೆ service providerನ ಅಧಿಕೃತ support option ಬಳಸಿ. ಸೇವೆಯ ಸ್ಥಿತಿಯನ್ನು ನಂತರ ಅಧಿಕೃತ portalನಲ್ಲಿ ಮತ್ತೆ ಪರಿಶೀಲಿಸಬಹುದು.,Kannada,Phishing
ಬ್ಯಾಂಕ್ ಭದ್ರತಾ ಪರಿಶೀಲನೆಯಲ್ಲಿ ನಿಮ್ಮ ವಿವರಗಳು ಬಾಕಿಯಿವೆ. Security team ಹೆಸರಿನಲ್ಲಿ ತಕ್ಷಣ ಪ್ರತಿಕ್ರಿಯಿಸಲು ಸೂಚಿಸಲಾಗಿದೆ. https://upi-support.example/resolve ಯಾವುದೇ ಸಮಸ್ಯೆಯಿದ್ದರೆ service providerನ ಅಧಿಕೃತ support option ಬಳಸಿ. ಸೇವೆಯ ಸ್ಥಿತಿಯನ್ನು ನಂತರ ಅಧಿಕೃತ portalನಲ್ಲಿ ಮತ್ತೆ ಪರಿಶೀಲಿಸಬಹುದು. ಈ ಮಾಹಿತಿಯಲ್ಲಿರುವ ಸೇವಾ ವಿವರಗಳನ್ನು ನಿಮ್ಮ ಅಧಿಕೃತ accountನಲ್ಲಿ ಪರಿಶೀಲಿಸಬಹುದು. ಯಾವುದೇ payment ಅಥವಾ identity action ಮಾಡುವ ಮೊದಲು ಅಧಿಕೃತ ಮಾಹಿತಿಯನ್ನು ಹೋಲಿಸಿ ನೋಡಿ.,Kannada,Phishing
ನಿಮ್ಮ ಗ್ರಾಹಕ ಮಾಹಿತಿಯ ಮಾನ್ಯತಾ ಅವಧಿ ಮುಗಿಯುವ ಹಂತದಲ್ಲಿದೆ. ಸೂಚಿಸಿದ page ತೆರೆಯಿ ಮತ್ತು ಕೇಳಲಾದ ಮಾಹಿತಿಯನ್ನು ನಮೂದಿಸಿ. https://parcel-status.example/address ಸೇವೆಯ ಸ್ಥಿತಿಯನ್ನು ನಂತರ ಅಧಿಕೃತ portalನಲ್ಲಿ ಮತ್ತೆ ಪರಿಶೀಲಿಸಬಹುದು. ಈ ಮಾಹಿತಿಯಲ್ಲಿರುವ ಸೇವಾ ವಿವರಗಳನ್ನು ನಿಮ್ಮ ಅಧಿಕೃತ accountನಲ್ಲಿ ಪರಿಶೀಲಿಸಬಹುದು. ಯಾವುದೇ payment ಅಥವಾ identity action ಮಾಡುವ ಮೊದಲು ಅಧಿಕೃತ ಮಾಹಿತಿಯನ್ನು ಹೋಲಿಸಿ ನೋಡಿ.,Kannada,Phishing
ನಿಮ್ಮ ಬ್ಯಾಂಕ್ ಗ್ರಾಹಕ ಮಾಹಿತಿಯ ಪರಿಶೀಲನೆ ಇನ್ನೂ ಪೂರ್ಣಗೊಂಡಿಲ್ಲ. ಸ್ಥಿತಿಯನ್ನು ಪರಿಶೀಲಿಸಿ ಮುಂದುವರಿಯಲು link ಬಳಸಿ ಎಂದು ಸೂಚಿಸಲಾಗಿದೆ. ಕೇಳಲಾದ ಮೊತ್ತ ₹1999. http://reward-center.example/claim ಈ ಮಾಹಿತಿಯಲ್ಲಿರುವ ಸೇವಾ ವಿವರಗಳನ್ನು ನಿಮ್ಮ ಅಧಿಕೃತ accountನಲ್ಲಿ ಪರಿಶೀಲಿಸಬಹುದು. ಯಾವುದೇ payment ಅಥವಾ identity action ಮಾಡುವ ಮೊದಲು ಅಧಿಕೃತ ಮಾಹಿತಿಯನ್ನು ಹೋಲಿಸಿ ನೋಡಿ. ಸಂಬಂಧಿತ service history ನಿಮ್ಮ official app ಅಥವಾ portalನಲ್ಲಿ ಪ್ರತ್ಯೇಕವಾಗಿ ಕಾಣಬಹುದು.,Kannada,Phishing
"ಸೂಚನೆ: ನಿಮ್ಮ ಬ್ಯಾಂಕ್ ಪ್ರೊಫೈಲ್‌ನಲ್ಲಿ ಒಂದು ಅಸಂಗತತೆ ಕಂಡುಬಂದಿದೆ. ವಿನಂತಿಯನ್ನು active ಇರಿಸಲು ತಕ್ಷಣ action ತೆಗೆದುಕೊಳ್ಳಿ ಎಂದು ತಿಳಿಸಲಾಗಿದೆ. https://job-selection.example/document ಯಾವುದೇ payment ಅಥವಾ identity action ಮಾಡುವ ಮೊದಲು ಅಧಿಕೃತ ಮಾಹಿತಿಯನ್ನು ಹೋಲಿಸಿ ನೋಡಿ. ಸಂಬಂಧಿತ service history ನಿಮ್ಮ official app ಅಥವಾ portalನಲ್ಲಿ ಪ್ರತ್ಯೇಕವಾಗಿ ಕಾಣಬಹುದು. ಸಂದೇಶದಲ್ಲಿರುವ ಸಮಯ, ಮೊತ್ತ ಮತ್ತು reference ವಿವರಗಳು service recordನಲ್ಲಿ ಕಾಣಿಸಬಹುದು.",Kannada,Phishing
"ಡಿಜಿಟಲ್ ಬ್ಯಾಂಕಿಂಗ್ ಖಾತೆಗೆ ಗುರುತಿನ ಮರುಪರಿಶೀಲನೆ ಅಗತ್ಯವಿದೆ. ಸೇವೆ ಸೀಮಿತಗೊಳ್ಳುವ ಮೊದಲು ಖಾತೆಯನ್ನು ದೃಢೀಕರಿಸಿ. https://card-security.example/review ಸಂಬಂಧಿತ service history ನಿಮ್ಮ official app ಅಥವಾ portalನಲ್ಲಿ ಪ್ರತ್ಯೇಕವಾಗಿ ಕಾಣಬಹುದು. ಸಂದೇಶದಲ್ಲಿರುವ ಸಮಯ, ಮೊತ್ತ ಮತ್ತು reference ವಿವರಗಳು service recordನಲ್ಲಿ ಕಾಣಿಸಬಹುದು. ನಿಮ್ಮ ಸಾಮಾನ್ಯ transaction record ಜೊತೆ ಈ ಸೂಚನೆಯನ್ನು ಪರಿಶೀಲಿಸುವುದು ಉಪಯುಕ್ತ.",Kannada,Phishing
"ದಯವಿಟ್ಟು ಗಮನಿಸಿ — ನಿಮ್ಮ accountಯ KYC ಹಂತ ಪೂರ್ಣಗೊಂಡಿಲ್ಲ ಎಂದು ತೋರಿಸಲಾಗಿದೆ. ಈ activity ನಿಮ್ಮದಾಗಿರದಿದ್ದರೆ identity check ಪೂರ್ಣಗೊಳಿಸಿ. http://utility-notice.example/pay ಸಂದೇಶದಲ್ಲಿರುವ ಸಮಯ, ಮೊತ್ತ ಮತ್ತು reference ವಿವರಗಳು service recordನಲ್ಲಿ ಕಾಣಿಸಬಹುದು. ನಿಮ್ಮ ಸಾಮಾನ್ಯ transaction record ಜೊತೆ ಈ ಸೂಚನೆಯನ್ನು ಪರಿಶೀಲಿಸುವುದು ಉಪಯುಕ್ತ. Account ಸಂಬಂಧಿತ ವಿನಂತಿಗಳಿಗೆ ಈಗಾಗಲೇ ತಿಳಿದಿರುವ ಅಧಿಕೃತ contact channel ಮಾತ್ರ ಬಳಸಿ.",Kannada,Phishing
ಬ್ಯಾಂಕ್ ಭದ್ರತಾ ಪರಿಶೀಲನೆಯಲ್ಲಿ Nimma ವಿವರಗಳು ಬಾಕಿಯಿವೆ. ಮೊತ್ತ ಅಥವಾ ಸೇವೆ ಬಿಡುಗಡೆ ಮಾಡಲು account information ಕೇಳಲಾಗಿದೆ. ಉಲ್ಲೇಖ: [REF_ID]. ಕೇಳಲಾದ ಮೊತ್ತ ₹1240. https://profile-access.example/recover,Kannada,Phishing
ನಿಮ್ಮ ಗ್ರಾಹಕ ಮಾಹಿತಿಯ ಮಾನ್ಯತಾ ಅವಧಿ ಮುಗಿಯುವ ಹಂತದಲ್ಲಿದೆ. ಈಗ ನೀಡಿರುವ verification ಹಂತವನ್ನು ಪೂರ್ಣಗೊಳಿಸಿ. hxxp://secure-check.example/verify Account ಸಂಬಂಧಿತ ವಿನಂತಿಗಳಿಗೆ ಈಗಾಗಲೇ ತಿಳಿದಿರುವ ಅಧಿಕೃತ contact channel ಮಾತ್ರ ಬಳಸಿ. ಯಾವುದೇ ಸಮಸ್ಯೆಯಿದ್ದರೆ service providerನ ಅಧಿಕೃತ support option ಬಳಸಿ. ಸೇವೆಯ ಸ್ಥಿತಿಯನ್ನು ನಂತರ ಅಧಿಕೃತ portalನಲ್ಲಿ ಮತ್ತೆ ಪರಿಶೀಲಿಸಬಹುದು. ಈ ಮಾಹಿತಿಯಲ್ಲಿರುವ ಸೇವಾ ವಿವರಗಳನ್ನು ನಿಮ್ಮ ಅಧಿಕೃತ accountನಲ್ಲಿ ಪರಿಶೀಲಿಸಬಹುದು.,Kannada,Phishing
ಸೂಚನೆ: ನಿಮ್ಮ ಬ್ಯಾಂಕ್ ಗ್ರಾಹಕ ಮಾಹಿತಿಯ ಪರಿಶೀಲನೆ ಇನ್ನೂ ಪೂರ್ಣಗೊಂಡಿಲ್ಲ. ಇಂದಿನ review window ಮುಗಿಯುವ ಮೊದಲು ಈ ಪ್ರಕ್ರಿಯೆ ಪೂರ್ಣಗೊಳ್ಳಬೇಕು. ಯಾವುದೇ ಸಮಸ್ಯೆಯಿದ್ದರೆ service providerನ ಅಧಿಕೃತ support option ಬಳಸಿ. ಸೇವೆಯ ಸ್ಥಿತಿಯನ್ನು ನಂತರ ಅಧಿಕೃತ portalನಲ್ಲಿ ಮತ್ತೆ ಪರಿಶೀಲಿಸಬಹುದು. ಈ ಮಾಹಿತಿಯಲ್ಲಿರುವ ಸೇವಾ ವಿವರಗಳನ್ನು ನಿಮ್ಮ ಅಧಿಕೃತ accountನಲ್ಲಿ ಪರಿಶೀಲಿಸಬಹುದು. ಯಾವುದೇ payment ಅಥವಾ identity action ಮಾಡುವ ಮೊದಲು ಅಧಿಕೃತ ಮಾಹಿತಿಯನ್ನು ಹೋಲಿಸಿ ನೋಡಿ.,Kannada,Phishing
ನಿಮ್ಮ ಬ್ಯಾಂಕ್ ಪ್ರೊಫೈಲ್‌ನಲ್ಲಿ ಒಂದು ಅಸಂಗತತೆ ಕಂಡುಬಂದಿದೆ. ಪರಿಶೀಲನೆ ವಿಫಲವಾದರೆ ಮುಂದಿನ ಸೇವೆಯನ್ನು ನಿಲ್ಲಿಸುವ ಎಚ್ಚರಿಕೆ ನೀಡಲಾಗಿದೆ. ಸೇವೆಯ ಸ್ಥಿತಿಯನ್ನು ನಂತರ ಅಧಿಕೃತ portalನಲ್ಲಿ ಮತ್ತೆ ಪರಿಶೀಲಿಸಬಹುದು. ಈ ಮಾಹಿತಿಯಲ್ಲಿರುವ ಸೇವಾ ವಿವರಗಳನ್ನು ನಿಮ್ಮ ಅಧಿಕೃತ accountನಲ್ಲಿ ಪರಿಶೀಲಿಸಬಹುದು. ಯಾವುದೇ payment ಅಥವಾ identity action ಮಾಡುವ ಮೊದಲು ಅಧಿಕೃತ ಮಾಹಿತಿಯನ್ನು ಹೋಲಿಸಿ ನೋಡಿ. ಸಂಬಂಧಿತ service history ನಿಮ್ಮ official app ಅಥವಾ portalನಲ್ಲಿ ಪ್ರತ್ಯೇಕವಾಗಿ ಕಾಣಬಹುದು.,Kannada,Phishing
ಡಿಜಿಟಲ್ ಬ್ಯಾಂಕಿಂಗ್ ಖಾತೆಗೆ ಗುರುತಿನ ಮರುಪರಿಶೀಲನೆ ಅಗತ್ಯವಿದೆ. Security team ಹೆಸರಿನಲ್ಲಿ ತಕ್ಷಣ ಪ್ರತಿಕ್ರಿಯಿಸಲು ಸೂಚಿಸಲಾಗಿದೆ. ಕೇಳಲಾದ ಮೊತ್ತ ₹850. ಈ ಮಾಹಿತಿಯಲ್ಲಿರುವ ಸೇವಾ ವಿವರಗಳನ್ನು ನಿಮ್ಮ ಅಧಿಕೃತ accountನಲ್ಲಿ ಪರಿಶೀಲಿಸಬಹುದು. ಯಾವುದೇ payment ಅಥವಾ identity action ಮಾಡುವ ಮೊದಲು ಅಧಿಕೃತ ಮಾಹಿತಿಯನ್ನು ಹೋಲಿಸಿ ನೋಡಿ. ಸಂಬಂಧಿತ service history ನಿಮ್ಮ official app ಅಥವಾ portalನಲ್ಲಿ ಪ್ರತ್ಯೇಕವಾಗಿ ಕಾಣಬಹುದು.,Kannada,Phishing
"ನಿಮ್ಮ ಖಾತೆಯ KYC ಹಂತ ಪೂರ್ಣಗೊಂಡಿಲ್ಲ ಎಂದು ತೋರಿಸಲಾಗಿದೆ. ಸೂಚಿಸಿದ page ತೆರೆಯಿ ಮತ್ತು ಕೇಳಲಾದ ಮಾಹಿತಿಯನ್ನು ನಮೂದಿಸಿ. ಯಾವುದೇ payment ಅಥವಾ identity action ಮಾಡುವ ಮೊದಲು ಅಧಿಕೃತ ಮಾಹಿತಿಯನ್ನು ಹೋಲಿಸಿ ನೋಡಿ. ಸಂಬಂಧಿತ service history ನಿಮ್ಮ official app ಅಥವಾ portalನಲ್ಲಿ ಪ್ರತ್ಯೇಕವಾಗಿ ಕಾಣಬಹುದು. ಸಂದೇಶದಲ್ಲಿರುವ ಸಮಯ, ಮೊತ್ತ ಮತ್ತು reference ವಿವರಗಳು service recordನಲ್ಲಿ ಕಾಣಿಸಬಹುದು.",Kannada,Phishing
"ಬ್ಯಾಂಕ್ ಭದ್ರತಾ verificationಯಲ್ಲಿ ನಿಮ್ಮ ವಿವರಗಳು ಬಾಕಿಯಿವೆ. ಸ್ಥಿತಿಯನ್ನು ಪರಿಶೀಲಿಸಿ ಮುಂದುವರಿಯಲು link ಬಳಸಿ ಎಂದು ಸೂಚಿಸಲಾಗಿದೆ. ಸಂಬಂಧಿತ service history ನಿಮ್ಮ official app ಅಥವಾ portalನಲ್ಲಿ ಪ್ರತ್ಯೇಕವಾಗಿ ಕಾಣಬಹುದು. ಸಂದೇಶದಲ್ಲಿರುವ ಸಮಯ, ಮೊತ್ತ ಮತ್ತು reference ವಿವರಗಳು service recordನಲ್ಲಿ ಕಾಣಿಸಬಹುದು. ನಿಮ್ಮ ಸಾಮಾನ್ಯ transaction record ಜೊತೆ ಈ ಸೂಚನೆಯನ್ನು ಪರಿಶೀಲಿಸುವುದು ಉಪಯುಕ್ತ.",Kannada,Phishing
"ಸೂಚನೆ: ನಿಮ್ಮ ಗ್ರಾಹಕ ಮಾಹಿತಿಯ ಮಾನ್ಯತಾ ಅವಧಿ ಮುಗಿಯುವ ಹಂತದಲ್ಲಿದೆ. ವಿನಂತಿಯನ್ನು active ಇರಿಸಲು ತಕ್ಷಣ action ತೆಗೆದುಕೊಳ್ಳಿ ಎಂದು ತಿಳಿಸಲಾಗಿದೆ. ಸಂದೇಶದಲ್ಲಿರುವ ಸಮಯ, ಮೊತ್ತ ಮತ್ತು reference ವಿವರಗಳು service recordನಲ್ಲಿ ಕಾಣಿಸಬಹುದು. ನಿಮ್ಮ ಸಾಮಾನ್ಯ transaction record ಜೊತೆ ಈ ಸೂಚನೆಯನ್ನು ಪರಿಶೀಲಿಸುವುದು ಉಪಯುಕ್ತ. Account ಸಂಬಂಧಿತ ವಿನಂತಿಗಳಿಗೆ ಈಗಾಗಲೇ ತಿಳಿದಿರುವ ಅಧಿಕೃತ contact channel ಮಾತ್ರ ಬಳಸಿ.",Kannada,Phishing
ಸೂಚನೆ: ನಿಮ್ಮ UPI ಪ್ರೊಫೈಲ್‌ನಲ್ಲಿ ಭದ್ರತಾ ಪರಿಶೀಲನೆ ಆರಂಭವಾಗಿದೆ. ಸೂಚಿಸಿದ page ತೆರೆಯಿ ಮತ್ತು ಕೇಳಲಾದ ಮಾಹಿತಿಯನ್ನು ನಮೂದಿಸಿ. ಕೇಳಲಾದ ಮೊತ್ತ ₹249. ನಿಮ್ಮ ಸಾಮಾನ್ಯ transaction record ಜೊತೆ ಈ ಸೂಚನೆಯನ್ನು ಪರಿಶೀಲಿಸುವುದು ಉಪಯುಕ್ತ. Account ಸಂಬಂಧಿತ ವಿನಂತಿಗಳಿಗೆ ಈಗಾಗಲೇ ತಿಳಿದಿರುವ ಅಧಿಕೃತ contact channel ಮಾತ್ರ ಬಳಸಿ. ಯಾವುದೇ ಸಮಸ್ಯೆಯಿದ್ದರೆ service providerನ ಅಧಿಕೃತ support option ಬಳಸಿ.,Kannada,Phishing
ಒಂದು UPI ವ್ಯವಹಾರಕ್ಕೆ ಹೆಚ್ಚುವರಿ ದೃಢೀಕರಣ ಅಗತ್ಯವಿದೆ. ಸ್ಥಿತಿಯನ್ನು ಪರಿಶೀಲಿಸಿ ಮುಂದುವರಿಯಲು link ಬಳಸಿ ಎಂದು ಸೂಚಿಸಲಾಗಿದೆ. Account ಸಂಬಂಧಿತ ವಿನಂತಿಗಳಿಗೆ ಈಗಾಗಲೇ ತಿಳಿದಿರುವ ಅಧಿಕೃತ contact channel ಮಾತ್ರ ಬಳಸಿ. ಯಾವುದೇ ಸಮಸ್ಯೆಯಿದ್ದರೆ service providerನ ಅಧಿಕೃತ support option ಬಳಸಿ. ಸೇವೆಯ ಸ್ಥಿತಿಯನ್ನು ನಂತರ ಅಧಿಕೃತ portalನಲ್ಲಿ ಮತ್ತೆ ಪರಿಶೀಲಿಸಬಹುದು. ಈ ಮಾಹಿತಿಯಲ್ಲಿರುವ ಸೇವಾ ವಿವರಗಳನ್ನು ನಿಮ್ಮ ಅಧಿಕೃತ accountನಲ್ಲಿ ಪರಿಶೀಲಿಸಬಹುದು.,Kannada,Phishing
ನಿಮ್ಮ UPI ಸೇವೆಯಲ್ಲಿ ಅನುಮಾನಾಸ್ಪದ ಚಟುವಟಿಕೆ ದಾಖಲಾಗಿದೆ. ವಿನಂತಿಯನ್ನು active ಇರಿಸಲು ತಕ್ಷಣ action ತೆಗೆದುಕೊಳ್ಳಿ ಎಂದು ತಿಳಿಸಲಾಗಿದೆ. ಯಾವುದೇ ಸಮಸ್ಯೆಯಿದ್ದರೆ service providerನ ಅಧಿಕೃತ support option ಬಳಸಿ. ಸೇವೆಯ ಸ್ಥಿತಿಯನ್ನು ನಂತರ ಅಧಿಕೃತ portalನಲ್ಲಿ ಮತ್ತೆ ಪರಿಶೀಲಿಸಬಹುದು. ಈ ಮಾಹಿತಿಯಲ್ಲಿರುವ ಸೇವಾ ವಿವರಗಳನ್ನು ನಿಮ್ಮ ಅಧಿಕೃತ accountನಲ್ಲಿ ಪರಿಶೀಲಿಸಬಹುದು. ಯಾವುದೇ payment ಅಥವಾ identity action ಮಾಡುವ ಮೊದಲು ಅಧಿಕೃತ ಮಾಹಿತಿಯನ್ನು ಹೋಲಿಸಿ ನೋಡಿ.,Kannada,Phishing
ನಿಮ್ಮ ಹೆಸರಿನ ಡಿಜಿಟಲ್ ಪಾವತಿ ವಿನಂತಿಯೊಂದು ಬಾಕಿಯಿದೆ. ಸೇವೆ ಸೀಮಿತಗೊಳ್ಳುವ ಮೊದಲು ಖಾತೆಯನ್ನು ದೃಢೀಕರಿಸಿ. hxxp://secure-check.example/verify ಸೇವೆಯ ಸ್ಥಿತಿಯನ್ನು ನಂತರ ಅಧಿಕೃತ portalನಲ್ಲಿ ಮತ್ತೆ ಪರಿಶೀಲಿಸಬಹುದು. ಈ ಮಾಹಿತಿಯಲ್ಲಿರುವ ಸೇವಾ ವಿವರಗಳನ್ನು ನಿಮ್ಮ ಅಧಿಕೃತ accountನಲ್ಲಿ ಪರಿಶೀಲಿಸಬಹುದು. ಯಾವುದೇ payment ಅಥವಾ identity action ಮಾಡುವ ಮೊದಲು ಅಧಿಕೃತ ಮಾಹಿತಿಯನ್ನು ಹೋಲಿಸಿ ನೋಡಿ. ಸಂಬಂಧಿತ service history ನಿಮ್ಮ official app ಅಥವಾ portalನಲ್ಲಿ ಪ್ರತ್ಯೇಕವಾಗಿ ಕಾಣಬಹುದು.,Kannada,Phishing
ನಿಮ್ಮ UPI refund ಬಿಡುಗಡೆಗೆ ಮುನ್ನ ಖಾತೆ ದೃಢೀಕರಣ ಕೇಳಲಾಗಿದೆ. ಈ activity ನಿಮ್ಮದಾಗಿರದಿದ್ದರೆ identity check ಪೂರ್ಣಗೊಳಿಸಿ. ಕೇಳಲಾದ ಮೊತ್ತ ₹1999. https://account-review.example/confirm ಈ ಮಾಹಿತಿಯಲ್ಲಿರುವ ಸೇವಾ ವಿವರಗಳನ್ನು ನಿಮ್ಮ ಅಧಿಕೃತ accountನಲ್ಲಿ ಪರಿಶೀಲಿಸಬಹುದು. ಯಾವುದೇ payment ಅಥವಾ identity action ಮಾಡುವ ಮೊದಲು ಅಧಿಕೃತ ಮಾಹಿತಿಯನ್ನು ಹೋಲಿಸಿ ನೋಡಿ. ಸಂಬಂಧಿತ service history ನಿಮ್ಮ official app ಅಥವಾ portalನಲ್ಲಿ ಪ್ರತ್ಯೇಕವಾಗಿ ಕಾಣಬಹುದು.,Kannada,Phishing
"ಸೂಚನೆ: ಪಾವತಿ ಸೇವೆಯು ನಿಮ್ಮ UPI accountಯನ್ನು verificationಗೆ ಗುರುತಿಸಿದೆ. ಮೊತ್ತ ಅಥವಾ ಸೇವೆ ಬಿಡುಗಡೆ ಮಾಡಲು account information ಕೇಳಲಾಗಿದೆ. http://kyc-alert.example/update ಯಾವುದೇ payment ಅಥವಾ identity action ಮಾಡುವ ಮೊದಲು ಅಧಿಕೃತ ಮಾಹಿತಿಯನ್ನು ಹೋಲಿಸಿ ನೋಡಿ. ಸಂಬಂಧಿತ service history ನಿಮ್ಮ official app ಅಥವಾ portalನಲ್ಲಿ ಪ್ರತ್ಯೇಕವಾಗಿ ಕಾಣಬಹುದು. ಸಂದೇಶದಲ್ಲಿರುವ ಸಮಯ, ಮೊತ್ತ ಮತ್ತು reference ವಿವರಗಳು service recordನಲ್ಲಿ ಕಾಣಿಸಬಹುದು.",Kannada,Phishing
"ನಿಮ್ಮ UPI ಪ್ರೊಫೈಲ್‌ನಲ್ಲಿ ಭದ್ರತಾ ಪರಿಶೀಲನೆ ಆರಂಭವಾಗಿದೆ. ಈಗ ನೀಡಿರುವ verification ಹಂತವನ್ನು ಪೂರ್ಣಗೊಳಿಸಿ. https://upi-support.example/resolve ಸಂಬಂಧಿತ service history ನಿಮ್ಮ official app ಅಥವಾ portalನಲ್ಲಿ ಪ್ರತ್ಯೇಕವಾಗಿ ಕಾಣಬಹುದು. ಸಂದೇಶದಲ್ಲಿರುವ ಸಮಯ, ಮೊತ್ತ ಮತ್ತು reference ವಿವರಗಳು service recordನಲ್ಲಿ ಕಾಣಿಸಬಹುದು. ನಿಮ್ಮ ಸಾಮಾನ್ಯ transaction record ಜೊತೆ ಈ ಸೂಚನೆಯನ್ನು ಪರಿಶೀಲಿಸುವುದು ಉಪಯುಕ್ತ.",Kannada,Phishing
"ಒಂದು UPI ವ್ಯವಹಾರಕ್ಕೆ ಹೆಚ್ಚುವರಿ ದೃಢೀಕರಣ ಅಗತ್ಯವಿದೆ. ಇಂದಿನ review window ಮುಗಿಯುವ ಮೊದಲು ಈ ಪ್ರಕ್ರಿಯೆ ಪೂರ್ಣಗೊಳ್ಳಬೇಕು. ಉಲ್ಲೇಖ: [REF_ID]. https://parcel-status.example/address ಸಂದೇಶದಲ್ಲಿರುವ ಸಮಯ, ಮೊತ್ತ ಮತ್ತು reference ವಿವರಗಳು service recordನಲ್ಲಿ ಕಾಣಿಸಬಹುದು. ನಿಮ್ಮ ಸಾಮಾನ್ಯ transaction record ಜೊತೆ ಈ ಸೂಚನೆಯನ್ನು ಪರಿಶೀಲಿಸುವುದು ಉಪಯುಕ್ತ. Account ಸಂಬಂಧಿತ ವಿನಂತಿಗಳಿಗೆ ಈಗಾಗಲೇ ತಿಳಿದಿರುವ ಅಧಿಕೃತ contact channel ಮಾತ್ರ ಬಳಸಿ.",Kannada,Phishing
ನಿಮ್ಮ UPI ಸೇವೆಯಲ್ಲಿ ಅನುಮಾನಾಸ್ಪದ ಚಟುವಟಿಕೆ ದಾಖಲಾಗಿದೆ. ಪರಿಶೀಲನೆ ವಿಫಲವಾದರೆ ಮುಂದಿನ ಸೇವೆಯನ್ನು ನಿಲ್ಲಿಸುವ ಎಚ್ಚರಿಕೆ ನೀಡಲಾಗಿದೆ. ಕೇಳಲಾದ ಮೊತ್ತ ₹1240. http://reward-center.example/claim ನಿಮ್ಮ ಸಾಮಾನ್ಯ transaction record ಜೊತೆ ಈ ಸೂಚನೆಯನ್ನು ಪರಿಶೀಲಿಸುವುದು ಉಪಯುಕ್ತ. Account ಸಂಬಂಧಿತ ವಿನಂತಿಗಳಿಗೆ ಈಗಾಗಲೇ ತಿಳಿದಿರುವ ಅಧಿಕೃತ contact channel ಮಾತ್ರ ಬಳಸಿ. ಯಾವುದೇ ಸಮಸ್ಯೆಯಿದ್ದರೆ service providerನ ಅಧಿಕೃತ support option ಬಳಸಿ.,Kannada,Phishing
ದಯವಿಟ್ಟು ಗಮನಿಸಿ — ನಿಮ್ಮ ಹೆಸರಿನ ಡಿಜಿಟಲ್ ಪಾವತಿ ವಿನಂತಿಯೊಂದು ಬಾಕಿಯಿದೆ. Security team ಹೆಸರಿನಲ್ಲಿ ತಕ್ಷಣ ಪ್ರತಿಕ್ರಿಯಿಸಲು ಸೂಚಿಸಲಾಗಿದೆ. https://job-selection.example/document Account ಸಂಬಂಧಿತ ವಿನಂತಿಗಳಿಗೆ ಈಗಾಗಲೇ ತಿಳಿದಿರುವ ಅಧಿಕೃತ contact channel ಮಾತ್ರ ಬಳಸಿ. ಯಾವುದೇ ಸಮಸ್ಯೆಯಿದ್ದರೆ service providerನ ಅಧಿಕೃತ support option ಬಳಸಿ. ಸೇವೆಯ ಸ್ಥಿತಿಯನ್ನು ನಂತರ ಅಧಿಕೃತ portalನಲ್ಲಿ ಮತ್ತೆ ಪರಿಶೀಲಿಸಬಹುದು.,Kannada,Phishing
ಸೂಚನೆ: ನಿಮ್ಮ UPI refund ಬಿಡುಗಡೆಗೆ ಮುನ್ನ ಖಾತೆ ದೃಢೀಕರಣ ಕೇಳಲಾಗಿದೆ. ಸೂಚಿಸಿದ page ತೆರೆಯಿ ಮತ್ತು ಕೇಳಲಾದ ಮಾಹಿತಿಯನ್ನು ನಮೂದಿಸಿ. https://card-security.example/review ಯಾವುದೇ ಸಮಸ್ಯೆಯಿದ್ದರೆ service providerನ ಅಧಿಕೃತ support option ಬಳಸಿ. ಸೇವೆಯ ಸ್ಥಿತಿಯನ್ನು ನಂತರ ಅಧಿಕೃತ portalನಲ್ಲಿ ಮತ್ತೆ ಪರಿಶೀಲಿಸಬಹುದು. ಈ ಮಾಹಿತಿಯಲ್ಲಿರುವ ಸೇವಾ ವಿವರಗಳನ್ನು ನಿಮ್ಮ ಅಧಿಕೃತ accountನಲ್ಲಿ ಪರಿಶೀಲಿಸಬಹುದು.,Kannada,Phishing
ಪಾವತಿ ಸೇವೆಯು ನಿಮ್ಮ UPI ಖಾತೆಯನ್ನು ಪರಿಶೀಲನೆಗೆ ಗುರುತಿಸಿದೆ. ಸ್ಥಿತಿಯನ್ನು ಪರಿಶೀಲಿಸಿ ಮುಂದುವರಿಯಲು link ಬಳಸಿ ಎಂದು ಸೂಚಿಸಲಾಗಿದೆ. http://utility-notice.example/pay ಸೇವೆಯ ಸ್ಥಿತಿಯನ್ನು ನಂತರ ಅಧಿಕೃತ portalನಲ್ಲಿ ಮತ್ತೆ ಪರಿಶೀಲಿಸಬಹುದು. ಈ ಮಾಹಿತಿಯಲ್ಲಿರುವ ಸೇವಾ ವಿವರಗಳನ್ನು ನಿಮ್ಮ ಅಧಿಕೃತ accountನಲ್ಲಿ ಪರಿಶೀಲಿಸಬಹುದು. ಯಾವುದೇ payment ಅಥವಾ identity action ಮಾಡುವ ಮೊದಲು ಅಧಿಕೃತ ಮಾಹಿತಿಯನ್ನು ಹೋಲಿಸಿ ನೋಡಿ.,Kannada,Phishing
ನಿಮ್ಮ UPI ಪ್ರೊಫೈಲ್‌ನಲ್ಲಿ ಭದ್ರತಾ verification ಆರಂಭವಾಗಿದೆ. ವಿನಂತಿಯನ್ನು active ಇರಿಸಲು ತಕ್ಷಣ action ತೆಗೆದುಕೊಳ್ಳಿ ಎಂದು ತಿಳಿಸಲಾಗಿದೆ. ಕೇಳಲಾದ ಮೊತ್ತ ₹850. https://profile-access.example/recover ಈ ಮಾಹಿತಿಯಲ್ಲಿರುವ ಸೇವಾ ವಿವರಗಳನ್ನು ನಿಮ್ಮ ಅಧಿಕೃತ accountನಲ್ಲಿ ಪರಿಶೀಲಿಸಬಹುದು. ಯಾವುದೇ payment ಅಥವಾ identity action ಮಾಡುವ ಮೊದಲು ಅಧಿಕೃತ ಮಾಹಿತಿಯನ್ನು ಹೋಲಿಸಿ ನೋಡಿ. ಸಂಬಂಧಿತ service history ನಿಮ್ಮ official app ಅಥವಾ portalನಲ್ಲಿ ಪ್ರತ್ಯೇಕವಾಗಿ ಕಾಣಬಹುದು.,Kannada,Phishing
"ಒಂದು UPI ವ್ಯವಹಾರಕ್ಕೆ ಹೆಚ್ಚುವರಿ ದೃಢೀಕರಣ ಅಗತ್ಯವಿದೆ. ಸೇವೆ ಸೀಮಿತಗೊಳ್ಳುವ ಮೊದಲು ಖಾತೆಯನ್ನು ದೃಢೀಕರಿಸಿ. hxxp://secure-check.example/verify ಯಾವುದೇ payment ಅಥವಾ identity action ಮಾಡುವ ಮೊದಲು ಅಧಿಕೃತ ಮಾಹಿತಿಯನ್ನು ಹೋಲಿಸಿ ನೋಡಿ. ಸಂಬಂಧಿತ service history ನಿಮ್ಮ official app ಅಥವಾ portalನಲ್ಲಿ ಪ್ರತ್ಯೇಕವಾಗಿ ಕಾಣಬಹುದು. ಸಂದೇಶದಲ್ಲಿರುವ ಸಮಯ, ಮೊತ್ತ ಮತ್ತು reference ವಿವರಗಳು service recordನಲ್ಲಿ ಕಾಣಿಸಬಹುದು.",Kannada,Phishing
"ನಿಮ್ಮ UPI ಸೇವೆಯಲ್ಲಿ ಅನುಮಾನಾಸ್ಪದ ಚಟುವಟಿಕೆ ದಾಖಲಾಗಿದೆ. ಈ activity ನಿಮ್ಮದಾಗಿರದಿದ್ದರೆ identity check ಪೂರ್ಣಗೊಳಿಸಿ. ಉಲ್ಲೇಖ: [REF_ID]. ಸಂಬಂಧಿತ service history ನಿಮ್ಮ official app ಅಥವಾ portalನಲ್ಲಿ ಪ್ರತ್ಯೇಕವಾಗಿ ಕಾಣಬಹುದು. ಸಂದೇಶದಲ್ಲಿರುವ ಸಮಯ, ಮೊತ್ತ ಮತ್ತು reference ವಿವರಗಳು service recordನಲ್ಲಿ ಕಾಣಿಸಬಹುದು. ನಿಮ್ಮ ಸಾಮಾನ್ಯ transaction record ಜೊತೆ ಈ ಸೂಚನೆಯನ್ನು ಪರಿಶೀಲಿಸುವುದು ಉಪಯುಕ್ತ.",Kannada,Phishing
"ಸೂಚನೆ: ನಿಮ್ಮ ಹೆಸರಿನ ಡಿಜಿಟಲ್ ಪಾವತಿ ವಿನಂತಿಯೊಂದು ಬಾಕಿಯಿದೆ. ಮೊತ್ತ ಅಥವಾ ಸೇವೆ ಬಿಡುಗಡೆ ಮಾಡಲು account information ಕೇಳಲಾಗಿದೆ. ಸಂದೇಶದಲ್ಲಿರುವ ಸಮಯ, ಮೊತ್ತ ಮತ್ತು reference ವಿವರಗಳು service recordನಲ್ಲಿ ಕಾಣಿಸಬಹುದು. ನಿಮ್ಮ ಸಾಮಾನ್ಯ transaction record ಜೊತೆ ಈ ಸೂಚನೆಯನ್ನು ಪರಿಶೀಲಿಸುವುದು ಉಪಯುಕ್ತ. Account ಸಂಬಂಧಿತ ವಿನಂತಿಗಳಿಗೆ ಈಗಾಗಲೇ ತಿಳಿದಿರುವ ಅಧಿಕೃತ contact channel ಮಾತ್ರ ಬಳಸಿ.",Kannada,Phishing
ನಿಮ್ಮ UPI refund ಬಿಡುಗಡೆಗೆ ಮುನ್ನ ಖಾತೆ ದೃಢೀಕರಣ ಕೇಳಲಾಗಿದೆ. ಈಗ ನೀಡಿರುವ verification ಹಂತವನ್ನು ಪೂರ್ಣಗೊಳಿಸಿ. ಕೇಳಲಾದ ಮೊತ್ತ ₹499. ನಿಮ್ಮ ಸಾಮಾನ್ಯ transaction record ಜೊತೆ ಈ ಸೂಚನೆಯನ್ನು ಪರಿಶೀಲಿಸುವುದು ಉಪಯುಕ್ತ. Account ಸಂಬಂಧಿತ ವಿನಂತಿಗಳಿಗೆ ಈಗಾಗಲೇ ತಿಳಿದಿರುವ ಅಧಿಕೃತ contact channel ಮಾತ್ರ ಬಳಸಿ. ಯಾವುದೇ ಸಮಸ್ಯೆಯಿದ್ದರೆ service providerನ ಅಧಿಕೃತ support option ಬಳಸಿ.,Kannada,Phishing
ಪಾವತಿ ಸೇವೆಯು ನಿಮ್ಮ UPI ಖಾತೆಯನ್ನು ಪರಿಶೀಲನೆಗೆ ಗುರುತಿಸಿದೆ. ಇಂದಿನ review window ಮುಗಿಯುವ ಮೊದಲು ಈ ಪ್ರಕ್ರಿಯೆ ಪೂರ್ಣಗೊಳ್ಳಬೇಕು. Account ಸಂಬಂಧಿತ ವಿನಂತಿಗಳಿಗೆ ಈಗಾಗಲೇ ತಿಳಿದಿರುವ ಅಧಿಕೃತ contact channel ಮಾತ್ರ ಬಳಸಿ. ಯಾವುದೇ ಸಮಸ್ಯೆಯಿದ್ದರೆ service providerನ ಅಧಿಕೃತ support option ಬಳಸಿ. ಸೇವೆಯ ಸ್ಥಿತಿಯನ್ನು ನಂತರ ಅಧಿಕೃತ portalನಲ್ಲಿ ಮತ್ತೆ ಪರಿಶೀಲಿಸಬಹುದು.,Kannada,Phishing
ದಯವಿಟ್ಟು ಗಮನಿಸಿ — ನಿಮ್ಮ UPI ಪ್ರೊಫೈಲ್‌ನಲ್ಲಿ ಭದ್ರತಾ ಪರಿಶೀಲನೆ ಆರಂಭವಾಗಿದೆ. ಪರಿಶೀಲನೆ ವಿಫಲವಾದರೆ ಮುಂದಿನ ಸೇವೆಯನ್ನು ನಿಲ್ಲಿಸುವ ಎಚ್ಚರಿಕೆ ನೀಡಲಾಗಿದೆ. ಯಾವುದೇ ಸಮಸ್ಯೆಯಿದ್ದರೆ service providerನ ಅಧಿಕೃತ support option ಬಳಸಿ. ಸೇವೆಯ ಸ್ಥಿತಿಯನ್ನು ನಂತರ ಅಧಿಕೃತ portalನಲ್ಲಿ ಮತ್ತೆ ಪರಿಶೀಲಿಸಬಹುದು. ಈ ಮಾಹಿತಿಯಲ್ಲಿರುವ ಸೇವಾ ವಿವರಗಳನ್ನು ನಿಮ್ಮ ಅಧಿಕೃತ accountನಲ್ಲಿ ಪರಿಶೀಲಿಸಬಹುದು. ಯಾವುದೇ payment ಅಥವಾ identity action ಮಾಡುವ ಮೊದಲು ಅಧಿಕೃತ ಮಾಹಿತಿಯನ್ನು ಹೋಲಿಸಿ ನೋಡಿ.,Kannada,Phishing
ಒಂದು UPI ವ್ಯವಹಾರಕ್ಕೆ ಹೆಚ್ಚುವರಿ ದೃಢೀಕರಣ ಅಗತ್ಯವಿದೆ. Security team ಹೆಸರಿನಲ್ಲಿ ತಕ್ಷಣ ಪ್ರತಿಕ್ರಿಯಿಸಲು ಸೂಚಿಸಲಾಗಿದೆ. ಸೇವೆಯ ಸ್ಥಿತಿಯನ್ನು ನಂತರ ಅಧಿಕೃತ portalನಲ್ಲಿ ಮತ್ತೆ ಪರಿಶೀಲಿಸಬಹುದು. ಈ ಮಾಹಿತಿಯಲ್ಲಿರುವ ಸೇವಾ ವಿವರಗಳನ್ನು ನಿಮ್ಮ ಅಧಿಕೃತ accountನಲ್ಲಿ ಪರಿಶೀಲಿಸಬಹುದು. ಯಾವುದೇ payment ಅಥವಾ identity action ಮಾಡುವ ಮೊದಲು ಅಧಿಕೃತ ಮಾಹಿತಿಯನ್ನು ಹೋಲಿಸಿ ನೋಡಿ. ಸಂಬಂಧಿತ service history ನಿಮ್ಮ official app ಅಥವಾ portalನಲ್ಲಿ ಪ್ರತ್ಯೇಕವಾಗಿ ಕಾಣಬಹುದು.,Kannada,Phishing
ಸೂಚನೆ: ನಿಮ್ಮ UPI ಸೇವೆಯಲ್ಲಿ ಅನುಮಾನಾಸ್ಪದ ಚಟುವಟಿಕೆ ದಾಖಲಾಗಿದೆ. ಸೂಚಿಸಿದ page ತೆರೆಯಿ ಮತ್ತು ಕೇಳಲಾದ ಮಾಹಿತಿಯನ್ನು ನಮೂದಿಸಿ. ಕೇಳಲಾದ ಮೊತ್ತ ₹249. ಈ ಮಾಹಿತಿಯಲ್ಲಿರುವ ಸೇವಾ ವಿವರಗಳನ್ನು ನಿಮ್ಮ ಅಧಿಕೃತ accountನಲ್ಲಿ ಪರಿಶೀಲಿಸಬಹುದು. ಯಾವುದೇ payment ಅಥವಾ identity action ಮಾಡುವ ಮೊದಲು ಅಧಿಕೃತ ಮಾಹಿತಿಯನ್ನು ಹೋಲಿಸಿ ನೋಡಿ. ಸಂಬಂಧಿತ service history ನಿಮ್ಮ official app ಅಥವಾ portalನಲ್ಲಿ ಪ್ರತ್ಯೇಕವಾಗಿ ಕಾಣಬಹುದು.,Kannada,Phishing
"Nimma ಹೆಸರಿನ ಡಿಜಿಟಲ್ ಪಾವತಿ ವಿನಂತಿಯೊಂದು ಬಾಕಿಯಿದೆ. ಸ್ಥಿತಿಯನ್ನು ಪರಿಶೀಲಿಸಿ ಮುಂದುವರಿಯಲು link ಬಳಸಿ ಎಂದು ಸೂಚಿಸಲಾಗಿದೆ. ಉಲ್ಲೇಖ: [REF_ID]. ಯಾವುದೇ payment ಅಥವಾ identity action ಮಾಡುವ ಮೊದಲು ಅಧಿಕೃತ ಮಾಹಿತಿಯನ್ನು ಹೋಲಿಸಿ ನೋಡಿ. ಸಂಬಂಧಿತ service history ನಿಮ್ಮ official app ಅಥವಾ portalನಲ್ಲಿ ಪ್ರತ್ಯೇಕವಾಗಿ ಕಾಣಬಹುದು. ಸಂದೇಶದಲ್ಲಿರುವ ಸಮಯ, ಮೊತ್ತ ಮತ್ತು reference ವಿವರಗಳು service recordನಲ್ಲಿ ಕಾಣಿಸಬಹುದು.",Kannada,Phishing
"ನಿಮ್ಮ UPI refund ಬಿಡುಗಡೆಗೆ ಮುನ್ನ ಖಾತೆ ದೃಢೀಕರಣ ಕೇಳಲಾಗಿದೆ. ವಿನಂತಿಯನ್ನು active ಇರಿಸಲು ತಕ್ಷಣ action ತೆಗೆದುಕೊಳ್ಳಿ ಎಂದು ತಿಳಿಸಲಾಗಿದೆ. ಸಂಬಂಧಿತ service history ನಿಮ್ಮ official app ಅಥವಾ portalನಲ್ಲಿ ಪ್ರತ್ಯೇಕವಾಗಿ ಕಾಣಬಹುದು. ಸಂದೇಶದಲ್ಲಿರುವ ಸಮಯ, ಮೊತ್ತ ಮತ್ತು reference ವಿವರಗಳು service recordನಲ್ಲಿ ಕಾಣಿಸಬಹುದು. ನಿಮ್ಮ ಸಾಮಾನ್ಯ transaction record ಜೊತೆ ಈ ಸೂಚನೆಯನ್ನು ಪರಿಶೀಲಿಸುವುದು ಉಪಯುಕ್ತ.",Kannada,Phishing
"ಪಾವತಿ ಸೇವೆಯು ನಿಮ್ಮ UPI ಖಾತೆಯನ್ನು ಪರಿಶೀಲನೆಗೆ ಗುರುತಿಸಿದೆ. ಸೇವೆ ಸೀಮಿತಗೊಳ್ಳುವ ಮೊದಲು ಖಾತೆಯನ್ನು ದೃಢೀಕರಿಸಿ. hxxp://secure-check.example/verify ಸಂದೇಶದಲ್ಲಿರುವ ಸಮಯ, ಮೊತ್ತ ಮತ್ತು reference ವಿವರಗಳು service recordನಲ್ಲಿ ಕಾಣಿಸಬಹುದು. ನಿಮ್ಮ ಸಾಮಾನ್ಯ transaction record ಜೊತೆ ಈ ಸೂಚನೆಯನ್ನು ಪರಿಶೀಲಿಸುವುದು ಉಪಯುಕ್ತ. Account ಸಂಬಂಧಿತ ವಿನಂತಿಗಳಿಗೆ ಈಗಾಗಲೇ ತಿಳಿದಿರುವ ಅಧಿಕೃತ contact channel ಮಾತ್ರ ಬಳಸಿ.",Kannada,Phishing
ನಿಮ್ಮ UPI ಪ್ರೊಫೈಲ್‌ನಲ್ಲಿ ಭದ್ರತಾ ಪರಿಶೀಲನೆ ಆರಂಭವಾಗಿದೆ. ಈ activity ನಿಮ್ಮದಾಗಿರದಿದ್ದರೆ identity check ಪೂರ್ಣಗೊಳಿಸಿ. ಕೇಳಲಾದ ಮೊತ್ತ ₹1999. https://account-review.example/confirm ನಿಮ್ಮ ಸಾಮಾನ್ಯ transaction record ಜೊತೆ ಈ ಸೂಚನೆಯನ್ನು ಪರಿಶೀಲಿಸುವುದು ಉಪಯುಕ್ತ. Account ಸಂಬಂಧಿತ ವಿನಂತಿಗಳಿಗೆ ಈಗಾಗಲೇ ತಿಳಿದಿರುವ ಅಧಿಕೃತ contact channel ಮಾತ್ರ ಬಳಸಿ. ಯಾವುದೇ ಸಮಸ್ಯೆಯಿದ್ದರೆ service providerನ ಅಧಿಕೃತ support option ಬಳಸಿ.,Kannada,Phishing
ಸೂಚನೆ: ಒಂದು UPI ವ್ಯವಹಾರಕ್ಕೆ ಹೆಚ್ಚುವರಿ ದೃಢೀಕರಣ ಅಗತ್ಯವಿದೆ. ಮೊತ್ತ ಅಥವಾ ಸೇವೆ ಬಿಡುಗಡೆ ಮಾಡಲು account information ಕೇಳಲಾಗಿದೆ. http://kyc-alert.example/update Account ಸಂಬಂಧಿತ ವಿನಂತಿಗಳಿಗೆ ಈಗಾಗಲೇ ತಿಳಿದಿರುವ ಅಧಿಕೃತ contact channel ಮಾತ್ರ ಬಳಸಿ. ಯಾವುದೇ ಸಮಸ್ಯೆಯಿದ್ದರೆ service providerನ ಅಧಿಕೃತ support option ಬಳಸಿ. ಸೇವೆಯ ಸ್ಥಿತಿಯನ್ನು ನಂತರ ಅಧಿಕೃತ portalನಲ್ಲಿ ಮತ್ತೆ ಪರಿಶೀಲಿಸಬಹುದು.,Kannada,Phishing
ನಿಮ್ಮ UPI ಸೇವೆಯಲ್ಲಿ ಅನುಮಾನಾಸ್ಪದ ಚಟುವಟಿಕೆ ದಾಖಲಾಗಿದೆ. ಈಗ ನೀಡಿರುವ verification ಹಂತವನ್ನು ಪೂರ್ಣಗೊಳಿಸಿ. https://upi-support.example/resolve ಯಾವುದೇ ಸಮಸ್ಯೆಯಿದ್ದರೆ service providerನ ಅಧಿಕೃತ support option ಬಳಸಿ. ಸೇವೆಯ ಸ್ಥಿತಿಯನ್ನು ನಂತರ ಅಧಿಕೃತ portalನಲ್ಲಿ ಮತ್ತೆ ಪರಿಶೀಲಿಸಬಹುದು. ಈ ಮಾಹಿತಿಯಲ್ಲಿರುವ ಸೇವಾ ವಿವರಗಳನ್ನು ನಿಮ್ಮ ಅಧಿಕೃತ accountನಲ್ಲಿ ಪರಿಶೀಲಿಸಬಹುದು. ಯಾವುದೇ payment ಅಥವಾ identity action ಮಾಡುವ ಮೊದಲು ಅಧಿಕೃತ ಮಾಹಿತಿಯನ್ನು ಹೋಲಿಸಿ ನೋಡಿ.,Kannada,Phishing
ದಯವಿಟ್ಟು ಗಮನಿಸಿ — ನಿಮ್ಮ ಹೆಸರಿನ ಡಿಜಿಟಲ್ ಪಾವತಿ ವಿನಂತಿಯೊಂದು ಬಾಕಿಯಿದೆ. ಇಂದಿನ review window ಮುಗಿಯುವ ಮೊದಲು ಈ ಪ್ರಕ್ರಿಯೆ ಪೂರ್ಣಗೊಳ್ಳಬೇಕು. https://parcel-status.example/address ಸೇವೆಯ ಸ್ಥಿತಿಯನ್ನು ನಂತರ ಅಧಿಕೃತ portalನಲ್ಲಿ ಮತ್ತೆ ಪರಿಶೀಲಿಸಬಹುದು. ಈ ಮಾಹಿತಿಯಲ್ಲಿರುವ ಸೇವಾ ವಿವರಗಳನ್ನು ನಿಮ್ಮ ಅಧಿಕೃತ accountನಲ್ಲಿ ಪರಿಶೀಲಿಸಬಹುದು. ಯಾವುದೇ payment ಅಥವಾ identity action ಮಾಡುವ ಮೊದಲು ಅಧಿಕೃತ ಮಾಹಿತಿಯನ್ನು ಹೋಲಿಸಿ ನೋಡಿ.,Kannada,Phishing
ನಿಮ್ಮ UPI refund ಬಿಡುಗಡೆಗೆ ಮುನ್ನ ಖಾತೆ ದೃಢೀಕರಣ ಕೇಳಲಾಗಿದೆ. ಪರಿಶೀಲನೆ ವಿಫಲವಾದರೆ ಮುಂದಿನ ಸೇವೆಯನ್ನು ನಿಲ್ಲಿಸುವ ಎಚ್ಚರಿಕೆ ನೀಡಲಾಗಿದೆ. ಉಲ್ಲೇಖ: [REF_ID]. ಕೇಳಲಾದ ಮೊತ್ತ ₹1240. http://reward-center.example/claim,Kannada,Phishing
"ಪಾವತಿ ಸೇವೆಯು ನಿಮ್ಮ UPI ಖಾತೆಯನ್ನು ಪರಿಶೀಲನೆಗೆ ಗುರುತಿಸಿದೆ. Security team ಹೆಸರಿನಲ್ಲಿ ತಕ್ಷಣ ಪ್ರತಿಕ್ರಿಯಿಸಲು ಸೂಚಿಸಲಾಗಿದೆ. https://job-selection.example/document ಯಾವುದೇ payment ಅಥವಾ identity action ಮಾಡುವ ಮೊದಲು ಅಧಿಕೃತ ಮಾಹಿತಿಯನ್ನು ಹೋಲಿಸಿ ನೋಡಿ. ಸಂಬಂಧಿತ service history ನಿಮ್ಮ official app ಅಥವಾ portalನಲ್ಲಿ ಪ್ರತ್ಯೇಕವಾಗಿ ಕಾಣಬಹುದು. ಸಂದೇಶದಲ್ಲಿರುವ ಸಮಯ, ಮೊತ್ತ ಮತ್ತು reference ವಿವರಗಳು service recordನಲ್ಲಿ ಕಾಣಿಸಬಹುದು.",Kannada,Phishing
"ಸೂಚನೆ: ನಿಮ್ಮ UPI ಪ್ರೊಫೈಲ್‌ನಲ್ಲಿ ಭದ್ರತಾ ಪರಿಶೀಲನೆ ಆರಂಭವಾಗಿದೆ. ಸೂಚಿಸಿದ page ತೆರೆಯಿ ಮತ್ತು ಕೇಳಲಾದ ಮಾಹಿತಿಯನ್ನು ನಮೂದಿಸಿ. https://card-security.example/review ಸಂಬಂಧಿತ service history ನಿಮ್ಮ official app ಅಥವಾ portalನಲ್ಲಿ ಪ್ರತ್ಯೇಕವಾಗಿ ಕಾಣಬಹುದು. ಸಂದೇಶದಲ್ಲಿರುವ ಸಮಯ, ಮೊತ್ತ ಮತ್ತು reference ವಿವರಗಳು service recordನಲ್ಲಿ ಕಾಣಿಸಬಹುದು. ನಿಮ್ಮ ಸಾಮಾನ್ಯ transaction record ಜೊತೆ ಈ ಸೂಚನೆಯನ್ನು ಪರಿಶೀಲಿಸುವುದು ಉಪಯುಕ್ತ.",Kannada,Phishing
"ಒಂದು UPI ವ್ಯವಹಾರಕ್ಕೆ ಹೆಚ್ಚುವರಿ ದೃಢೀಕರಣ ಅಗತ್ಯವಿದೆ. ಸ್ಥಿತಿಯನ್ನು ಪರಿಶೀಲಿಸಿ ಮುಂದುವರಿಯಲು link ಬಳಸಿ ಎಂದು ಸೂಚಿಸಲಾಗಿದೆ. http://utility-notice.example/pay ಸಂದೇಶದಲ್ಲಿರುವ ಸಮಯ, ಮೊತ್ತ ಮತ್ತು reference ವಿವರಗಳು service recordನಲ್ಲಿ ಕಾಣಿಸಬಹುದು. ನಿಮ್ಮ ಸಾಮಾನ್ಯ transaction record ಜೊತೆ ಈ ಸೂಚನೆಯನ್ನು ಪರಿಶೀಲಿಸುವುದು ಉಪಯುಕ್ತ. Account ಸಂಬಂಧಿತ ವಿನಂತಿಗಳಿಗೆ ಈಗಾಗಲೇ ತಿಳಿದಿರುವ ಅಧಿಕೃತ contact channel ಮಾತ್ರ ಬಳಸಿ.",Kannada,Phishing
ನಿಮ್ಮ UPI ಸೇವೆಯಲ್ಲಿ ಅನುಮಾನಾಸ್ಪದ ಚಟುವಟಿಕೆ ದಾಖಲಾಗಿದೆ. ವಿನಂತಿಯನ್ನು active ಇರಿಸಲು ತಕ್ಷಣ action ತೆಗೆದುಕೊಳ್ಳಿ ಎಂದು ತಿಳಿಸಲಾಗಿದೆ. ಕೇಳಲಾದ ಮೊತ್ತ ₹850. https://profile-access.example/recover ನಿಮ್ಮ ಸಾಮಾನ್ಯ transaction record ಜೊತೆ ಈ ಸೂಚನೆಯನ್ನು ಪರಿಶೀಲಿಸುವುದು ಉಪಯುಕ್ತ. Account ಸಂಬಂಧಿತ ವಿನಂತಿಗಳಿಗೆ ಈಗಾಗಲೇ ತಿಳಿದಿರುವ ಅಧಿಕೃತ contact channel ಮಾತ್ರ ಬಳಸಿ. ಯಾವುದೇ ಸಮಸ್ಯೆಯಿದ್ದರೆ service providerನ ಅಧಿಕೃತ support option ಬಳಸಿ.,Kannada,Phishing
ನಿಮ್ಮ ಹೆಸರಿನ ಡಿಜಿಟಲ್ ಪಾವತಿ ವಿನಂತಿಯೊಂದು ಬಾಕಿಯಿದೆ. ಸೇವೆ ಸೀಮಿತಗೊಳ್ಳುವ ಮೊದಲು accountಯನ್ನು ದೃಢೀಕರಿಸಿ. hxxp://secure-check.example/verify Account ಸಂಬಂಧಿತ ವಿನಂತಿಗಳಿಗೆ ಈಗಾಗಲೇ ತಿಳಿದಿರುವ ಅಧಿಕೃತ contact channel ಮಾತ್ರ ಬಳಸಿ. ಯಾವುದೇ ಸಮಸ್ಯೆಯಿದ್ದರೆ service providerನ ಅಧಿಕೃತ support option ಬಳಸಿ. ಸೇವೆಯ ಸ್ಥಿತಿಯನ್ನು ನಂತರ ಅಧಿಕೃತ portalನಲ್ಲಿ ಮತ್ತೆ ಪರಿಶೀಲಿಸಬಹುದು. ಈ ಮಾಹಿತಿಯಲ್ಲಿರುವ ಸೇವಾ ವಿವರಗಳನ್ನು ನಿಮ್ಮ ಅಧಿಕೃತ accountನಲ್ಲಿ ಪರಿಶೀಲಿಸಬಹುದು.,Kannada,Phishing
ನಿಮ್ಮ UPI refund ಬಿಡುಗಡೆಗೆ ಮುನ್ನ ಖಾತೆ ದೃಢೀಕರಣ ಕೇಳಲಾಗಿದೆ. ಈ activity ನಿಮ್ಮದಾಗಿರದಿದ್ದರೆ identity check ಪೂರ್ಣಗೊಳಿಸಿ. ಯಾವುದೇ ಸಮಸ್ಯೆಯಿದ್ದರೆ service providerನ ಅಧಿಕೃತ support option ಬಳಸಿ. ಸೇವೆಯ ಸ್ಥಿತಿಯನ್ನು ನಂತರ ಅಧಿಕೃತ portalನಲ್ಲಿ ಮತ್ತೆ ಪರಿಶೀಲಿಸಬಹುದು. ಈ ಮಾಹಿತಿಯಲ್ಲಿರುವ ಸೇವಾ ವಿವರಗಳನ್ನು ನಿಮ್ಮ ಅಧಿಕೃತ accountನಲ್ಲಿ ಪರಿಶೀಲಿಸಬಹುದು. ಯಾವುದೇ payment ಅಥವಾ identity action ಮಾಡುವ ಮೊದಲು ಅಧಿಕೃತ ಮಾಹಿತಿಯನ್ನು ಹೋಲಿಸಿ ನೋಡಿ.,Kannada,Phishing
ಸೂಚನೆ: ಪಾವತಿ ಸೇವೆಯು ನಿಮ್ಮ UPI ಖಾತೆಯನ್ನು ಪರಿಶೀಲನೆಗೆ ಗುರುತಿಸಿದೆ. ಮೊತ್ತ ಅಥವಾ ಸೇವೆ ಬಿಡುಗಡೆ ಮಾಡಲು account information ಕೇಳಲಾಗಿದೆ. ಸೇವೆಯ ಸ್ಥಿತಿಯನ್ನು ನಂತರ ಅಧಿಕೃತ portalನಲ್ಲಿ ಮತ್ತೆ ಪರಿಶೀಲಿಸಬಹುದು. ಈ ಮಾಹಿತಿಯಲ್ಲಿರುವ ಸೇವಾ ವಿವರಗಳನ್ನು ನಿಮ್ಮ ಅಧಿಕೃತ accountನಲ್ಲಿ ಪರಿಶೀಲಿಸಬಹುದು. ಯಾವುದೇ payment ಅಥವಾ identity action ಮಾಡುವ ಮೊದಲು ಅಧಿಕೃತ ಮಾಹಿತಿಯನ್ನು ಹೋಲಿಸಿ ನೋಡಿ.,Kannada,Phishing
ಸೂಚನೆ: ನಿಮ್ಮ ಖಾತೆಗೆ ಹೊಸ device ಮೂಲಕ login ಪ್ರಯತ್ನ ದಾಖಲಾಗಿದೆ. ಸೂಚಿಸಿದ page ತೆರೆಯಿ ಮತ್ತು ಕೇಳಲಾದ ಮಾಹಿತಿಯನ್ನು ನಮೂದಿಸಿ. ಕೇಳಲಾದ ಮೊತ್ತ ₹249. ಈ ಮಾಹಿತಿಯಲ್ಲಿರುವ ಸೇವಾ ವಿವರಗಳನ್ನು ನಿಮ್ಮ ಅಧಿಕೃತ accountನಲ್ಲಿ ಪರಿಶೀಲಿಸಬಹುದು. ಯಾವುದೇ payment ಅಥವಾ identity action ಮಾಡುವ ಮೊದಲು ಅಧಿಕೃತ ಮಾಹಿತಿಯನ್ನು ಹೋಲಿಸಿ ನೋಡಿ. ಸಂಬಂಧಿತ service history ನಿಮ್ಮ official app ಅಥವಾ portalನಲ್ಲಿ ಪ್ರತ್ಯೇಕವಾಗಿ ಕಾಣಬಹುದು.,Kannada,Phishing
"ಮೊಬೈಲ್ ಪರಿಶೀಲನೆ ವಿನಂತಿ ಇನ್ನೂ ಪೂರ್ಣಗೊಂಡಿಲ್ಲ. ಸ್ಥಿತಿಯನ್ನು ಪರಿಶೀಲಿಸಿ ಮುಂದುವರಿಯಲು link ಬಳಸಿ ಎಂದು ಸೂಚಿಸಲಾಗಿದೆ. ಯಾವುದೇ payment ಅಥವಾ identity action ಮಾಡುವ ಮೊದಲು ಅಧಿಕೃತ ಮಾಹಿತಿಯನ್ನು ಹೋಲಿಸಿ ನೋಡಿ. ಸಂಬಂಧಿತ service history ನಿಮ್ಮ official app ಅಥವಾ portalನಲ್ಲಿ ಪ್ರತ್ಯೇಕವಾಗಿ ಕಾಣಬಹುದು. ಸಂದೇಶದಲ್ಲಿರುವ ಸಮಯ, ಮೊತ್ತ ಮತ್ತು reference ವಿವರಗಳು service recordನಲ್ಲಿ ಕಾಣಿಸಬಹುದು.",Kannada,Phishing
"ನಿಮ್ಮ profileಗೆ security confirmation ಬೇಕಾಗಿದೆ. ವಿನಂತಿಯನ್ನು active ಇರಿಸಲು ತಕ್ಷಣ action ತೆಗೆದುಕೊಳ್ಳಿ ಎಂದು ತಿಳಿಸಲಾಗಿದೆ. ಸಂಬಂಧಿತ service history ನಿಮ್ಮ official app ಅಥವಾ portalನಲ್ಲಿ ಪ್ರತ್ಯೇಕವಾಗಿ ಕಾಣಬಹುದು. ಸಂದೇಶದಲ್ಲಿರುವ ಸಮಯ, ಮೊತ್ತ ಮತ್ತು reference ವಿವರಗಳು service recordನಲ್ಲಿ ಕಾಣಿಸಬಹುದು. ನಿಮ್ಮ ಸಾಮಾನ್ಯ transaction record ಜೊತೆ ಈ ಸೂಚನೆಯನ್ನು ಪರಿಶೀಲಿಸುವುದು ಉಪಯುಕ್ತ.",Kannada,Phishing
"ಹೊಸ ಸಾಧನದಿಂದ ಖಾತೆ ಪ್ರವೇಶಿಸುವ ಪ್ರಯತ್ನ ಕಂಡುಬಂದಿದೆ. ಸೇವೆ ಸೀಮಿತಗೊಳ್ಳುವ ಮೊದಲು ಖಾತೆಯನ್ನು ದೃಢೀಕರಿಸಿ. ಸಂದೇಶದಲ್ಲಿರುವ ಸಮಯ, ಮೊತ್ತ ಮತ್ತು reference ವಿವರಗಳು service recordನಲ್ಲಿ ಕಾಣಿಸಬಹುದು. ನಿಮ್ಮ ಸಾಮಾನ್ಯ transaction record ಜೊತೆ ಈ ಸೂಚನೆಯನ್ನು ಪರಿಶೀಲಿಸುವುದು ಉಪಯುಕ್ತ. Account ಸಂಬಂಧಿತ ವಿನಂತಿಗಳಿಗೆ ಈಗಾಗಲೇ ತಿಳಿದಿರುವ ಅಧಿಕೃತ contact channel ಮಾತ್ರ ಬಳಸಿ. ಯಾವುದೇ ಸಮಸ್ಯೆಯಿದ್ದರೆ service providerನ ಅಧಿಕೃತ support option ಬಳಸಿ.",Kannada,Phishing
ನಿಮ್ಮ login sessionಗೆ ಹೆಚ್ಚುವರಿ ದೃಢೀಕರಣ ಕೇಳಲಾಗಿದೆ. ಈ activity ನಿಮ್ಮದಾಗಿರದಿದ್ದರೆ identity check ಪೂರ್ಣಗೊಳಿಸಿ. ಕೇಳಲಾದ ಮೊತ್ತ ₹1999. ನಿಮ್ಮ ಸಾಮಾನ್ಯ transaction record ಜೊತೆ ಈ ಸೂಚನೆಯನ್ನು ಪರಿಶೀಲಿಸುವುದು ಉಪಯುಕ್ತ. Account ಸಂಬಂಧಿತ ವಿನಂತಿಗಳಿಗೆ ಈಗಾಗಲೇ ತಿಳಿದಿರುವ ಅಧಿಕೃತ contact channel ಮಾತ್ರ ಬಳಸಿ. ಯಾವುದೇ ಸಮಸ್ಯೆಯಿದ್ದರೆ service providerನ ಅಧಿಕೃತ support option ಬಳಸಿ.,Kannada,Phishing
ಸೂಚನೆ: ಖಾತೆ recovery ವಿನಂತಿಯೊಂದು ನಿಮ್ಮ ಸಂಖ್ಯೆಗೆ ಸಂಬಂಧಿಸಿದೆ. ಮೊತ್ತ ಅಥವಾ ಸೇವೆ ಬಿಡುಗಡೆ ಮಾಡಲು account information ಕೇಳಲಾಗಿದೆ. Account ಸಂಬಂಧಿತ ವಿನಂತಿಗಳಿಗೆ ಈಗಾಗಲೇ ತಿಳಿದಿರುವ ಅಧಿಕೃತ contact channel ಮಾತ್ರ ಬಳಸಿ. ಯಾವುದೇ ಸಮಸ್ಯೆಯಿದ್ದರೆ service providerನ ಅಧಿಕೃತ support option ಬಳಸಿ. ಸೇವೆಯ ಸ್ಥಿತಿಯನ್ನು ನಂತರ ಅಧಿಕೃತ portalನಲ್ಲಿ ಮತ್ತೆ ಪರಿಶೀಲಿಸಬಹುದು.,Kannada,Phishing
ನಿಮ್ಮ ಖಾತೆಗೆ ಹೊಸ device ಮೂಲಕ login ಪ್ರಯತ್ನ ದಾಖಲಾಗಿದೆ. ಈಗ ನೀಡಿರುವ verification ಹಂತವನ್ನು ಪೂರ್ಣಗೊಳಿಸಿ. ಯಾವುದೇ ಸಮಸ್ಯೆಯಿದ್ದರೆ service providerನ ಅಧಿಕೃತ support option ಬಳಸಿ. ಸೇವೆಯ ಸ್ಥಿತಿಯನ್ನು ನಂತರ ಅಧಿಕೃತ portalನಲ್ಲಿ ಮತ್ತೆ ಪರಿಶೀಲಿಸಬಹುದು. ಈ ಮಾಹಿತಿಯಲ್ಲಿರುವ ಸೇವಾ ವಿವರಗಳನ್ನು ನಿಮ್ಮ ಅಧಿಕೃತ accountನಲ್ಲಿ ಪರಿಶೀಲಿಸಬಹುದು. ಯಾವುದೇ payment ಅಥವಾ identity action ಮಾಡುವ ಮೊದಲು ಅಧಿಕೃತ ಮಾಹಿತಿಯನ್ನು ಹೋಲಿಸಿ ನೋಡಿ.,Kannada,Phishing
ಮೊಬೈಲ್ ಪರಿಶೀಲನೆ ವಿನಂತಿ ಇನ್ನೂ ಪೂರ್ಣಗೊಂಡಿಲ್ಲ. ಇಂದಿನ review window ಮುಗಿಯುವ ಮೊದಲು ಈ ಪ್ರಕ್ರಿಯೆ ಪೂರ್ಣಗೊಳ್ಳಬೇಕು. ಉಲ್ಲೇಖ: [REF_ID]. hxxp://secure-check.example/verify ಸೇವೆಯ ಸ್ಥಿತಿಯನ್ನು ನಂತರ ಅಧಿಕೃತ portalನಲ್ಲಿ ಮತ್ತೆ ಪರಿಶೀಲಿಸಬಹುದು. ಈ ಮಾಹಿತಿಯಲ್ಲಿರುವ ಸೇವಾ ವಿವರಗಳನ್ನು ನಿಮ್ಮ ಅಧಿಕೃತ accountನಲ್ಲಿ ಪರಿಶೀಲಿಸಬಹುದು. ಯಾವುದೇ payment ಅಥವಾ identity action ಮಾಡುವ ಮೊದಲು ಅಧಿಕೃತ ಮಾಹಿತಿಯನ್ನು ಹೋಲಿಸಿ ನೋಡಿ.,Kannada,Phishing
ನಿಮ್ಮ profileಗೆ security confirmation ಬೇಕಾಗಿದೆ. ಪರಿಶೀಲನೆ ವಿಫಲವಾದರೆ ಮುಂದಿನ ಸೇವೆಯನ್ನು ನಿಲ್ಲಿಸುವ ಎಚ್ಚರಿಕೆ ನೀಡಲಾಗಿದೆ. ಕೇಳಲಾದ ಮೊತ್ತ ₹1240. https://account-review.example/confirm ಈ ಮಾಹಿತಿಯಲ್ಲಿರುವ ಸೇವಾ ವಿವರಗಳನ್ನು ನಿಮ್ಮ ಅಧಿಕೃತ accountನಲ್ಲಿ ಪರಿಶೀಲಿಸಬಹುದು. ಯಾವುದೇ payment ಅಥವಾ identity action ಮಾಡುವ ಮೊದಲು ಅಧಿಕೃತ ಮಾಹಿತಿಯನ್ನು ಹೋಲಿಸಿ ನೋಡಿ. ಸಂಬಂಧಿತ service history ನಿಮ್ಮ official app ಅಥವಾ portalನಲ್ಲಿ ಪ್ರತ್ಯೇಕವಾಗಿ ಕಾಣಬಹುದು.,Kannada,Phishing
"ದಯವಿಟ್ಟು ಗಮನಿಸಿ — ಹೊಸ ಸಾಧನದಿಂದ ಖಾತೆ ಪ್ರವೇಶಿಸುವ ಪ್ರಯತ್ನ ಕಂಡುಬಂದಿದೆ. Security team ಹೆಸರಿನಲ್ಲಿ ತಕ್ಷಣ ಪ್ರತಿಕ್ರಿಯಿಸಲು ಸೂಚಿಸಲಾಗಿದೆ. http://kyc-alert.example/update ಯಾವುದೇ payment ಅಥವಾ identity action ಮಾಡುವ ಮೊದಲು ಅಧಿಕೃತ ಮಾಹಿತಿಯನ್ನು ಹೋಲಿಸಿ ನೋಡಿ. ಸಂಬಂಧಿತ service history ನಿಮ್ಮ official app ಅಥವಾ portalನಲ್ಲಿ ಪ್ರತ್ಯೇಕವಾಗಿ ಕಾಣಬಹುದು. ಸಂದೇಶದಲ್ಲಿರುವ ಸಮಯ, ಮೊತ್ತ ಮತ್ತು reference ವಿವರಗಳು service recordನಲ್ಲಿ ಕಾಣಿಸಬಹುದು.",Kannada,Phishing
"ಸೂಚನೆ: ನಿಮ್ಮ login sessionಗೆ ಹೆಚ್ಚುವರಿ ದೃಢೀಕರಣ ಕೇಳಲಾಗಿದೆ. ಸೂಚಿಸಿದ page ತೆರೆಯಿ ಮತ್ತು ಕೇಳಲಾದ ಮಾಹಿತಿಯನ್ನು ನಮೂದಿಸಿ. https://upi-support.example/resolve ಸಂಬಂಧಿತ service history ನಿಮ್ಮ official app ಅಥವಾ portalನಲ್ಲಿ ಪ್ರತ್ಯೇಕವಾಗಿ ಕಾಣಬಹುದು. ಸಂದೇಶದಲ್ಲಿರುವ ಸಮಯ, ಮೊತ್ತ ಮತ್ತು reference ವಿವರಗಳು service recordನಲ್ಲಿ ಕಾಣಿಸಬಹುದು. ನಿಮ್ಮ ಸಾಮಾನ್ಯ transaction record ಜೊತೆ ಈ ಸೂಚನೆಯನ್ನು ಪರಿಶೀಲಿಸುವುದು ಉಪಯುಕ್ತ.",Kannada,Phishing
"account recovery ವಿನಂತಿಯೊಂದು ನಿಮ್ಮ ಸಂಖ್ಯೆಗೆ ಸಂಬಂಧಿಸಿದೆ. ಸ್ಥಿತಿಯನ್ನು ಪರಿಶೀಲಿಸಿ ಮುಂದುವರಿಯಲು link ಬಳಸಿ ಎಂದು ಸೂಚಿಸಲಾಗಿದೆ. https://parcel-status.example/address ಸಂದೇಶದಲ್ಲಿರುವ ಸಮಯ, ಮೊತ್ತ ಮತ್ತು reference ವಿವರಗಳು service recordನಲ್ಲಿ ಕಾಣಿಸಬಹುದು. ನಿಮ್ಮ ಸಾಮಾನ್ಯ transaction record ಜೊತೆ ಈ ಸೂಚನೆಯನ್ನು ಪರಿಶೀಲಿಸುವುದು ಉಪಯುಕ್ತ. Account ಸಂಬಂಧಿತ ವಿನಂತಿಗಳಿಗೆ ಈಗಾಗಲೇ ತಿಳಿದಿರುವ ಅಧಿಕೃತ contact channel ಮಾತ್ರ ಬಳಸಿ.",Kannada,Phishing
ನಿಮ್ಮ ಖಾತೆಗೆ ಹೊಸ device ಮೂಲಕ login ಪ್ರಯತ್ನ ದಾಖಲಾಗಿದೆ. ವಿನಂತಿಯನ್ನು active ಇರಿಸಲು ತಕ್ಷಣ action ತೆಗೆದುಕೊಳ್ಳಿ ಎಂದು ತಿಳಿಸಲಾಗಿದೆ. ಕೇಳಲಾದ ಮೊತ್ತ ₹850. http://reward-center.example/claim,Kannada,Phishing
ಮೊಬೈಲ್ ಪರಿಶೀಲನೆ ವಿನಂತಿ ಇನ್ನೂ ಪೂರ್ಣಗೊಂಡಿಲ್ಲ. ಸೇವೆ ಸೀಮಿತಗೊಳ್ಳುವ ಮೊದಲು ಖಾತೆಯನ್ನು ದೃಢೀಕರಿಸಿ. https://job-selection.example/document Account ಸಂಬಂಧಿತ ವಿನಂತಿಗಳಿಗೆ ಈಗಾಗಲೇ ತಿಳಿದಿರುವ ಅಧಿಕೃತ contact channel ಮಾತ್ರ ಬಳಸಿ. ಯಾವುದೇ ಸಮಸ್ಯೆಯಿದ್ದರೆ service providerನ ಅಧಿಕೃತ support option ಬಳಸಿ. ಸೇವೆಯ ಸ್ಥಿತಿಯನ್ನು ನಂತರ ಅಧಿಕೃತ portalನಲ್ಲಿ ಮತ್ತೆ ಪರಿಶೀಲಿಸಬಹುದು. ಈ ಮಾಹಿತಿಯಲ್ಲಿರುವ ಸೇವಾ ವಿವರಗಳನ್ನು ನಿಮ್ಮ ಅಧಿಕೃತ accountನಲ್ಲಿ ಪರಿಶೀಲಿಸಬಹುದು.,Kannada,Phishing
Nimma profileಗೆ security confirmation ಬೇಕಾಗಿದೆ. ಈ activity ನಿಮ್ಮದಾಗಿರದಿದ್ದರೆ identity check ಪೂರ್ಣಗೊಳಿಸಿ. ಉಲ್ಲೇಖ: [REF_ID]. https://card-security.example/review ಯಾವುದೇ ಸಮಸ್ಯೆಯಿದ್ದರೆ service providerನ ಅಧಿಕೃತ support option ಬಳಸಿ. ಸೇವೆಯ ಸ್ಥಿತಿಯನ್ನು ನಂತರ ಅಧಿಕೃತ portalನಲ್ಲಿ ಮತ್ತೆ ಪರಿಶೀಲಿಸಬಹುದು. ಈ ಮಾಹಿತಿಯಲ್ಲಿರುವ ಸೇವಾ ವಿವರಗಳನ್ನು ನಿಮ್ಮ ಅಧಿಕೃತ accountನಲ್ಲಿ ಪರಿಶೀಲಿಸಬಹುದು. ಯಾವುದೇ payment ಅಥವಾ identity action ಮಾಡುವ ಮೊದಲು ಅಧಿಕೃತ ಮಾಹಿತಿಯನ್ನು ಹೋಲಿಸಿ ನೋಡಿ.,Kannada,Phishing
ಸೂಚನೆ: ಹೊಸ ಸಾಧನದಿಂದ ಖಾತೆ ಪ್ರವೇಶಿಸುವ ಪ್ರಯತ್ನ ಕಂಡುಬಂದಿದೆ. ಮೊತ್ತ ಅಥವಾ ಸೇವೆ ಬಿಡುಗಡೆ ಮಾಡಲು account information ಕೇಳಲಾಗಿದೆ. http://utility-notice.example/pay ಸೇವೆಯ ಸ್ಥಿತಿಯನ್ನು ನಂತರ ಅಧಿಕೃತ portalನಲ್ಲಿ ಮತ್ತೆ ಪರಿಶೀಲಿಸಬಹುದು. ಈ ಮಾಹಿತಿಯಲ್ಲಿರುವ ಸೇವಾ ವಿವರಗಳನ್ನು ನಿಮ್ಮ ಅಧಿಕೃತ accountನಲ್ಲಿ ಪರಿಶೀಲಿಸಬಹುದು. ಯಾವುದೇ payment ಅಥವಾ identity action ಮಾಡುವ ಮೊದಲು ಅಧಿಕೃತ ಮಾಹಿತಿಯನ್ನು ಹೋಲಿಸಿ ನೋಡಿ.,Kannada,Phishing
ನಿಮ್ಮ login sessionಗೆ ಹೆಚ್ಚುವರಿ ದೃಢೀಕರಣ ಕೇಳಲಾಗಿದೆ. ಈಗ ನೀಡಿರುವ verification ಹಂತವನ್ನು ಪೂರ್ಣಗೊಳಿಸಿ. ಕೇಳಲಾದ ಮೊತ್ತ ₹499. https://profile-access.example/recover ಈ ಮಾಹಿತಿಯಲ್ಲಿರುವ ಸೇವಾ ವಿವರಗಳನ್ನು ನಿಮ್ಮ ಅಧಿಕೃತ accountನಲ್ಲಿ ಪರಿಶೀಲಿಸಬಹುದು. ಯಾವುದೇ payment ಅಥವಾ identity action ಮಾಡುವ ಮೊದಲು ಅಧಿಕೃತ ಮಾಹಿತಿಯನ್ನು ಹೋಲಿಸಿ ನೋಡಿ. ಸಂಬಂಧಿತ service history ನಿಮ್ಮ official app ಅಥವಾ portalನಲ್ಲಿ ಪ್ರತ್ಯೇಕವಾಗಿ ಕಾಣಬಹುದು.,Kannada,Phishing
"ಖಾತೆ recovery ವಿನಂತಿಯೊಂದು ನಿಮ್ಮ ಸಂಖ್ಯೆಗೆ ಸಂಬಂಧಿಸಿದೆ. ಇಂದಿನ review window ಮುಗಿಯುವ ಮೊದಲು ಈ ಪ್ರಕ್ರಿಯೆ ಪೂರ್ಣಗೊಳ್ಳಬೇಕು. hxxp://secure-check.example/verify ಯಾವುದೇ payment ಅಥವಾ identity action ಮಾಡುವ ಮೊದಲು ಅಧಿಕೃತ ಮಾಹಿತಿಯನ್ನು ಹೋಲಿಸಿ ನೋಡಿ. ಸಂಬಂಧಿತ service history ನಿಮ್ಮ official app ಅಥವಾ portalನಲ್ಲಿ ಪ್ರತ್ಯೇಕವಾಗಿ ಕಾಣಬಹುದು. ಸಂದೇಶದಲ್ಲಿರುವ ಸಮಯ, ಮೊತ್ತ ಮತ್ತು reference ವಿವರಗಳು service recordನಲ್ಲಿ ಕಾಣಿಸಬಹುದು.",Kannada,Phishing
"ದಯವಿಟ್ಟು ಗಮನಿಸಿ — ನಿಮ್ಮ accountಗೆ ಹೊಸ device ಮೂಲಕ login ಪ್ರಯತ್ನ ದಾಖಲಾಗಿದೆ. verification ವಿಫಲವಾದರೆ ಮುಂದಿನ ಸೇವೆಯನ್ನು ನಿಲ್ಲಿಸುವ ಎಚ್ಚರಿಕೆ ನೀಡಲಾಗಿದೆ. ಸಂಬಂಧಿತ service history ನಿಮ್ಮ official app ಅಥವಾ portalನಲ್ಲಿ ಪ್ರತ್ಯೇಕವಾಗಿ ಕಾಣಬಹುದು. ಸಂದೇಶದಲ್ಲಿರುವ ಸಮಯ, ಮೊತ್ತ ಮತ್ತು reference ವಿವರಗಳು service recordನಲ್ಲಿ ಕಾಣಿಸಬಹುದು. ನಿಮ್ಮ ಸಾಮಾನ್ಯ transaction record ಜೊತೆ ಈ ಸೂಚನೆಯನ್ನು ಪರಿಶೀಲಿಸುವುದು ಉಪಯುಕ್ತ.",Kannada,Phishing
"ಮೊಬೈಲ್ ಪರಿಶೀಲನೆ ವಿನಂತಿ ಇನ್ನೂ ಪೂರ್ಣಗೊಂಡಿಲ್ಲ. Security team ಹೆಸರಿನಲ್ಲಿ ತಕ್ಷಣ ಪ್ರತಿಕ್ರಿಯಿಸಲು ಸೂಚಿಸಲಾಗಿದೆ. ಸಂದೇಶದಲ್ಲಿರುವ ಸಮಯ, ಮೊತ್ತ ಮತ್ತು reference ವಿವರಗಳು service recordನಲ್ಲಿ ಕಾಣಿಸಬಹುದು. ನಿಮ್ಮ ಸಾಮಾನ್ಯ transaction record ಜೊತೆ ಈ ಸೂಚನೆಯನ್ನು ಪರಿಶೀಲಿಸುವುದು ಉಪಯುಕ್ತ. Account ಸಂಬಂಧಿತ ವಿನಂತಿಗಳಿಗೆ ಈಗಾಗಲೇ ತಿಳಿದಿರುವ ಅಧಿಕೃತ contact channel ಮಾತ್ರ ಬಳಸಿ. ಯಾವುದೇ ಸಮಸ್ಯೆಯಿದ್ದರೆ service providerನ ಅಧಿಕೃತ support option ಬಳಸಿ.",Kannada,Phishing
ಸೂಚನೆ: ನಿಮ್ಮ profileಗೆ security confirmation ಬೇಕಾಗಿದೆ. ಸೂಚಿಸಿದ page ತೆರೆಯಿ ಮತ್ತು ಕೇಳಲಾದ ಮಾಹಿತಿಯನ್ನು ನಮೂದಿಸಿ. ಕೇಳಲಾದ ಮೊತ್ತ ₹249. ನಿಮ್ಮ ಸಾಮಾನ್ಯ transaction record ಜೊತೆ ಈ ಸೂಚನೆಯನ್ನು ಪರಿಶೀಲಿಸುವುದು ಉಪಯುಕ್ತ. Account ಸಂಬಂಧಿತ ವಿನಂತಿಗಳಿಗೆ ಈಗಾಗಲೇ ತಿಳಿದಿರುವ ಅಧಿಕೃತ contact channel ಮಾತ್ರ ಬಳಸಿ. ಯಾವುದೇ ಸಮಸ್ಯೆಯಿದ್ದರೆ service providerನ ಅಧಿಕೃತ support option ಬಳಸಿ.,Kannada,Phishing
ಹೊಸ ಸಾಧನದಿಂದ ಖಾತೆ ಪ್ರವೇಶಿಸುವ ಪ್ರಯತ್ನ ಕಂಡುಬಂದಿದೆ. ಸ್ಥಿತಿಯನ್ನು ಪರಿಶೀಲಿಸಿ ಮುಂದುವರಿಯಲು link ಬಳಸಿ ಎಂದು ಸೂಚಿಸಲಾಗಿದೆ. ಉಲ್ಲೇಖ: [REF_ID]. Account ಸಂಬಂಧಿತ ವಿನಂತಿಗಳಿಗೆ ಈಗಾಗಲೇ ತಿಳಿದಿರುವ ಅಧಿಕೃತ contact channel ಮಾತ್ರ ಬಳಸಿ. ಯಾವುದೇ ಸಮಸ್ಯೆಯಿದ್ದರೆ service providerನ ಅಧಿಕೃತ support option ಬಳಸಿ. ಸೇವೆಯ ಸ್ಥಿತಿಯನ್ನು ನಂತರ ಅಧಿಕೃತ portalನಲ್ಲಿ ಮತ್ತೆ ಪರಿಶೀಲಿಸಬಹುದು.,Kannada,Phishing
ನಿಮ್ಮ login sessionಗೆ ಹೆಚ್ಚುವರಿ ದೃಢೀಕರಣ ಕೇಳಲಾಗಿದೆ. ವಿನಂತಿಯನ್ನು active ಇರಿಸಲು ತಕ್ಷಣ action ತೆಗೆದುಕೊಳ್ಳಿ ಎಂದು ತಿಳಿಸಲಾಗಿದೆ. ಯಾವುದೇ ಸಮಸ್ಯೆಯಿದ್ದರೆ service providerನ ಅಧಿಕೃತ support option ಬಳಸಿ. ಸೇವೆಯ ಸ್ಥಿತಿಯನ್ನು ನಂತರ ಅಧಿಕೃತ portalನಲ್ಲಿ ಮತ್ತೆ ಪರಿಶೀಲಿಸಬಹುದು. ಈ ಮಾಹಿತಿಯಲ್ಲಿರುವ ಸೇವಾ ವಿವರಗಳನ್ನು ನಿಮ್ಮ ಅಧಿಕೃತ accountನಲ್ಲಿ ಪರಿಶೀಲಿಸಬಹುದು. ಯಾವುದೇ payment ಅಥವಾ identity action ಮಾಡುವ ಮೊದಲು ಅಧಿಕೃತ ಮಾಹಿತಿಯನ್ನು ಹೋಲಿಸಿ ನೋಡಿ.,Kannada,Phishing
ಖಾತೆ recovery ವಿನಂತಿಯೊಂದು ನಿಮ್ಮ ಸಂಖ್ಯೆಗೆ ಸಂಬಂಧಿಸಿದೆ. ಸೇವೆ ಸೀಮಿತಗೊಳ್ಳುವ ಮೊದಲು ಖಾತೆಯನ್ನು ದೃಢೀಕರಿಸಿ. ಸೇವೆಯ ಸ್ಥಿತಿಯನ್ನು ನಂತರ ಅಧಿಕೃತ portalನಲ್ಲಿ ಮತ್ತೆ ಪರಿಶೀಲಿಸಬಹುದು. ಈ ಮಾಹಿತಿಯಲ್ಲಿರುವ ಸೇವಾ ವಿವರಗಳನ್ನು ನಿಮ್ಮ ಅಧಿಕೃತ accountನಲ್ಲಿ ಪರಿಶೀಲಿಸಬಹುದು. ಯಾವುದೇ payment ಅಥವಾ identity action ಮಾಡುವ ಮೊದಲು ಅಧಿಕೃತ ಮಾಹಿತಿಯನ್ನು ಹೋಲಿಸಿ ನೋಡಿ. ಸಂಬಂಧಿತ service history ನಿಮ್ಮ official app ಅಥವಾ portalನಲ್ಲಿ ಪ್ರತ್ಯೇಕವಾಗಿ ಕಾಣಬಹುದು.,Kannada,Phishing
ನಿಮ್ಮ ಖಾತೆಗೆ ಹೊಸ device ಮೂಲಕ login ಪ್ರಯತ್ನ ದಾಖಲಾಗಿದೆ. ಈ activity ನಿಮ್ಮದಾಗಿರದಿದ್ದರೆ identity check ಪೂರ್ಣಗೊಳಿಸಿ. ಕೇಳಲಾದ ಮೊತ್ತ ₹1999. ಈ ಮಾಹಿತಿಯಲ್ಲಿರುವ ಸೇವಾ ವಿವರಗಳನ್ನು ನಿಮ್ಮ ಅಧಿಕೃತ accountನಲ್ಲಿ ಪರಿಶೀಲಿಸಬಹುದು. ಯಾವುದೇ payment ಅಥವಾ identity action ಮಾಡುವ ಮೊದಲು ಅಧಿಕೃತ ಮಾಹಿತಿಯನ್ನು ಹೋಲಿಸಿ ನೋಡಿ. ಸಂಬಂಧಿತ service history ನಿಮ್ಮ official app ಅಥವಾ portalನಲ್ಲಿ ಪ್ರತ್ಯೇಕವಾಗಿ ಕಾಣಬಹುದು.,Kannada,Phishing
"ಸೂಚನೆ: ಮೊಬೈಲ್ verification ವಿನಂತಿ ಇನ್ನೂ ಪೂರ್ಣಗೊಂಡಿಲ್ಲ. ಮೊತ್ತ ಅಥವಾ ಸೇವೆ ಬಿಡುಗಡೆ ಮಾಡಲು account information ಕೇಳಲಾಗಿದೆ. ಯಾವುದೇ payment ಅಥವಾ identity action ಮಾಡುವ ಮೊದಲು ಅಧಿಕೃತ ಮಾಹಿತಿಯನ್ನು ಹೋಲಿಸಿ ನೋಡಿ. ಸಂಬಂಧಿತ service history ನಿಮ್ಮ official app ಅಥವಾ portalನಲ್ಲಿ ಪ್ರತ್ಯೇಕವಾಗಿ ಕಾಣಬಹುದು. ಸಂದೇಶದಲ್ಲಿರುವ ಸಮಯ, ಮೊತ್ತ ಮತ್ತು reference ವಿವರಗಳು service recordನಲ್ಲಿ ಕಾಣಿಸಬಹುದು.",Kannada,Phishing
"ನಿಮ್ಮ profileಗೆ security confirmation ಬೇಕಾಗಿದೆ. ಈಗ ನೀಡಿರುವ verification ಹಂತವನ್ನು ಪೂರ್ಣಗೊಳಿಸಿ. ಸಂಬಂಧಿತ service history ನಿಮ್ಮ official app ಅಥವಾ portalನಲ್ಲಿ ಪ್ರತ್ಯೇಕವಾಗಿ ಕಾಣಬಹುದು. ಸಂದೇಶದಲ್ಲಿರುವ ಸಮಯ, ಮೊತ್ತ ಮತ್ತು reference ವಿವರಗಳು service recordನಲ್ಲಿ ಕಾಣಿಸಬಹುದು. ನಿಮ್ಮ ಸಾಮಾನ್ಯ transaction record ಜೊತೆ ಈ ಸೂಚನೆಯನ್ನು ಪರಿಶೀಲಿಸುವುದು ಉಪಯುಕ್ತ. Account ಸಂಬಂಧಿತ ವಿನಂತಿಗಳಿಗೆ ಈಗಾಗಲೇ ತಿಳಿದಿರುವ ಅಧಿಕೃತ contact channel ಮಾತ್ರ ಬಳಸಿ.",Kannada,Phishing
"ಸೂಚನೆ: ನಿಮ್ಮ ಕಾರ್ಡ್ ದಾಖಲೆಗಳಲ್ಲಿ security review ಬಾಕಿಯಿದೆ. Security team ಹೆಸರಿನಲ್ಲಿ ತಕ್ಷಣ ಪ್ರತಿಕ್ರಿಯಿಸಲು ಸೂಚಿಸಲಾಗಿದೆ. ಕೇಳಲಾದ ಮೊತ್ತ ₹249. hxxp://secure-check.example/verify ಸಂದೇಶದಲ್ಲಿರುವ ಸಮಯ, ಮೊತ್ತ ಮತ್ತು reference ವಿವರಗಳು service recordನಲ್ಲಿ ಕಾಣಿಸಬಹುದು. ನಿಮ್ಮ ಸಾಮಾನ್ಯ transaction record ಜೊತೆ ಈ ಸೂಚನೆಯನ್ನು ಪರಿಶೀಲಿಸುವುದು ಉಪಯುಕ್ತ. Account ಸಂಬಂಧಿತ ವಿನಂತಿಗಳಿಗೆ ಈಗಾಗಲೇ ತಿಳಿದಿರುವ ಅಧಿಕೃತ contact channel ಮಾತ್ರ ಬಳಸಿ.",Kannada,Phishing
ನಿಮ್ಮ ಕಾರ್ಡ್ profileನಲ್ಲಿ ಅಸಾಮಾನ್ಯ ಬದಲಾವಣೆ ಗುರುತಿಸಲಾಗಿದೆ. ಸೂಚಿಸಿದ page ತೆರೆಯಿ ಮತ್ತು ಕೇಳಲಾದ ಮಾಹಿತಿಯನ್ನು ನಮೂದಿಸಿ. https://account-review.example/confirm ನಿಮ್ಮ ಸಾಮಾನ್ಯ transaction record ಜೊತೆ ಈ ಸೂಚನೆಯನ್ನು ಪರಿಶೀಲಿಸುವುದು ಉಪಯುಕ್ತ. Account ಸಂಬಂಧಿತ ವಿನಂತಿಗಳಿಗೆ ಈಗಾಗಲೇ ತಿಳಿದಿರುವ ಅಧಿಕೃತ contact channel ಮಾತ್ರ ಬಳಸಿ. ಯಾವುದೇ ಸಮಸ್ಯೆಯಿದ್ದರೆ service providerನ ಅಧಿಕೃತ support option ಬಳಸಿ.,Kannada,Phishing
ಡೆಬಿಟ್ ಕಾರ್ಡ್‌ನ online ಸೇವೆಗೆ ಮರುದೃಢೀಕರಣ ಅಗತ್ಯವಿದೆ. ಸ್ಥಿತಿಯನ್ನು ಪರಿಶೀಲಿಸಿ ಮುಂದುವರಿಯಲು link ಬಳಸಿ ಎಂದು ಸೂಚಿಸಲಾಗಿದೆ. http://kyc-alert.example/update Account ಸಂಬಂಧಿತ ವಿನಂತಿಗಳಿಗೆ ಈಗಾಗಲೇ ತಿಳಿದಿರುವ ಅಧಿಕೃತ contact channel ಮಾತ್ರ ಬಳಸಿ. ಯಾವುದೇ ಸಮಸ್ಯೆಯಿದ್ದರೆ service providerನ ಅಧಿಕೃತ support option ಬಳಸಿ. ಸೇವೆಯ ಸ್ಥಿತಿಯನ್ನು ನಂತರ ಅಧಿಕೃತ portalನಲ್ಲಿ ಮತ್ತೆ ಪರಿಶೀಲಿಸಬಹುದು. ಈ ಮಾಹಿತಿಯಲ್ಲಿರುವ ಸೇವಾ ವಿವರಗಳನ್ನು ನಿಮ್ಮ ಅಧಿಕೃತ accountನಲ್ಲಿ ಪರಿಶೀಲಿಸಬಹುದು.,Kannada,Phishing
ಕಾರ್ಡ್ verification ಪ್ರಕ್ರಿಯೆ ಪೂರ್ಣಗೊಂಡಿಲ್ಲ. ವಿನಂತಿಯನ್ನು active ಇರಿಸಲು ತಕ್ಷಣ action ತೆಗೆದುಕೊಳ್ಳಿ ಎಂದು ತಿಳಿಸಲಾಗಿದೆ. https://upi-support.example/resolve ಯಾವುದೇ ಸಮಸ್ಯೆಯಿದ್ದರೆ service providerನ ಅಧಿಕೃತ support option ಬಳಸಿ. ಸೇವೆಯ ಸ್ಥಿತಿಯನ್ನು ನಂತರ ಅಧಿಕೃತ portalನಲ್ಲಿ ಮತ್ತೆ ಪರಿಶೀಲಿಸಬಹುದು. ಈ ಮಾಹಿತಿಯಲ್ಲಿರುವ ಸೇವಾ ವಿವರಗಳನ್ನು ನಿಮ್ಮ ಅಧಿಕೃತ accountನಲ್ಲಿ ಪರಿಶೀಲಿಸಬಹುದು. ಯಾವುದೇ payment ಅಥವಾ identity action ಮಾಡುವ ಮೊದಲು ಅಧಿಕೃತ ಮಾಹಿತಿಯನ್ನು ಹೋಲಿಸಿ ನೋಡಿ.,Kannada,Phishing
ನಿಮ್ಮ ಕಾರ್ಡ್‌ನಲ್ಲಿ ಅನುಮಾನಾಸ್ಪದ payment ಪ್ರಯತ್ನ ದಾಖಲಾಗಿದೆ. ಸೇವೆ ಸೀಮಿತಗೊಳ್ಳುವ ಮೊದಲು ಖಾತೆಯನ್ನು ದೃಢೀಕರಿಸಿ. ಕೇಳಲಾದ ಮೊತ್ತ ₹1999. https://parcel-status.example/address ಸೇವೆಯ ಸ್ಥಿತಿಯನ್ನು ನಂತರ ಅಧಿಕೃತ portalನಲ್ಲಿ ಮತ್ತೆ ಪರಿಶೀಲಿಸಬಹುದು. ಈ ಮಾಹಿತಿಯಲ್ಲಿರುವ ಸೇವಾ ವಿವರಗಳನ್ನು ನಿಮ್ಮ ಅಧಿಕೃತ accountನಲ್ಲಿ ಪರಿಶೀಲಿಸಬಹುದು. ಯಾವುದೇ payment ಅಥವಾ identity action ಮಾಡುವ ಮೊದಲು ಅಧಿಕೃತ ಮಾಹಿತಿಯನ್ನು ಹೋಲಿಸಿ ನೋಡಿ.,Kannada,Phishing
ಸೂಚನೆ: ನಿಮ್ಮ ಕಾರ್ಡ್ profileಗೆ security check ಬಾಕಿಯಿದೆ. ಈ activity ನಿಮ್ಮದಾಗಿರದಿದ್ದರೆ identity check ಪೂರ್ಣಗೊಳಿಸಿ. http://reward-center.example/claim ಈ ಮಾಹಿತಿಯಲ್ಲಿರುವ ಸೇವಾ ವಿವರಗಳನ್ನು ನಿಮ್ಮ ಅಧಿಕೃತ accountನಲ್ಲಿ ಪರಿಶೀಲಿಸಬಹುದು. ಯಾವುದೇ payment ಅಥವಾ identity action ಮಾಡುವ ಮೊದಲು ಅಧಿಕೃತ ಮಾಹಿತಿಯನ್ನು ಹೋಲಿಸಿ ನೋಡಿ. ಸಂಬಂಧಿತ service history ನಿಮ್ಮ official app ಅಥವಾ portalನಲ್ಲಿ ಪ್ರತ್ಯೇಕವಾಗಿ ಕಾಣಬಹುದು.,Kannada,Phishing
"ನಿಮ್ಮ ಕಾರ್ಡ್ ದಾಖಲೆಗಳಲ್ಲಿ security review ಬಾಕಿಯಿದೆ. ಮೊತ್ತ ಅಥವಾ ಸೇವೆ ಬಿಡುಗಡೆ ಮಾಡಲು account information ಕೇಳಲಾಗಿದೆ. https://job-selection.example/document ಯಾವುದೇ payment ಅಥವಾ identity action ಮಾಡುವ ಮೊದಲು ಅಧಿಕೃತ ಮಾಹಿತಿಯನ್ನು ಹೋಲಿಸಿ ನೋಡಿ. ಸಂಬಂಧಿತ service history ನಿಮ್ಮ official app ಅಥವಾ portalನಲ್ಲಿ ಪ್ರತ್ಯೇಕವಾಗಿ ಕಾಣಬಹುದು. ಸಂದೇಶದಲ್ಲಿರುವ ಸಮಯ, ಮೊತ್ತ ಮತ್ತು reference ವಿವರಗಳು service recordನಲ್ಲಿ ಕಾಣಿಸಬಹುದು.",Kannada,Phishing
"ನಿಮ್ಮ ಕಾರ್ಡ್ profileನಲ್ಲಿ ಅಸಾಮಾನ್ಯ ಬದಲಾವಣೆ ಗುರುತಿಸಲಾಗಿದೆ. ಈಗ ನೀಡಿರುವ verification ಹಂತವನ್ನು ಪೂರ್ಣಗೊಳಿಸಿ. ಉಲ್ಲೇಖ: [REF_ID]. https://card-security.example/review ಸಂಬಂಧಿತ service history ನಿಮ್ಮ official app ಅಥವಾ portalನಲ್ಲಿ ಪ್ರತ್ಯೇಕವಾಗಿ ಕಾಣಬಹುದು. ಸಂದೇಶದಲ್ಲಿರುವ ಸಮಯ, ಮೊತ್ತ ಮತ್ತು reference ವಿವರಗಳು service recordನಲ್ಲಿ ಕಾಣಿಸಬಹುದು. ನಿಮ್ಮ ಸಾಮಾನ್ಯ transaction record ಜೊತೆ ಈ ಸೂಚನೆಯನ್ನು ಪರಿಶೀಲಿಸುವುದು ಉಪಯುಕ್ತ.",Kannada,Phishing
"ಡೆಬಿಟ್ ಕಾರ್ಡ್‌ನ online ಸೇವೆಗೆ ಮರುದೃಢೀಕರಣ ಅಗತ್ಯವಿದೆ. ಇಂದಿನ review window ಮುಗಿಯುವ ಮೊದಲು ಈ ಪ್ರಕ್ರಿಯೆ ಪೂರ್ಣಗೊಳ್ಳಬೇಕು. ಕೇಳಲಾದ ಮೊತ್ತ ₹1240. http://utility-notice.example/pay ಸಂದೇಶದಲ್ಲಿರುವ ಸಮಯ, ಮೊತ್ತ ಮತ್ತು reference ವಿವರಗಳು service recordನಲ್ಲಿ ಕಾಣಿಸಬಹುದು. ನಿಮ್ಮ ಸಾಮಾನ್ಯ transaction record ಜೊತೆ ಈ ಸೂಚನೆಯನ್ನು ಪರಿಶೀಲಿಸುವುದು ಉಪಯುಕ್ತ. Account ಸಂಬಂಧಿತ ವಿನಂತಿಗಳಿಗೆ ಈಗಾಗಲೇ ತಿಳಿದಿರುವ ಅಧಿಕೃತ contact channel ಮಾತ್ರ ಬಳಸಿ.",Kannada,Phishing
ದಯವಿಟ್ಟು ಗಮನಿಸಿ — ಕಾರ್ಡ್ verification ಪ್ರಕ್ರಿಯೆ ಪೂರ್ಣಗೊಂಡಿಲ್ಲ. ಪರಿಶೀಲನೆ ವಿಫಲವಾದರೆ ಮುಂದಿನ ಸೇವೆಯನ್ನು ನಿಲ್ಲಿಸುವ ಎಚ್ಚರಿಕೆ ನೀಡಲಾಗಿದೆ. https://profile-access.example/recover ನಿಮ್ಮ ಸಾಮಾನ್ಯ transaction record ಜೊತೆ ಈ ಸೂಚನೆಯನ್ನು ಪರಿಶೀಲಿಸುವುದು ಉಪಯುಕ್ತ. Account ಸಂಬಂಧಿತ ವಿನಂತಿಗಳಿಗೆ ಈಗಾಗಲೇ ತಿಳಿದಿರುವ ಅಧಿಕೃತ contact channel ಮಾತ್ರ ಬಳಸಿ. ಯಾವುದೇ ಸಮಸ್ಯೆಯಿದ್ದರೆ service providerನ ಅಧಿಕೃತ support option ಬಳಸಿ.,Kannada,Phishing
ಸೂಚನೆ: ನಿಮ್ಮ ಕಾರ್ಡ್‌ನಲ್ಲಿ ಅನುಮಾನಾಸ್ಪದ payment ಪ್ರಯತ್ನ ದಾಖಲಾಗಿದೆ. Security team ಹೆಸರಿನಲ್ಲಿ ತಕ್ಷಣ ಪ್ರತಿಕ್ರಿಯಿಸಲು ಸೂಚಿಸಲಾಗಿದೆ. hxxp://secure-check.example/verify Account ಸಂಬಂಧಿತ ವಿನಂತಿಗಳಿಗೆ ಈಗಾಗಲೇ ತಿಳಿದಿರುವ ಅಧಿಕೃತ contact channel ಮಾತ್ರ ಬಳಸಿ. ಯಾವುದೇ ಸಮಸ್ಯೆಯಿದ್ದರೆ service providerನ ಅಧಿಕೃತ support option ಬಳಸಿ. ಸೇವೆಯ ಸ್ಥಿತಿಯನ್ನು ನಂತರ ಅಧಿಕೃತ portalನಲ್ಲಿ ಮತ್ತೆ ಪರಿಶೀಲಿಸಬಹುದು. ಈ ಮಾಹಿತಿಯಲ್ಲಿರುವ ಸೇವಾ ವಿವರಗಳನ್ನು ನಿಮ್ಮ ಅಧಿಕೃತ accountನಲ್ಲಿ ಪರಿಶೀಲಿಸಬಹುದು.,Kannada,Phishing
ನಿಮ್ಮ ಕಾರ್ಡ್ profileಗೆ security check ಬಾಕಿಯಿದೆ. ಸೂಚಿಸಿದ page ತೆರೆಯಿ ಮತ್ತು ಕೇಳಲಾದ ಮಾಹಿತಿಯನ್ನು ನಮೂದಿಸಿ. ಯಾವುದೇ ಸಮಸ್ಯೆಯಿದ್ದರೆ service providerನ ಅಧಿಕೃತ support option ಬಳಸಿ. ಸೇವೆಯ ಸ್ಥಿತಿಯನ್ನು ನಂತರ ಅಧಿಕೃತ portalನಲ್ಲಿ ಮತ್ತೆ ಪರಿಶೀಲಿಸಬಹುದು. ಈ ಮಾಹಿತಿಯಲ್ಲಿರುವ ಸೇವಾ ವಿವರಗಳನ್ನು ನಿಮ್ಮ ಅಧಿಕೃತ accountನಲ್ಲಿ ಪರಿಶೀಲಿಸಬಹುದು. ಯಾವುದೇ payment ಅಥವಾ identity action ಮಾಡುವ ಮೊದಲು ಅಧಿಕೃತ ಮಾಹಿತಿಯನ್ನು ಹೋಲಿಸಿ ನೋಡಿ.,Kannada,Phishing
ನಿಮ್ಮ ಕಾರ್ಡ್ ದಾಖಲೆಗಳಲ್ಲಿ security review ಬಾಕಿಯಿದೆ. ಸ್ಥಿತಿಯನ್ನು ಪರಿಶೀಲಿಸಿ ಮುಂದುವರಿಯಲು link ಬಳಸಿ ಎಂದು ಸೂಚಿಸಲಾಗಿದೆ. ಕೇಳಲಾದ ಮೊತ್ತ ₹850. ಸೇವೆಯ ಸ್ಥಿತಿಯನ್ನು ನಂತರ ಅಧಿಕೃತ portalನಲ್ಲಿ ಮತ್ತೆ ಪರಿಶೀಲಿಸಬಹುದು. ಈ ಮಾಹಿತಿಯಲ್ಲಿರುವ ಸೇವಾ ವಿವರಗಳನ್ನು ನಿಮ್ಮ ಅಧಿಕೃತ accountನಲ್ಲಿ ಪರಿಶೀಲಿಸಬಹುದು. ಯಾವುದೇ payment ಅಥವಾ identity action ಮಾಡುವ ಮೊದಲು ಅಧಿಕೃತ ಮಾಹಿತಿಯನ್ನು ಹೋಲಿಸಿ ನೋಡಿ.,Kannada,Phishing
ನಿಮ್ಮ ಕಾರ್ಡ್ profileನಲ್ಲಿ ಅಸಾಮಾನ್ಯ ಬದಲಾವಣೆ ಗುರುತಿಸಲಾಗಿದೆ. ವಿನಂತಿಯನ್ನು active ಇರಿಸಲು ತಕ್ಷಣ action ತೆಗೆದುಕೊಳ್ಳಿ ಎಂದು ತಿಳಿಸಲಾಗಿದೆ. ಈ ಮಾಹಿತಿಯಲ್ಲಿರುವ ಸೇವಾ ವಿವರಗಳನ್ನು ನಿಮ್ಮ ಅಧಿಕೃತ accountನಲ್ಲಿ ಪರಿಶೀಲಿಸಬಹುದು. ಯಾವುದೇ payment ಅಥವಾ identity action ಮಾಡುವ ಮೊದಲು ಅಧಿಕೃತ ಮಾಹಿತಿಯನ್ನು ಹೋಲಿಸಿ ನೋಡಿ. ಸಂಬಂಧಿತ service history ನಿಮ್ಮ official app ಅಥವಾ portalನಲ್ಲಿ ಪ್ರತ್ಯೇಕವಾಗಿ ಕಾಣಬಹುದು.,Kannada,Phishing
"ಡೆಬಿಟ್ ಕಾರ್ಡ್‌ನ online ಸೇವೆಗೆ ಮರುದೃಢೀಕರಣ ಅಗತ್ಯವಿದೆ. ಸೇವೆ ಸೀಮಿತಗೊಳ್ಳುವ ಮೊದಲು ಖಾತೆಯನ್ನು ದೃಢೀಕರಿಸಿ. ಉಲ್ಲೇಖ: [REF_ID]. ಯಾವುದೇ payment ಅಥವಾ identity action ಮಾಡುವ ಮೊದಲು ಅಧಿಕೃತ ಮಾಹಿತಿಯನ್ನು ಹೋಲಿಸಿ ನೋಡಿ. ಸಂಬಂಧಿತ service history ನಿಮ್ಮ official app ಅಥವಾ portalನಲ್ಲಿ ಪ್ರತ್ಯೇಕವಾಗಿ ಕಾಣಬಹುದು. ಸಂದೇಶದಲ್ಲಿರುವ ಸಮಯ, ಮೊತ್ತ ಮತ್ತು reference ವಿವರಗಳು service recordನಲ್ಲಿ ಕಾಣಿಸಬಹುದು.",Kannada,Phishing
"ಸೂಚನೆ: ಕಾರ್ಡ್ verification ಪ್ರಕ್ರಿಯೆ ಪೂರ್ಣಗೊಂಡಿಲ್ಲ. ಈ activity ನಿಮ್ಮದಾಗಿರದಿದ್ದರೆ identity check ಪೂರ್ಣಗೊಳಿಸಿ. ಸಂಬಂಧಿತ service history ನಿಮ್ಮ official app ಅಥವಾ portalನಲ್ಲಿ ಪ್ರತ್ಯೇಕವಾಗಿ ಕಾಣಬಹುದು. ಸಂದೇಶದಲ್ಲಿರುವ ಸಮಯ, ಮೊತ್ತ ಮತ್ತು reference ವಿವರಗಳು service recordನಲ್ಲಿ ಕಾಣಿಸಬಹುದು. ನಿಮ್ಮ ಸಾಮಾನ್ಯ transaction record ಜೊತೆ ಈ ಸೂಚನೆಯನ್ನು ಪರಿಶೀಲಿಸುವುದು ಉಪಯುಕ್ತ. Account ಸಂಬಂಧಿತ ವಿನಂತಿಗಳಿಗೆ ಈಗಾಗಲೇ ತಿಳಿದಿರುವ ಅಧಿಕೃತ contact channel ಮಾತ್ರ ಬಳಸಿ.",Kannada,Phishing
"Nimma ಕಾರ್ಡ್‌ನಲ್ಲಿ ಅನುಮಾನಾಸ್ಪದ payment ಪ್ರಯತ್ನ ದಾಖಲಾಗಿದೆ. ಮೊತ್ತ ಅಥವಾ ಸೇವೆ ಬಿಡುಗಡೆ ಮಾಡಲು account information ಕೇಳಲಾಗಿದೆ. ಕೇಳಲಾದ ಮೊತ್ತ ₹499. ಸಂದೇಶದಲ್ಲಿರುವ ಸಮಯ, ಮೊತ್ತ ಮತ್ತು reference ವಿವರಗಳು service recordನಲ್ಲಿ ಕಾಣಿಸಬಹುದು. ನಿಮ್ಮ ಸಾಮಾನ್ಯ transaction record ಜೊತೆ ಈ ಸೂಚನೆಯನ್ನು ಪರಿಶೀಲಿಸುವುದು ಉಪಯುಕ್ತ. Account ಸಂಬಂಧಿತ ವಿನಂತಿಗಳಿಗೆ ಈಗಾಗಲೇ ತಿಳಿದಿರುವ ಅಧಿಕೃತ contact channel ಮಾತ್ರ ಬಳಸಿ.",Kannada,Phishing
ನಿಮ್ಮ ಕಾರ್ಡ್ profileಗೆ security check ಬಾಕಿಯಿದೆ. ಈಗ ನೀಡಿರುವ verification ಹಂತವನ್ನು ಪೂರ್ಣಗೊಳಿಸಿ. ನಿಮ್ಮ ಸಾಮಾನ್ಯ transaction record ಜೊತೆ ಈ ಸೂಚನೆಯನ್ನು ಪರಿಶೀಲಿಸುವುದು ಉಪಯುಕ್ತ. Account ಸಂಬಂಧಿತ ವಿನಂತಿಗಳಿಗೆ ಈಗಾಗಲೇ ತಿಳಿದಿರುವ ಅಧಿಕೃತ contact channel ಮಾತ್ರ ಬಳಸಿ. ಯಾವುದೇ ಸಮಸ್ಯೆಯಿದ್ದರೆ service providerನ ಅಧಿಕೃತ support option ಬಳಸಿ. ಸೇವೆಯ ಸ್ಥಿತಿಯನ್ನು ನಂತರ ಅಧಿಕೃತ portalನಲ್ಲಿ ಮತ್ತೆ ಪರಿಶೀಲಿಸಬಹುದು.,Kannada,Phishing
ದಯವಿಟ್ಟು ಗಮನಿಸಿ — ನಿಮ್ಮ ಕಾರ್ಡ್ ದಾಖಲೆಗಳಲ್ಲಿ security review ಬಾಕಿಯಿದೆ. ಇಂದಿನ review window ಮುಗಿಯುವ ಮೊದಲು ಈ ಪ್ರಕ್ರಿಯೆ ಪೂರ್ಣಗೊಳ್ಳಬೇಕು. Account ಸಂಬಂಧಿತ ವಿನಂತಿಗಳಿಗೆ ಈಗಾಗಲೇ ತಿಳಿದಿರುವ ಅಧಿಕೃತ contact channel ಮಾತ್ರ ಬಳಸಿ. ಯಾವುದೇ ಸಮಸ್ಯೆಯಿದ್ದರೆ service providerನ ಅಧಿಕೃತ support option ಬಳಸಿ. ಸೇವೆಯ ಸ್ಥಿತಿಯನ್ನು ನಂತರ ಅಧಿಕೃತ portalನಲ್ಲಿ ಮತ್ತೆ ಪರಿಶೀಲಿಸಬಹುದು.,Kannada,Phishing
ನಿಮ್ಮ ಕಾರ್ಡ್ profileನಲ್ಲಿ ಅಸಾಮಾನ್ಯ ಬದಲಾವಣೆ ಗುರುತಿಸಲಾಗಿದೆ. verification ವಿಫಲವಾದರೆ ಮುಂದಿನ ಸೇವೆಯನ್ನು ನಿಲ್ಲಿಸುವ ಎಚ್ಚರಿಕೆ ನೀಡಲಾಗಿದೆ. ಯಾವುದೇ ಸಮಸ್ಯೆಯಿದ್ದರೆ service providerನ ಅಧಿಕೃತ support option ಬಳಸಿ. ಸೇವೆಯ ಸ್ಥಿತಿಯನ್ನು ನಂತರ ಅಧಿಕೃತ portalನಲ್ಲಿ ಮತ್ತೆ ಪರಿಶೀಲಿಸಬಹುದು. ಈ ಮಾಹಿತಿಯಲ್ಲಿರುವ ಸೇವಾ ವಿವರಗಳನ್ನು ನಿಮ್ಮ ಅಧಿಕೃತ accountನಲ್ಲಿ ಪರಿಶೀಲಿಸಬಹುದು. ಯಾವುದೇ payment ಅಥವಾ identity action ಮಾಡುವ ಮೊದಲು ಅಧಿಕೃತ ಮಾಹಿತಿಯನ್ನು ಹೋಲಿಸಿ ನೋಡಿ.,Kannada,Phishing
ಸೂಚನೆ: ಡೆಬಿಟ್ ಕಾರ್ಡ್‌ನ online ಸೇವೆಗೆ ಮರುದೃಢೀಕರಣ ಅಗತ್ಯವಿದೆ. Security team ಹೆಸರಿನಲ್ಲಿ ತಕ್ಷಣ ಪ್ರತಿಕ್ರಿಯಿಸಲು ಸೂಚಿಸಲಾಗಿದೆ. ಕೇಳಲಾದ ಮೊತ್ತ ₹249. hxxp://secure-check.example/verify ಸೇವೆಯ ಸ್ಥಿತಿಯನ್ನು ನಂತರ ಅಧಿಕೃತ portalನಲ್ಲಿ ಮತ್ತೆ ಪರಿಶೀಲಿಸಬಹುದು. ಈ ಮಾಹಿತಿಯಲ್ಲಿರುವ ಸೇವಾ ವಿವರಗಳನ್ನು ನಿಮ್ಮ ಅಧಿಕೃತ accountನಲ್ಲಿ ಪರಿಶೀಲಿಸಬಹುದು. ಯಾವುದೇ payment ಅಥವಾ identity action ಮಾಡುವ ಮೊದಲು ಅಧಿಕೃತ ಮಾಹಿತಿಯನ್ನು ಹೋಲಿಸಿ ನೋಡಿ.,Kannada,Phishing
ಕಾರ್ಡ್ verification ಪ್ರಕ್ರಿಯೆ ಪೂರ್ಣಗೊಂಡಿಲ್ಲ. ಸೂಚಿಸಿದ page ತೆರೆಯಿ ಮತ್ತು ಕೇಳಲಾದ ಮಾಹಿತಿಯನ್ನು ನಮೂದಿಸಿ. ಉಲ್ಲೇಖ: [REF_ID]. https://account-review.example/confirm ಈ ಮಾಹಿತಿಯಲ್ಲಿರುವ ಸೇವಾ ವಿವರಗಳನ್ನು ನಿಮ್ಮ ಅಧಿಕೃತ accountನಲ್ಲಿ ಪರಿಶೀಲಿಸಬಹುದು. ಯಾವುದೇ payment ಅಥವಾ identity action ಮಾಡುವ ಮೊದಲು ಅಧಿಕೃತ ಮಾಹಿತಿಯನ್ನು ಹೋಲಿಸಿ ನೋಡಿ. ಸಂಬಂಧಿತ service history ನಿಮ್ಮ official app ಅಥವಾ portalನಲ್ಲಿ ಪ್ರತ್ಯೇಕವಾಗಿ ಕಾಣಬಹುದು.,Kannada,Phishing
"ನಿಮ್ಮ ಕಾರ್ಡ್‌ನಲ್ಲಿ ಅನುಮಾನಾಸ್ಪದ payment ಪ್ರಯತ್ನ ದಾಖಲಾಗಿದೆ. ಸ್ಥಿತಿಯನ್ನು ಪರಿಶೀಲಿಸಿ ಮುಂದುವರಿಯಲು link ಬಳಸಿ ಎಂದು ಸೂಚಿಸಲಾಗಿದೆ. http://kyc-alert.example/update ಯಾವುದೇ payment ಅಥವಾ identity action ಮಾಡುವ ಮೊದಲು ಅಧಿಕೃತ ಮಾಹಿತಿಯನ್ನು ಹೋಲಿಸಿ ನೋಡಿ. ಸಂಬಂಧಿತ service history ನಿಮ್ಮ official app ಅಥವಾ portalನಲ್ಲಿ ಪ್ರತ್ಯೇಕವಾಗಿ ಕಾಣಬಹುದು. ಸಂದೇಶದಲ್ಲಿರುವ ಸಮಯ, ಮೊತ್ತ ಮತ್ತು reference ವಿವರಗಳು service recordನಲ್ಲಿ ಕಾಣಿಸಬಹುದು.",Kannada,Phishing
"ಸೂಚನೆ: ನಿಮ್ಮ ಆಧಾರ್-ಲಿಂಕ್ ಸೇವೆಯ ದಾಖಲೆಗಳಲ್ಲಿ ಮರುಪರಿಶೀಲನೆ ಅಗತ್ಯವಿದೆ. ಇಂದಿನ review window ಮುಗಿಯುವ ಮೊದಲು ಈ ಪ್ರಕ್ರಿಯೆ ಪೂರ್ಣಗೊಳ್ಳಬೇಕು. ಕೇಳಲಾದ ಮೊತ್ತ ₹249. https://upi-support.example/resolve ಸಂಬಂಧಿತ service history ನಿಮ್ಮ official app ಅಥವಾ portalನಲ್ಲಿ ಪ್ರತ್ಯೇಕವಾಗಿ ಕಾಣಬಹುದು. ಸಂದೇಶದಲ್ಲಿರುವ ಸಮಯ, ಮೊತ್ತ ಮತ್ತು reference ವಿವರಗಳು service recordನಲ್ಲಿ ಕಾಣಿಸಬಹುದು. ನಿಮ್ಮ ಸಾಮಾನ್ಯ transaction record ಜೊತೆ ಈ ಸೂಚನೆಯನ್ನು ಪರಿಶೀಲಿಸುವುದು ಉಪಯುಕ್ತ.",Kannada,Phishing
"DigiLocker profileನಲ್ಲಿ identity check ಬಾಕಿಯಿದೆ. ಪರಿಶೀಲನೆ ವಿಫಲವಾದರೆ ಮುಂದಿನ ಸೇವೆಯನ್ನು ನಿಲ್ಲಿಸುವ ಎಚ್ಚರಿಕೆ ನೀಡಲಾಗಿದೆ. https://parcel-status.example/address ಸಂದೇಶದಲ್ಲಿರುವ ಸಮಯ, ಮೊತ್ತ ಮತ್ತು reference ವಿವರಗಳು service recordನಲ್ಲಿ ಕಾಣಿಸಬಹುದು. ನಿಮ್ಮ ಸಾಮಾನ್ಯ transaction record ಜೊತೆ ಈ ಸೂಚನೆಯನ್ನು ಪರಿಶೀಲಿಸುವುದು ಉಪಯುಕ್ತ. Account ಸಂಬಂಧಿತ ವಿನಂತಿಗಳಿಗೆ ಈಗಾಗಲೇ ತಿಳಿದಿರುವ ಅಧಿಕೃತ contact channel ಮಾತ್ರ ಬಳಸಿ.",Kannada,Phishing
ಸರ್ಕಾರಿ ಸೇವಾ ಅರ್ಜಿಗೆ ಹೆಚ್ಚುವರಿ ಗುರುತಿನ ದೃಢೀಕರಣ ಕೇಳಲಾಗಿದೆ. Security team ಹೆಸರಿನಲ್ಲಿ ತಕ್ಷಣ ಪ್ರತಿಕ್ರಿಯಿಸಲು ಸೂಚಿಸಲಾಗಿದೆ. http://reward-center.example/claim ನಿಮ್ಮ ಸಾಮಾನ್ಯ transaction record ಜೊತೆ ಈ ಸೂಚನೆಯನ್ನು ಪರಿಶೀಲಿಸುವುದು ಉಪಯುಕ್ತ. Account ಸಂಬಂಧಿತ ವಿನಂತಿಗಳಿಗೆ ಈಗಾಗಲೇ ತಿಳಿದಿರುವ ಅಧಿಕೃತ contact channel ಮಾತ್ರ ಬಳಸಿ. ಯಾವುದೇ ಸಮಸ್ಯೆಯಿದ್ದರೆ service providerನ ಅಧಿಕೃತ support option ಬಳಸಿ.,Kannada,Phishing
ನಿಮ್ಮ digital document accountಯ ಸ್ಥಿತಿಯನ್ನು ಪರಿಶೀಲಿಸಬೇಕಾಗಿದೆ. ಸೂಚಿಸಿದ page ತೆರೆಯಿ ಮತ್ತು ಕೇಳಲಾದ ಮಾಹಿತಿಯನ್ನು ನಮೂದಿಸಿ. https://job-selection.example/document Account ಸಂಬಂಧಿತ ವಿನಂತಿಗಳಿಗೆ ಈಗಾಗಲೇ ತಿಳಿದಿರುವ ಅಧಿಕೃತ contact channel ಮಾತ್ರ ಬಳಸಿ. ಯಾವುದೇ ಸಮಸ್ಯೆಯಿದ್ದರೆ service providerನ ಅಧಿಕೃತ support option ಬಳಸಿ. ಸೇವೆಯ ಸ್ಥಿತಿಯನ್ನು ನಂತರ ಅಧಿಕೃತ portalನಲ್ಲಿ ಮತ್ತೆ ಪರಿಶೀಲಿಸಬಹುದು. ಈ ಮಾಹಿತಿಯಲ್ಲಿರುವ ಸೇವಾ ವಿವರಗಳನ್ನು ನಿಮ್ಮ ಅಧಿಕೃತ accountನಲ್ಲಿ ಪರಿಶೀಲಿಸಬಹುದು.,Kannada,Phishing
ಅಧಿಕೃತ ಸೇವಾ ದಾಖಲೆಯಲ್ಲಿ identity details update ಕೇಳಲಾಗಿದೆ. ಸ್ಥಿತಿಯನ್ನು ಪರಿಶೀಲಿಸಿ ಮುಂದುವರಿಯಲು link ಬಳಸಿ ಎಂದು ಸೂಚಿಸಲಾಗಿದೆ. ಕೇಳಲಾದ ಮೊತ್ತ ₹1999. https://card-security.example/review ಯಾವುದೇ ಸಮಸ್ಯೆಯಿದ್ದರೆ service providerನ ಅಧಿಕೃತ support option ಬಳಸಿ. ಸೇವೆಯ ಸ್ಥಿತಿಯನ್ನು ನಂತರ ಅಧಿಕೃತ portalನಲ್ಲಿ ಮತ್ತೆ ಪರಿಶೀಲಿಸಬಹುದು. ಈ ಮಾಹಿತಿಯಲ್ಲಿರುವ ಸೇವಾ ವಿವರಗಳನ್ನು ನಿಮ್ಮ ಅಧಿಕೃತ accountನಲ್ಲಿ ಪರಿಶೀಲಿಸಬಹುದು.,Kannada,Phishing
ಸೂಚನೆ: ನಿಮ್ಮ ಸರ್ಕಾರಿ benefit profile ಪರಿಶೀಲನೆಯ ಸಮಯ ಮುಗಿಯುತ್ತಿದೆ. ವಿನಂತಿಯನ್ನು active ಇರಿಸಲು ತಕ್ಷಣ action ತೆಗೆದುಕೊಳ್ಳಿ ಎಂದು ತಿಳಿಸಲಾಗಿದೆ. http://utility-notice.example/pay ಸೇವೆಯ ಸ್ಥಿತಿಯನ್ನು ನಂತರ ಅಧಿಕೃತ portalನಲ್ಲಿ ಮತ್ತೆ ಪರಿಶೀಲಿಸಬಹುದು. ಈ ಮಾಹಿತಿಯಲ್ಲಿರುವ ಸೇವಾ ವಿವರಗಳನ್ನು ನಿಮ್ಮ ಅಧಿಕೃತ accountನಲ್ಲಿ ಪರಿಶೀಲಿಸಬಹುದು. ಯಾವುದೇ payment ಅಥವಾ identity action ಮಾಡುವ ಮೊದಲು ಅಧಿಕೃತ ಮಾಹಿತಿಯನ್ನು ಹೋಲಿಸಿ ನೋಡಿ.,Kannada,Phishing
ನಿಮ್ಮ ಆಧಾರ್-ಲಿಂಕ್ ಸೇವೆಯ ದಾಖಲೆಗಳಲ್ಲಿ ಮರುಪರಿಶೀಲನೆ ಅಗತ್ಯವಿದೆ. ಸೇವೆ ಸೀಮಿತಗೊಳ್ಳುವ ಮೊದಲು ಖಾತೆಯನ್ನು ದೃಢೀಕರಿಸಿ. https://profile-access.example/recover ಈ ಮಾಹಿತಿಯಲ್ಲಿರುವ ಸೇವಾ ವಿವರಗಳನ್ನು ನಿಮ್ಮ ಅಧಿಕೃತ accountನಲ್ಲಿ ಪರಿಶೀಲಿಸಬಹುದು. ಯಾವುದೇ payment ಅಥವಾ identity action ಮಾಡುವ ಮೊದಲು ಅಧಿಕೃತ ಮಾಹಿತಿಯನ್ನು ಹೋಲಿಸಿ ನೋಡಿ. ಸಂಬಂಧಿತ service history ನಿಮ್ಮ official app ಅಥವಾ portalನಲ್ಲಿ ಪ್ರತ್ಯೇಕವಾಗಿ ಕಾಣಬಹುದು.,Kannada,Phishing
"DigiLocker profileನಲ್ಲಿ identity check ಬಾಕಿಯಿದೆ. ಈ activity ನಿಮ್ಮದಾಗಿರದಿದ್ದರೆ identity check ಪೂರ್ಣಗೊಳಿಸಿ. ಉಲ್ಲೇಖ: [REF_ID]. hxxp://secure-check.example/verify ಯಾವುದೇ payment ಅಥವಾ identity action ಮಾಡುವ ಮೊದಲು ಅಧಿಕೃತ ಮಾಹಿತಿಯನ್ನು ಹೋಲಿಸಿ ನೋಡಿ. ಸಂಬಂಧಿತ service history ನಿಮ್ಮ official app ಅಥವಾ portalನಲ್ಲಿ ಪ್ರತ್ಯೇಕವಾಗಿ ಕಾಣಬಹುದು. ಸಂದೇಶದಲ್ಲಿರುವ ಸಮಯ, ಮೊತ್ತ ಮತ್ತು reference ವಿವರಗಳು service recordನಲ್ಲಿ ಕಾಣಿಸಬಹುದು.",Kannada,Phishing
"ಸರ್ಕಾರಿ ಸೇವಾ ಅರ್ಜಿಗೆ ಹೆಚ್ಚುವರಿ ಗುರುತಿನ ದೃಢೀಕರಣ ಕೇಳಲಾಗಿದೆ. ಮೊತ್ತ ಅಥವಾ ಸೇವೆ ಬಿಡುಗಡೆ ಮಾಡಲು account information ಕೇಳಲಾಗಿದೆ. ಕೇಳಲಾದ ಮೊತ್ತ ₹1240. ಸಂಬಂಧಿತ service history ನಿಮ್ಮ official app ಅಥವಾ portalನಲ್ಲಿ ಪ್ರತ್ಯೇಕವಾಗಿ ಕಾಣಬಹುದು. ಸಂದೇಶದಲ್ಲಿರುವ ಸಮಯ, ಮೊತ್ತ ಮತ್ತು reference ವಿವರಗಳು service recordನಲ್ಲಿ ಕಾಣಿಸಬಹುದು. ನಿಮ್ಮ ಸಾಮಾನ್ಯ transaction record ಜೊತೆ ಈ ಸೂಚನೆಯನ್ನು ಪರಿಶೀಲಿಸುವುದು ಉಪಯುಕ್ತ.",Kannada,Phishing
"ದಯವಿಟ್ಟು ಗಮನಿಸಿ — ನಿಮ್ಮ digital document ಖಾತೆಯ ಸ್ಥಿತಿಯನ್ನು ಪರಿಶೀಲಿಸಬೇಕಾಗಿದೆ. ಈಗ ನೀಡಿರುವ verification ಹಂತವನ್ನು ಪೂರ್ಣಗೊಳಿಸಿ. ಸಂದೇಶದಲ್ಲಿರುವ ಸಮಯ, ಮೊತ್ತ ಮತ್ತು reference ವಿವರಗಳು service recordನಲ್ಲಿ ಕಾಣಿಸಬಹುದು. ನಿಮ್ಮ ಸಾಮಾನ್ಯ transaction record ಜೊತೆ ಈ ಸೂಚನೆಯನ್ನು ಪರಿಶೀಲಿಸುವುದು ಉಪಯುಕ್ತ. Account ಸಂಬಂಧಿತ ವಿನಂತಿಗಳಿಗೆ ಈಗಾಗಲೇ ತಿಳಿದಿರುವ ಅಧಿಕೃತ contact channel ಮಾತ್ರ ಬಳಸಿ.",Kannada,Phishing
ಸೂಚನೆ: ಅಧಿಕೃತ ಸೇವಾ ದಾಖಲೆಯಲ್ಲಿ identity details update ಕೇಳಲಾಗಿದೆ. ಇಂದಿನ review window ಮುಗಿಯುವ ಮೊದಲು ಈ ಪ್ರಕ್ರಿಯೆ ಪೂರ್ಣಗೊಳ್ಳಬೇಕು. ನಿಮ್ಮ ಸಾಮಾನ್ಯ transaction record ಜೊತೆ ಈ ಸೂಚನೆಯನ್ನು ಪರಿಶೀಲಿಸುವುದು ಉಪಯುಕ್ತ. Account ಸಂಬಂಧಿತ ವಿನಂತಿಗಳಿಗೆ ಈಗಾಗಲೇ ತಿಳಿದಿರುವ ಅಧಿಕೃತ contact channel ಮಾತ್ರ ಬಳಸಿ. ಯಾವುದೇ ಸಮಸ್ಯೆಯಿದ್ದರೆ service providerನ ಅಧಿಕೃತ support option ಬಳಸಿ.,Kannada,Phishing
ನಿಮ್ಮ ಸರ್ಕಾರಿ benefit profile ಪರಿಶೀಲನೆಯ ಸಮಯ ಮುಗಿಯುತ್ತಿದೆ. ಪರಿಶೀಲನೆ ವಿಫಲವಾದರೆ ಮುಂದಿನ ಸೇವೆಯನ್ನು ನಿಲ್ಲಿಸುವ ಎಚ್ಚರಿಕೆ ನೀಡಲಾಗಿದೆ. Account ಸಂಬಂಧಿತ ವಿನಂತಿಗಳಿಗೆ ಈಗಾಗಲೇ ತಿಳಿದಿರುವ ಅಧಿಕೃತ contact channel ಮಾತ್ರ ಬಳಸಿ. ಯಾವುದೇ ಸಮಸ್ಯೆಯಿದ್ದರೆ service providerನ ಅಧಿಕೃತ support option ಬಳಸಿ. ಸೇವೆಯ ಸ್ಥಿತಿಯನ್ನು ನಂತರ ಅಧಿಕೃತ portalನಲ್ಲಿ ಮತ್ತೆ ಪರಿಶೀಲಿಸಬಹುದು. ಈ ಮಾಹಿತಿಯಲ್ಲಿರುವ ಸೇವಾ ವಿವರಗಳನ್ನು ನಿಮ್ಮ ಅಧಿಕೃತ accountನಲ್ಲಿ ಪರಿಶೀಲಿಸಬಹುದು.,Kannada,Phishing
ನಿಮ್ಮ ಆಧಾರ್-ಲಿಂಕ್ ಸೇವೆಯ ದಾಖಲೆಗಳಲ್ಲಿ ಮರುಪರಿಶೀಲನೆ ಅಗತ್ಯವಿದೆ. Security team ಹೆಸರಿನಲ್ಲಿ ತಕ್ಷಣ ಪ್ರತಿಕ್ರಿಯಿಸಲು ಸೂಚಿಸಲಾಗಿದೆ. ಕೇಳಲಾದ ಮೊತ್ತ ₹850. ಯಾವುದೇ ಸಮಸ್ಯೆಯಿದ್ದರೆ service providerನ ಅಧಿಕೃತ support option ಬಳಸಿ. ಸೇವೆಯ ಸ್ಥಿತಿಯನ್ನು ನಂತರ ಅಧಿಕೃತ portalನಲ್ಲಿ ಮತ್ತೆ ಪರಿಶೀಲಿಸಬಹುದು. ಈ ಮಾಹಿತಿಯಲ್ಲಿರುವ ಸೇವಾ ವಿವರಗಳನ್ನು ನಿಮ್ಮ ಅಧಿಕೃತ accountನಲ್ಲಿ ಪರಿಶೀಲಿಸಬಹುದು. ಯಾವುದೇ payment ಅಥವಾ identity action ಮಾಡುವ ಮೊದಲು ಅಧಿಕೃತ ಮಾಹಿತಿಯನ್ನು ಹೋಲಿಸಿ ನೋಡಿ.,Kannada,Phishing
DigiLocker profileನಲ್ಲಿ identity check ಬಾಕಿಯಿದೆ. ಸೂಚಿಸಿದ page ತೆರೆಯಿ ಮತ್ತು ಕೇಳಲಾದ ಮಾಹಿತಿಯನ್ನು ನಮೂದಿಸಿ. ಸೇವೆಯ ಸ್ಥಿತಿಯನ್ನು ನಂತರ ಅಧಿಕೃತ portalನಲ್ಲಿ ಮತ್ತೆ ಪರಿಶೀಲಿಸಬಹುದು. ಈ ಮಾಹಿತಿಯಲ್ಲಿರುವ ಸೇವಾ ವಿವರಗಳನ್ನು ನಿಮ್ಮ ಅಧಿಕೃತ accountನಲ್ಲಿ ಪರಿಶೀಲಿಸಬಹುದು. ಯಾವುದೇ payment ಅಥವಾ identity action ಮಾಡುವ ಮೊದಲು ಅಧಿಕೃತ ಮಾಹಿತಿಯನ್ನು ಹೋಲಿಸಿ ನೋಡಿ. ಸಂಬಂಧಿತ service history ನಿಮ್ಮ official app ಅಥವಾ portalನಲ್ಲಿ ಪ್ರತ್ಯೇಕವಾಗಿ ಕಾಣಬಹುದು.,Kannada,Phishing
ಸರ್ಕಾರಿ ಸೇವಾ ಅರ್ಜಿಗೆ ಹೆಚ್ಚುವರಿ ಗುರುತಿನ ದೃಢೀಕರಣ ಕೇಳಲಾಗಿದೆ. ಸ್ಥಿತಿಯನ್ನು ಪರಿಶೀಲಿಸಿ ಮುಂದುವರಿಯಲು link ಬಳಸಿ ಎಂದು ಸೂಚಿಸಲಾಗಿದೆ. ಉಲ್ಲೇಖ: [REF_ID]. ಈ ಮಾಹಿತಿಯಲ್ಲಿರುವ ಸೇವಾ ವಿವರಗಳನ್ನು ನಿಮ್ಮ ಅಧಿಕೃತ accountನಲ್ಲಿ ಪರಿಶೀಲಿಸಬಹುದು. ಯಾವುದೇ payment ಅಥವಾ identity action ಮಾಡುವ ಮೊದಲು ಅಧಿಕೃತ ಮಾಹಿತಿಯನ್ನು ಹೋಲಿಸಿ ನೋಡಿ. ಸಂಬಂಧಿತ service history ನಿಮ್ಮ official app ಅಥವಾ portalನಲ್ಲಿ ಪ್ರತ್ಯೇಕವಾಗಿ ಕಾಣಬಹುದು.,Kannada,Phishing
"ಸೂಚನೆ: ನಿಮ್ಮ digital document ಖಾತೆಯ ಸ್ಥಿತಿಯನ್ನು ಪರಿಶೀಲಿಸಬೇಕಾಗಿದೆ. ವಿನಂತಿಯನ್ನು active ಇರಿಸಲು ತಕ್ಷಣ action ತೆಗೆದುಕೊಳ್ಳಿ ಎಂದು ತಿಳಿಸಲಾಗಿದೆ. ಯಾವುದೇ payment ಅಥವಾ identity action ಮಾಡುವ ಮೊದಲು ಅಧಿಕೃತ ಮಾಹಿತಿಯನ್ನು ಹೋಲಿಸಿ ನೋಡಿ. ಸಂಬಂಧಿತ service history ನಿಮ್ಮ official app ಅಥವಾ portalನಲ್ಲಿ ಪ್ರತ್ಯೇಕವಾಗಿ ಕಾಣಬಹುದು. ಸಂದೇಶದಲ್ಲಿರುವ ಸಮಯ, ಮೊತ್ತ ಮತ್ತು reference ವಿವರಗಳು service recordನಲ್ಲಿ ಕಾಣಿಸಬಹುದು.",Kannada,Phishing
"ಅಧಿಕೃತ ಸೇವಾ ದಾಖಲೆಯಲ್ಲಿ identity details update ಕೇಳಲಾಗಿದೆ. ಸೇವೆ ಸೀಮಿತಗೊಳ್ಳುವ ಮೊದಲು ಖಾತೆಯನ್ನು ದೃಢೀಕರಿಸಿ. ಕೇಳಲಾದ ಮೊತ್ತ ₹499. ಸಂಬಂಧಿತ service history ನಿಮ್ಮ official app ಅಥವಾ portalನಲ್ಲಿ ಪ್ರತ್ಯೇಕವಾಗಿ ಕಾಣಬಹುದು. ಸಂದೇಶದಲ್ಲಿರುವ ಸಮಯ, ಮೊತ್ತ ಮತ್ತು reference ವಿವರಗಳು service recordನಲ್ಲಿ ಕಾಣಿಸಬಹುದು. ನಿಮ್ಮ ಸಾಮಾನ್ಯ transaction record ಜೊತೆ ಈ ಸೂಚನೆಯನ್ನು ಪರಿಶೀಲಿಸುವುದು ಉಪಯುಕ್ತ.",Kannada,Phishing
"ನಿಮ್ಮ ಸರ್ಕಾರಿ benefit profile verificationಯ ಸಮಯ ಮುಗಿಯುತ್ತಿದೆ. ಈ activity ನಿಮ್ಮದಾಗಿರದಿದ್ದರೆ identity check ಪೂರ್ಣಗೊಳಿಸಿ. hxxp://secure-check.example/verify ಸಂದೇಶದಲ್ಲಿರುವ ಸಮಯ, ಮೊತ್ತ ಮತ್ತು reference ವಿವರಗಳು service recordನಲ್ಲಿ ಕಾಣಿಸಬಹುದು. ನಿಮ್ಮ ಸಾಮಾನ್ಯ transaction record ಜೊತೆ ಈ ಸೂಚನೆಯನ್ನು ಪರಿಶೀಲಿಸುವುದು ಉಪಯುಕ್ತ. Account ಸಂಬಂಧಿತ ವಿನಂತಿಗಳಿಗೆ ಈಗಾಗಲೇ ತಿಳಿದಿರುವ ಅಧಿಕೃತ contact channel ಮಾತ್ರ ಬಳಸಿ.",Kannada,Phishing
ದಯವಿಟ್ಟು ಗಮನಿಸಿ — ನಿಮ್ಮ ಆಧಾರ್-ಲಿಂಕ್ ಸೇವೆಯ ದಾಖಲೆಗಳಲ್ಲಿ ಮರುಪರಿಶೀಲನೆ ಅಗತ್ಯವಿದೆ. ಮೊತ್ತ ಅಥವಾ ಸೇವೆ ಬಿಡುಗಡೆ ಮಾಡಲು account information ಕೇಳಲಾಗಿದೆ. https://account-review.example/confirm ನಿಮ್ಮ ಸಾಮಾನ್ಯ transaction record ಜೊತೆ ಈ ಸೂಚನೆಯನ್ನು ಪರಿಶೀಲಿಸುವುದು ಉಪಯುಕ್ತ. Account ಸಂಬಂಧಿತ ವಿನಂತಿಗಳಿಗೆ ಈಗಾಗಲೇ ತಿಳಿದಿರುವ ಅಧಿಕೃತ contact channel ಮಾತ್ರ ಬಳಸಿ. ಯಾವುದೇ ಸಮಸ್ಯೆಯಿದ್ದರೆ service providerನ ಅಧಿಕೃತ support option ಬಳಸಿ.,Kannada,Phishing
DigiLocker profileನಲ್ಲಿ identity check ಬಾಕಿಯಿದೆ. ಈಗ ನೀಡಿರುವ verification ಹಂತವನ್ನು ಪೂರ್ಣಗೊಳಿಸಿ. http://kyc-alert.example/update Account ಸಂಬಂಧಿತ ವಿನಂತಿಗಳಿಗೆ ಈಗಾಗಲೇ ತಿಳಿದಿರುವ ಅಧಿಕೃತ contact channel ಮಾತ್ರ ಬಳಸಿ. ಯಾವುದೇ ಸಮಸ್ಯೆಯಿದ್ದರೆ service providerನ ಅಧಿಕೃತ support option ಬಳಸಿ. ಸೇವೆಯ ಸ್ಥಿತಿಯನ್ನು ನಂತರ ಅಧಿಕೃತ portalನಲ್ಲಿ ಮತ್ತೆ ಪರಿಶೀಲಿಸಬಹುದು. ಈ ಮಾಹಿತಿಯಲ್ಲಿರುವ ಸೇವಾ ವಿವರಗಳನ್ನು ನಿಮ್ಮ ಅಧಿಕೃತ accountನಲ್ಲಿ ಪರಿಶೀಲಿಸಬಹುದು.,Kannada,Phishing
ಸೂಚನೆ: ಸರ್ಕಾರಿ ಸೇವಾ ಅರ್ಜಿಗೆ ಹೆಚ್ಚುವರಿ ಗುರುತಿನ ದೃಢೀಕರಣ ಕೇಳಲಾಗಿದೆ. ಇಂದಿನ review window ಮುಗಿಯುವ ಮೊದಲು ಈ ಪ್ರಕ್ರಿಯೆ ಪೂರ್ಣಗೊಳ್ಳಬೇಕು. ಕೇಳಲಾದ ಮೊತ್ತ ₹249. https://upi-support.example/resolve,Kannada,Phishing
ನಿಮ್ಮ digital document ಖಾತೆಯ ಸ್ಥಿತಿಯನ್ನು ಪರಿಶೀಲಿಸಬೇಕಾಗಿದೆ. ಪರಿಶೀಲನೆ ವಿಫಲವಾದರೆ ಮುಂದಿನ ಸೇವೆಯನ್ನು ನಿಲ್ಲಿಸುವ ಎಚ್ಚರಿಕೆ ನೀಡಲಾಗಿದೆ. ಉಲ್ಲೇಖ: [REF_ID]. https://parcel-status.example/address ಸೇವೆಯ ಸ್ಥಿತಿಯನ್ನು ನಂತರ ಅಧಿಕೃತ portalನಲ್ಲಿ ಮತ್ತೆ ಪರಿಶೀಲಿಸಬಹುದು. ಈ ಮಾಹಿತಿಯಲ್ಲಿರುವ ಸೇವಾ ವಿವರಗಳನ್ನು ನಿಮ್ಮ ಅಧಿಕೃತ accountನಲ್ಲಿ ಪರಿಶೀಲಿಸಬಹುದು. ಯಾವುದೇ payment ಅಥವಾ identity action ಮಾಡುವ ಮೊದಲು ಅಧಿಕೃತ ಮಾಹಿತಿಯನ್ನು ಹೋಲಿಸಿ ನೋಡಿ.,Kannada,Phishing
ಅಧಿಕೃತ ಸೇವಾ ದಾಖಲೆಯಲ್ಲಿ identity details update ಕೇಳಲಾಗಿದೆ. Security team ಹೆಸರಿನಲ್ಲಿ ತಕ್ಷಣ ಪ್ರತಿಕ್ರಿಯಿಸಲು ಸೂಚಿಸಲಾಗಿದೆ. http://reward-center.example/claim ಈ ಮಾಹಿತಿಯಲ್ಲಿರುವ ಸೇವಾ ವಿವರಗಳನ್ನು ನಿಮ್ಮ ಅಧಿಕೃತ accountನಲ್ಲಿ ಪರಿಶೀಲಿಸಬಹುದು. ಯಾವುದೇ payment ಅಥವಾ identity action ಮಾಡುವ ಮೊದಲು ಅಧಿಕೃತ ಮಾಹಿತಿಯನ್ನು ಹೋಲಿಸಿ ನೋಡಿ. ಸಂಬಂಧಿತ service history ನಿಮ್ಮ official app ಅಥವಾ portalನಲ್ಲಿ ಪ್ರತ್ಯೇಕವಾಗಿ ಕಾಣಬಹುದು.,Kannada,Phishing
"ಸೂಚನೆ: ನಿಮ್ಮ parcel delivery ಮಾಹಿತಿಯಲ್ಲಿ ಸಮಸ್ಯೆ ದಾಖಲಾಗಿದೆ. ಪರಿಶೀಲನೆ ವಿಫಲವಾದರೆ ಮುಂದಿನ ಸೇವೆಯನ್ನು ನಿಲ್ಲಿಸುವ ಎಚ್ಚರಿಕೆ ನೀಡಲಾಗಿದೆ. ಕೇಳಲಾದ ಮೊತ್ತ ₹249. https://job-selection.example/document ಯಾವುದೇ payment ಅಥವಾ identity action ಮಾಡುವ ಮೊದಲು ಅಧಿಕೃತ ಮಾಹಿತಿಯನ್ನು ಹೋಲಿಸಿ ನೋಡಿ. ಸಂಬಂಧಿತ service history ನಿಮ್ಮ official app ಅಥವಾ portalನಲ್ಲಿ ಪ್ರತ್ಯೇಕವಾಗಿ ಕಾಣಬಹುದು. ಸಂದೇಶದಲ್ಲಿರುವ ಸಮಯ, ಮೊತ್ತ ಮತ್ತು reference ವಿವರಗಳು service recordನಲ್ಲಿ ಕಾಣಿಸಬಹುದು.",Kannada,Phishing
"Courier ದಾಖಲೆಯಲ್ಲಿ address confirmation ಬಾಕಿಯಿದೆ. Security team ಹೆಸರಿನಲ್ಲಿ ತಕ್ಷಣ ಪ್ರತಿಕ್ರಿಯಿಸಲು ಸೂಚಿಸಲಾಗಿದೆ. https://card-security.example/review ಸಂಬಂಧಿತ service history ನಿಮ್ಮ official app ಅಥವಾ portalನಲ್ಲಿ ಪ್ರತ್ಯೇಕವಾಗಿ ಕಾಣಬಹುದು. ಸಂದೇಶದಲ್ಲಿರುವ ಸಮಯ, ಮೊತ್ತ ಮತ್ತು reference ವಿವರಗಳು service recordನಲ್ಲಿ ಕಾಣಿಸಬಹುದು. ನಿಮ್ಮ ಸಾಮಾನ್ಯ transaction record ಜೊತೆ ಈ ಸೂಚನೆಯನ್ನು ಪರಿಶೀಲಿಸುವುದು ಉಪಯುಕ್ತ.",Kannada,Phishing
"ನಿಮ್ಮ package ಸ್ಥಳೀಯ delivery ಕೇಂದ್ರದಲ್ಲಿ hold ಆಗಿದೆ. ಸೂಚಿಸಿದ page ತೆರೆಯಿ ಮತ್ತು ಕೇಳಲಾದ ಮಾಹಿತಿಯನ್ನು ನಮೂದಿಸಿ. http://utility-notice.example/pay ಸಂದೇಶದಲ್ಲಿರುವ ಸಮಯ, ಮೊತ್ತ ಮತ್ತು reference ವಿವರಗಳು service recordನಲ್ಲಿ ಕಾಣಿಸಬಹುದು. ನಿಮ್ಮ ಸಾಮಾನ್ಯ transaction record ಜೊತೆ ಈ ಸೂಚನೆಯನ್ನು ಪರಿಶೀಲಿಸುವುದು ಉಪಯುಕ್ತ. Account ಸಂಬಂಧಿತ ವಿನಂತಿಗಳಿಗೆ ಈಗಾಗಲೇ ತಿಳಿದಿರುವ ಅಧಿಕೃತ contact channel ಮಾತ್ರ ಬಳಸಿ.",Kannada,Phishing
Delivery requestಗೆ ಹೆಚ್ಚುವರಿ confirmation ಬೇಕಾಗಿದೆ. ಸ್ಥಿತಿಯನ್ನು ಪರಿಶೀಲಿಸಿ ಮುಂದುವರಿಯಲು link ಬಳಸಿ ಎಂದು ಸೂಚಿಸಲಾಗಿದೆ. https://profile-access.example/recover ನಿಮ್ಮ ಸಾಮಾನ್ಯ transaction record ಜೊತೆ ಈ ಸೂಚನೆಯನ್ನು ಪರಿಶೀಲಿಸುವುದು ಉಪಯುಕ್ತ. Account ಸಂಬಂಧಿತ ವಿನಂತಿಗಳಿಗೆ ಈಗಾಗಲೇ ತಿಳಿದಿರುವ ಅಧಿಕೃತ contact channel ಮಾತ್ರ ಬಳಸಿ. ಯಾವುದೇ ಸಮಸ್ಯೆಯಿದ್ದರೆ service providerನ ಅಧಿಕೃತ support option ಬಳಸಿ.,Kannada,Phishing
ನಿಮ್ಮ shipment ಮುಂದಿನ ಹಂತ address verification ಮೇಲೆ ಅವಲಂಬಿತವಾಗಿದೆ. ವಿನಂತಿಯನ್ನು active ಇರಿಸಲು ತಕ್ಷಣ action ತೆಗೆದುಕೊಳ್ಳಿ ಎಂದು ತಿಳಿಸಲಾಗಿದೆ. ಕೇಳಲಾದ ಮೊತ್ತ ₹1999. hxxp://secure-check.example/verify,Kannada,Phishing
ಸೂಚನೆ: Courier systemನಲ್ಲಿ ನಿಮ್ಮ parcel status reviewನಲ್ಲಿ ಇದೆ. ಸೇವೆ ಸೀಮಿತಗೊಳ್ಳುವ ಮೊದಲು ಖಾತೆಯನ್ನು ದೃಢೀಕರಿಸಿ. ಯಾವುದೇ ಸಮಸ್ಯೆಯಿದ್ದರೆ service providerನ ಅಧಿಕೃತ support option ಬಳಸಿ. ಸೇವೆಯ ಸ್ಥಿತಿಯನ್ನು ನಂತರ ಅಧಿಕೃತ portalನಲ್ಲಿ ಮತ್ತೆ ಪರಿಶೀಲಿಸಬಹುದು. ಈ ಮಾಹಿತಿಯಲ್ಲಿರುವ ಸೇವಾ ವಿವರಗಳನ್ನು ನಿಮ್ಮ ಅಧಿಕೃತ accountನಲ್ಲಿ ಪರಿಶೀಲಿಸಬಹುದು. ಯಾವುದೇ payment ಅಥವಾ identity action ಮಾಡುವ ಮೊದಲು ಅಧಿಕೃತ ಮಾಹಿತಿಯನ್ನು ಹೋಲಿಸಿ ನೋಡಿ.,Kannada,Phishing
ನಿಮ್ಮ parcel delivery ಮಾಹಿತಿಯಲ್ಲಿ ಸಮಸ್ಯೆ ದಾಖಲಾಗಿದೆ. ಈ activity ನಿಮ್ಮದಾಗಿರದಿದ್ದರೆ identity check ಪೂರ್ಣಗೊಳಿಸಿ. ಸೇವೆಯ ಸ್ಥಿತಿಯನ್ನು ನಂತರ ಅಧಿಕೃತ portalನಲ್ಲಿ ಮತ್ತೆ ಪರಿಶೀಲಿಸಬಹುದು. ಈ ಮಾಹಿತಿಯಲ್ಲಿರುವ ಸೇವಾ ವಿವರಗಳನ್ನು ನಿಮ್ಮ ಅಧಿಕೃತ accountನಲ್ಲಿ ಪರಿಶೀಲಿಸಬಹುದು. ಯಾವುದೇ payment ಅಥವಾ identity action ಮಾಡುವ ಮೊದಲು ಅಧಿಕೃತ ಮಾಹಿತಿಯನ್ನು ಹೋಲಿಸಿ ನೋಡಿ. ಸಂಬಂಧಿತ service history ನಿಮ್ಮ official app ಅಥವಾ portalನಲ್ಲಿ ಪ್ರತ್ಯೇಕವಾಗಿ ಕಾಣಬಹುದು.,Kannada,Phishing
Courier ದಾಖಲೆಯಲ್ಲಿ address confirmation ಬಾಕಿಯಿದೆ. ಮೊತ್ತ ಅಥವಾ ಸೇವೆ ಬಿಡುಗಡೆ ಮಾಡಲು account information ಕೇಳಲಾಗಿದೆ. ಉಲ್ಲೇಖ: [REF_ID]. ಈ ಮಾಹಿತಿಯಲ್ಲಿರುವ ಸೇವಾ ವಿವರಗಳನ್ನು ನಿಮ್ಮ ಅಧಿಕೃತ accountನಲ್ಲಿ ಪರಿಶೀಲಿಸಬಹುದು. ಯಾವುದೇ payment ಅಥವಾ identity action ಮಾಡುವ ಮೊದಲು ಅಧಿಕೃತ ಮಾಹಿತಿಯನ್ನು ಹೋಲಿಸಿ ನೋಡಿ. ಸಂಬಂಧಿತ service history ನಿಮ್ಮ official app ಅಥವಾ portalನಲ್ಲಿ ಪ್ರತ್ಯೇಕವಾಗಿ ಕಾಣಬಹುದು.,Kannada,Phishing
"ನಿಮ್ಮ package ಸ್ಥಳೀಯ delivery ಕೇಂದ್ರದಲ್ಲಿ hold ಆಗಿದೆ. ಈಗ ನೀಡಿರುವ verification ಹಂತವನ್ನು ಪೂರ್ಣಗೊಳಿಸಿ. ಕೇಳಲಾದ ಮೊತ್ತ ₹1240. ಯಾವುದೇ payment ಅಥವಾ identity action ಮಾಡುವ ಮೊದಲು ಅಧಿಕೃತ ಮಾಹಿತಿಯನ್ನು ಹೋಲಿಸಿ ನೋಡಿ. ಸಂಬಂಧಿತ service history ನಿಮ್ಮ official app ಅಥವಾ portalನಲ್ಲಿ ಪ್ರತ್ಯೇಕವಾಗಿ ಕಾಣಬಹುದು. ಸಂದೇಶದಲ್ಲಿರುವ ಸಮಯ, ಮೊತ್ತ ಮತ್ತು reference ವಿವರಗಳು service recordನಲ್ಲಿ ಕಾಣಿಸಬಹುದು.",Kannada,Phishing
"ದಯವಿಟ್ಟು ಗಮನಿಸಿ — Delivery requestಗೆ ಹೆಚ್ಚುವರಿ confirmation ಬೇಕಾಗಿದೆ. ಇಂದಿನ review window ಮುಗಿಯುವ ಮೊದಲು ಈ ಪ್ರಕ್ರಿಯೆ ಪೂರ್ಣಗೊಳ್ಳಬೇಕು. ಸಂಬಂಧಿತ service history ನಿಮ್ಮ official app ಅಥವಾ portalನಲ್ಲಿ ಪ್ರತ್ಯೇಕವಾಗಿ ಕಾಣಬಹುದು. ಸಂದೇಶದಲ್ಲಿರುವ ಸಮಯ, ಮೊತ್ತ ಮತ್ತು reference ವಿವರಗಳು service recordನಲ್ಲಿ ಕಾಣಿಸಬಹುದು. ನಿಮ್ಮ ಸಾಮಾನ್ಯ transaction record ಜೊತೆ ಈ ಸೂಚನೆಯನ್ನು ಪರಿಶೀಲಿಸುವುದು ಉಪಯುಕ್ತ.",Kannada,Phishing
"ಸೂಚನೆ: ನಿಮ್ಮ shipment ಮುಂದಿನ ಹಂತ address verification ಮೇಲೆ ಅವಲಂಬಿತವಾಗಿದೆ. ಪರಿಶೀಲನೆ ವಿಫಲವಾದರೆ ಮುಂದಿನ ಸೇವೆಯನ್ನು ನಿಲ್ಲಿಸುವ ಎಚ್ಚರಿಕೆ ನೀಡಲಾಗಿದೆ. ಸಂದೇಶದಲ್ಲಿರುವ ಸಮಯ, ಮೊತ್ತ ಮತ್ತು reference ವಿವರಗಳು service recordನಲ್ಲಿ ಕಾಣಿಸಬಹುದು. ನಿಮ್ಮ ಸಾಮಾನ್ಯ transaction record ಜೊತೆ ಈ ಸೂಚನೆಯನ್ನು ಪರಿಶೀಲಿಸುವುದು ಉಪಯುಕ್ತ. Account ಸಂಬಂಧಿತ ವಿನಂತಿಗಳಿಗೆ ಈಗಾಗಲೇ ತಿಳಿದಿರುವ ಅಧಿಕೃತ contact channel ಮಾತ್ರ ಬಳಸಿ.",Kannada,Phishing
Courier systemನಲ್ಲಿ ನಿಮ್ಮ parcel status reviewನಲ್ಲಿ ಇದೆ. Security team ಹೆಸರಿನಲ್ಲಿ ತಕ್ಷಣ ಪ್ರತಿಕ್ರಿಯಿಸಲು ಸೂಚಿಸಲಾಗಿದೆ. ನಿಮ್ಮ ಸಾಮಾನ್ಯ transaction record ಜೊತೆ ಈ ಸೂಚನೆಯನ್ನು ಪರಿಶೀಲಿಸುವುದು ಉಪಯುಕ್ತ. Account ಸಂಬಂಧಿತ ವಿನಂತಿಗಳಿಗೆ ಈಗಾಗಲೇ ತಿಳಿದಿರುವ ಅಧಿಕೃತ contact channel ಮಾತ್ರ ಬಳಸಿ. ಯಾವುದೇ ಸಮಸ್ಯೆಯಿದ್ದರೆ service providerನ ಅಧಿಕೃತ support option ಬಳಸಿ.,Kannada,Phishing
ನಿಮ್ಮ parcel delivery ಮಾಹಿತಿಯಲ್ಲಿ ಸಮಸ್ಯೆ ದಾಖಲಾಗಿದೆ. ಸೂಚಿಸಿದ page ತೆರೆಯಿ ಮತ್ತು ಕೇಳಲಾದ ಮಾಹಿತಿಯನ್ನು ನಮೂದಿಸಿ. ಕೇಳಲಾದ ಮೊತ್ತ ₹850. Account ಸಂಬಂಧಿತ ವಿನಂತಿಗಳಿಗೆ ಈಗಾಗಲೇ ತಿಳಿದಿರುವ ಅಧಿಕೃತ contact channel ಮಾತ್ರ ಬಳಸಿ. ಯಾವುದೇ ಸಮಸ್ಯೆಯಿದ್ದರೆ service providerನ ಅಧಿಕೃತ support option ಬಳಸಿ. ಸೇವೆಯ ಸ್ಥಿತಿಯನ್ನು ನಂತರ ಅಧಿಕೃತ portalನಲ್ಲಿ ಮತ್ತೆ ಪರಿಶೀಲಿಸಬಹುದು.,Kannada,Phishing
Courier ದಾಖಲೆಯಲ್ಲಿ address confirmation ಬಾಕಿಯಿದೆ. ಸ್ಥಿತಿಯನ್ನು ಪರಿಶೀಲಿಸಿ ಮುಂದುವರಿಯಲು link ಬಳಸಿ ಎಂದು ಸೂಚಿಸಲಾಗಿದೆ. ಯಾವುದೇ ಸಮಸ್ಯೆಯಿದ್ದರೆ service providerನ ಅಧಿಕೃತ support option ಬಳಸಿ. ಸೇವೆಯ ಸ್ಥಿತಿಯನ್ನು ನಂತರ ಅಧಿಕೃತ portalನಲ್ಲಿ ಮತ್ತೆ ಪರಿಶೀಲಿಸಬಹುದು. ಈ ಮಾಹಿತಿಯಲ್ಲಿರುವ ಸೇವಾ ವಿವರಗಳನ್ನು ನಿಮ್ಮ ಅಧಿಕೃತ accountನಲ್ಲಿ ಪರಿಶೀಲಿಸಬಹುದು. ಯಾವುದೇ payment ಅಥವಾ identity action ಮಾಡುವ ಮೊದಲು ಅಧಿಕೃತ ಮಾಹಿತಿಯನ್ನು ಹೋಲಿಸಿ ನೋಡಿ.,Kannada,Phishing
ನಿಮ್ಮ package ಸ್ಥಳೀಯ delivery ಕೇಂದ್ರದಲ್ಲಿ hold ಆಗಿದೆ. ವಿನಂತಿಯನ್ನು active ಇರಿಸಲು ತಕ್ಷಣ action ತೆಗೆದುಕೊಳ್ಳಿ ಎಂದು ತಿಳಿಸಲಾಗಿದೆ. ಉಲ್ಲೇಖ: [REF_ID]. hxxp://secure-check.example/verify ಸೇವೆಯ ಸ್ಥಿತಿಯನ್ನು ನಂತರ ಅಧಿಕೃತ portalನಲ್ಲಿ ಮತ್ತೆ ಪರಿಶೀಲಿಸಬಹುದು. ಈ ಮಾಹಿತಿಯಲ್ಲಿರುವ ಸೇವಾ ವಿವರಗಳನ್ನು ನಿಮ್ಮ ಅಧಿಕೃತ accountನಲ್ಲಿ ಪರಿಶೀಲಿಸಬಹುದು. ಯಾವುದೇ payment ಅಥವಾ identity action ಮಾಡುವ ಮೊದಲು ಅಧಿಕೃತ ಮಾಹಿತಿಯನ್ನು ಹೋಲಿಸಿ ನೋಡಿ.,Kannada,Phishing
ಸೂಚನೆ: Delivery requestಗೆ ಹೆಚ್ಚುವರಿ confirmation ಬೇಕಾಗಿದೆ. ಸೇವೆ ಸೀಮಿತಗೊಳ್ಳುವ ಮೊದಲು accountಯನ್ನು ದೃಢೀಕರಿಸಿ. https://account-review.example/confirm ಈ ಮಾಹಿತಿಯಲ್ಲಿರುವ ಸೇವಾ ವಿವರಗಳನ್ನು ನಿಮ್ಮ ಅಧಿಕೃತ accountನಲ್ಲಿ ಪರಿಶೀಲಿಸಬಹುದು. ಯಾವುದೇ payment ಅಥವಾ identity action ಮಾಡುವ ಮೊದಲು ಅಧಿಕೃತ ಮಾಹಿತಿಯನ್ನು ಹೋಲಿಸಿ ನೋಡಿ. ಸಂಬಂಧಿತ service history ನಿಮ್ಮ official app ಅಥವಾ portalನಲ್ಲಿ ಪ್ರತ್ಯೇಕವಾಗಿ ಕಾಣಬಹುದು.,Kannada,Phishing
"ನಿಮ್ಮ shipment ಮುಂದಿನ ಹಂತ address verification ಮೇಲೆ ಅವಲಂಬಿತವಾಗಿದೆ. ಈ activity ನಿಮ್ಮದಾಗಿರದಿದ್ದರೆ identity check ಪೂರ್ಣಗೊಳಿಸಿ. ಕೇಳಲಾದ ಮೊತ್ತ ₹499. http://kyc-alert.example/update ಯಾವುದೇ payment ಅಥವಾ identity action ಮಾಡುವ ಮೊದಲು ಅಧಿಕೃತ ಮಾಹಿತಿಯನ್ನು ಹೋಲಿಸಿ ನೋಡಿ. ಸಂಬಂಧಿತ service history ನಿಮ್ಮ official app ಅಥವಾ portalನಲ್ಲಿ ಪ್ರತ್ಯೇಕವಾಗಿ ಕಾಣಬಹುದು. ಸಂದೇಶದಲ್ಲಿರುವ ಸಮಯ, ಮೊತ್ತ ಮತ್ತು reference ವಿವರಗಳು service recordನಲ್ಲಿ ಕಾಣಿಸಬಹುದು.",Kannada,Phishing
"Courier systemನಲ್ಲಿ ನಿಮ್ಮ parcel status reviewನಲ್ಲಿ ಇದೆ. ಮೊತ್ತ ಅಥವಾ ಸೇವೆ ಬಿಡುಗಡೆ ಮಾಡಲು account information ಕೇಳಲಾಗಿದೆ. https://upi-support.example/resolve ಸಂಬಂಧಿತ service history ನಿಮ್ಮ official app ಅಥವಾ portalನಲ್ಲಿ ಪ್ರತ್ಯೇಕವಾಗಿ ಕಾಣಬಹುದು. ಸಂದೇಶದಲ್ಲಿರುವ ಸಮಯ, ಮೊತ್ತ ಮತ್ತು reference ವಿವರಗಳು service recordನಲ್ಲಿ ಕಾಣಿಸಬಹುದು. ನಿಮ್ಮ ಸಾಮಾನ್ಯ transaction record ಜೊತೆ ಈ ಸೂಚನೆಯನ್ನು ಪರಿಶೀಲಿಸುವುದು ಉಪಯುಕ್ತ.",Kannada,Phishing
"ದಯವಿಟ್ಟು ಗಮನಿಸಿ — ನಿಮ್ಮ parcel delivery ಮಾಹಿತಿಯಲ್ಲಿ ಸಮಸ್ಯೆ ದಾಖಲಾಗಿದೆ. ಈಗ ನೀಡಿರುವ verification ಹಂತವನ್ನು ಪೂರ್ಣಗೊಳಿಸಿ. https://parcel-status.example/address ಸಂದೇಶದಲ್ಲಿರುವ ಸಮಯ, ಮೊತ್ತ ಮತ್ತು reference ವಿವರಗಳು service recordನಲ್ಲಿ ಕಾಣಿಸಬಹುದು. ನಿಮ್ಮ ಸಾಮಾನ್ಯ transaction record ಜೊತೆ ಈ ಸೂಚನೆಯನ್ನು ಪರಿಶೀಲಿಸುವುದು ಉಪಯುಕ್ತ. Account ಸಂಬಂಧಿತ ವಿನಂತಿಗಳಿಗೆ ಈಗಾಗಲೇ ತಿಳಿದಿರುವ ಅಧಿಕೃತ contact channel ಮಾತ್ರ ಬಳಸಿ.",Kannada,Phishing
Courier ದಾಖಲೆಯಲ್ಲಿ address confirmation ಬಾಕಿಯಿದೆ. ಇಂದಿನ review window ಮುಗಿಯುವ ಮೊದಲು ಈ ಪ್ರಕ್ರಿಯೆ ಪೂರ್ಣಗೊಳ್ಳಬೇಕು. http://reward-center.example/claim ನಿಮ್ಮ ಸಾಮಾನ್ಯ transaction record ಜೊತೆ ಈ ಸೂಚನೆಯನ್ನು ಪರಿಶೀಲಿಸುವುದು ಉಪಯುಕ್ತ. Account ಸಂಬಂಧಿತ ವಿನಂತಿಗಳಿಗೆ ಈಗಾಗಲೇ ತಿಳಿದಿರುವ ಅಧಿಕೃತ contact channel ಮಾತ್ರ ಬಳಸಿ. ಯಾವುದೇ ಸಮಸ್ಯೆಯಿದ್ದರೆ service providerನ ಅಧಿಕೃತ support option ಬಳಸಿ.,Kannada,Phishing
ಸೂಚನೆ: ನಿಮ್ಮ package ಸ್ಥಳೀಯ delivery ಕೇಂದ್ರದಲ್ಲಿ hold ಆಗಿದೆ. ಪರಿಶೀಲನೆ ವಿಫಲವಾದರೆ ಮುಂದಿನ ಸೇವೆಯನ್ನು ನಿಲ್ಲಿಸುವ ಎಚ್ಚರಿಕೆ ನೀಡಲಾಗಿದೆ. ಕೇಳಲಾದ ಮೊತ್ತ ₹249. https://job-selection.example/document Account ಸಂಬಂಧಿತ ವಿನಂತಿಗಳಿಗೆ ಈಗಾಗಲೇ ತಿಳಿದಿರುವ ಅಧಿಕೃತ contact channel ಮಾತ್ರ ಬಳಸಿ. ಯಾವುದೇ ಸಮಸ್ಯೆಯಿದ್ದರೆ service providerನ ಅಧಿಕೃತ support option ಬಳಸಿ. ಸೇವೆಯ ಸ್ಥಿತಿಯನ್ನು ನಂತರ ಅಧಿಕೃತ portalನಲ್ಲಿ ಮತ್ತೆ ಪರಿಶೀಲಿಸಬಹುದು.,Kannada,Phishing
Delivery requestಗೆ ಹೆಚ್ಚುವರಿ confirmation ಬೇಕಾಗಿದೆ. Security team ಹೆಸರಿನಲ್ಲಿ ತಕ್ಷಣ ಪ್ರತಿಕ್ರಿಯಿಸಲು ಸೂಚಿಸಲಾಗಿದೆ. ಉಲ್ಲೇಖ: [REF_ID]. https://card-security.example/review ಯಾವುದೇ ಸಮಸ್ಯೆಯಿದ್ದರೆ service providerನ ಅಧಿಕೃತ support option ಬಳಸಿ. ಸೇವೆಯ ಸ್ಥಿತಿಯನ್ನು ನಂತರ ಅಧಿಕೃತ portalನಲ್ಲಿ ಮತ್ತೆ ಪರಿಶೀಲಿಸಬಹುದು. ಈ ಮಾಹಿತಿಯಲ್ಲಿರುವ ಸೇವಾ ವಿವರಗಳನ್ನು ನಿಮ್ಮ ಅಧಿಕೃತ accountನಲ್ಲಿ ಪರಿಶೀಲಿಸಬಹುದು. ಯಾವುದೇ payment ಅಥವಾ identity action ಮಾಡುವ ಮೊದಲು ಅಧಿಕೃತ ಮಾಹಿತಿಯನ್ನು ಹೋಲಿಸಿ ನೋಡಿ.,Kannada,Phishing
ನಿಮ್ಮ shipment ಮುಂದಿನ ಹಂತ address verification ಮೇಲೆ ಅವಲಂಬಿತವಾಗಿದೆ. ಸೂಚಿಸಿದ page ತೆರೆಯಿ ಮತ್ತು ಕೇಳಲಾದ ಮಾಹಿತಿಯನ್ನು ನಮೂದಿಸಿ. http://utility-notice.example/pay ಸೇವೆಯ ಸ್ಥಿತಿಯನ್ನು ನಂತರ ಅಧಿಕೃತ portalನಲ್ಲಿ ಮತ್ತೆ ಪರಿಶೀಲಿಸಬಹುದು. ಈ ಮಾಹಿತಿಯಲ್ಲಿರುವ ಸೇವಾ ವಿವರಗಳನ್ನು ನಿಮ್ಮ ಅಧಿಕೃತ accountನಲ್ಲಿ ಪರಿಶೀಲಿಸಬಹುದು. ಯಾವುದೇ payment ಅಥವಾ identity action ಮಾಡುವ ಮೊದಲು ಅಧಿಕೃತ ಮಾಹಿತಿಯನ್ನು ಹೋಲಿಸಿ ನೋಡಿ.,Kannada,Phishing
ಸೂಚನೆ: ನಿಮ್ಮ profile ಅನ್ನು ತ್ವರಿತ recruitment ಪ್ರಕ್ರಿಯೆಗೆ ಆಯ್ಕೆ ಮಾಡಲಾಗಿದೆ ಎಂದು ತಿಳಿಸಲಾಗಿದೆ. ಸೂಚಿಸಿದ page ತೆರೆಯಿ ಮತ್ತು ಕೇಳಲಾದ ಮಾಹಿತಿಯನ್ನು ನಮೂದಿಸಿ. ಕೇಳಲಾದ ಮೊತ್ತ ₹249. https://profile-access.example/recover,Kannada,Phishing
"ಒಂದು ಕಂಪನಿಯ recruitment ತಂಡವು ನಿಮ್ಮ applicationನಲ್ಲಿ ಆಸಕ್ತಿ ತೋರಿಸಿದೆ. ಸ್ಥಿತಿಯನ್ನು ಪರಿಶೀಲಿಸಿ ಮುಂದುವರಿಯಲು link ಬಳಸಿ ಎಂದು ಸೂಚಿಸಲಾಗಿದೆ. hxxp://secure-check.example/verify ಯಾವುದೇ payment ಅಥವಾ identity action ಮಾಡುವ ಮೊದಲು ಅಧಿಕೃತ ಮಾಹಿತಿಯನ್ನು ಹೋಲಿಸಿ ನೋಡಿ. ಸಂಬಂಧಿತ service history ನಿಮ್ಮ official app ಅಥವಾ portalನಲ್ಲಿ ಪ್ರತ್ಯೇಕವಾಗಿ ಕಾಣಬಹುದು. ಸಂದೇಶದಲ್ಲಿರುವ ಸಮಯ, ಮೊತ್ತ ಮತ್ತು reference ವಿವರಗಳು service recordನಲ್ಲಿ ಕಾಣಿಸಬಹುದು.",Kannada,Phishing
"Work-from-home ಅವಕಾಶಕ್ಕಾಗಿ ನಿಮ್ಮ ಸಂಖ್ಯೆಗೆ selection ಮಾಹಿತಿ ಬಂದಿದೆ. ವಿನಂತಿಯನ್ನು active ಇರಿಸಲು ತಕ್ಷಣ action ತೆಗೆದುಕೊಳ್ಳಿ ಎಂದು ತಿಳಿಸಲಾಗಿದೆ. ಸಂಬಂಧಿತ service history ನಿಮ್ಮ official app ಅಥವಾ portalನಲ್ಲಿ ಪ್ರತ್ಯೇಕವಾಗಿ ಕಾಣಬಹುದು. ಸಂದೇಶದಲ್ಲಿರುವ ಸಮಯ, ಮೊತ್ತ ಮತ್ತು reference ವಿವರಗಳು service recordನಲ್ಲಿ ಕಾಣಿಸಬಹುದು. ನಿಮ್ಮ ಸಾಮಾನ್ಯ transaction record ಜೊತೆ ಈ ಸೂಚನೆಯನ್ನು ಪರಿಶೀಲಿಸುವುದು ಉಪಯುಕ್ತ.",Kannada,Phishing
"ಒಂದು recruitment slot ನಿಮ್ಮ ಹೆಸರಿನಲ್ಲಿ ತಾತ್ಕಾಲಿಕವಾಗಿ ಕಾಯ್ದಿರಿಸಲಾಗಿದೆ. ಸೇವೆ ಸೀಮಿತಗೊಳ್ಳುವ ಮೊದಲು ಖಾತೆಯನ್ನು ದೃಢೀಕರಿಸಿ. ಸಂದೇಶದಲ್ಲಿರುವ ಸಮಯ, ಮೊತ್ತ ಮತ್ತು reference ವಿವರಗಳು service recordನಲ್ಲಿ ಕಾಣಿಸಬಹುದು. ನಿಮ್ಮ ಸಾಮಾನ್ಯ transaction record ಜೊತೆ ಈ ಸೂಚನೆಯನ್ನು ಪರಿಶೀಲಿಸುವುದು ಉಪಯುಕ್ತ. Account ಸಂಬಂಧಿತ ವಿನಂತಿಗಳಿಗೆ ಈಗಾಗಲೇ ತಿಳಿದಿರುವ ಅಧಿಕೃತ contact channel ಮಾತ್ರ ಬಳಸಿ.",Kannada,Phishing
ನಿಮ್ಮ resume shortlist ಹಂತ ತಲುಪಿದೆ ಎಂದು ತಿಳಿಸಲಾಗಿದೆ. ಈ activity ನಿಮ್ಮದಾಗಿರದಿದ್ದರೆ identity check ಪೂರ್ಣಗೊಳಿಸಿ. ಕೇಳಲಾದ ಮೊತ್ತ ₹1999. ನಿಮ್ಮ ಸಾಮಾನ್ಯ transaction record ಜೊತೆ ಈ ಸೂಚನೆಯನ್ನು ಪರಿಶೀಲಿಸುವುದು ಉಪಯುಕ್ತ. Account ಸಂಬಂಧಿತ ವಿನಂತಿಗಳಿಗೆ ಈಗಾಗಲೇ ತಿಳಿದಿರುವ ಅಧಿಕೃತ contact channel ಮಾತ್ರ ಬಳಸಿ. ಯಾವುದೇ ಸಮಸ್ಯೆಯಿದ್ದರೆ service providerನ ಅಧಿಕೃತ support option ಬಳಸಿ.,Kannada,Phishing
ಸೂಚನೆ: ತಕ್ಷಣ joining ಪ್ರಕ್ರಿಯೆಗೆ ಸಂಪರ್ಕಿಸಲು ಸೂಚಿಸಲಾಗಿದೆ. ಮೊತ್ತ ಅಥವಾ ಸೇವೆ ಬಿಡುಗಡೆ ಮಾಡಲು account information ಕೇಳಲಾಗಿದೆ. Account ಸಂಬಂಧಿತ ವಿನಂತಿಗಳಿಗೆ ಈಗಾಗಲೇ ತಿಳಿದಿರುವ ಅಧಿಕೃತ contact channel ಮಾತ್ರ ಬಳಸಿ. ಯಾವುದೇ ಸಮಸ್ಯೆಯಿದ್ದರೆ service providerನ ಅಧಿಕೃತ support option ಬಳಸಿ. ಸೇವೆಯ ಸ್ಥಿತಿಯನ್ನು ನಂತರ ಅಧಿಕೃತ portalನಲ್ಲಿ ಮತ್ತೆ ಪರಿಶೀಲಿಸಬಹುದು. ಈ ಮಾಹಿತಿಯಲ್ಲಿರುವ ಸೇವಾ ವಿವರಗಳನ್ನು ನಿಮ್ಮ ಅಧಿಕೃತ accountನಲ್ಲಿ ಪರಿಶೀಲಿಸಬಹುದು.,Kannada,Phishing
ನಿಮ್ಮ profile ಅನ್ನು ತ್ವರಿತ recruitment ಪ್ರಕ್ರಿಯೆಗೆ ಆಯ್ಕೆ ಮಾಡಲಾಗಿದೆ ಎಂದು ತಿಳಿಸಲಾಗಿದೆ. ಈಗ ನೀಡಿರುವ verification ಹಂತವನ್ನು ಪೂರ್ಣಗೊಳಿಸಿ. ಯಾವುದೇ ಸಮಸ್ಯೆಯಿದ್ದರೆ service providerನ ಅಧಿಕೃತ support option ಬಳಸಿ. ಸೇವೆಯ ಸ್ಥಿತಿಯನ್ನು ನಂತರ ಅಧಿಕೃತ portalನಲ್ಲಿ ಮತ್ತೆ ಪರಿಶೀಲಿಸಬಹುದು. ಈ ಮಾಹಿತಿಯಲ್ಲಿರುವ ಸೇವಾ ವಿವರಗಳನ್ನು ನಿಮ್ಮ ಅಧಿಕೃತ accountನಲ್ಲಿ ಪರಿಶೀಲಿಸಬಹುದು. ಯಾವುದೇ payment ಅಥವಾ identity action ಮಾಡುವ ಮೊದಲು ಅಧಿಕೃತ ಮಾಹಿತಿಯನ್ನು ಹೋಲಿಸಿ ನೋಡಿ.,Kannada,Phishing
ಒಂದು ಕಂಪನಿಯ recruitment ತಂಡವು ನಿಮ್ಮ applicationನಲ್ಲಿ ಆಸಕ್ತಿ ತೋರಿಸಿದೆ. ಇಂದಿನ review window ಮುಗಿಯುವ ಮೊದಲು ಈ ಪ್ರಕ್ರಿಯೆ ಪೂರ್ಣಗೊಳ್ಳಬೇಕು. ಉಲ್ಲೇಖ: [REF_ID]. ಸೇವೆಯ ಸ್ಥಿತಿಯನ್ನು ನಂತರ ಅಧಿಕೃತ portalನಲ್ಲಿ ಮತ್ತೆ ಪರಿಶೀಲಿಸಬಹುದು. ಈ ಮಾಹಿತಿಯಲ್ಲಿರುವ ಸೇವಾ ವಿವರಗಳನ್ನು ನಿಮ್ಮ ಅಧಿಕೃತ accountನಲ್ಲಿ ಪರಿಶೀಲಿಸಬಹುದು. ಯಾವುದೇ payment ಅಥವಾ identity action ಮಾಡುವ ಮೊದಲು ಅಧಿಕೃತ ಮಾಹಿತಿಯನ್ನು ಹೋಲಿಸಿ ನೋಡಿ.,Kannada,Phishing
Work-from-home ಅವಕಾಶಕ್ಕಾಗಿ ನಿಮ್ಮ ಸಂಖ್ಯೆಗೆ selection ಮಾಹಿತಿ ಬಂದಿದೆ. ಪರಿಶೀಲನೆ ವಿಫಲವಾದರೆ ಮುಂದಿನ ಸೇವೆಯನ್ನು ನಿಲ್ಲಿಸುವ ಎಚ್ಚರಿಕೆ ನೀಡಲಾಗಿದೆ. ಕೇಳಲಾದ ಮೊತ್ತ ₹1240. ಈ ಮಾಹಿತಿಯಲ್ಲಿರುವ ಸೇವಾ ವಿವರಗಳನ್ನು ನಿಮ್ಮ ಅಧಿಕೃತ accountನಲ್ಲಿ ಪರಿಶೀಲಿಸಬಹುದು. ಯಾವುದೇ payment ಅಥವಾ identity action ಮಾಡುವ ಮೊದಲು ಅಧಿಕೃತ ಮಾಹಿತಿಯನ್ನು ಹೋಲಿಸಿ ನೋಡಿ. ಸಂಬಂಧಿತ service history ನಿಮ್ಮ official app ಅಥವಾ portalನಲ್ಲಿ ಪ್ರತ್ಯೇಕವಾಗಿ ಕಾಣಬಹುದು.,Kannada,Phishing
"ದಯವಿಟ್ಟು ಗಮನಿಸಿ — ಒಂದು recruitment slot ನಿಮ್ಮ ಹೆಸರಿನಲ್ಲಿ ತಾತ್ಕಾಲಿಕವಾಗಿ ಕಾಯ್ದಿರಿಸಲಾಗಿದೆ. Security team ಹೆಸರಿನಲ್ಲಿ ತಕ್ಷಣ ಪ್ರತಿಕ್ರಿಯಿಸಲು ಸೂಚಿಸಲಾಗಿದೆ. ಯಾವುದೇ payment ಅಥವಾ identity action ಮಾಡುವ ಮೊದಲು ಅಧಿಕೃತ ಮಾಹಿತಿಯನ್ನು ಹೋಲಿಸಿ ನೋಡಿ. ಸಂಬಂಧಿತ service history ನಿಮ್ಮ official app ಅಥವಾ portalನಲ್ಲಿ ಪ್ರತ್ಯೇಕವಾಗಿ ಕಾಣಬಹುದು. ಸಂದೇಶದಲ್ಲಿರುವ ಸಮಯ, ಮೊತ್ತ ಮತ್ತು reference ವಿವರಗಳು service recordನಲ್ಲಿ ಕಾಣಿಸಬಹುದು.",Kannada,Phishing
"ಸೂಚನೆ: ನಿಮ್ಮ resume shortlist ಹಂತ ತಲುಪಿದೆ ಎಂದು ತಿಳಿಸಲಾಗಿದೆ. ಸೂಚಿಸಿದ page ತೆರೆಯಿ ಮತ್ತು ಕೇಳಲಾದ ಮಾಹಿತಿಯನ್ನು ನಮೂದಿಸಿ. ಸಂಬಂಧಿತ service history ನಿಮ್ಮ official app ಅಥವಾ portalನಲ್ಲಿ ಪ್ರತ್ಯೇಕವಾಗಿ ಕಾಣಬಹುದು. ಸಂದೇಶದಲ್ಲಿರುವ ಸಮಯ, ಮೊತ್ತ ಮತ್ತು reference ವಿವರಗಳು service recordನಲ್ಲಿ ಕಾಣಿಸಬಹುದು. ನಿಮ್ಮ ಸಾಮಾನ್ಯ transaction record ಜೊತೆ ಈ ಸೂಚನೆಯನ್ನು ಪರಿಶೀಲಿಸುವುದು ಉಪಯುಕ್ತ.",Kannada,Phishing
"ತಕ್ಷಣ joining ಪ್ರಕ್ರಿಯೆಗೆ ಸಂಪರ್ಕಿಸಲು ಸೂಚಿಸಲಾಗಿದೆ. ಸ್ಥಿತಿಯನ್ನು ಪರಿಶೀಲಿಸಿ ಮುಂದುವರಿಯಲು link ಬಳಸಿ ಎಂದು ಸೂಚಿಸಲಾಗಿದೆ. hxxp://secure-check.example/verify ಸಂದೇಶದಲ್ಲಿರುವ ಸಮಯ, ಮೊತ್ತ ಮತ್ತು reference ವಿವರಗಳು service recordನಲ್ಲಿ ಕಾಣಿಸಬಹುದು. ನಿಮ್ಮ ಸಾಮಾನ್ಯ transaction record ಜೊತೆ ಈ ಸೂಚನೆಯನ್ನು ಪರಿಶೀಲಿಸುವುದು ಉಪಯುಕ್ತ. Account ಸಂಬಂಧಿತ ವಿನಂತಿಗಳಿಗೆ ಈಗಾಗಲೇ ತಿಳಿದಿರುವ ಅಧಿಕೃತ contact channel ಮಾತ್ರ ಬಳಸಿ.",Kannada,Phishing
ನಿಮ್ಮ profile ಅನ್ನು ತ್ವರಿತ recruitment ಪ್ರಕ್ರಿಯೆಗೆ ಆಯ್ಕೆ ಮಾಡಲಾಗಿದೆ ಎಂದು ತಿಳಿಸಲಾಗಿದೆ. ವಿನಂತಿಯನ್ನು active ಇರಿಸಲು ತಕ್ಷಣ action ತೆಗೆದುಕೊಳ್ಳಿ ಎಂದು ತಿಳಿಸಲಾಗಿದೆ. ಕೇಳಲಾದ ಮೊತ್ತ ₹850. https://account-review.example/confirm,Kannada,Phishing
ಒಂದು ಕಂಪನಿಯ recruitment ತಂಡವು ನಿಮ್ಮ applicationನಲ್ಲಿ ಆಸಕ್ತಿ ತೋರಿಸಿದೆ. ಸೇವೆ ಸೀಮಿತಗೊಳ್ಳುವ ಮೊದಲು accountಯನ್ನು ದೃಢೀಕರಿಸಿ. http://kyc-alert.example/update Account ಸಂಬಂಧಿತ ವಿನಂತಿಗಳಿಗೆ ಈಗಾಗಲೇ ತಿಳಿದಿರುವ ಅಧಿಕೃತ contact channel ಮಾತ್ರ ಬಳಸಿ. ಯಾವುದೇ ಸಮಸ್ಯೆಯಿದ್ದರೆ service providerನ ಅಧಿಕೃತ support option ಬಳಸಿ. ಸೇವೆಯ ಸ್ಥಿತಿಯನ್ನು ನಂತರ ಅಧಿಕೃತ portalನಲ್ಲಿ ಮತ್ತೆ ಪರಿಶೀಲಿಸಬಹುದು. ಈ ಮಾಹಿತಿಯಲ್ಲಿರುವ ಸೇವಾ ವಿವರಗಳನ್ನು ನಿಮ್ಮ ಅಧಿಕೃತ accountನಲ್ಲಿ ಪರಿಶೀಲಿಸಬಹುದು.,Kannada,Phishing
Work-from-home ಅವಕಾಶಕ್ಕಾಗಿ ನಿಮ್ಮ ಸಂಖ್ಯೆಗೆ selection ಮಾಹಿತಿ ಬಂದಿದೆ. ಈ activity ನಿಮ್ಮದಾಗಿರದಿದ್ದರೆ identity check ಪೂರ್ಣಗೊಳಿಸಿ. ಉಲ್ಲೇಖ: [REF_ID]. https://upi-support.example/resolve ಯಾವುದೇ ಸಮಸ್ಯೆಯಿದ್ದರೆ service providerನ ಅಧಿಕೃತ support option ಬಳಸಿ. ಸೇವೆಯ ಸ್ಥಿತಿಯನ್ನು ನಂತರ ಅಧಿಕೃತ portalನಲ್ಲಿ ಮತ್ತೆ ಪರಿಶೀಲಿಸಬಹುದು. ಈ ಮಾಹಿತಿಯಲ್ಲಿರುವ ಸೇವಾ ವಿವರಗಳನ್ನು ನಿಮ್ಮ ಅಧಿಕೃತ accountನಲ್ಲಿ ಪರಿಶೀಲಿಸಬಹುದು. ಯಾವುದೇ payment ಅಥವಾ identity action ಮಾಡುವ ಮೊದಲು ಅಧಿಕೃತ ಮಾಹಿತಿಯನ್ನು ಹೋಲಿಸಿ ನೋಡಿ.,Kannada,Phishing
ಸೂಚನೆ: ಒಂದು recruitment slot ನಿಮ್ಮ ಹೆಸರಿನಲ್ಲಿ ತಾತ್ಕಾಲಿಕವಾಗಿ ಕಾಯ್ದಿರಿಸಲಾಗಿದೆ. ಮೊತ್ತ ಅಥವಾ ಸೇವೆ ಬಿಡುಗಡೆ ಮಾಡಲು account information ಕೇಳಲಾಗಿದೆ. https://parcel-status.example/address ಸೇವೆಯ ಸ್ಥಿತಿಯನ್ನು ನಂತರ ಅಧಿಕೃತ portalನಲ್ಲಿ ಮತ್ತೆ ಪರಿಶೀಲಿಸಬಹುದು. ಈ ಮಾಹಿತಿಯಲ್ಲಿರುವ ಸೇವಾ ವಿವರಗಳನ್ನು ನಿಮ್ಮ ಅಧಿಕೃತ accountನಲ್ಲಿ ಪರಿಶೀಲಿಸಬಹುದು. ಯಾವುದೇ payment ಅಥವಾ identity action ಮಾಡುವ ಮೊದಲು ಅಧಿಕೃತ ಮಾಹಿತಿಯನ್ನು ಹೋಲಿಸಿ ನೋಡಿ.,Kannada,Phishing
ನಿಮ್ಮ resume shortlist ಹಂತ ತಲುಪಿದೆ ಎಂದು ತಿಳಿಸಲಾಗಿದೆ. ಈಗ ನೀಡಿರುವ verification ಹಂತವನ್ನು ಪೂರ್ಣಗೊಳಿಸಿ. ಕೇಳಲಾದ ಮೊತ್ತ ₹499. http://reward-center.example/claim ಈ ಮಾಹಿತಿಯಲ್ಲಿರುವ ಸೇವಾ ವಿವರಗಳನ್ನು ನಿಮ್ಮ ಅಧಿಕೃತ accountನಲ್ಲಿ ಪರಿಶೀಲಿಸಬಹುದು. ಯಾವುದೇ payment ಅಥವಾ identity action ಮಾಡುವ ಮೊದಲು ಅಧಿಕೃತ ಮಾಹಿತಿಯನ್ನು ಹೋಲಿಸಿ ನೋಡಿ. ಸಂಬಂಧಿತ service history ನಿಮ್ಮ official app ಅಥವಾ portalನಲ್ಲಿ ಪ್ರತ್ಯೇಕವಾಗಿ ಕಾಣಬಹುದು.,Kannada,Phishing
"ತಕ್ಷಣ joining ಪ್ರಕ್ರಿಯೆಗೆ ಸಂಪರ್ಕಿಸಲು ಸೂಚಿಸಲಾಗಿದೆ. ಇಂದಿನ review window ಮುಗಿಯುವ ಮೊದಲು ಈ ಪ್ರಕ್ರಿಯೆ ಪೂರ್ಣಗೊಳ್ಳಬೇಕು. https://job-selection.example/document ಯಾವುದೇ payment ಅಥವಾ identity action ಮಾಡುವ ಮೊದಲು ಅಧಿಕೃತ ಮಾಹಿತಿಯನ್ನು ಹೋಲಿಸಿ ನೋಡಿ. ಸಂಬಂಧಿತ service history ನಿಮ್ಮ official app ಅಥವಾ portalನಲ್ಲಿ ಪ್ರತ್ಯೇಕವಾಗಿ ಕಾಣಬಹುದು. ಸಂದೇಶದಲ್ಲಿರುವ ಸಮಯ, ಮೊತ್ತ ಮತ್ತು reference ವಿವರಗಳು service recordನಲ್ಲಿ ಕಾಣಿಸಬಹುದು.",Kannada,Phishing
ದಯವಿಟ್ಟು ಗಮನಿಸಿ — ನಿಮ್ಮ profile ಅನ್ನು ತ್ವರಿತ recruitment ಪ್ರಕ್ರಿಯೆಗೆ ಆಯ್ಕೆ ಮಾಡಲಾಗಿದೆ ಎಂದು ತಿಳಿಸಲಾಗಿದೆ. ಪರಿಶೀಲನೆ ವಿಫಲವಾದರೆ ಮುಂದಿನ ಸೇವೆಯನ್ನು ನಿಲ್ಲಿಸುವ ಎಚ್ಚರಿಕೆ ನೀಡಲಾಗಿದೆ. https://card-security.example/review,Kannada,Phishing
"ಒಂದು ಕಂಪನಿಯ recruitment ತಂಡವು ನಿಮ್ಮ applicationನಲ್ಲಿ ಆಸಕ್ತಿ ತೋರಿಸಿದೆ. Security team ಹೆಸರಿನಲ್ಲಿ ತಕ್ಷಣ ಪ್ರತಿಕ್ರಿಯಿಸಲು ಸೂಚಿಸಲಾಗಿದೆ. http://utility-notice.example/pay ಸಂದೇಶದಲ್ಲಿರುವ ಸಮಯ, ಮೊತ್ತ ಮತ್ತು reference ವಿವರಗಳು service recordನಲ್ಲಿ ಕಾಣಿಸಬಹುದು. ನಿಮ್ಮ ಸಾಮಾನ್ಯ transaction record ಜೊತೆ ಈ ಸೂಚನೆಯನ್ನು ಪರಿಶೀಲಿಸುವುದು ಉಪಯುಕ್ತ. Account ಸಂಬಂಧಿತ ವಿನಂತಿಗಳಿಗೆ ಈಗಾಗಲೇ ತಿಳಿದಿರುವ ಅಧಿಕೃತ contact channel ಮಾತ್ರ ಬಳಸಿ.",Kannada,Phishing
ಸೂಚನೆ: Work-from-home ಅವಕಾಶಕ್ಕಾಗಿ ನಿಮ್ಮ ಸಂಖ್ಯೆಗೆ selection ಮಾಹಿತಿ ಬಂದಿದೆ. ಸೂಚಿಸಿದ page ತೆರೆಯಿ ಮತ್ತು ಕೇಳಲಾದ ಮಾಹಿತಿಯನ್ನು ನಮೂದಿಸಿ. ಕೇಳಲಾದ ಮೊತ್ತ ₹249. https://profile-access.example/recover ನಿಮ್ಮ ಸಾಮಾನ್ಯ transaction record ಜೊತೆ ಈ ಸೂಚನೆಯನ್ನು ಪರಿಶೀಲಿಸುವುದು ಉಪಯುಕ್ತ. Account ಸಂಬಂಧಿತ ವಿನಂತಿಗಳಿಗೆ ಈಗಾಗಲೇ ತಿಳಿದಿರುವ ಅಧಿಕೃತ contact channel ಮಾತ್ರ ಬಳಸಿ. ಯಾವುದೇ ಸಮಸ್ಯೆಯಿದ್ದರೆ service providerನ ಅಧಿಕೃತ support option ಬಳಸಿ.,Kannada,Phishing
ಒಂದು recruitment slot ನಿಮ್ಮ ಹೆಸರಿನಲ್ಲಿ ತಾತ್ಕಾಲಿಕವಾಗಿ ಕಾಯ್ದಿರಿಸಲಾಗಿದೆ. ಸ್ಥಿತಿಯನ್ನು ಪರಿಶೀಲಿಸಿ ಮುಂದುವರಿಯಲು link ಬಳಸಿ ಎಂದು ಸೂಚಿಸಲಾಗಿದೆ. ಉಲ್ಲೇಖ: [REF_ID]. hxxp://secure-check.example/verify Account ಸಂಬಂಧಿತ ವಿನಂತಿಗಳಿಗೆ ಈಗಾಗಲೇ ತಿಳಿದಿರುವ ಅಧಿಕೃತ contact channel ಮಾತ್ರ ಬಳಸಿ. ಯಾವುದೇ ಸಮಸ್ಯೆಯಿದ್ದರೆ service providerನ ಅಧಿಕೃತ support option ಬಳಸಿ. ಸೇವೆಯ ಸ್ಥಿತಿಯನ್ನು ನಂತರ ಅಧಿಕೃತ portalನಲ್ಲಿ ಮತ್ತೆ ಪರಿಶೀಲಿಸಬಹುದು.,Kannada,Phishing
ನಿಮ್ಮ resume shortlist ಹಂತ ತಲುಪಿದೆ ಎಂದು ತಿಳಿಸಲಾಗಿದೆ. ವಿನಂತಿಯನ್ನು active ಇರಿಸಲು ತಕ್ಷಣ action ತೆಗೆದುಕೊಳ್ಳಿ ಎಂದು ತಿಳಿಸಲಾಗಿದೆ. ಯಾವುದೇ ಸಮಸ್ಯೆಯಿದ್ದರೆ service providerನ ಅಧಿಕೃತ support option ಬಳಸಿ. ಸೇವೆಯ ಸ್ಥಿತಿಯನ್ನು ನಂತರ ಅಧಿಕೃತ portalನಲ್ಲಿ ಮತ್ತೆ ಪರಿಶೀಲಿಸಬಹುದು. ಈ ಮಾಹಿತಿಯಲ್ಲಿರುವ ಸೇವಾ ವಿವರಗಳನ್ನು ನಿಮ್ಮ ಅಧಿಕೃತ accountನಲ್ಲಿ ಪರಿಶೀಲಿಸಬಹುದು. ಯಾವುದೇ payment ಅಥವಾ identity action ಮಾಡುವ ಮೊದಲು ಅಧಿಕೃತ ಮಾಹಿತಿಯನ್ನು ಹೋಲಿಸಿ ನೋಡಿ.,Kannada,Phishing
ಸೂಚನೆ: ನಿಮಗಾಗಿ ಒಂದು pre-approved finance offer ಲಭ್ಯವಿದೆ ಎಂದು ತಿಳಿಸಲಾಗಿದೆ. ಈ activity ನಿಮ್ಮದಾಗಿರದಿದ್ದರೆ identity check ಪೂರ್ಣಗೊಳಿಸಿ. ಕೇಳಲಾದ ಮೊತ್ತ ₹249. ಸೇವೆಯ ಸ್ಥಿತಿಯನ್ನು ನಂತರ ಅಧಿಕೃತ portalನಲ್ಲಿ ಮತ್ತೆ ಪರಿಶೀಲಿಸಬಹುದು. ಈ ಮಾಹಿತಿಯಲ್ಲಿರುವ ಸೇವಾ ವಿವರಗಳನ್ನು ನಿಮ್ಮ ಅಧಿಕೃತ accountನಲ್ಲಿ ಪರಿಶೀಲಿಸಬಹುದು. ಯಾವುದೇ payment ಅಥವಾ identity action ಮಾಡುವ ಮೊದಲು ಅಧಿಕೃತ ಮಾಹಿತಿಯನ್ನು ಹೋಲಿಸಿ ನೋಡಿ.,Kannada,Phishing
Loan application ಮುಂದಿನ ಹಂತಕ್ಕೆ document confirmation ಕೇಳಲಾಗಿದೆ. ಮೊತ್ತ ಅಥವಾ ಸೇವೆ ಬಿಡುಗಡೆ ಮಾಡಲು account information ಕೇಳಲಾಗಿದೆ. ಈ ಮಾಹಿತಿಯಲ್ಲಿರುವ ಸೇವಾ ವಿವರಗಳನ್ನು ನಿಮ್ಮ ಅಧಿಕೃತ accountನಲ್ಲಿ ಪರಿಶೀಲಿಸಬಹುದು. ಯಾವುದೇ payment ಅಥವಾ identity action ಮಾಡುವ ಮೊದಲು ಅಧಿಕೃತ ಮಾಹಿತಿಯನ್ನು ಹೋಲಿಸಿ ನೋಡಿ. ಸಂಬಂಧಿತ service history ನಿಮ್ಮ official app ಅಥವಾ portalನಲ್ಲಿ ಪ್ರತ್ಯೇಕವಾಗಿ ಕಾಣಬಹುದು.,Kannada,Phishing
"ನಿಮ್ಮ ಹೆಸರಿನಲ್ಲಿ ತ್ವರಿತ credit limit ಸಿದ್ಧವಾಗಿದೆ ಎಂದು ಸಂದೇಶ ಬಂದಿದೆ. ಈಗ ನೀಡಿರುವ verification ಹಂತವನ್ನು ಪೂರ್ಣಗೊಳಿಸಿ. ಯಾವುದೇ payment ಅಥವಾ identity action ಮಾಡುವ ಮೊದಲು ಅಧಿಕೃತ ಮಾಹಿತಿಯನ್ನು ಹೋಲಿಸಿ ನೋಡಿ. ಸಂಬಂಧಿತ service history ನಿಮ್ಮ official app ಅಥವಾ portalನಲ್ಲಿ ಪ್ರತ್ಯೇಕವಾಗಿ ಕಾಣಬಹುದು. ಸಂದೇಶದಲ್ಲಿರುವ ಸಮಯ, ಮೊತ್ತ ಮತ್ತು reference ವಿವರಗಳು service recordನಲ್ಲಿ ಕಾಣಿಸಬಹುದು.",Kannada,Phishing
"Finance service ನಿಮ್ಮ application ಅನ್ನು priority reviewಗೆ ಇಟ್ಟಿದೆ. ಇಂದಿನ review window ಮುಗಿಯುವ ಮೊದಲು ಈ ಪ್ರಕ್ರಿಯೆ ಪೂರ್ಣಗೊಳ್ಳಬೇಕು. ಸಂಬಂಧಿತ service history ನಿಮ್ಮ official app ಅಥವಾ portalನಲ್ಲಿ ಪ್ರತ್ಯೇಕವಾಗಿ ಕಾಣಬಹುದು. ಸಂದೇಶದಲ್ಲಿರುವ ಸಮಯ, ಮೊತ್ತ ಮತ್ತು reference ವಿವರಗಳು service recordನಲ್ಲಿ ಕಾಣಿಸಬಹುದು. ನಿಮ್ಮ ಸಾಮಾನ್ಯ transaction record ಜೊತೆ ಈ ಸೂಚನೆಯನ್ನು ಪರಿಶೀಲಿಸುವುದು ಉಪಯುಕ್ತ.",Kannada,Phishing
"ನಿಮ್ಮ loan request ಹೆಚ್ಚುವರಿ identity checkಗಾಗಿ ಕಾಯುತ್ತಿದೆ. verification ವಿಫಲವಾದರೆ ಮುಂದಿನ ಸೇವೆಯನ್ನು ನಿಲ್ಲಿಸುವ ಎಚ್ಚರಿಕೆ ನೀಡಲಾಗಿದೆ. ಕೇಳಲಾದ ಮೊತ್ತ ₹1999. ಸಂದೇಶದಲ್ಲಿರುವ ಸಮಯ, ಮೊತ್ತ ಮತ್ತು reference ವಿವರಗಳು service recordನಲ್ಲಿ ಕಾಣಿಸಬಹುದು. ನಿಮ್ಮ ಸಾಮಾನ್ಯ transaction record ಜೊತೆ ಈ ಸೂಚನೆಯನ್ನು ಪರಿಶೀಲಿಸುವುದು ಉಪಯುಕ್ತ. Account ಸಂಬಂಧಿತ ವಿನಂತಿಗಳಿಗೆ ಈಗಾಗಲೇ ತಿಳಿದಿರುವ ಅಧಿಕೃತ contact channel ಮಾತ್ರ ಬಳಸಿ.",Kannada,Phishing
ಸೂಚನೆ: ಕಡಿಮೆ ದಾಖಲೆಗಳ loan ಆಯ್ಕೆಗೆ ನೀವು ಅರ್ಹರೆಂದು ತಿಳಿಸಲಾಗಿದೆ. Security team ಹೆಸರಿನಲ್ಲಿ ತಕ್ಷಣ ಪ್ರತಿಕ್ರಿಯಿಸಲು ಸೂಚಿಸಲಾಗಿದೆ. ನಿಮ್ಮ ಸಾಮಾನ್ಯ transaction record ಜೊತೆ ಈ ಸೂಚನೆಯನ್ನು ಪರಿಶೀಲಿಸುವುದು ಉಪಯುಕ್ತ. Account ಸಂಬಂಧಿತ ವಿನಂತಿಗಳಿಗೆ ಈಗಾಗಲೇ ತಿಳಿದಿರುವ ಅಧಿಕೃತ contact channel ಮಾತ್ರ ಬಳಸಿ. ಯಾವುದೇ ಸಮಸ್ಯೆಯಿದ್ದರೆ service providerನ ಅಧಿಕೃತ support option ಬಳಸಿ.,Kannada,Phishing
ನಿಮಗಾಗಿ ಒಂದು pre-approved finance offer ಲಭ್ಯವಿದೆ ಎಂದು ತಿಳಿಸಲಾಗಿದೆ. ಸೂಚಿಸಿದ page ತೆರೆಯಿ ಮತ್ತು ಕೇಳಲಾದ ಮಾಹಿತಿಯನ್ನು ನಮೂದಿಸಿ. Account ಸಂಬಂಧಿತ ವಿನಂತಿಗಳಿಗೆ ಈಗಾಗಲೇ ತಿಳಿದಿರುವ ಅಧಿಕೃತ contact channel ಮಾತ್ರ ಬಳಸಿ. ಯಾವುದೇ ಸಮಸ್ಯೆಯಿದ್ದರೆ service providerನ ಅಧಿಕೃತ support option ಬಳಸಿ. ಸೇವೆಯ ಸ್ಥಿತಿಯನ್ನು ನಂತರ ಅಧಿಕೃತ portalನಲ್ಲಿ ಮತ್ತೆ ಪರಿಶೀಲಿಸಬಹುದು.,Kannada,Phishing
Loan application ಮುಂದಿನ ಹಂತಕ್ಕೆ document confirmation ಕೇಳಲಾಗಿದೆ. ಸ್ಥಿತಿಯನ್ನು ಪರಿಶೀಲಿಸಿ ಮುಂದುವರಿಯಲು link ಬಳಸಿ ಎಂದು ಸೂಚಿಸಲಾಗಿದೆ. ಉಲ್ಲೇಖ: [REF_ID]. ಯಾವುದೇ ಸಮಸ್ಯೆಯಿದ್ದರೆ service providerನ ಅಧಿಕೃತ support option ಬಳಸಿ. ಸೇವೆಯ ಸ್ಥಿತಿಯನ್ನು ನಂತರ ಅಧಿಕೃತ portalನಲ್ಲಿ ಮತ್ತೆ ಪರಿಶೀಲಿಸಬಹುದು. ಈ ಮಾಹಿತಿಯಲ್ಲಿರುವ ಸೇವಾ ವಿವರಗಳನ್ನು ನಿಮ್ಮ ಅಧಿಕೃತ accountನಲ್ಲಿ ಪರಿಶೀಲಿಸಬಹುದು. ಯಾವುದೇ payment ಅಥವಾ identity action ಮಾಡುವ ಮೊದಲು ಅಧಿಕೃತ ಮಾಹಿತಿಯನ್ನು ಹೋಲಿಸಿ ನೋಡಿ.,Kannada,Phishing
ನಿಮ್ಮ ಹೆಸರಿನಲ್ಲಿ ತ್ವರಿತ credit limit ಸಿದ್ಧವಾಗಿದೆ ಎಂದು ಸಂದೇಶ ಬಂದಿದೆ. ವಿನಂತಿಯನ್ನು active ಇರಿಸಲು ತಕ್ಷಣ action ತೆಗೆದುಕೊಳ್ಳಿ ಎಂದು ತಿಳಿಸಲಾಗಿದೆ. ಕೇಳಲಾದ ಮೊತ್ತ ₹1240. hxxp://secure-check.example/verify,Kannada,Phishing
ದಯವಿಟ್ಟು ಗಮನಿಸಿ — Finance service ನಿಮ್ಮ application ಅನ್ನು priority reviewಗೆ ಇಟ್ಟಿದೆ. ಸೇವೆ ಸೀಮಿತಗೊಳ್ಳುವ ಮೊದಲು ಖಾತೆಯನ್ನು ದೃಢೀಕರಿಸಿ. https://account-review.example/confirm ಈ ಮಾಹಿತಿಯಲ್ಲಿರುವ ಸೇವಾ ವಿವರಗಳನ್ನು ನಿಮ್ಮ ಅಧಿಕೃತ accountನಲ್ಲಿ ಪರಿಶೀಲಿಸಬಹುದು. ಯಾವುದೇ payment ಅಥವಾ identity action ಮಾಡುವ ಮೊದಲು ಅಧಿಕೃತ ಮಾಹಿತಿಯನ್ನು ಹೋಲಿಸಿ ನೋಡಿ. ಸಂಬಂಧಿತ service history ನಿಮ್ಮ official app ಅಥವಾ portalನಲ್ಲಿ ಪ್ರತ್ಯೇಕವಾಗಿ ಕಾಣಬಹುದು.,Kannada,Phishing
"ಸೂಚನೆ: ನಿಮ್ಮ loan request ಹೆಚ್ಚುವರಿ identity checkಗಾಗಿ ಕಾಯುತ್ತಿದೆ. ಈ activity ನಿಮ್ಮದಾಗಿರದಿದ್ದರೆ identity check ಪೂರ್ಣಗೊಳಿಸಿ. http://kyc-alert.example/update ಯಾವುದೇ payment ಅಥವಾ identity action ಮಾಡುವ ಮೊದಲು ಅಧಿಕೃತ ಮಾಹಿತಿಯನ್ನು ಹೋಲಿಸಿ ನೋಡಿ. ಸಂಬಂಧಿತ service history ನಿಮ್ಮ official app ಅಥವಾ portalನಲ್ಲಿ ಪ್ರತ್ಯೇಕವಾಗಿ ಕಾಣಬಹುದು. ಸಂದೇಶದಲ್ಲಿರುವ ಸಮಯ, ಮೊತ್ತ ಮತ್ತು reference ವಿವರಗಳು service recordನಲ್ಲಿ ಕಾಣಿಸಬಹುದು.",Kannada,Phishing
"ಕಡಿಮೆ ದಾಖಲೆಗಳ loan ಆಯ್ಕೆಗೆ ನೀವು ಅರ್ಹರೆಂದು ತಿಳಿಸಲಾಗಿದೆ. ಮೊತ್ತ ಅಥವಾ ಸೇವೆ ಬಿಡುಗಡೆ ಮಾಡಲು account information ಕೇಳಲಾಗಿದೆ. https://upi-support.example/resolve ಸಂಬಂಧಿತ service history ನಿಮ್ಮ official app ಅಥವಾ portalನಲ್ಲಿ ಪ್ರತ್ಯೇಕವಾಗಿ ಕಾಣಬಹುದು. ಸಂದೇಶದಲ್ಲಿರುವ ಸಮಯ, ಮೊತ್ತ ಮತ್ತು reference ವಿವರಗಳು service recordನಲ್ಲಿ ಕಾಣಿಸಬಹುದು. ನಿಮ್ಮ ಸಾಮಾನ್ಯ transaction record ಜೊತೆ ಈ ಸೂಚನೆಯನ್ನು ಪರಿಶೀಲಿಸುವುದು ಉಪಯುಕ್ತ.",Kannada,Phishing
"ನಿಮಗಾಗಿ ಒಂದು pre-approved finance offer ಲಭ್ಯವಿದೆ ಎಂದು ತಿಳಿಸಲಾಗಿದೆ. ಈಗ ನೀಡಿರುವ verification ಹಂತವನ್ನು ಪೂರ್ಣಗೊಳಿಸಿ. ಕೇಳಲಾದ ಮೊತ್ತ ₹850. https://parcel-status.example/address ಸಂದೇಶದಲ್ಲಿರುವ ಸಮಯ, ಮೊತ್ತ ಮತ್ತು reference ವಿವರಗಳು service recordನಲ್ಲಿ ಕಾಣಿಸಬಹುದು. ನಿಮ್ಮ ಸಾಮಾನ್ಯ transaction record ಜೊತೆ ಈ ಸೂಚನೆಯನ್ನು ಪರಿಶೀಲಿಸುವುದು ಉಪಯುಕ್ತ. Account ಸಂಬಂಧಿತ ವಿನಂತಿಗಳಿಗೆ ಈಗಾಗಲೇ ತಿಳಿದಿರುವ ಅಧಿಕೃತ contact channel ಮಾತ್ರ ಬಳಸಿ.",Kannada,Phishing
Loan application ಮುಂದಿನ ಹಂತಕ್ಕೆ document confirmation ಕೇಳಲಾಗಿದೆ. ಇಂದಿನ review window ಮುಗಿಯುವ ಮೊದಲು ಈ ಪ್ರಕ್ರಿಯೆ ಪೂರ್ಣಗೊಳ್ಳಬೇಕು. http://reward-center.example/claim ನಿಮ್ಮ ಸಾಮಾನ್ಯ transaction record ಜೊತೆ ಈ ಸೂಚನೆಯನ್ನು ಪರಿಶೀಲಿಸುವುದು ಉಪಯುಕ್ತ. Account ಸಂಬಂಧಿತ ವಿನಂತಿಗಳಿಗೆ ಈಗಾಗಲೇ ತಿಳಿದಿರುವ ಅಧಿಕೃತ contact channel ಮಾತ್ರ ಬಳಸಿ. ಯಾವುದೇ ಸಮಸ್ಯೆಯಿದ್ದರೆ service providerನ ಅಧಿಕೃತ support option ಬಳಸಿ.,Kannada,Phishing
ನಿಮ್ಮ ಹೆಸರಿನಲ್ಲಿ ತ್ವರಿತ credit limit ಸಿದ್ಧವಾಗಿದೆ ಎಂದು ಸಂದೇಶ ಬಂದಿದೆ. ಪರಿಶೀಲನೆ ವಿಫಲವಾದರೆ ಮುಂದಿನ ಸೇವೆಯನ್ನು ನಿಲ್ಲಿಸುವ ಎಚ್ಚರಿಕೆ ನೀಡಲಾಗಿದೆ. ಉಲ್ಲೇಖ: [REF_ID]. https://job-selection.example/document Account ಸಂಬಂಧಿತ ವಿನಂತಿಗಳಿಗೆ ಈಗಾಗಲೇ ತಿಳಿದಿರುವ ಅಧಿಕೃತ contact channel ಮಾತ್ರ ಬಳಸಿ. ಯಾವುದೇ ಸಮಸ್ಯೆಯಿದ್ದರೆ service providerನ ಅಧಿಕೃತ support option ಬಳಸಿ. ಸೇವೆಯ ಸ್ಥಿತಿಯನ್ನು ನಂತರ ಅಧಿಕೃತ portalನಲ್ಲಿ ಮತ್ತೆ ಪರಿಶೀಲಿಸಬಹುದು.,Kannada,Phishing
ಸೂಚನೆ: Finance service ನಿಮ್ಮ application ಅನ್ನು priority reviewಗೆ ಇಟ್ಟಿದೆ. Security team ಹೆಸರಿನಲ್ಲಿ ತಕ್ಷಣ ಪ್ರತಿಕ್ರಿಯಿಸಲು ಸೂಚಿಸಲಾಗಿದೆ. https://card-security.example/review ಯಾವುದೇ ಸಮಸ್ಯೆಯಿದ್ದರೆ service providerನ ಅಧಿಕೃತ support option ಬಳಸಿ. ಸೇವೆಯ ಸ್ಥಿತಿಯನ್ನು ನಂತರ ಅಧಿಕೃತ portalನಲ್ಲಿ ಮತ್ತೆ ಪರಿಶೀಲಿಸಬಹುದು. ಈ ಮಾಹಿತಿಯಲ್ಲಿರುವ ಸೇವಾ ವಿವರಗಳನ್ನು ನಿಮ್ಮ ಅಧಿಕೃತ accountನಲ್ಲಿ ಪರಿಶೀಲಿಸಬಹುದು. ಯಾವುದೇ payment ಅಥವಾ identity action ಮಾಡುವ ಮೊದಲು ಅಧಿಕೃತ ಮಾಹಿತಿಯನ್ನು ಹೋಲಿಸಿ ನೋಡಿ.,Kannada,Phishing
ನಿಮ್ಮ loan request ಹೆಚ್ಚುವರಿ identity checkಗಾಗಿ ಕಾಯುತ್ತಿದೆ. ಸೂಚಿಸಿದ page ತೆರೆಯಿ ಮತ್ತು ಕೇಳಲಾದ ಮಾಹಿತಿಯನ್ನು ನಮೂದಿಸಿ. ಕೇಳಲಾದ ಮೊತ್ತ ₹499. http://utility-notice.example/pay ಸೇವೆಯ ಸ್ಥಿತಿಯನ್ನು ನಂತರ ಅಧಿಕೃತ portalನಲ್ಲಿ ಮತ್ತೆ ಪರಿಶೀಲಿಸಬಹುದು. ಈ ಮಾಹಿತಿಯಲ್ಲಿರುವ ಸೇವಾ ವಿವರಗಳನ್ನು ನಿಮ್ಮ ಅಧಿಕೃತ accountನಲ್ಲಿ ಪರಿಶೀಲಿಸಬಹುದು. ಯಾವುದೇ payment ಅಥವಾ identity action ಮಾಡುವ ಮೊದಲು ಅಧಿಕೃತ ಮಾಹಿತಿಯನ್ನು ಹೋಲಿಸಿ ನೋಡಿ.,Kannada,Phishing
ಕಡಿಮೆ ದಾಖಲೆಗಳ loan ಆಯ್ಕೆಗೆ ನೀವು ಅರ್ಹರೆಂದು ತಿಳಿಸಲಾಗಿದೆ. ಸ್ಥಿತಿಯನ್ನು ಪರಿಶೀಲಿಸಿ ಮುಂದುವರಿಯಲು link ಬಳಸಿ ಎಂದು ಸೂಚಿಸಲಾಗಿದೆ. https://profile-access.example/recover ಈ ಮಾಹಿತಿಯಲ್ಲಿರುವ ಸೇವಾ ವಿವರಗಳನ್ನು ನಿಮ್ಮ ಅಧಿಕೃತ accountನಲ್ಲಿ ಪರಿಶೀಲಿಸಬಹುದು. ಯಾವುದೇ payment ಅಥವಾ identity action ಮಾಡುವ ಮೊದಲು ಅಧಿಕೃತ ಮಾಹಿತಿಯನ್ನು ಹೋಲಿಸಿ ನೋಡಿ. ಸಂಬಂಧಿತ service history ನಿಮ್ಮ official app ಅಥವಾ portalನಲ್ಲಿ ಪ್ರತ್ಯೇಕವಾಗಿ ಕಾಣಬಹುದು.,Kannada,Phishing
ಸೂಚನೆ: ನಿಮ್ಮ ಸಂಖ್ಯೆಗೆ ವಿಶೇಷ cashback benefit ಆಯ್ಕೆಯಾಗಿದೆ ಎಂದು ತಿಳಿಸಲಾಗಿದೆ. ಮೊತ್ತ ಅಥವಾ ಸೇವೆ ಬಿಡುಗಡೆ ಮಾಡಲು account information ಕೇಳಲಾಗಿದೆ. ಕೇಳಲಾದ ಮೊತ್ತ ₹249. hxxp://secure-check.example/verify,Kannada,Phishing
"ಒಂದು digital reward ನಿಮ್ಮ ಹೆಸರಿನಲ್ಲಿ ಬಾಕಿಯಿದೆ ಎಂದು ಸಂದೇಶ ಬಂದಿದೆ. ಈಗ ನೀಡಿರುವ verification ಹಂತವನ್ನು ಪೂರ್ಣಗೊಳಿಸಿ. ಸಂಬಂಧಿತ service history ನಿಮ್ಮ official app ಅಥವಾ portalನಲ್ಲಿ ಪ್ರತ್ಯೇಕವಾಗಿ ಕಾಣಬಹುದು. ಸಂದೇಶದಲ್ಲಿರುವ ಸಮಯ, ಮೊತ್ತ ಮತ್ತು reference ವಿವರಗಳು service recordನಲ್ಲಿ ಕಾಣಿಸಬಹುದು. ನಿಮ್ಮ ಸಾಮಾನ್ಯ transaction record ಜೊತೆ ಈ ಸೂಚನೆಯನ್ನು ಪರಿಶೀಲಿಸುವುದು ಉಪಯುಕ್ತ.",Kannada,Phishing
"ನಿಮ್ಮ customer number reward ಪಟ್ಟಿಯಲ್ಲಿ ಆಯ್ಕೆಯಾಗಿದೆ ಎಂದು ತಿಳಿಸಲಾಗಿದೆ. ಇಂದಿನ review window ಮುಗಿಯುವ ಮೊದಲು ಈ ಪ್ರಕ್ರಿಯೆ ಪೂರ್ಣಗೊಳ್ಳಬೇಕು. ಸಂದೇಶದಲ್ಲಿರುವ ಸಮಯ, ಮೊತ್ತ ಮತ್ತು reference ವಿವರಗಳು service recordನಲ್ಲಿ ಕಾಣಿಸಬಹುದು. ನಿಮ್ಮ ಸಾಮಾನ್ಯ transaction record ಜೊತೆ ಈ ಸೂಚನೆಯನ್ನು ಪರಿಶೀಲಿಸುವುದು ಉಪಯುಕ್ತ. Account ಸಂಬಂಧಿತ ವಿನಂತಿಗಳಿಗೆ ಈಗಾಗಲೇ ತಿಳಿದಿರುವ ಅಧಿಕೃತ contact channel ಮಾತ್ರ ಬಳಸಿ.",Kannada,Phishing
ಇತ್ತೀಚಿನ payment ಮೇಲೆ ಹೆಚ್ಚುವರಿ benefit ಲಭ್ಯವಿದೆ ಎಂದು ತಿಳಿಸಲಾಗಿದೆ. ಪರಿಶೀಲನೆ ವಿಫಲವಾದರೆ ಮುಂದಿನ ಸೇವೆಯನ್ನು ನಿಲ್ಲಿಸುವ ಎಚ್ಚರಿಕೆ ನೀಡಲಾಗಿದೆ. ನಿಮ್ಮ ಸಾಮಾನ್ಯ transaction record ಜೊತೆ ಈ ಸೂಚನೆಯನ್ನು ಪರಿಶೀಲಿಸುವುದು ಉಪಯುಕ್ತ. Account ಸಂಬಂಧಿತ ವಿನಂತಿಗಳಿಗೆ ಈಗಾಗಲೇ ತಿಳಿದಿರುವ ಅಧಿಕೃತ contact channel ಮಾತ್ರ ಬಳಸಿ. ಯಾವುದೇ ಸಮಸ್ಯೆಯಿದ್ದರೆ service providerನ ಅಧಿಕೃತ support option ಬಳಸಿ.,Kannada,Phishing
ಒಂದು refund ಮೊತ್ತ ನಿಮ್ಮ profileನಲ್ಲಿ ಬಿಡುಗಡೆಗೆ ಕಾಯುತ್ತಿದೆ. Security team ಹೆಸರಿನಲ್ಲಿ ತಕ್ಷಣ ಪ್ರತಿಕ್ರಿಯಿಸಲು ಸೂಚಿಸಲಾಗಿದೆ. ಕೇಳಲಾದ ಮೊತ್ತ ₹1999. Account ಸಂಬಂಧಿತ ವಿನಂತಿಗಳಿಗೆ ಈಗಾಗಲೇ ತಿಳಿದಿರುವ ಅಧಿಕೃತ contact channel ಮಾತ್ರ ಬಳಸಿ. ಯಾವುದೇ ಸಮಸ್ಯೆಯಿದ್ದರೆ service providerನ ಅಧಿಕೃತ support option ಬಳಸಿ. ಸೇವೆಯ ಸ್ಥಿತಿಯನ್ನು ನಂತರ ಅಧಿಕೃತ portalನಲ್ಲಿ ಮತ್ತೆ ಪರಿಶೀಲಿಸಬಹುದು.,Kannada,Phishing
ಸೂಚನೆ: ನಿಮಗಾಗಿ limited-time bonus credit ಸಿದ್ಧವಾಗಿದೆ ಎಂದು ತಿಳಿಸಲಾಗಿದೆ. ಸೂಚಿಸಿದ page ತೆರೆಯಿ ಮತ್ತು ಕೇಳಲಾದ ಮಾಹಿತಿಯನ್ನು ನಮೂದಿಸಿ. ಯಾವುದೇ ಸಮಸ್ಯೆಯಿದ್ದರೆ service providerನ ಅಧಿಕೃತ support option ಬಳಸಿ. ಸೇವೆಯ ಸ್ಥಿತಿಯನ್ನು ನಂತರ ಅಧಿಕೃತ portalನಲ್ಲಿ ಮತ್ತೆ ಪರಿಶೀಲಿಸಬಹುದು. ಈ ಮಾಹಿತಿಯಲ್ಲಿರುವ ಸೇವಾ ವಿವರಗಳನ್ನು ನಿಮ್ಮ ಅಧಿಕೃತ accountನಲ್ಲಿ ಪರಿಶೀಲಿಸಬಹುದು. ಯಾವುದೇ payment ಅಥವಾ identity action ಮಾಡುವ ಮೊದಲು ಅಧಿಕೃತ ಮಾಹಿತಿಯನ್ನು ಹೋಲಿಸಿ ನೋಡಿ.,Kannada,Phishing
ನಿಮ್ಮ ಸಂಖ್ಯೆಗೆ ವಿಶೇಷ cashback benefit ಆಯ್ಕೆಯಾಗಿದೆ ಎಂದು ತಿಳಿಸಲಾಗಿದೆ. ಸ್ಥಿತಿಯನ್ನು ಪರಿಶೀಲಿಸಿ ಮುಂದುವರಿಯಲು link ಬಳಸಿ ಎಂದು ಸೂಚಿಸಲಾಗಿದೆ. ಸೇವೆಯ ಸ್ಥಿತಿಯನ್ನು ನಂತರ ಅಧಿಕೃತ portalನಲ್ಲಿ ಮತ್ತೆ ಪರಿಶೀಲಿಸಬಹುದು. ಈ ಮಾಹಿತಿಯಲ್ಲಿರುವ ಸೇವಾ ವಿವರಗಳನ್ನು ನಿಮ್ಮ ಅಧಿಕೃತ accountನಲ್ಲಿ ಪರಿಶೀಲಿಸಬಹುದು. ಯಾವುದೇ payment ಅಥವಾ identity action ಮಾಡುವ ಮೊದಲು ಅಧಿಕೃತ ಮಾಹಿತಿಯನ್ನು ಹೋಲಿಸಿ ನೋಡಿ.,Kannada,Phishing
ಒಂದು digital reward ನಿಮ್ಮ ಹೆಸರಿನಲ್ಲಿ ಬಾಕಿಯಿದೆ ಎಂದು ಸಂದೇಶ ಬಂದಿದೆ. ವಿನಂತಿಯನ್ನು active ಇರಿಸಲು ತಕ್ಷಣ action ತೆಗೆದುಕೊಳ್ಳಿ ಎಂದು ತಿಳಿಸಲಾಗಿದೆ. ಉಲ್ಲೇಖ: [REF_ID]. ಈ ಮಾಹಿತಿಯಲ್ಲಿರುವ ಸೇವಾ ವಿವರಗಳನ್ನು ನಿಮ್ಮ ಅಧಿಕೃತ accountನಲ್ಲಿ ಪರಿಶೀಲಿಸಬಹುದು. ಯಾವುದೇ payment ಅಥವಾ identity action ಮಾಡುವ ಮೊದಲು ಅಧಿಕೃತ ಮಾಹಿತಿಯನ್ನು ಹೋಲಿಸಿ ನೋಡಿ. ಸಂಬಂಧಿತ service history ನಿಮ್ಮ official app ಅಥವಾ portalನಲ್ಲಿ ಪ್ರತ್ಯೇಕವಾಗಿ ಕಾಣಬಹುದು.,Kannada,Phishing
"ನಿಮ್ಮ customer number reward ಪಟ್ಟಿಯಲ್ಲಿ ಆಯ್ಕೆಯಾಗಿದೆ ಎಂದು ತಿಳಿಸಲಾಗಿದೆ. ಸೇವೆ ಸೀಮಿತಗೊಳ್ಳುವ ಮೊದಲು ಖಾತೆಯನ್ನು ದೃಢೀಕರಿಸಿ. ಕೇಳಲಾದ ಮೊತ್ತ ₹1240. ಯಾವುದೇ payment ಅಥವಾ identity action ಮಾಡುವ ಮೊದಲು ಅಧಿಕೃತ ಮಾಹಿತಿಯನ್ನು ಹೋಲಿಸಿ ನೋಡಿ. ಸಂಬಂಧಿತ service history ನಿಮ್ಮ official app ಅಥವಾ portalನಲ್ಲಿ ಪ್ರತ್ಯೇಕವಾಗಿ ಕಾಣಬಹುದು. ಸಂದೇಶದಲ್ಲಿರುವ ಸಮಯ, ಮೊತ್ತ ಮತ್ತು reference ವಿವರಗಳು service recordನಲ್ಲಿ ಕಾಣಿಸಬಹುದು.",Kannada,Phishing
"ದಯವಿಟ್ಟು ಗಮನಿಸಿ — ಇತ್ತೀಚಿನ payment ಮೇಲೆ ಹೆಚ್ಚುವರಿ benefit ಲಭ್ಯವಿದೆ ಎಂದು ತಿಳಿಸಲಾಗಿದೆ. ಈ activity ನಿಮ್ಮದಾಗಿರದಿದ್ದರೆ identity check ಪೂರ್ಣಗೊಳಿಸಿ. ಸಂಬಂಧಿತ service history ನಿಮ್ಮ official app ಅಥವಾ portalನಲ್ಲಿ ಪ್ರತ್ಯೇಕವಾಗಿ ಕಾಣಬಹುದು. ಸಂದೇಶದಲ್ಲಿರುವ ಸಮಯ, ಮೊತ್ತ ಮತ್ತು reference ವಿವರಗಳು service recordನಲ್ಲಿ ಕಾಣಿಸಬಹುದು. ನಿಮ್ಮ ಸಾಮಾನ್ಯ transaction record ಜೊತೆ ಈ ಸೂಚನೆಯನ್ನು ಪರಿಶೀಲಿಸುವುದು ಉಪಯುಕ್ತ.",Kannada,Phishing
"ಸೂಚನೆ: ಒಂದು refund ಮೊತ್ತ ನಿಮ್ಮ profileನಲ್ಲಿ ಬಿಡುಗಡೆಗೆ ಕಾಯುತ್ತಿದೆ. ಮೊತ್ತ ಅಥವಾ ಸೇವೆ ಬಿಡುಗಡೆ ಮಾಡಲು account information ಕೇಳಲಾಗಿದೆ. hxxp://secure-check.example/verify ಸಂದೇಶದಲ್ಲಿರುವ ಸಮಯ, ಮೊತ್ತ ಮತ್ತು reference ವಿವರಗಳು service recordನಲ್ಲಿ ಕಾಣಿಸಬಹುದು. ನಿಮ್ಮ ಸಾಮಾನ್ಯ transaction record ಜೊತೆ ಈ ಸೂಚನೆಯನ್ನು ಪರಿಶೀಲಿಸುವುದು ಉಪಯುಕ್ತ. Account ಸಂಬಂಧಿತ ವಿನಂತಿಗಳಿಗೆ ಈಗಾಗಲೇ ತಿಳಿದಿರುವ ಅಧಿಕೃತ contact channel ಮಾತ್ರ ಬಳಸಿ.",Kannada,Phishing
ನಿಮಗಾಗಿ limited-time bonus credit ಸಿದ್ಧವಾಗಿದೆ ಎಂದು ತಿಳಿಸಲಾಗಿದೆ. ಈಗ ನೀಡಿರುವ verification ಹಂತವನ್ನು ಪೂರ್ಣಗೊಳಿಸಿ. https://account-review.example/confirm ನಿಮ್ಮ ಸಾಮಾನ್ಯ transaction record ಜೊತೆ ಈ ಸೂಚನೆಯನ್ನು ಪರಿಶೀಲಿಸುವುದು ಉಪಯುಕ್ತ. Account ಸಂಬಂಧಿತ ವಿನಂತಿಗಳಿಗೆ ಈಗಾಗಲೇ ತಿಳಿದಿರುವ ಅಧಿಕೃತ contact channel ಮಾತ್ರ ಬಳಸಿ. ಯಾವುದೇ ಸಮಸ್ಯೆಯಿದ್ದರೆ service providerನ ಅಧಿಕೃತ support option ಬಳಸಿ.,Kannada,Phishing
ನಿಮ್ಮ ಸಂಖ್ಯೆಗೆ ವಿಶೇಷ cashback benefit ಆಯ್ಕೆಯಾಗಿದೆ ಎಂದು ತಿಳಿಸಲಾಗಿದೆ. ಇಂದಿನ review window ಮುಗಿಯುವ ಮೊದಲು ಈ ಪ್ರಕ್ರಿಯೆ ಪೂರ್ಣಗೊಳ್ಳಬೇಕು. ಕೇಳಲಾದ ಮೊತ್ತ ₹850. http://kyc-alert.example/update,Kannada,Phishing
ಒಂದು digital reward ನಿಮ್ಮ ಹೆಸರಿನಲ್ಲಿ ಬಾಕಿಯಿದೆ ಎಂದು ಸಂದೇಶ ಬಂದಿದೆ. ಪರಿಶೀಲನೆ ವಿಫಲವಾದರೆ ಮುಂದಿನ ಸೇವೆಯನ್ನು ನಿಲ್ಲಿಸುವ ಎಚ್ಚರಿಕೆ ನೀಡಲಾಗಿದೆ. https://upi-support.example/resolve ಯಾವುದೇ ಸಮಸ್ಯೆಯಿದ್ದರೆ service providerನ ಅಧಿಕೃತ support option ಬಳಸಿ. ಸೇವೆಯ ಸ್ಥಿತಿಯನ್ನು ನಂತರ ಅಧಿಕೃತ portalನಲ್ಲಿ ಮತ್ತೆ ಪರಿಶೀಲಿಸಬಹುದು. ಈ ಮಾಹಿತಿಯಲ್ಲಿರುವ ಸೇವಾ ವಿವರಗಳನ್ನು ನಿಮ್ಮ ಅಧಿಕೃತ accountನಲ್ಲಿ ಪರಿಶೀಲಿಸಬಹುದು.,Kannada,Phishing
ನಿಮ್ಮ customer number reward ಪಟ್ಟಿಯಲ್ಲಿ ಆಯ್ಕೆಯಾಗಿದೆ ಎಂದು ತಿಳಿಸಲಾಗಿದೆ. Security team ಹೆಸರಿನಲ್ಲಿ ತಕ್ಷಣ ಪ್ರತಿಕ್ರಿಯಿಸಲು ಸೂಚಿಸಲಾಗಿದೆ. ಉಲ್ಲೇಖ: [REF_ID]. https://parcel-status.example/address ಸೇವೆಯ ಸ್ಥಿತಿಯನ್ನು ನಂತರ ಅಧಿಕೃತ portalನಲ್ಲಿ ಮತ್ತೆ ಪರಿಶೀಲಿಸಬಹುದು. ಈ ಮಾಹಿತಿಯಲ್ಲಿರುವ ಸೇವಾ ವಿವರಗಳನ್ನು ನಿಮ್ಮ ಅಧಿಕೃತ accountನಲ್ಲಿ ಪರಿಶೀಲಿಸಬಹುದು. ಯಾವುದೇ payment ಅಥವಾ identity action ಮಾಡುವ ಮೊದಲು ಅಧಿಕೃತ ಮಾಹಿತಿಯನ್ನು ಹೋಲಿಸಿ ನೋಡಿ.,Kannada,Phishing
ಸೂಚನೆ: ಇತ್ತೀಚಿನ payment ಮೇಲೆ ಹೆಚ್ಚುವರಿ benefit ಲಭ್ಯವಿದೆ ಎಂದು ತಿಳಿಸಲಾಗಿದೆ. ಸೂಚಿಸಿದ page ತೆರೆಯಿ ಮತ್ತು ಕೇಳಲಾದ ಮಾಹಿತಿಯನ್ನು ನಮೂದಿಸಿ. http://reward-center.example/claim ಈ ಮಾಹಿತಿಯಲ್ಲಿರುವ ಸೇವಾ ವಿವರಗಳನ್ನು ನಿಮ್ಮ ಅಧಿಕೃತ accountನಲ್ಲಿ ಪರಿಶೀಲಿಸಬಹುದು. ಯಾವುದೇ payment ಅಥವಾ identity action ಮಾಡುವ ಮೊದಲು ಅಧಿಕೃತ ಮಾಹಿತಿಯನ್ನು ಹೋಲಿಸಿ ನೋಡಿ. ಸಂಬಂಧಿತ service history ನಿಮ್ಮ official app ಅಥವಾ portalನಲ್ಲಿ ಪ್ರತ್ಯೇಕವಾಗಿ ಕಾಣಬಹುದು.,Kannada,Phishing
"ಒಂದು refund ಮೊತ್ತ ನಿಮ್ಮ profileನಲ್ಲಿ ಬಿಡುಗಡೆಗೆ ಕಾಯುತ್ತಿದೆ. ಸ್ಥಿತಿಯನ್ನು ಪರಿಶೀಲಿಸಿ ಮುಂದುವರಿಯಲು link ಬಳಸಿ ಎಂದು ಸೂಚಿಸಲಾಗಿದೆ. ಕೇಳಲಾದ ಮೊತ್ತ ₹499. https://job-selection.example/document ಯಾವುದೇ payment ಅಥವಾ identity action ಮಾಡುವ ಮೊದಲು ಅಧಿಕೃತ ಮಾಹಿತಿಯನ್ನು ಹೋಲಿಸಿ ನೋಡಿ. ಸಂಬಂಧಿತ service history ನಿಮ್ಮ official app ಅಥವಾ portalನಲ್ಲಿ ಪ್ರತ್ಯೇಕವಾಗಿ ಕಾಣಬಹುದು. ಸಂದೇಶದಲ್ಲಿರುವ ಸಮಯ, ಮೊತ್ತ ಮತ್ತು reference ವಿವರಗಳು service recordನಲ್ಲಿ ಕಾಣಿಸಬಹುದು.",Kannada,Phishing
"ನಿಮಗಾಗಿ limited-time bonus credit ಸಿದ್ಧವಾಗಿದೆ ಎಂದು ತಿಳಿಸಲಾಗಿದೆ. ವಿನಂತಿಯನ್ನು active ಇರಿಸಲು ತಕ್ಷಣ action ತೆಗೆದುಕೊಳ್ಳಿ ಎಂದು ತಿಳಿಸಲಾಗಿದೆ. https://card-security.example/review ಸಂಬಂಧಿತ service history ನಿಮ್ಮ official app ಅಥವಾ portalನಲ್ಲಿ ಪ್ರತ್ಯೇಕವಾಗಿ ಕಾಣಬಹುದು. ಸಂದೇಶದಲ್ಲಿರುವ ಸಮಯ, ಮೊತ್ತ ಮತ್ತು reference ವಿವರಗಳು service recordನಲ್ಲಿ ಕಾಣಿಸಬಹುದು. ನಿಮ್ಮ ಸಾಮಾನ್ಯ transaction record ಜೊತೆ ಈ ಸೂಚನೆಯನ್ನು ಪರಿಶೀಲಿಸುವುದು ಉಪಯುಕ್ತ.",Kannada,Phishing
"ಸೂಚನೆ: ನಿಮ್ಮ order confirmation ವೇಳೆ payment ಸಮಸ್ಯೆ ದಾಖಲಾಗಿದೆ. ಸೇವೆ ಸೀಮಿತಗೊಳ್ಳುವ ಮೊದಲು ಖಾತೆಯನ್ನು ದೃಢೀಕರಿಸಿ. ಕೇಳಲಾದ ಮೊತ್ತ ₹249. http://utility-notice.example/pay ಸಂದೇಶದಲ್ಲಿರುವ ಸಮಯ, ಮೊತ್ತ ಮತ್ತು reference ವಿವರಗಳು service recordನಲ್ಲಿ ಕಾಣಿಸಬಹುದು. ನಿಮ್ಮ ಸಾಮಾನ್ಯ transaction record ಜೊತೆ ಈ ಸೂಚನೆಯನ್ನು ಪರಿಶೀಲಿಸುವುದು ಉಪಯುಕ್ತ. Account ಸಂಬಂಧಿತ ವಿನಂತಿಗಳಿಗೆ ಈಗಾಗಲೇ ತಿಳಿದಿರುವ ಅಧಿಕೃತ contact channel ಮಾತ್ರ ಬಳಸಿ.",Kannada,Phishing
Online purchase refund ಪ್ರಕ್ರಿಯೆಗೆ ಹೆಚ್ಚುವರಿ confirmation ಕೇಳಲಾಗಿದೆ. ಈ activity ನಿಮ್ಮದಾಗಿರದಿದ್ದರೆ identity check ಪೂರ್ಣಗೊಳಿಸಿ. https://profile-access.example/recover ನಿಮ್ಮ ಸಾಮಾನ್ಯ transaction record ಜೊತೆ ಈ ಸೂಚನೆಯನ್ನು ಪರಿಶೀಲಿಸುವುದು ಉಪಯುಕ್ತ. Account ಸಂಬಂಧಿತ ವಿನಂತಿಗಳಿಗೆ ಈಗಾಗಲೇ ತಿಳಿದಿರುವ ಅಧಿಕೃತ contact channel ಮಾತ್ರ ಬಳಸಿ. ಯಾವುದೇ ಸಮಸ್ಯೆಯಿದ್ದರೆ service providerನ ಅಧಿಕೃತ support option ಬಳಸಿ.,Kannada,Phishing
Deliveryಗೆ ಮುನ್ನ ನಿಮ್ಮ order ಅನ್ನು account reviewಗೆ ಇಡಲಾಗಿದೆ. ಮೊತ್ತ ಅಥವಾ ಸೇವೆ ಬಿಡುಗಡೆ ಮಾಡಲು account information ಕೇಳಲಾಗಿದೆ. hxxp://secure-check.example/verify Account ಸಂಬಂಧಿತ ವಿನಂತಿಗಳಿಗೆ ಈಗಾಗಲೇ ತಿಳಿದಿರುವ ಅಧಿಕೃತ contact channel ಮಾತ್ರ ಬಳಸಿ. ಯಾವುದೇ ಸಮಸ್ಯೆಯಿದ್ದರೆ service providerನ ಅಧಿಕೃತ support option ಬಳಸಿ. ಸೇವೆಯ ಸ್ಥಿತಿಯನ್ನು ನಂತರ ಅಧಿಕೃತ portalನಲ್ಲಿ ಮತ್ತೆ ಪರಿಶೀಲಿಸಬಹುದು.,Kannada,Phishing
Return requestನಲ್ಲಿ bank details ಮರುದೃಢೀಕರಣ ಕೇಳಲಾಗಿದೆ. ಈಗ ನೀಡಿರುವ verification ಹಂತವನ್ನು ಪೂರ್ಣಗೊಳಿಸಿ. ಯಾವುದೇ ಸಮಸ್ಯೆಯಿದ್ದರೆ service providerನ ಅಧಿಕೃತ support option ಬಳಸಿ. ಸೇವೆಯ ಸ್ಥಿತಿಯನ್ನು ನಂತರ ಅಧಿಕೃತ portalನಲ್ಲಿ ಮತ್ತೆ ಪರಿಶೀಲಿಸಬಹುದು. ಈ ಮಾಹಿತಿಯಲ್ಲಿರುವ ಸೇವಾ ವಿವರಗಳನ್ನು ನಿಮ್ಮ ಅಧಿಕೃತ accountನಲ್ಲಿ ಪರಿಶೀಲಿಸಬಹುದು. ಯಾವುದೇ payment ಅಥವಾ identity action ಮಾಡುವ ಮೊದಲು ಅಧಿಕೃತ ಮಾಹಿತಿಯನ್ನು ಹೋಲಿಸಿ ನೋಡಿ.,Kannada,Phishing
Nimma purchase ಮೊತ್ತ ಹಿಂತಿರುಗಿಸಲು action ಅಗತ್ಯವಿದೆ ಎಂದು ತಿಳಿಸಲಾಗಿದೆ. ಇಂದಿನ review window ಮುಗಿಯುವ ಮೊದಲು ಈ ಪ್ರಕ್ರಿಯೆ ಪೂರ್ಣಗೊಳ್ಳಬೇಕು. ಕೇಳಲಾದ ಮೊತ್ತ ₹1999. ಸೇವೆಯ ಸ್ಥಿತಿಯನ್ನು ನಂತರ ಅಧಿಕೃತ portalನಲ್ಲಿ ಮತ್ತೆ ಪರಿಶೀಲಿಸಬಹುದು. ಈ ಮಾಹಿತಿಯಲ್ಲಿರುವ ಸೇವಾ ವಿವರಗಳನ್ನು ನಿಮ್ಮ ಅಧಿಕೃತ accountನಲ್ಲಿ ಪರಿಶೀಲಿಸಬಹುದು. ಯಾವುದೇ payment ಅಥವಾ identity action ಮಾಡುವ ಮೊದಲು ಅಧಿಕೃತ ಮಾಹಿತಿಯನ್ನು ಹೋಲಿಸಿ ನೋಡಿ.,Kannada,Phishing
ಸೂಚನೆ: E-commerce service ನಿಮ್ಮ order ಅನ್ನು ತಾತ್ಕಾಲಿಕವಾಗಿ hold ಮಾಡಿದೆ. ಪರಿಶೀಲನೆ ವಿಫಲವಾದರೆ ಮುಂದಿನ ಸೇವೆಯನ್ನು ನಿಲ್ಲಿಸುವ ಎಚ್ಚರಿಕೆ ನೀಡಲಾಗಿದೆ. ಈ ಮಾಹಿತಿಯಲ್ಲಿರುವ ಸೇವಾ ವಿವರಗಳನ್ನು ನಿಮ್ಮ ಅಧಿಕೃತ accountನಲ್ಲಿ ಪರಿಶೀಲಿಸಬಹುದು. ಯಾವುದೇ payment ಅಥವಾ identity action ಮಾಡುವ ಮೊದಲು ಅಧಿಕೃತ ಮಾಹಿತಿಯನ್ನು ಹೋಲಿಸಿ ನೋಡಿ. ಸಂಬಂಧಿತ service history ನಿಮ್ಮ official app ಅಥವಾ portalನಲ್ಲಿ ಪ್ರತ್ಯೇಕವಾಗಿ ಕಾಣಬಹುದು.,Kannada,Phishing
"ನಿಮ್ಮ order confirmation ವೇಳೆ payment ಸಮಸ್ಯೆ ದಾಖಲಾಗಿದೆ. Security team ಹೆಸರಿನಲ್ಲಿ ತಕ್ಷಣ ಪ್ರತಿಕ್ರಿಯಿಸಲು ಸೂಚಿಸಲಾಗಿದೆ. ಯಾವುದೇ payment ಅಥವಾ identity action ಮಾಡುವ ಮೊದಲು ಅಧಿಕೃತ ಮಾಹಿತಿಯನ್ನು ಹೋಲಿಸಿ ನೋಡಿ. ಸಂಬಂಧಿತ service history ನಿಮ್ಮ official app ಅಥವಾ portalನಲ್ಲಿ ಪ್ರತ್ಯೇಕವಾಗಿ ಕಾಣಬಹುದು. ಸಂದೇಶದಲ್ಲಿರುವ ಸಮಯ, ಮೊತ್ತ ಮತ್ತು reference ವಿವರಗಳು service recordನಲ್ಲಿ ಕಾಣಿಸಬಹುದು.",Kannada,Phishing
"Online purchase refund ಪ್ರಕ್ರಿಯೆಗೆ ಹೆಚ್ಚುವರಿ confirmation ಕೇಳಲಾಗಿದೆ. ಸೂಚಿಸಿದ page ತೆರೆಯಿ ಮತ್ತು ಕೇಳಲಾದ ಮಾಹಿತಿಯನ್ನು ನಮೂದಿಸಿ. ಉಲ್ಲೇಖ: [REF_ID]. ಸಂಬಂಧಿತ service history ನಿಮ್ಮ official app ಅಥವಾ portalನಲ್ಲಿ ಪ್ರತ್ಯೇಕವಾಗಿ ಕಾಣಬಹುದು. ಸಂದೇಶದಲ್ಲಿರುವ ಸಮಯ, ಮೊತ್ತ ಮತ್ತು reference ವಿವರಗಳು service recordನಲ್ಲಿ ಕಾಣಿಸಬಹುದು. ನಿಮ್ಮ ಸಾಮಾನ್ಯ transaction record ಜೊತೆ ಈ ಸೂಚನೆಯನ್ನು ಪರಿಶೀಲಿಸುವುದು ಉಪಯುಕ್ತ.",Kannada,Phishing
"Deliveryಗೆ ಮುನ್ನ ನಿಮ್ಮ order ಅನ್ನು account reviewಗೆ ಇಡಲಾಗಿದೆ. ಸ್ಥಿತಿಯನ್ನು ಪರಿಶೀಲಿಸಿ ಮುಂದುವರಿಯಲು link ಬಳಸಿ ಎಂದು ಸೂಚಿಸಲಾಗಿದೆ. ಕೇಳಲಾದ ಮೊತ್ತ ₹1240. ಸಂದೇಶದಲ್ಲಿರುವ ಸಮಯ, ಮೊತ್ತ ಮತ್ತು reference ವಿವರಗಳು service recordನಲ್ಲಿ ಕಾಣಿಸಬಹುದು. ನಿಮ್ಮ ಸಾಮಾನ್ಯ transaction record ಜೊತೆ ಈ ಸೂಚನೆಯನ್ನು ಪರಿಶೀಲಿಸುವುದು ಉಪಯುಕ್ತ. Account ಸಂಬಂಧಿತ ವಿನಂತಿಗಳಿಗೆ ಈಗಾಗಲೇ ತಿಳಿದಿರುವ ಅಧಿಕೃತ contact channel ಮಾತ್ರ ಬಳಸಿ.",Kannada,Phishing
ದಯವಿಟ್ಟು ಗಮನಿಸಿ — Return requestನಲ್ಲಿ bank details ಮರುದೃಢೀಕರಣ ಕೇಳಲಾಗಿದೆ. ವಿನಂತಿಯನ್ನು active ಇರಿಸಲು ತಕ್ಷಣ action ತೆಗೆದುಕೊಳ್ಳಿ ಎಂದು ತಿಳಿಸಲಾಗಿದೆ. ನಿಮ್ಮ ಸಾಮಾನ್ಯ transaction record ಜೊತೆ ಈ ಸೂಚನೆಯನ್ನು ಪರಿಶೀಲಿಸುವುದು ಉಪಯುಕ್ತ. Account ಸಂಬಂಧಿತ ವಿನಂತಿಗಳಿಗೆ ಈಗಾಗಲೇ ತಿಳಿದಿರುವ ಅಧಿಕೃತ contact channel ಮಾತ್ರ ಬಳಸಿ. ಯಾವುದೇ ಸಮಸ್ಯೆಯಿದ್ದರೆ service providerನ ಅಧಿಕೃತ support option ಬಳಸಿ.,Kannada,Phishing
ಸೂಚನೆ: ನಿಮ್ಮ purchase ಮೊತ್ತ ಹಿಂತಿರುಗಿಸಲು action ಅಗತ್ಯವಿದೆ ಎಂದು ತಿಳಿಸಲಾಗಿದೆ. ಸೇವೆ ಸೀಮಿತಗೊಳ್ಳುವ ಮೊದಲು accountಯನ್ನು ದೃಢೀಕರಿಸಿ. Account ಸಂಬಂಧಿತ ವಿನಂತಿಗಳಿಗೆ ಈಗಾಗಲೇ ತಿಳಿದಿರುವ ಅಧಿಕೃತ contact channel ಮಾತ್ರ ಬಳಸಿ. ಯಾವುದೇ ಸಮಸ್ಯೆಯಿದ್ದರೆ service providerನ ಅಧಿಕೃತ support option ಬಳಸಿ. ಸೇವೆಯ ಸ್ಥಿತಿಯನ್ನು ನಂತರ ಅಧಿಕೃತ portalನಲ್ಲಿ ಮತ್ತೆ ಪರಿಶೀಲಿಸಬಹುದು. ಈ ಮಾಹಿತಿಯಲ್ಲಿರುವ ಸೇವಾ ವಿವರಗಳನ್ನು ನಿಮ್ಮ ಅಧಿಕೃತ accountನಲ್ಲಿ ಪರಿಶೀಲಿಸಬಹುದು.,Kannada,Phishing
E-commerce service ನಿಮ್ಮ order ಅನ್ನು ತಾತ್ಕಾಲಿಕವಾಗಿ hold ಮಾಡಿದೆ. ಈ activity ನಿಮ್ಮದಾಗಿರದಿದ್ದರೆ identity check ಪೂರ್ಣಗೊಳಿಸಿ. ಯಾವುದೇ ಸಮಸ್ಯೆಯಿದ್ದರೆ service providerನ ಅಧಿಕೃತ support option ಬಳಸಿ. ಸೇವೆಯ ಸ್ಥಿತಿಯನ್ನು ನಂತರ ಅಧಿಕೃತ portalನಲ್ಲಿ ಮತ್ತೆ ಪರಿಶೀಲಿಸಬಹುದು. ಈ ಮಾಹಿತಿಯಲ್ಲಿರುವ ಸೇವಾ ವಿವರಗಳನ್ನು ನಿಮ್ಮ ಅಧಿಕೃತ accountನಲ್ಲಿ ಪರಿಶೀಲಿಸಬಹುದು. ಯಾವುದೇ payment ಅಥವಾ identity action ಮಾಡುವ ಮೊದಲು ಅಧಿಕೃತ ಮಾಹಿತಿಯನ್ನು ಹೋಲಿಸಿ ನೋಡಿ.,Kannada,Phishing
ನಿಮ್ಮ order confirmation ವೇಳೆ payment ಸಮಸ್ಯೆ ದಾಖಲಾಗಿದೆ. ಮೊತ್ತ ಅಥವಾ ಸೇವೆ ಬಿಡುಗಡೆ ಮಾಡಲು account information ಕೇಳಲಾಗಿದೆ. ಕೇಳಲಾದ ಮೊತ್ತ ₹850. hxxp://secure-check.example/verify ಸೇವೆಯ ಸ್ಥಿತಿಯನ್ನು ನಂತರ ಅಧಿಕೃತ portalನಲ್ಲಿ ಮತ್ತೆ ಪರಿಶೀಲಿಸಬಹುದು. ಈ ಮಾಹಿತಿಯಲ್ಲಿರುವ ಸೇವಾ ವಿವರಗಳನ್ನು ನಿಮ್ಮ ಅಧಿಕೃತ accountನಲ್ಲಿ ಪರಿಶೀಲಿಸಬಹುದು. ಯಾವುದೇ payment ಅಥವಾ identity action ಮಾಡುವ ಮೊದಲು ಅಧಿಕೃತ ಮಾಹಿತಿಯನ್ನು ಹೋಲಿಸಿ ನೋಡಿ.,Kannada,Phishing
Online purchase refund ಪ್ರಕ್ರಿಯೆಗೆ ಹೆಚ್ಚುವರಿ confirmation ಕೇಳಲಾಗಿದೆ. ಈಗ ನೀಡಿರುವ verification ಹಂತವನ್ನು ಪೂರ್ಣಗೊಳಿಸಿ. https://account-review.example/confirm ಈ ಮಾಹಿತಿಯಲ್ಲಿರುವ ಸೇವಾ ವಿವರಗಳನ್ನು ನಿಮ್ಮ ಅಧಿಕೃತ accountನಲ್ಲಿ ಪರಿಶೀಲಿಸಬಹುದು. ಯಾವುದೇ payment ಅಥವಾ identity action ಮಾಡುವ ಮೊದಲು ಅಧಿಕೃತ ಮಾಹಿತಿಯನ್ನು ಹೋಲಿಸಿ ನೋಡಿ. ಸಂಬಂಧಿತ service history ನಿಮ್ಮ official app ಅಥವಾ portalನಲ್ಲಿ ಪ್ರತ್ಯೇಕವಾಗಿ ಕಾಣಬಹುದು.,Kannada,Phishing
Deliveryಗೆ ಮುನ್ನ ನಿಮ್ಮ order ಅನ್ನು account reviewಗೆ ಇಡಲಾಗಿದೆ. ಇಂದಿನ review window ಮುಗಿಯುವ ಮೊದಲು ಈ ಪ್ರಕ್ರಿಯೆ ಪೂರ್ಣಗೊಳ್ಳಬೇಕು. ಉಲ್ಲೇಖ: [REF_ID]. http://kyc-alert.example/update ಯಾವುದೇ payment ಅಥವಾ identity action ಮಾಡುವ ಮೊದಲು ಅಧಿಕೃತ ಮಾಹಿತಿಯನ್ನು ಹೋಲಿಸಿ ನೋಡಿ. ಸಂಬಂಧಿತ service history ನಿಮ್ಮ official app ಅಥವಾ portalನಲ್ಲಿ ಪ್ರತ್ಯೇಕವಾಗಿ ಕಾಣಬಹುದು.,Kannada,Phishing
"ಸೂಚನೆ: Return requestನಲ್ಲಿ bank details ಮರುದೃಢೀಕರಣ ಕೇಳಲಾಗಿದೆ. ಪರಿಶೀಲನೆ ವಿಫಲವಾದರೆ ಮುಂದಿನ ಸೇವೆಯನ್ನು ನಿಲ್ಲಿಸುವ ಎಚ್ಚರಿಕೆ ನೀಡಲಾಗಿದೆ. https://upi-support.example/resolve ಸಂಬಂಧಿತ service history ನಿಮ್ಮ official app ಅಥವಾ portalನಲ್ಲಿ ಪ್ರತ್ಯೇಕವಾಗಿ ಕಾಣಬಹುದು. ಸಂದೇಶದಲ್ಲಿರುವ ಸಮಯ, ಮೊತ್ತ ಮತ್ತು reference ವಿವರಗಳು service recordನಲ್ಲಿ ಕಾಣಿಸಬಹುದು. ನಿಮ್ಮ ಸಾಮಾನ್ಯ transaction record ಜೊತೆ ಈ ಸೂಚನೆಯನ್ನು ಪರಿಶೀಲಿಸುವುದು ಉಪಯುಕ್ತ.",Kannada,Phishing
"ನಿಮ್ಮ purchase ಮೊತ್ತ ಹಿಂತಿರುಗಿಸಲು action ಅಗತ್ಯವಿದೆ ಎಂದು ತಿಳಿಸಲಾಗಿದೆ. Security team ಹೆಸರಿನಲ್ಲಿ ತಕ್ಷಣ ಪ್ರತಿಕ್ರಿಯಿಸಲು ಸೂಚಿಸಲಾಗಿದೆ. ಕೇಳಲಾದ ಮೊತ್ತ ₹499. https://parcel-status.example/address ಸಂದೇಶದಲ್ಲಿರುವ ಸಮಯ, ಮೊತ್ತ ಮತ್ತು reference ವಿವರಗಳು service recordನಲ್ಲಿ ಕಾಣಿಸಬಹುದು. ನಿಮ್ಮ ಸಾಮಾನ್ಯ transaction record ಜೊತೆ ಈ ಸೂಚನೆಯನ್ನು ಪರಿಶೀಲಿಸುವುದು ಉಪಯುಕ್ತ. Account ಸಂಬಂಧಿತ ವಿನಂತಿಗಳಿಗೆ ಈಗಾಗಲೇ ತಿಳಿದಿರುವ ಅಧಿಕೃತ contact channel ಮಾತ್ರ ಬಳಸಿ.",Kannada,Phishing
E-commerce service ನಿಮ್ಮ order ಅನ್ನು ತಾತ್ಕಾಲಿಕವಾಗಿ hold ಮಾಡಿದೆ. ಸೂಚಿಸಿದ page ತೆರೆಯಿ ಮತ್ತು ಕೇಳಲಾದ ಮಾಹಿತಿಯನ್ನು ನಮೂದಿಸಿ. http://reward-center.example/claim ನಿಮ್ಮ ಸಾಮಾನ್ಯ transaction record ಜೊತೆ ಈ ಸೂಚನೆಯನ್ನು ಪರಿಶೀಲಿಸುವುದು ಉಪಯುಕ್ತ. Account ಸಂಬಂಧಿತ ವಿನಂತಿಗಳಿಗೆ ಈಗಾಗಲೇ ತಿಳಿದಿರುವ ಅಧಿಕೃತ contact channel ಮಾತ್ರ ಬಳಸಿ. ಯಾವುದೇ ಸಮಸ್ಯೆಯಿದ್ದರೆ service providerನ ಅಧಿಕೃತ support option ಬಳಸಿ.,Kannada,Phishing
ಸೂಚನೆ: ನಿಮ್ಮ electricity accountನಲ್ಲಿ ಬಾಕಿ ಮೊತ್ತದ ಕಾರಣ service review ಸೂಚನೆ ಬಂದಿದೆ. ಸೇವೆ ಸೀಮಿತಗೊಳ್ಳುವ ಮೊದಲು ಖಾತೆಯನ್ನು ದೃಢೀಕರಿಸಿ. ಕೇಳಲಾದ ಮೊತ್ತ ₹249. https://job-selection.example/document,Kannada,Phishing
Electricity connectionಗೆ payment confirmation ಬಾಕಿಯಿದೆ. ಈ activity ನಿಮ್ಮದಾಗಿರದಿದ್ದರೆ identity check ಪೂರ್ಣಗೊಳಿಸಿ. https://card-security.example/review ಯಾವುದೇ ಸಮಸ್ಯೆಯಿದ್ದರೆ service providerನ ಅಧಿಕೃತ support option ಬಳಸಿ. ಸೇವೆಯ ಸ್ಥಿತಿಯನ್ನು ನಂತರ ಅಧಿಕೃತ portalನಲ್ಲಿ ಮತ್ತೆ ಪರಿಶೀಲಿಸಬಹುದು. ಈ ಮಾಹಿತಿಯಲ್ಲಿರುವ ಸೇವಾ ವಿವರಗಳನ್ನು ನಿಮ್ಮ ಅಧಿಕೃತ accountನಲ್ಲಿ ಪರಿಶೀಲಿಸಬಹುದು. ಯಾವುದೇ payment ಅಥವಾ identity action ಮಾಡುವ ಮೊದಲು ಅಧಿಕೃತ ಮಾಹಿತಿಯನ್ನು ಹೋಲಿಸಿ ನೋಡಿ.,Kannada,Phishing
ನಿಮ್ಮ utility billನಲ್ಲಿ final payment notice ದಾಖಲಾಗಿದೆ. ಮೊತ್ತ ಅಥವಾ ಸೇವೆ ಬಿಡುಗಡೆ ಮಾಡಲು account information ಕೇಳಲಾಗಿದೆ. http://utility-notice.example/pay ಸೇವೆಯ ಸ್ಥಿತಿಯನ್ನು ನಂತರ ಅಧಿಕೃತ portalನಲ್ಲಿ ಮತ್ತೆ ಪರಿಶೀಲಿಸಬಹುದು. ಈ ಮಾಹಿತಿಯಲ್ಲಿರುವ ಸೇವಾ ವಿವರಗಳನ್ನು ನಿಮ್ಮ ಅಧಿಕೃತ accountನಲ್ಲಿ ಪರಿಶೀಲಿಸಬಹುದು. ಯಾವುದೇ payment ಅಥವಾ identity action ಮಾಡುವ ಮೊದಲು ಅಧಿಕೃತ ಮಾಹಿತಿಯನ್ನು ಹೋಲಿಸಿ ನೋಡಿ.,Kannada,Phishing
Meter service requestಗೆ account verification ಕೇಳಲಾಗಿದೆ. ಈಗ ನೀಡಿರುವ verification ಹಂತವನ್ನು ಪೂರ್ಣಗೊಳಿಸಿ. https://profile-access.example/recover ಈ ಮಾಹಿತಿಯಲ್ಲಿರುವ ಸೇವಾ ವಿವರಗಳನ್ನು ನಿಮ್ಮ ಅಧಿಕೃತ accountನಲ್ಲಿ ಪರಿಶೀಲಿಸಬಹುದು. ಯಾವುದೇ payment ಅಥವಾ identity action ಮಾಡುವ ಮೊದಲು ಅಧಿಕೃತ ಮಾಹಿತಿಯನ್ನು ಹೋಲಿಸಿ ನೋಡಿ. ಸಂಬಂಧಿತ service history ನಿಮ್ಮ official app ಅಥವಾ portalನಲ್ಲಿ ಪ್ರತ್ಯೇಕವಾಗಿ ಕಾಣಬಹುದು.,Kannada,Phishing
"ನಿಮ್ಮ electricity serviceಗೆ payment warning ಕಳುಹಿಸಲಾಗಿದೆ. ಇಂದಿನ review window ಮುಗಿಯುವ ಮೊದಲು ಈ ಪ್ರಕ್ರಿಯೆ ಪೂರ್ಣಗೊಳ್ಳಬೇಕು. ಕೇಳಲಾದ ಮೊತ್ತ ₹1999. hxxp://secure-check.example/verify ಯಾವುದೇ payment ಅಥವಾ identity action ಮಾಡುವ ಮೊದಲು ಅಧಿಕೃತ ಮಾಹಿತಿಯನ್ನು ಹೋಲಿಸಿ ನೋಡಿ. ಸಂಬಂಧಿತ service history ನಿಮ್ಮ official app ಅಥವಾ portalನಲ್ಲಿ ಪ್ರತ್ಯೇಕವಾಗಿ ಕಾಣಬಹುದು. ಸಂದೇಶದಲ್ಲಿರುವ ಸಮಯ, ಮೊತ್ತ ಮತ್ತು reference ವಿವರಗಳು service recordನಲ್ಲಿ ಕಾಣಿಸಬಹುದು.",Kannada,Phishing
"ಸೂಚನೆ: Utility account status update ಮಾಡಲು action ಅಗತ್ಯವಿದೆ ಎಂದು ತಿಳಿಸಲಾಗಿದೆ. ಪರಿಶೀಲನೆ ವಿಫಲವಾದರೆ ಮುಂದಿನ ಸೇವೆಯನ್ನು ನಿಲ್ಲಿಸುವ ಎಚ್ಚರಿಕೆ ನೀಡಲಾಗಿದೆ. ಸಂಬಂಧಿತ service history ನಿಮ್ಮ official app ಅಥವಾ portalನಲ್ಲಿ ಪ್ರತ್ಯೇಕವಾಗಿ ಕಾಣಬಹುದು. ಸಂದೇಶದಲ್ಲಿರುವ ಸಮಯ, ಮೊತ್ತ ಮತ್ತು reference ವಿವರಗಳು service recordನಲ್ಲಿ ಕಾಣಿಸಬಹುದು. ನಿಮ್ಮ ಸಾಮಾನ್ಯ transaction record ಜೊತೆ ಈ ಸೂಚನೆಯನ್ನು ಪರಿಶೀಲಿಸುವುದು ಉಪಯುಕ್ತ.",Kannada,Phishing
"ನಿಮ್ಮ electricity accountನಲ್ಲಿ ಬಾಕಿ ಮೊತ್ತದ ಕಾರಣ service review ಸೂಚನೆ ಬಂದಿದೆ. Security team ಹೆಸರಿನಲ್ಲಿ ತಕ್ಷಣ ಪ್ರತಿಕ್ರಿಯಿಸಲು ಸೂಚಿಸಲಾಗಿದೆ. ಸಂದೇಶದಲ್ಲಿರುವ ಸಮಯ, ಮೊತ್ತ ಮತ್ತು reference ವಿವರಗಳು service recordನಲ್ಲಿ ಕಾಣಿಸಬಹುದು. ನಿಮ್ಮ ಸಾಮಾನ್ಯ transaction record ಜೊತೆ ಈ ಸೂಚನೆಯನ್ನು ಪರಿಶೀಲಿಸುವುದು ಉಪಯುಕ್ತ. Account ಸಂಬಂಧಿತ ವಿನಂತಿಗಳಿಗೆ ಈಗಾಗಲೇ ತಿಳಿದಿರುವ ಅಧಿಕೃತ contact channel ಮಾತ್ರ ಬಳಸಿ.",Kannada,Phishing
Electricity connectionಗೆ payment confirmation ಬಾಕಿಯಿದೆ. ಸೂಚಿಸಿದ page ತೆರೆಯಿ ಮತ್ತು ಕೇಳಲಾದ ಮಾಹಿತಿಯನ್ನು ನಮೂದಿಸಿ. ಉಲ್ಲೇಖ: [REF_ID]. ನಿಮ್ಮ ಸಾಮಾನ್ಯ transaction record ಜೊತೆ ಈ ಸೂಚನೆಯನ್ನು ಪರಿಶೀಲಿಸುವುದು ಉಪಯುಕ್ತ. Account ಸಂಬಂಧಿತ ವಿನಂತಿಗಳಿಗೆ ಈಗಾಗಲೇ ತಿಳಿದಿರುವ ಅಧಿಕೃತ contact channel ಮಾತ್ರ ಬಳಸಿ. ಯಾವುದೇ ಸಮಸ್ಯೆಯಿದ್ದರೆ service providerನ ಅಧಿಕೃತ support option ಬಳಸಿ.,Kannada,Phishing
ನಿಮ್ಮ utility billನಲ್ಲಿ final payment notice ದಾಖಲಾಗಿದೆ. ಸ್ಥಿತಿಯನ್ನು ಪರಿಶೀಲಿಸಿ ಮುಂದುವರಿಯಲು link ಬಳಸಿ ಎಂದು ಸೂಚಿಸಲಾಗಿದೆ. ಕೇಳಲಾದ ಮೊತ್ತ ₹1240. Account ಸಂಬಂಧಿತ ವಿನಂತಿಗಳಿಗೆ ಈಗಾಗಲೇ ತಿಳಿದಿರುವ ಅಧಿಕೃತ contact channel ಮಾತ್ರ ಬಳಸಿ. ಯಾವುದೇ ಸಮಸ್ಯೆಯಿದ್ದರೆ service providerನ ಅಧಿಕೃತ support option ಬಳಸಿ. ಸೇವೆಯ ಸ್ಥಿತಿಯನ್ನು ನಂತರ ಅಧಿಕೃತ portalನಲ್ಲಿ ಮತ್ತೆ ಪರಿಶೀಲಿಸಬಹುದು.,Kannada,Phishing
ದಯವಿಟ್ಟು ಗಮನಿಸಿ — Meter service requestಗೆ account verification ಕೇಳಲಾಗಿದೆ. ವಿನಂತಿಯನ್ನು active ಇರಿಸಲು ತಕ್ಷಣ action ತೆಗೆದುಕೊಳ್ಳಿ ಎಂದು ತಿಳಿಸಲಾಗಿದೆ. ಯಾವುದೇ ಸಮಸ್ಯೆಯಿದ್ದರೆ service providerನ ಅಧಿಕೃತ support option ಬಳಸಿ. ಸೇವೆಯ ಸ್ಥಿತಿಯನ್ನು ನಂತರ ಅಧಿಕೃತ portalನಲ್ಲಿ ಮತ್ತೆ ಪರಿಶೀಲಿಸಬಹುದು. ಈ ಮಾಹಿತಿಯಲ್ಲಿರುವ ಸೇವಾ ವಿವರಗಳನ್ನು ನಿಮ್ಮ ಅಧಿಕೃತ accountನಲ್ಲಿ ಪರಿಶೀಲಿಸಬಹುದು.,Kannada,Phishing
ಸೂಚನೆ: ನಿಮ್ಮ electricity serviceಗೆ payment warning ಕಳುಹಿಸಲಾಗಿದೆ. ಸೇವೆ ಸೀಮಿತಗೊಳ್ಳುವ ಮೊದಲು ಖಾತೆಯನ್ನು ದೃಢೀಕರಿಸಿ. ಸೇವೆಯ ಸ್ಥಿತಿಯನ್ನು ನಂತರ ಅಧಿಕೃತ portalನಲ್ಲಿ ಮತ್ತೆ ಪರಿಶೀಲಿಸಬಹುದು. ಈ ಮಾಹಿತಿಯಲ್ಲಿರುವ ಸೇವಾ ವಿವರಗಳನ್ನು ನಿಮ್ಮ ಅಧಿಕೃತ accountನಲ್ಲಿ ಪರಿಶೀಲಿಸಬಹುದು. ಯಾವುದೇ payment ಅಥವಾ identity action ಮಾಡುವ ಮೊದಲು ಅಧಿಕೃತ ಮಾಹಿತಿಯನ್ನು ಹೋಲಿಸಿ ನೋಡಿ. ಸಂಬಂಧಿತ service history ನಿಮ್ಮ official app ಅಥವಾ portalನಲ್ಲಿ ಪ್ರತ್ಯೇಕವಾಗಿ ಕಾಣಬಹುದು.,Kannada,Phishing
Utility account status update ಮಾಡಲು action ಅಗತ್ಯವಿದೆ ಎಂದು ತಿಳಿಸಲಾಗಿದೆ. ಈ activity ನಿಮ್ಮದಾಗಿರದಿದ್ದರೆ identity check ಪೂರ್ಣಗೊಳಿಸಿ. ಈ ಮಾಹಿತಿಯಲ್ಲಿರುವ ಸೇವಾ ವಿವರಗಳನ್ನು ನಿಮ್ಮ ಅಧಿಕೃತ accountನಲ್ಲಿ ಪರಿಶೀಲಿಸಬಹುದು. ಯಾವುದೇ payment ಅಥವಾ identity action ಮಾಡುವ ಮೊದಲು ಅಧಿಕೃತ ಮಾಹಿತಿಯನ್ನು ಹೋಲಿಸಿ ನೋಡಿ. ಸಂಬಂಧಿತ service history ನಿಮ್ಮ official app ಅಥವಾ portalನಲ್ಲಿ ಪ್ರತ್ಯೇಕವಾಗಿ ಕಾಣಬಹುದು.,Kannada,Phishing
ನಿಮ್ಮ electricity accountನಲ್ಲಿ ಬಾಕಿ ಮೊತ್ತದ ಕಾರಣ service review ಸೂಚನೆ ಬಂದಿದೆ. ಮೊತ್ತ ಅಥವಾ ಸೇವೆ ಬಿಡುಗಡೆ ಮಾಡಲು account information ಕೇಳಲಾಗಿದೆ. ಕೇಳಲಾದ ಮೊತ್ತ ₹850.,Kannada,Phishing
"Electricity connectionಗೆ payment confirmation ಬಾಕಿಯಿದೆ. ಈಗ ನೀಡಿರುವ verification ಹಂತವನ್ನು ಪೂರ್ಣಗೊಳಿಸಿ. ಸಂಬಂಧಿತ service history ನಿಮ್ಮ official app ಅಥವಾ portalನಲ್ಲಿ ಪ್ರತ್ಯೇಕವಾಗಿ ಕಾಣಬಹುದು. ಸಂದೇಶದಲ್ಲಿರುವ ಸಮಯ, ಮೊತ್ತ ಮತ್ತು reference ವಿವರಗಳು service recordನಲ್ಲಿ ಕಾಣಿಸಬಹುದು. ನಿಮ್ಮ ಸಾಮಾನ್ಯ transaction record ಜೊತೆ ಈ ಸೂಚನೆಯನ್ನು ಪರಿಶೀಲಿಸುವುದು ಉಪಯುಕ್ತ. Account ಸಂಬಂಧಿತ ವಿನಂತಿಗಳಿಗೆ ಈಗಾಗಲೇ ತಿಳಿದಿರುವ ಅಧಿಕೃತ contact channel ಮಾತ್ರ ಬಳಸಿ.",Kannada,Phishing
ಸೂಚನೆ: ನಿಮ್ಮ mobile number service profileನಲ್ಲಿ KYC review ಬಾಕಿಯಿದೆ. ಇಂದಿನ review window ಮುಗಿಯುವ ಮೊದಲು ಈ ಪ್ರಕ್ರಿಯೆ ಪೂರ್ಣಗೊಳ್ಳಬೇಕು. ಕೇಳಲಾದ ಮೊತ್ತ ₹249. hxxp://secure-check.example/verify,Kannada,Phishing
SIM serviceಗೆ identity re-confirmation ಅಗತ್ಯವಿದೆ. ಪರಿಶೀಲನೆ ವಿಫಲವಾದರೆ ಮುಂದಿನ ಸೇವೆಯನ್ನು ನಿಲ್ಲಿಸುವ ಎಚ್ಚರಿಕೆ ನೀಡಲಾಗಿದೆ. https://account-review.example/confirm ನಿಮ್ಮ ಸಾಮಾನ್ಯ transaction record ಜೊತೆ ಈ ಸೂಚನೆಯನ್ನು ಪರಿಶೀಲಿಸುವುದು ಉಪಯುಕ್ತ. Account ಸಂಬಂಧಿತ ವಿನಂತಿಗಳಿಗೆ ಈಗಾಗಲೇ ತಿಳಿದಿರುವ ಅಧಿಕೃತ contact channel ಮಾತ್ರ ಬಳಸಿ. ಯಾವುದೇ ಸಮಸ್ಯೆಯಿದ್ದರೆ service providerನ ಅಧಿಕೃತ support option ಬಳಸಿ.,Kannada,Phishing
ನಿಮ್ಮ ಸಂಖ್ಯೆಗೆ network service review alert ಬಂದಿದೆ. Security team ಹೆಸರಿನಲ್ಲಿ ತಕ್ಷಣ ಪ್ರತಿಕ್ರಿಯಿಸಲು ಸೂಚಿಸಲಾಗಿದೆ. http://kyc-alert.example/update Account ಸಂಬಂಧಿತ ವಿನಂತಿಗಳಿಗೆ ಈಗಾಗಲೇ ತಿಳಿದಿರುವ ಅಧಿಕೃತ contact channel ಮಾತ್ರ ಬಳಸಿ. ಯಾವುದೇ ಸಮಸ್ಯೆಯಿದ್ದರೆ service providerನ ಅಧಿಕೃತ support option ಬಳಸಿ. ಸೇವೆಯ ಸ್ಥಿತಿಯನ್ನು ನಂತರ ಅಧಿಕೃತ portalನಲ್ಲಿ ಮತ್ತೆ ಪರಿಶೀಲಿಸಬಹುದು. ಈ ಮಾಹಿತಿಯಲ್ಲಿರುವ ಸೇವಾ ವಿವರಗಳನ್ನು ನಿಮ್ಮ ಅಧಿಕೃತ accountನಲ್ಲಿ ಪರಿಶೀಲಿಸಬಹುದು.,Kannada,Phishing
Mobile accountನಲ್ಲಿ security change ದಾಖಲಾಗಿದೆ. ಸೂಚಿಸಿದ page ತೆರೆಯಿ ಮತ್ತು ಕೇಳಲಾದ ಮಾಹಿತಿಯನ್ನು ನಮೂದಿಸಿ. https://upi-support.example/resolve ಯಾವುದೇ ಸಮಸ್ಯೆಯಿದ್ದರೆ service providerನ ಅಧಿಕೃತ support option ಬಳಸಿ. ಸೇವೆಯ ಸ್ಥಿತಿಯನ್ನು ನಂತರ ಅಧಿಕೃತ portalನಲ್ಲಿ ಮತ್ತೆ ಪರಿಶೀಲಿಸಬಹುದು. ಈ ಮಾಹಿತಿಯಲ್ಲಿರುವ ಸೇವಾ ವಿವರಗಳನ್ನು ನಿಮ್ಮ ಅಧಿಕೃತ accountನಲ್ಲಿ ಪರಿಶೀಲಿಸಬಹುದು. ಯಾವುದೇ payment ಅಥವಾ identity action ಮಾಡುವ ಮೊದಲು ಅಧಿಕೃತ ಮಾಹಿತಿಯನ್ನು ಹೋಲಿಸಿ ನೋಡಿ.,Kannada,Phishing
ನಿಮ್ಮ telecom profile validity ಮುಗಿಯುವ ಹಂತದಲ್ಲಿದೆ. ಸ್ಥಿತಿಯನ್ನು ಪರಿಶೀಲಿಸಿ ಮುಂದುವರಿಯಲು link ಬಳಸಿ ಎಂದು ಸೂಚಿಸಲಾಗಿದೆ. ಕೇಳಲಾದ ಮೊತ್ತ ₹1999. https://parcel-status.example/address ಸೇವೆಯ ಸ್ಥಿತಿಯನ್ನು ನಂತರ ಅಧಿಕೃತ portalನಲ್ಲಿ ಮತ್ತೆ ಪರಿಶೀಲಿಸಬಹುದು. ಈ ಮಾಹಿತಿಯಲ್ಲಿರುವ ಸೇವಾ ವಿವರಗಳನ್ನು ನಿಮ್ಮ ಅಧಿಕೃತ accountನಲ್ಲಿ ಪರಿಶೀಲಿಸಬಹುದು. ಯಾವುದೇ payment ಅಥವಾ identity action ಮಾಡುವ ಮೊದಲು ಅಧಿಕೃತ ಮಾಹಿತಿಯನ್ನು ಹೋಲಿಸಿ ನೋಡಿ.,Kannada,Phishing
ಸೂಚನೆ: Recharge service ಮರುಸಕ್ರಿಯಗೊಳಿಸಲು account check ಕೇಳಲಾಗಿದೆ. ವಿನಂತಿಯನ್ನು active ಇರಿಸಲು ತಕ್ಷಣ action ತೆಗೆದುಕೊಳ್ಳಿ ಎಂದು ತಿಳಿಸಲಾಗಿದೆ. http://reward-center.example/claim ಈ ಮಾಹಿತಿಯಲ್ಲಿರುವ ಸೇವಾ ವಿವರಗಳನ್ನು ನಿಮ್ಮ ಅಧಿಕೃತ accountನಲ್ಲಿ ಪರಿಶೀಲಿಸಬಹುದು. ಯಾವುದೇ payment ಅಥವಾ identity action ಮಾಡುವ ಮೊದಲು ಅಧಿಕೃತ ಮಾಹಿತಿಯನ್ನು ಹೋಲಿಸಿ ನೋಡಿ. ಸಂಬಂಧಿತ service history ನಿಮ್ಮ official app ಅಥವಾ portalನಲ್ಲಿ ಪ್ರತ್ಯೇಕವಾಗಿ ಕಾಣಬಹುದು.,Kannada,Phishing
"ನಿಮ್ಮ mobile number service profileನಲ್ಲಿ KYC review ಬಾಕಿಯಿದೆ. ಸೇವೆ ಸೀಮಿತಗೊಳ್ಳುವ ಮೊದಲು accountಯನ್ನು ದೃಢೀಕರಿಸಿ. https://job-selection.example/document ಯಾವುದೇ payment ಅಥವಾ identity action ಮಾಡುವ ಮೊದಲು ಅಧಿಕೃತ ಮಾಹಿತಿಯನ್ನು ಹೋಲಿಸಿ ನೋಡಿ. ಸಂಬಂಧಿತ service history ನಿಮ್ಮ official app ಅಥವಾ portalನಲ್ಲಿ ಪ್ರತ್ಯೇಕವಾಗಿ ಕಾಣಬಹುದು. ಸಂದೇಶದಲ್ಲಿರುವ ಸಮಯ, ಮೊತ್ತ ಮತ್ತು reference ವಿವರಗಳು service recordನಲ್ಲಿ ಕಾಣಿಸಬಹುದು.",Kannada,Phishing
"SIM serviceಗೆ identity re-confirmation ಅಗತ್ಯವಿದೆ. ಈ activity ನಿಮ್ಮದಾಗಿರದಿದ್ದರೆ identity check ಪೂರ್ಣಗೊಳಿಸಿ. ಉಲ್ಲೇಖ: [REF_ID]. https://card-security.example/review ಸಂಬಂಧಿತ service history ನಿಮ್ಮ official app ಅಥವಾ portalನಲ್ಲಿ ಪ್ರತ್ಯೇಕವಾಗಿ ಕಾಣಬಹುದು. ಸಂದೇಶದಲ್ಲಿರುವ ಸಮಯ, ಮೊತ್ತ ಮತ್ತು reference ವಿವರಗಳು service recordನಲ್ಲಿ ಕಾಣಿಸಬಹುದು. ನಿಮ್ಮ ಸಾಮಾನ್ಯ transaction record ಜೊತೆ ಈ ಸೂಚನೆಯನ್ನು ಪರಿಶೀಲಿಸುವುದು ಉಪಯುಕ್ತ.",Kannada,Phishing
"ನಿಮ್ಮ ಸಂಖ್ಯೆಗೆ network service review alert ಬಂದಿದೆ. ಮೊತ್ತ ಅಥವಾ ಸೇವೆ ಬಿಡುಗಡೆ ಮಾಡಲು account information ಕೇಳಲಾಗಿದೆ. ಕೇಳಲಾದ ಮೊತ್ತ ₹1240. http://utility-notice.example/pay ಸಂದೇಶದಲ್ಲಿರುವ ಸಮಯ, ಮೊತ್ತ ಮತ್ತು reference ವಿವರಗಳು service recordನಲ್ಲಿ ಕಾಣಿಸಬಹುದು. ನಿಮ್ಮ ಸಾಮಾನ್ಯ transaction record ಜೊತೆ ಈ ಸೂಚನೆಯನ್ನು ಪರಿಶೀಲಿಸುವುದು ಉಪಯುಕ್ತ. Account ಸಂಬಂಧಿತ ವಿನಂತಿಗಳಿಗೆ ಈಗಾಗಲೇ ತಿಳಿದಿರುವ ಅಧಿಕೃತ contact channel ಮಾತ್ರ ಬಳಸಿ.",Kannada,Phishing
ದಯವಿಟ್ಟು ಗಮನಿಸಿ — Mobile accountನಲ್ಲಿ security change ದಾಖಲಾಗಿದೆ. ಈಗ ನೀಡಿರುವ verification ಹಂತವನ್ನು ಪೂರ್ಣಗೊಳಿಸಿ. https://profile-access.example/recover ನಿಮ್ಮ ಸಾಮಾನ್ಯ transaction record ಜೊತೆ ಈ ಸೂಚನೆಯನ್ನು ಪರಿಶೀಲಿಸುವುದು ಉಪಯುಕ್ತ. Account ಸಂಬಂಧಿತ ವಿನಂತಿಗಳಿಗೆ ಈಗಾಗಲೇ ತಿಳಿದಿರುವ ಅಧಿಕೃತ contact channel ಮಾತ್ರ ಬಳಸಿ. ಯಾವುದೇ ಸಮಸ್ಯೆಯಿದ್ದರೆ service providerನ ಅಧಿಕೃತ support option ಬಳಸಿ.,Kannada,Phishing
ಸೂಚನೆ: ನಿಮ್ಮ telecom profile validity ಮುಗಿಯುವ ಹಂತದಲ್ಲಿದೆ. ಇಂದಿನ review window ಮುಗಿಯುವ ಮೊದಲು ಈ ಪ್ರಕ್ರಿಯೆ ಪೂರ್ಣಗೊಳ್ಳಬೇಕು. hxxp://secure-check.example/verify Account ಸಂಬಂಧಿತ ವಿನಂತಿಗಳಿಗೆ ಈಗಾಗಲೇ ತಿಳಿದಿರುವ ಅಧಿಕೃತ contact channel ಮಾತ್ರ ಬಳಸಿ. ಯಾವುದೇ ಸಮಸ್ಯೆಯಿದ್ದರೆ service providerನ ಅಧಿಕೃತ support option ಬಳಸಿ. ಸೇವೆಯ ಸ್ಥಿತಿಯನ್ನು ನಂತರ ಅಧಿಕೃತ portalನಲ್ಲಿ ಮತ್ತೆ ಪರಿಶೀಲಿಸಬಹುದು.,Kannada,Phishing
Recharge service ಮರುಸಕ್ರಿಯಗೊಳಿಸಲು account check ಕೇಳಲಾಗಿದೆ. ಪರಿಶೀಲನೆ ವಿಫಲವಾದರೆ ಮುಂದಿನ ಸೇವೆಯನ್ನು ನಿಲ್ಲಿಸುವ ಎಚ್ಚರಿಕೆ ನೀಡಲಾಗಿದೆ. ಯಾವುದೇ ಸಮಸ್ಯೆಯಿದ್ದರೆ service providerನ ಅಧಿಕೃತ support option ಬಳಸಿ. ಸೇವೆಯ ಸ್ಥಿತಿಯನ್ನು ನಂತರ ಅಧಿಕೃತ portalನಲ್ಲಿ ಮತ್ತೆ ಪರಿಶೀಲಿಸಬಹುದು. ಈ ಮಾಹಿತಿಯಲ್ಲಿರುವ ಸೇವಾ ವಿವರಗಳನ್ನು ನಿಮ್ಮ ಅಧಿಕೃತ accountನಲ್ಲಿ ಪರಿಶೀಲಿಸಬಹುದು. ಯಾವುದೇ payment ಅಥವಾ identity action ಮಾಡುವ ಮೊದಲು ಅಧಿಕೃತ ಮಾಹಿತಿಯನ್ನು ಹೋಲಿಸಿ ನೋಡಿ.,Kannada,Phishing
ನಿಮ್ಮ mobile number service profileನಲ್ಲಿ KYC review ಬಾಕಿಯಿದೆ. Security team ಹೆಸರಿನಲ್ಲಿ ತಕ್ಷಣ ಪ್ರತಿಕ್ರಿಯಿಸಲು ಸೂಚಿಸಲಾಗಿದೆ. ಕೇಳಲಾದ ಮೊತ್ತ ₹850. ಸೇವೆಯ ಸ್ಥಿತಿಯನ್ನು ನಂತರ ಅಧಿಕೃತ portalನಲ್ಲಿ ಮತ್ತೆ ಪರಿಶೀಲಿಸಬಹುದು. ಈ ಮಾಹಿತಿಯಲ್ಲಿರುವ ಸೇವಾ ವಿವರಗಳನ್ನು ನಿಮ್ಮ ಅಧಿಕೃತ accountನಲ್ಲಿ ಪರಿಶೀಲಿಸಬಹುದು. ಯಾವುದೇ payment ಅಥವಾ identity action ಮಾಡುವ ಮೊದಲು ಅಧಿಕೃತ ಮಾಹಿತಿಯನ್ನು ಹೋಲಿಸಿ ನೋಡಿ.,Kannada,Phishing
SIM serviceಗೆ identity re-confirmation ಅಗತ್ಯವಿದೆ. ಸೂಚಿಸಿದ page ತೆರೆಯಿ ಮತ್ತು ಕೇಳಲಾದ ಮಾಹಿತಿಯನ್ನು ನಮೂದಿಸಿ. ಈ ಮಾಹಿತಿಯಲ್ಲಿರುವ ಸೇವಾ ವಿವರಗಳನ್ನು ನಿಮ್ಮ ಅಧಿಕೃತ accountನಲ್ಲಿ ಪರಿಶೀಲಿಸಬಹುದು. ಯಾವುದೇ payment ಅಥವಾ identity action ಮಾಡುವ ಮೊದಲು ಅಧಿಕೃತ ಮಾಹಿತಿಯನ್ನು ಹೋಲಿಸಿ ನೋಡಿ. ಸಂಬಂಧಿತ service history ನಿಮ್ಮ official app ಅಥವಾ portalನಲ್ಲಿ ಪ್ರತ್ಯೇಕವಾಗಿ ಕಾಣಬಹುದು.,Kannada,Phishing
"ಸೂಚನೆ: ನಿಮ್ಮ insurance policy profile review ಬಾಕಿಯಿದೆ. Security team ಹೆಸರಿನಲ್ಲಿ ತಕ್ಷಣ ಪ್ರತಿಕ್ರಿಯಿಸಲು ಸೂಚಿಸಲಾಗಿದೆ. ಕೇಳಲಾದ ಮೊತ್ತ ₹249. ಯಾವುದೇ payment ಅಥವಾ identity action ಮಾಡುವ ಮೊದಲು ಅಧಿಕೃತ ಮಾಹಿತಿಯನ್ನು ಹೋಲಿಸಿ ನೋಡಿ. ಸಂಬಂಧಿತ service history ನಿಮ್ಮ official app ಅಥವಾ portalನಲ್ಲಿ ಪ್ರತ್ಯೇಕವಾಗಿ ಕಾಣಬಹುದು. ಸಂದೇಶದಲ್ಲಿರುವ ಸಮಯ, ಮೊತ್ತ ಮತ್ತು reference ವಿವರಗಳು service recordನಲ್ಲಿ ಕಾಣಿಸಬಹುದು.",Kannada,Phishing
"Insurance claim ಪ್ರಕ್ರಿಯೆಗೆ document confirmation ಅಗತ್ಯವಿದೆ. ಸೂಚಿಸಿದ page ತೆರೆಯಿ ಮತ್ತು ಕೇಳಲಾದ ಮಾಹಿತಿಯನ್ನು ನಮೂದಿಸಿ. ಸಂಬಂಧಿತ service history ನಿಮ್ಮ official app ಅಥವಾ portalನಲ್ಲಿ ಪ್ರತ್ಯೇಕವಾಗಿ ಕಾಣಬಹುದು. ಸಂದೇಶದಲ್ಲಿರುವ ಸಮಯ, ಮೊತ್ತ ಮತ್ತು reference ವಿವರಗಳು service recordನಲ್ಲಿ ಕಾಣಿಸಬಹುದು. ನಿಮ್ಮ ಸಾಮಾನ್ಯ transaction record ಜೊತೆ ಈ ಸೂಚನೆಯನ್ನು ಪರಿಶೀಲಿಸುವುದು ಉಪಯುಕ್ತ.",Kannada,Phishing
"ನಿಮ್ಮ policyಯ refund ಅಥವಾ premium adjustment ಬಾಕಿಯಿದೆ. ಸ್ಥಿತಿಯನ್ನು ಪರಿಶೀಲಿಸಿ ಮುಂದುವರಿಯಲು link ಬಳಸಿ ಎಂದು ಸೂಚಿಸಲಾಗಿದೆ. ಸಂದೇಶದಲ್ಲಿರುವ ಸಮಯ, ಮೊತ್ತ ಮತ್ತು reference ವಿವರಗಳು service recordನಲ್ಲಿ ಕಾಣಿಸಬಹುದು. ನಿಮ್ಮ ಸಾಮಾನ್ಯ transaction record ಜೊತೆ ಈ ಸೂಚನೆಯನ್ನು ಪರಿಶೀಲಿಸುವುದು ಉಪಯುಕ್ತ. Account ಸಂಬಂಧಿತ ವಿನಂತಿಗಳಿಗೆ ಈಗಾಗಲೇ ತಿಳಿದಿರುವ ಅಧಿಕೃತ contact channel ಮಾತ್ರ ಬಳಸಿ.",Kannada,Phishing
Insurance service identity details ಮರುಸಲ್ಲಿಸಲು ಕೇಳಿದೆ. ವಿನಂತಿಯನ್ನು active ಇರಿಸಲು ತಕ್ಷಣ action ತೆಗೆದುಕೊಳ್ಳಿ ಎಂದು ತಿಳಿಸಲಾಗಿದೆ. ನಿಮ್ಮ ಸಾಮಾನ್ಯ transaction record ಜೊತೆ ಈ ಸೂಚನೆಯನ್ನು ಪರಿಶೀಲಿಸುವುದು ಉಪಯುಕ್ತ. Account ಸಂಬಂಧಿತ ವಿನಂತಿಗಳಿಗೆ ಈಗಾಗಲೇ ತಿಳಿದಿರುವ ಅಧಿಕೃತ contact channel ಮಾತ್ರ ಬಳಸಿ. ಯಾವುದೇ ಸಮಸ್ಯೆಯಿದ್ದರೆ service providerನ ಅಧಿಕೃತ support option ಬಳಸಿ.,Kannada,Phishing
ನಿಮ್ಮ claim ಮುಂದಿನ ಹಂತ online verification ಮೇಲೆ ಅವಲಂಬಿತವಾಗಿದೆ. ಸೇವೆ ಸೀಮಿತಗೊಳ್ಳುವ ಮೊದಲು ಖಾತೆಯನ್ನು ದೃಢೀಕರಿಸಿ. ಕೇಳಲಾದ ಮೊತ್ತ ₹1999. Account ಸಂಬಂಧಿತ ವಿನಂತಿಗಳಿಗೆ ಈಗಾಗಲೇ ತಿಳಿದಿರುವ ಅಧಿಕೃತ contact channel ಮಾತ್ರ ಬಳಸಿ. ಯಾವುದೇ ಸಮಸ್ಯೆಯಿದ್ದರೆ service providerನ ಅಧಿಕೃತ support option ಬಳಸಿ. ಸೇವೆಯ ಸ್ಥಿತಿಯನ್ನು ನಂತರ ಅಧಿಕೃತ portalನಲ್ಲಿ ಮತ್ತೆ ಪರಿಶೀಲಿಸಬಹುದು.,Kannada,Phishing
ಸೂಚನೆ: Policy renewalಗೆ ಹೆಚ್ಚುವರಿ confirmation ಕೇಳಲಾಗಿದೆ. ಈ activity ನಿಮ್ಮದಾಗಿರದಿದ್ದರೆ identity check ಪೂರ್ಣಗೊಳಿಸಿ. ಯಾವುದೇ ಸಮಸ್ಯೆಯಿದ್ದರೆ service providerನ ಅಧಿಕೃತ support option ಬಳಸಿ. ಸೇವೆಯ ಸ್ಥಿತಿಯನ್ನು ನಂತರ ಅಧಿಕೃತ portalನಲ್ಲಿ ಮತ್ತೆ ಪರಿಶೀಲಿಸಬಹುದು. ಈ ಮಾಹಿತಿಯಲ್ಲಿರುವ ಸೇವಾ ವಿವರಗಳನ್ನು ನಿಮ್ಮ ಅಧಿಕೃತ accountನಲ್ಲಿ ಪರಿಶೀಲಿಸಬಹುದು. ಯಾವುದೇ payment ಅಥವಾ identity action ಮಾಡುವ ಮೊದಲು ಅಧಿಕೃತ ಮಾಹಿತಿಯನ್ನು ಹೋಲಿಸಿ ನೋಡಿ.,Kannada,Phishing
ನಿಮ್ಮ insurance policy profile review ಬಾಕಿಯಿದೆ. ಮೊತ್ತ ಅಥವಾ ಸೇವೆ ಬಿಡುಗಡೆ ಮಾಡಲು account information ಕೇಳಲಾಗಿದೆ. hxxp://secure-check.example/verify ಸೇವೆಯ ಸ್ಥಿತಿಯನ್ನು ನಂತರ ಅಧಿಕೃತ portalನಲ್ಲಿ ಮತ್ತೆ ಪರಿಶೀಲಿಸಬಹುದು. ಈ ಮಾಹಿತಿಯಲ್ಲಿರುವ ಸೇವಾ ವಿವರಗಳನ್ನು ನಿಮ್ಮ ಅಧಿಕೃತ accountನಲ್ಲಿ ಪರಿಶೀಲಿಸಬಹುದು. ಯಾವುದೇ payment ಅಥವಾ identity action ಮಾಡುವ ಮೊದಲು ಅಧಿಕೃತ ಮಾಹಿತಿಯನ್ನು ಹೋಲಿಸಿ ನೋಡಿ.,Kannada,Phishing
Insurance claim ಪ್ರಕ್ರಿಯೆಗೆ document confirmation ಅಗತ್ಯವಿದೆ. ಈಗ ನೀಡಿರುವ verification ಹಂತವನ್ನು ಪೂರ್ಣಗೊಳಿಸಿ. ಉಲ್ಲೇಖ: [REF_ID]. https://account-review.example/confirm ಈ ಮಾಹಿತಿಯಲ್ಲಿರುವ ಸೇವಾ ವಿವರಗಳನ್ನು ನಿಮ್ಮ ಅಧಿಕೃತ accountನಲ್ಲಿ ಪರಿಶೀಲಿಸಬಹುದು. ಯಾವುದೇ payment ಅಥವಾ identity action ಮಾಡುವ ಮೊದಲು ಅಧಿಕೃತ ಮಾಹಿತಿಯನ್ನು ಹೋಲಿಸಿ ನೋಡಿ. ಸಂಬಂಧಿತ service history ನಿಮ್ಮ official app ಅಥವಾ portalನಲ್ಲಿ ಪ್ರತ್ಯೇಕವಾಗಿ ಕಾಣಬಹುದು.,Kannada,Phishing
ನಿಮ್ಮ policyಯ refund ಅಥವಾ premium adjustment ಬಾಕಿಯಿದೆ. ಇಂದಿನ review window ಮುಗಿಯುವ ಮೊದಲು ಈ ಪ್ರಕ್ರಿಯೆ ಪೂರ್ಣಗೊಳ್ಳಬೇಕು. ಕೇಳಲಾದ ಮೊತ್ತ ₹1240. http://kyc-alert.example/update ಯಾವುದೇ payment ಅಥವಾ identity action ಮಾಡುವ ಮೊದಲು ಅಧಿಕೃತ ಮಾಹಿತಿಯನ್ನು ಹೋಲಿಸಿ ನೋಡಿ. ಸಂಬಂಧಿತ service history ನಿಮ್ಮ official app ಅಥವಾ portalನಲ್ಲಿ ಪ್ರತ್ಯೇಕವಾಗಿ ಕಾಣಬಹುದು.,Kannada,Phishing
"ಸೂಚನೆ: ನಿಮ್ಮ investment accountನಲ್ಲಿ security review ಆರಂಭವಾಗಿದೆ. ಈಗ ನೀಡಿರುವ verification ಹಂತವನ್ನು ಪೂರ್ಣಗೊಳಿಸಿ. ಕೇಳಲಾದ ಮೊತ್ತ ₹249. https://upi-support.example/resolve ಸಂಬಂಧಿತ service history ನಿಮ್ಮ official app ಅಥವಾ portalನಲ್ಲಿ ಪ್ರತ್ಯೇಕವಾಗಿ ಕಾಣಬಹುದು. ಸಂದೇಶದಲ್ಲಿರುವ ಸಮಯ, ಮೊತ್ತ ಮತ್ತು reference ವಿವರಗಳು service recordನಲ್ಲಿ ಕಾಣಿಸಬಹುದು. ನಿಮ್ಮ ಸಾಮಾನ್ಯ transaction record ಜೊತೆ ಈ ಸೂಚನೆಯನ್ನು ಪರಿಶೀಲಿಸುವುದು ಉಪಯುಕ್ತ.",Kannada,Phishing
"Trading profileನಲ್ಲಿ ಹೊಸ request ಬಾಕಿಯಿದೆ. ಇಂದಿನ review window ಮುಗಿಯುವ ಮೊದಲು ಈ ಪ್ರಕ್ರಿಯೆ ಪೂರ್ಣಗೊಳ್ಳಬೇಕು. https://parcel-status.example/address ಸಂದೇಶದಲ್ಲಿರುವ ಸಮಯ, ಮೊತ್ತ ಮತ್ತು reference ವಿವರಗಳು service recordನಲ್ಲಿ ಕಾಣಿಸಬಹುದು. ನಿಮ್ಮ ಸಾಮಾನ್ಯ transaction record ಜೊತೆ ಈ ಸೂಚನೆಯನ್ನು ಪರಿಶೀಲಿಸುವುದು ಉಪಯುಕ್ತ. Account ಸಂಬಂಧಿತ ವಿನಂತಿಗಳಿಗೆ ಈಗಾಗಲೇ ತಿಳಿದಿರುವ ಅಧಿಕೃತ contact channel ಮಾತ್ರ ಬಳಸಿ.",Kannada,Phishing
ನಿಮ್ಮ investment accountಗೆ identity re-check ಅಗತ್ಯವಿದೆ. ಪರಿಶೀಲನೆ ವಿಫಲವಾದರೆ ಮುಂದಿನ ಸೇವೆಯನ್ನು ನಿಲ್ಲಿಸುವ ಎಚ್ಚರಿಕೆ ನೀಡಲಾಗಿದೆ. http://reward-center.example/claim ನಿಮ್ಮ ಸಾಮಾನ್ಯ transaction record ಜೊತೆ ಈ ಸೂಚನೆಯನ್ನು ಪರಿಶೀಲಿಸುವುದು ಉಪಯುಕ್ತ. Account ಸಂಬಂಧಿತ ವಿನಂತಿಗಳಿಗೆ ಈಗಾಗಲೇ ತಿಳಿದಿರುವ ಅಧಿಕೃತ contact channel ಮಾತ್ರ ಬಳಸಿ. ಯಾವುದೇ ಸಮಸ್ಯೆಯಿದ್ದರೆ service providerನ ಅಧಿಕೃತ support option ಬಳಸಿ.,Kannada,Phishing
ವಿಶೇಷ trading opportunity ನಿಮ್ಮ accountಗೆ ಸಂಬಂಧಿಸಿದೆ ಎಂದು ತಿಳಿಸಲಾಗಿದೆ. Security team ಹೆಸರಿನಲ್ಲಿ ತಕ್ಷಣ ಪ್ರತಿಕ್ರಿಯಿಸಲು ಸೂಚಿಸಲಾಗಿದೆ. https://job-selection.example/document Account ಸಂಬಂಧಿತ ವಿನಂತಿಗಳಿಗೆ ಈಗಾಗಲೇ ತಿಳಿದಿರುವ ಅಧಿಕೃತ contact channel ಮಾತ್ರ ಬಳಸಿ. ಯಾವುದೇ ಸಮಸ್ಯೆಯಿದ್ದರೆ service providerನ ಅಧಿಕೃತ support option ಬಳಸಿ. ಸೇವೆಯ ಸ್ಥಿತಿಯನ್ನು ನಂತರ ಅಧಿಕೃತ portalನಲ್ಲಿ ಮತ್ತೆ ಪರಿಶೀಲಿಸಬಹುದು.,Kannada,Phishing
Investment refund ಬಿಡುಗಡೆಗೆ account confirmation ಕೇಳಲಾಗಿದೆ. ಸೂಚಿಸಿದ page ತೆರೆಯಿ ಮತ್ತು ಕೇಳಲಾದ ಮಾಹಿತಿಯನ್ನು ನಮೂದಿಸಿ. ಕೇಳಲಾದ ಮೊತ್ತ ₹1999. https://card-security.example/review ಯಾವುದೇ ಸಮಸ್ಯೆಯಿದ್ದರೆ service providerನ ಅಧಿಕೃತ support option ಬಳಸಿ. ಸೇವೆಯ ಸ್ಥಿತಿಯನ್ನು ನಂತರ ಅಧಿಕೃತ portalನಲ್ಲಿ ಮತ್ತೆ ಪರಿಶೀಲಿಸಬಹುದು. ಈ ಮಾಹಿತಿಯಲ್ಲಿರುವ ಸೇವಾ ವಿವರಗಳನ್ನು ನಿಮ್ಮ ಅಧಿಕೃತ accountನಲ್ಲಿ ಪರಿಶೀಲಿಸಬಹುದು.,Kannada,Phishing
ಸೂಚನೆ: Trading service profile active ಇರಿಸಲು action ಕೇಳಿದೆ. ಸ್ಥಿತಿಯನ್ನು ಪರಿಶೀಲಿಸಿ ಮುಂದುವರಿಯಲು link ಬಳಸಿ ಎಂದು ಸೂಚಿಸಲಾಗಿದೆ. http://utility-notice.example/pay ಸೇವೆಯ ಸ್ಥಿತಿಯನ್ನು ನಂತರ ಅಧಿಕೃತ portalನಲ್ಲಿ ಮತ್ತೆ ಪರಿಶೀಲಿಸಬಹುದು. ಈ ಮಾಹಿತಿಯಲ್ಲಿರುವ ಸೇವಾ ವಿವರಗಳನ್ನು ನಿಮ್ಮ ಅಧಿಕೃತ accountನಲ್ಲಿ ಪರಿಶೀಲಿಸಬಹುದು. ಯಾವುದೇ payment ಅಥವಾ identity action ಮಾಡುವ ಮೊದಲು ಅಧಿಕೃತ ಮಾಹಿತಿಯನ್ನು ಹೋಲಿಸಿ ನೋಡಿ.,Kannada,Phishing
ನಿಮ್ಮ investment accountನಲ್ಲಿ security review ಆರಂಭವಾಗಿದೆ. ವಿನಂತಿಯನ್ನು active ಇರಿಸಲು ತಕ್ಷಣ action ತೆಗೆದುಕೊಳ್ಳಿ ಎಂದು ತಿಳಿಸಲಾಗಿದೆ. https://profile-access.example/recover ಈ ಮಾಹಿತಿಯಲ್ಲಿರುವ ಸೇವಾ ವಿವರಗಳನ್ನು ನಿಮ್ಮ ಅಧಿಕೃತ accountನಲ್ಲಿ ಪರಿಶೀಲಿಸಬಹುದು. ಯಾವುದೇ payment ಅಥವಾ identity action ಮಾಡುವ ಮೊದಲು ಅಧಿಕೃತ ಮಾಹಿತಿಯನ್ನು ಹೋಲಿಸಿ ನೋಡಿ. ಸಂಬಂಧಿತ service history ನಿಮ್ಮ official app ಅಥವಾ portalನಲ್ಲಿ ಪ್ರತ್ಯೇಕವಾಗಿ ಕಾಣಬಹುದು.,Kannada,Phishing
"Trading profileನಲ್ಲಿ ಹೊಸ request ಬಾಕಿಯಿದೆ. ಸೇವೆ ಸೀಮಿತಗೊಳ್ಳುವ ಮೊದಲು ಖಾತೆಯನ್ನು ದೃಢೀಕರಿಸಿ. ಉಲ್ಲೇಖ: [REF_ID]. hxxp://secure-check.example/verify ಯಾವುದೇ payment ಅಥವಾ identity action ಮಾಡುವ ಮೊದಲು ಅಧಿಕೃತ ಮಾಹಿತಿಯನ್ನು ಹೋಲಿಸಿ ನೋಡಿ. ಸಂಬಂಧಿತ service history ನಿಮ್ಮ official app ಅಥವಾ portalನಲ್ಲಿ ಪ್ರತ್ಯೇಕವಾಗಿ ಕಾಣಬಹುದು. ಸಂದೇಶದಲ್ಲಿರುವ ಸಮಯ, ಮೊತ್ತ ಮತ್ತು reference ವಿವರಗಳು service recordನಲ್ಲಿ ಕಾಣಿಸಬಹುದು.",Kannada,Phishing
"ನಿಮ್ಮ investment accountಗೆ identity re-check ಅಗತ್ಯವಿದೆ. ಈ activity ನಿಮ್ಮದಾಗಿರದಿದ್ದರೆ identity check ಪೂರ್ಣಗೊಳಿಸಿ. ಕೇಳಲಾದ ಮೊತ್ತ ₹1240. ಸಂಬಂಧಿತ service history ನಿಮ್ಮ official app ಅಥವಾ portalನಲ್ಲಿ ಪ್ರತ್ಯೇಕವಾಗಿ ಕಾಣಬಹುದು. ಸಂದೇಶದಲ್ಲಿರುವ ಸಮಯ, ಮೊತ್ತ ಮತ್ತು reference ವಿವರಗಳು service recordನಲ್ಲಿ ಕಾಣಿಸಬಹುದು. ನಿಮ್ಮ ಸಾಮಾನ್ಯ transaction record ಜೊತೆ ಈ ಸೂಚನೆಯನ್ನು ಪರಿಶೀಲಿಸುವುದು ಉಪಯುಕ್ತ.",Kannada,Phishing
"ಸೂಚನೆ: ನಿಮ್ಮ social profileಗೆ ಹೊಸ device ಮೂಲಕ access ದಾಖಲಾಗಿದೆ. ಸೇವೆ ಸೀಮಿತಗೊಳ್ಳುವ ಮೊದಲು ಖಾತೆಯನ್ನು ದೃಢೀಕರಿಸಿ. ಕೇಳಲಾದ ಮೊತ್ತ ₹249. ಸಂದೇಶದಲ್ಲಿರುವ ಸಮಯ, ಮೊತ್ತ ಮತ್ತು reference ವಿವರಗಳು service recordನಲ್ಲಿ ಕಾಣಿಸಬಹುದು. ನಿಮ್ಮ ಸಾಮಾನ್ಯ transaction record ಜೊತೆ ಈ ಸೂಚನೆಯನ್ನು ಪರಿಶೀಲಿಸುವುದು ಉಪಯುಕ್ತ. Account ಸಂಬಂಧಿತ ವಿನಂತಿಗಳಿಗೆ ಈಗಾಗಲೇ ತಿಳಿದಿರುವ ಅಧಿಕೃತ contact channel ಮಾತ್ರ ಬಳಸಿ.",Kannada,Phishing
ನಿಮ್ಮ account security settingsನಲ್ಲಿ ಬದಲಾವಣೆ ದಾಖಲಾಗಿದೆ. ಈ activity ನಿಮ್ಮದಾಗಿರದಿದ್ದರೆ identity check ಪೂರ್ಣಗೊಳಿಸಿ. ನಿಮ್ಮ ಸಾಮಾನ್ಯ transaction record ಜೊತೆ ಈ ಸೂಚನೆಯನ್ನು ಪರಿಶೀಲಿಸುವುದು ಉಪಯುಕ್ತ. Account ಸಂಬಂಧಿತ ವಿನಂತಿಗಳಿಗೆ ಈಗಾಗಲೇ ತಿಳಿದಿರುವ ಅಧಿಕೃತ contact channel ಮಾತ್ರ ಬಳಸಿ. ಯಾವುದೇ ಸಮಸ್ಯೆಯಿದ್ದರೆ service providerನ ಅಧಿಕೃತ support option ಬಳಸಿ. ಸೇವೆಯ ಸ್ಥಿತಿಯನ್ನು ನಂತರ ಅಧಿಕೃತ portalನಲ್ಲಿ ಮತ್ತೆ ಪರಿಶೀಲಿಸಬಹುದು.,Kannada,Phishing
ಹೊಸ login session ನಿಮ್ಮ profileಗೆ ಸಂಬಂಧಿಸಿದೆ. ಮೊತ್ತ ಅಥವಾ ಸೇವೆ ಬಿಡುಗಡೆ ಮಾಡಲು account information ಕೇಳಲಾಗಿದೆ. Account ಸಂಬಂಧಿತ ವಿನಂತಿಗಳಿಗೆ ಈಗಾಗಲೇ ತಿಳಿದಿರುವ ಅಧಿಕೃತ contact channel ಮಾತ್ರ ಬಳಸಿ. ಯಾವುದೇ ಸಮಸ್ಯೆಯಿದ್ದರೆ service providerನ ಅಧಿಕೃತ support option ಬಳಸಿ. ಸೇವೆಯ ಸ್ಥಿತಿಯನ್ನು ನಂತರ ಅಧಿಕೃತ portalನಲ್ಲಿ ಮತ್ತೆ ಪರಿಶೀಲಿಸಬಹುದು. ಈ ಮಾಹಿತಿಯಲ್ಲಿರುವ ಸೇವಾ ವಿವರಗಳನ್ನು ನಿಮ್ಮ ಅಧಿಕೃತ accountನಲ್ಲಿ ಪರಿಶೀಲಿಸಬಹುದು.,Kannada,Phishing
Account recovery request ನಿಮ್ಮ ಸಂಖ್ಯೆಯಿಂದ ಆರಂಭವಾಗಿದೆ ಎಂದು ತಿಳಿಸಲಾಗಿದೆ. ಈಗ ನೀಡಿರುವ verification ಹಂತವನ್ನು ಪೂರ್ಣಗೊಳಿಸಿ. ಯಾವುದೇ ಸಮಸ್ಯೆಯಿದ್ದರೆ service providerನ ಅಧಿಕೃತ support option ಬಳಸಿ. ಸೇವೆಯ ಸ್ಥಿತಿಯನ್ನು ನಂತರ ಅಧಿಕೃತ portalನಲ್ಲಿ ಮತ್ತೆ ಪರಿಶೀಲಿಸಬಹುದು. ಈ ಮಾಹಿತಿಯಲ್ಲಿರುವ ಸೇವಾ ವಿವರಗಳನ್ನು ನಿಮ್ಮ ಅಧಿಕೃತ accountನಲ್ಲಿ ಪರಿಶೀಲಿಸಬಹುದು. ಯಾವುದೇ payment ಅಥವಾ identity action ಮಾಡುವ ಮೊದಲು ಅಧಿಕೃತ ಮಾಹಿತಿಯನ್ನು ಹೋಲಿಸಿ ನೋಡಿ.,Kannada,Phishing
ನಿಮ್ಮ profileನಲ್ಲಿ suspicious activity security alert ಬಂದಿದೆ. ಇಂದಿನ review window ಮುಗಿಯುವ ಮೊದಲು ಈ ಪ್ರಕ್ರಿಯೆ ಪೂರ್ಣಗೊಳ್ಳಬೇಕು. ಕೇಳಲಾದ ಮೊತ್ತ ₹1999. ಸೇವೆಯ ಸ್ಥಿತಿಯನ್ನು ನಂತರ ಅಧಿಕೃತ portalನಲ್ಲಿ ಮತ್ತೆ ಪರಿಶೀಲಿಸಬಹುದು. ಈ ಮಾಹಿತಿಯಲ್ಲಿರುವ ಸೇವಾ ವಿವರಗಳನ್ನು ನಿಮ್ಮ ಅಧಿಕೃತ accountನಲ್ಲಿ ಪರಿಶೀಲಿಸಬಹುದು. ಯಾವುದೇ payment ಅಥವಾ identity action ಮಾಡುವ ಮೊದಲು ಅಧಿಕೃತ ಮಾಹಿತಿಯನ್ನು ಹೋಲಿಸಿ ನೋಡಿ.,Kannada,Phishing
ಸೂಚನೆ: Social account identity confirmation ಬಾಕಿಯಿದೆ ಎಂದು ತಿಳಿಸಲಾಗಿದೆ. ಪರಿಶೀಲನೆ ವಿಫಲವಾದರೆ ಮುಂದಿನ ಸೇವೆಯನ್ನು ನಿಲ್ಲಿಸುವ ಎಚ್ಚರಿಕೆ ನೀಡಲಾಗಿದೆ. ಈ ಮಾಹಿತಿಯಲ್ಲಿರುವ ಸೇವಾ ವಿವರಗಳನ್ನು ನಿಮ್ಮ ಅಧಿಕೃತ accountನಲ್ಲಿ ಪರಿಶೀಲಿಸಬಹುದು. ಯಾವುದೇ payment ಅಥವಾ identity action ಮಾಡುವ ಮೊದಲು ಅಧಿಕೃತ ಮಾಹಿತಿಯನ್ನು ಹೋಲಿಸಿ ನೋಡಿ. ಸಂಬಂಧಿತ service history ನಿಮ್ಮ official app ಅಥವಾ portalನಲ್ಲಿ ಪ್ರತ್ಯೇಕವಾಗಿ ಕಾಣಬಹುದು.,Kannada,Phishing
"ನಿಮ್ಮ social profileಗೆ ಹೊಸ device ಮೂಲಕ access ದಾಖಲಾಗಿದೆ. Security team ಹೆಸರಿನಲ್ಲಿ ತಕ್ಷಣ ಪ್ರತಿಕ್ರಿಯಿಸಲು ಸೂಚಿಸಲಾಗಿದೆ. ಯಾವುದೇ payment ಅಥವಾ identity action ಮಾಡುವ ಮೊದಲು ಅಧಿಕೃತ ಮಾಹಿತಿಯನ್ನು ಹೋಲಿಸಿ ನೋಡಿ. ಸಂಬಂಧಿತ service history ನಿಮ್ಮ official app ಅಥವಾ portalನಲ್ಲಿ ಪ್ರತ್ಯೇಕವಾಗಿ ಕಾಣಬಹುದು. ಸಂದೇಶದಲ್ಲಿರುವ ಸಮಯ, ಮೊತ್ತ ಮತ್ತು reference ವಿವರಗಳು service recordನಲ್ಲಿ ಕಾಣಿಸಬಹುದು.",Kannada,Phishing
"ನಿಮ್ಮ account security settingsನಲ್ಲಿ ಬದಲಾವಣೆ ದಾಖಲಾಗಿದೆ. ಸೂಚಿಸಿದ page ತೆರೆಯಿ ಮತ್ತು ಕೇಳಲಾದ ಮಾಹಿತಿಯನ್ನು ನಮೂದಿಸಿ. ಉಲ್ಲೇಖ: [REF_ID]. ಸಂಬಂಧಿತ service history ನಿಮ್ಮ official app ಅಥವಾ portalನಲ್ಲಿ ಪ್ರತ್ಯೇಕವಾಗಿ ಕಾಣಬಹುದು. ಸಂದೇಶದಲ್ಲಿರುವ ಸಮಯ, ಮೊತ್ತ ಮತ್ತು reference ವಿವರಗಳು service recordನಲ್ಲಿ ಕಾಣಿಸಬಹುದು. ನಿಮ್ಮ ಸಾಮಾನ್ಯ transaction record ಜೊತೆ ಈ ಸೂಚನೆಯನ್ನು ಪರಿಶೀಲಿಸುವುದು ಉಪಯುಕ್ತ.",Kannada,Phishing
"ಹೊಸ login session ನಿಮ್ಮ profileಗೆ ಸಂಬಂಧಿಸಿದೆ. ಸ್ಥಿತಿಯನ್ನು ಪರಿಶೀಲಿಸಿ ಮುಂದುವರಿಯಲು link ಬಳಸಿ ಎಂದು ಸೂಚಿಸಲಾಗಿದೆ. ಕೇಳಲಾದ ಮೊತ್ತ ₹1240. hxxp://secure-check.example/verify ಸಂದೇಶದಲ್ಲಿರುವ ಸಮಯ, ಮೊತ್ತ ಮತ್ತು reference ವಿವರಗಳು service recordನಲ್ಲಿ ಕಾಣಿಸಬಹುದು. ನಿಮ್ಮ ಸಾಮಾನ್ಯ transaction record ಜೊತೆ ಈ ಸೂಚನೆಯನ್ನು ಪರಿಶೀಲಿಸುವುದು ಉಪಯುಕ್ತ. Account ಸಂಬಂಧಿತ ವಿನಂತಿಗಳಿಗೆ ಈಗಾಗಲೇ ತಿಳಿದಿರುವ ಅಧಿಕೃತ contact channel ಮಾತ್ರ ಬಳಸಿ.",Kannada,Phishing
ನವೀಕರಣ: ನಿಮ್ಮ bank profile update request ದಾಖಲಾಗಿದೆ. Reference [REF_ID]. https://portal.example/status ನಿಮ್ಮ ಸಾಮಾನ್ಯ transaction record ಜೊತೆ ಈ ಸೂಚನೆಯನ್ನು ಪರಿಶೀಲಿಸುವುದು ಉಪಯುಕ್ತ. Account ಸಂಬಂಧಿತ ವಿನಂತಿಗಳಿಗೆ ಈಗಾಗಲೇ ತಿಳಿದಿರುವ ಅಧಿಕೃತ contact channel ಮಾತ್ರ ಬಳಸಿ. ಯಾವುದೇ ಸಮಸ್ಯೆಯಿದ್ದರೆ service providerನ ಅಧಿಕೃತ support option ಬಳಸಿ. ಸೇವೆಯ ಸ್ಥಿತಿಯನ್ನು ನಂತರ ಅಧಿಕೃತ portalನಲ್ಲಿ ಮತ್ತೆ ಪರಿಶೀಲಿಸಬಹುದು.,Kannada,Legitimate
ಈ ತಿಂಗಳ account statement ಅಧಿಕೃತ banking appನಲ್ಲಿ ಲಭ್ಯವಿದೆ. https://service.example/receipt Account ಸಂಬಂಧಿತ ವಿನಂತಿಗಳಿಗೆ ಈಗಾಗಲೇ ತಿಳಿದಿರುವ ಅಧಿಕೃತ contact channel ಮಾತ್ರ ಬಳಸಿ. ಯಾವುದೇ ಸಮಸ್ಯೆಯಿದ್ದರೆ service providerನ ಅಧಿಕೃತ support option ಬಳಸಿ. ಸೇವೆಯ ಸ್ಥಿತಿಯನ್ನು ನಂತರ ಅಧಿಕೃತ portalನಲ್ಲಿ ಮತ್ತೆ ಪರಿಶೀಲಿಸಬಹುದು. ಈ ಮಾಹಿತಿಯಲ್ಲಿರುವ ಸೇವಾ ವಿವರಗಳನ್ನು ನಿಮ್ಮ ಅಧಿಕೃತ accountನಲ್ಲಿ ಪರಿಶೀಲಿಸಬಹುದು.,Kannada,Legitimate
ನಿಮ್ಮ address change request ಸ್ವೀಕರಿಸಲಾಗಿದೆ ಮತ್ತು ಪರಿಶೀಲನೆಯಲ್ಲಿದೆ.,Kannada,Legitimate
ಹೊಸ cheque bookಗಾಗಿ request ಯಶಸ್ವಿಯಾಗಿ ದಾಖಲಾಗಿದೆ.,Kannada,Legitimate
ನಿಮ್ಮ nominee update request ಸ್ವೀಕರಿಸಲಾಗಿದೆ.,Kannada,Legitimate
Bank branch appointment [DATE] ರಂದು [TIME]ಕ್ಕೆ ನಿಗದಿಯಾಗಿದೆ.,Kannada,Legitimate
ನವೀಕರಣ: Debit card delivery request ಸ್ವೀಕರಿಸಲಾಗಿದೆ.,Kannada,Legitimate
ನಿಮ್ಮ bank service ticket [REF_ID] ಮುಚ್ಚಲಾಗಿದೆ.,Kannada,Legitimate
ಖಾತೆ ಮಾಹಿತಿಯಲ್ಲಿ ಮಾಡಿದ update ಯಶಸ್ವಿಯಾಗಿ save ಆಗಿದೆ. ಧನ್ಯವಾದಗಳು. ನಿಮ್ಮ ಸಾಮಾನ್ಯ transaction record ಜೊತೆ ಈ ಸೂಚನೆಯನ್ನು ಪರಿಶೀಲಿಸುವುದು ಉಪಯುಕ್ತ. Account ಸಂಬಂಧಿತ ವಿನಂತಿಗಳಿಗೆ ಈಗಾಗಲೇ ತಿಳಿದಿರುವ ಅಧಿಕೃತ contact channel ಮಾತ್ರ ಬಳಸಿ. ಯಾವುದೇ ಸಮಸ್ಯೆಯಿದ್ದರೆ service providerನ ಅಧಿಕೃತ support option ಬಳಸಿ. ಸೇವೆಯ ಸ್ಥಿತಿಯನ್ನು ನಂತರ ಅಧಿಕೃತ portalನಲ್ಲಿ ಮತ್ತೆ ಪರಿಶೀಲಿಸಬಹುದು.,Kannada,Legitimate
ನಿಮ್ಮ bank statement ಅಧಿಕೃತ channelನಲ್ಲಿ ಲಭ್ಯವಿದೆ. https://service.example/receipt,Kannada,Legitimate
ನಿಮ್ಮ bank profile update request ದಾಖಲಾಗಿದೆ. Reference [REF_ID]. https://track.example/order ಯಾವುದೇ ಸಮಸ್ಯೆಯಿದ್ದರೆ service providerನ ಅಧಿಕೃತ support option ಬಳಸಿ. ಸೇವೆಯ ಸ್ಥಿತಿಯನ್ನು ನಂತರ ಅಧಿಕೃತ portalನಲ್ಲಿ ಮತ್ತೆ ಪರಿಶೀಲಿಸಬಹುದು. ಈ ಮಾಹಿತಿಯಲ್ಲಿರುವ ಸೇವಾ ವಿವರಗಳನ್ನು ನಿಮ್ಮ ಅಧಿಕೃತ accountನಲ್ಲಿ ಪರಿಶೀಲಿಸಬಹುದು. ಯಾವುದೇ payment ಅಥವಾ identity action ಮಾಡುವ ಮೊದಲು ಅಧಿಕೃತ ಮಾಹಿತಿಯನ್ನು ಹೋಲಿಸಿ ನೋಡಿ.,Kannada,Legitimate
ಸೇವಾ ಮಾಹಿತಿ: ಈ ತಿಂಗಳ account statement ಅಧಿಕೃತ banking appನಲ್ಲಿ ಲಭ್ಯವಿದೆ. https://official.example/app ಸೇವೆಯ ಸ್ಥಿತಿಯನ್ನು ನಂತರ ಅಧಿಕೃತ portalನಲ್ಲಿ ಮತ್ತೆ ಪರಿಶೀಲಿಸಬಹುದು. ಈ ಮಾಹಿತಿಯಲ್ಲಿರುವ ಸೇವಾ ವಿವರಗಳನ್ನು ನಿಮ್ಮ ಅಧಿಕೃತ accountನಲ್ಲಿ ಪರಿಶೀಲಿಸಬಹುದು. ಯಾವುದೇ payment ಅಥವಾ identity action ಮಾಡುವ ಮೊದಲು ಅಧಿಕೃತ ಮಾಹಿತಿಯನ್ನು ಹೋಲಿಸಿ ನೋಡಿ. ಸಂಬಂಧಿತ service history ನಿಮ್ಮ official app ಅಥವಾ portalನಲ್ಲಿ ಪ್ರತ್ಯೇಕವಾಗಿ ಕಾಣಬಹುದು.,Kannada,Legitimate
"ನವೀಕರಣ: ನಿಮ್ಮ address change request ಸ್ವೀಕರಿಸಲಾಗಿದೆ ಮತ್ತು ಪರಿಶೀಲನೆಯಲ್ಲಿದೆ. ಈ ಮಾಹಿತಿಯಲ್ಲಿರುವ ಸೇವಾ ವಿವರಗಳನ್ನು ನಿಮ್ಮ ಅಧಿಕೃತ accountನಲ್ಲಿ ಪರಿಶೀಲಿಸಬಹುದು. ಯಾವುದೇ payment ಅಥವಾ identity action ಮಾಡುವ ಮೊದಲು ಅಧಿಕೃತ ಮಾಹಿತಿಯನ್ನು ಹೋಲಿಸಿ ನೋಡಿ. ಸಂಬಂಧಿತ service history ನಿಮ್ಮ official app ಅಥವಾ portalನಲ್ಲಿ ಪ್ರತ್ಯೇಕವಾಗಿ ಕಾಣಬಹುದು. ಸಂದೇಶದಲ್ಲಿರುವ ಸಮಯ, ಮೊತ್ತ ಮತ್ತು reference ವಿವರಗಳು service recordನಲ್ಲಿ ಕಾಣಿಸಬಹುದು.",Kannada,Legitimate
"ಹೊಸ cheque bookಗಾಗಿ request ಯಶಸ್ವಿಯಾಗಿ ದಾಖಲಾಗಿದೆ. ಈ ಸೂಚನೆ ನಿಮ್ಮ ಸೇವಾ ವಿನಂತಿಗೆ ಸಂಬಂಧಿಸಿದೆ. ಯಾವುದೇ payment ಅಥವಾ identity action ಮಾಡುವ ಮೊದಲು ಅಧಿಕೃತ ಮಾಹಿತಿಯನ್ನು ಹೋಲಿಸಿ ನೋಡಿ. ಸಂಬಂಧಿತ service history ನಿಮ್ಮ official app ಅಥವಾ portalನಲ್ಲಿ ಪ್ರತ್ಯೇಕವಾಗಿ ಕಾಣಬಹುದು. ಸಂದೇಶದಲ್ಲಿರುವ ಸಮಯ, ಮೊತ್ತ ಮತ್ತು reference ವಿವರಗಳು service recordನಲ್ಲಿ ಕಾಣಿಸಬಹುದು.",Kannada,Legitimate
"ನಿಮ್ಮ nominee update request ಸ್ವೀಕರಿಸಲಾಗಿದೆ. ಅಧಿಕೃತ accountನಲ್ಲಿ status ಕೂಡ ಕಾಣಬಹುದು. ಸಂಬಂಧಿತ service history ನಿಮ್ಮ official app ಅಥವಾ portalನಲ್ಲಿ ಪ್ರತ್ಯೇಕವಾಗಿ ಕಾಣಬಹುದು. ಸಂದೇಶದಲ್ಲಿರುವ ಸಮಯ, ಮೊತ್ತ ಮತ್ತು reference ವಿವರಗಳು service recordನಲ್ಲಿ ಕಾಣಿಸಬಹುದು. ನಿಮ್ಮ ಸಾಮಾನ್ಯ transaction record ಜೊತೆ ಈ ಸೂಚನೆಯನ್ನು ಪರಿಶೀಲಿಸುವುದು ಉಪಯುಕ್ತ. Account ಸಂಬಂಧಿತ ವಿನಂತಿಗಳಿಗೆ ಈಗಾಗಲೇ ತಿಳಿದಿರುವ ಅಧಿಕೃತ contact channel ಮಾತ್ರ ಬಳಸಿ.",Kannada,Legitimate
"Bank branch appointment [DATE] ರಂದು [TIME]ಕ್ಕೆ ನಿಗದಿಯಾಗಿದೆ. Reference number ಅನ್ನು ಸುರಕ್ಷಿತವಾಗಿ ಇಡಿ. ಸಂದೇಶದಲ್ಲಿರುವ ಸಮಯ, ಮೊತ್ತ ಮತ್ತು reference ವಿವರಗಳು service recordನಲ್ಲಿ ಕಾಣಿಸಬಹುದು. ನಿಮ್ಮ ಸಾಮಾನ್ಯ transaction record ಜೊತೆ ಈ ಸೂಚನೆಯನ್ನು ಪರಿಶೀಲಿಸುವುದು ಉಪಯುಕ್ತ. Account ಸಂಬಂಧಿತ ವಿನಂತಿಗಳಿಗೆ ಈಗಾಗಲೇ ತಿಳಿದಿರುವ ಅಧಿಕೃತ contact channel ಮಾತ್ರ ಬಳಸಿ.",Kannada,Legitimate
Debit card delivery request ಸ್ವೀಕರಿಸಲಾಗಿದೆ. ಧನ್ಯವಾದಗಳು.,Kannada,Legitimate
ನಿಮ್ಮ bank service ticket [REF_ID] ಮುಚ್ಚಲಾಗಿದೆ. Status ಪರಿಶೀಲಿಸಲು ಅಧಿಕೃತ channel ಬಳಸಿ. Account ಸಂಬಂಧಿತ ವಿನಂತಿಗಳಿಗೆ ಈಗಾಗಲೇ ತಿಳಿದಿರುವ ಅಧಿಕೃತ contact channel ಮಾತ್ರ ಬಳಸಿ. ಯಾವುದೇ ಸಮಸ್ಯೆಯಿದ್ದರೆ service providerನ ಅಧಿಕೃತ support option ಬಳಸಿ. ಸೇವೆಯ ಸ್ಥಿತಿಯನ್ನು ನಂತರ ಅಧಿಕೃತ portalನಲ್ಲಿ ಮತ್ತೆ ಪರಿಶೀಲಿಸಬಹುದು. ಈ ಮಾಹಿತಿಯಲ್ಲಿರುವ ಸೇವಾ ವಿವರಗಳನ್ನು ನಿಮ್ಮ ಅಧಿಕೃತ accountನಲ್ಲಿ ಪರಿಶೀಲಿಸಬಹುದು.,Kannada,Legitimate
ನವೀಕರಣ: ಖಾತೆ ಮಾಹಿತಿಯಲ್ಲಿ ಮಾಡಿದ update ಯಶಸ್ವಿಯಾಗಿ save ಆಗಿದೆ. ಯಾವುದೇ ಸಮಸ್ಯೆಯಿದ್ದರೆ service providerನ ಅಧಿಕೃತ support option ಬಳಸಿ. ಸೇವೆಯ ಸ್ಥಿತಿಯನ್ನು ನಂತರ ಅಧಿಕೃತ portalನಲ್ಲಿ ಮತ್ತೆ ಪರಿಶೀಲಿಸಬಹುದು. ಈ ಮಾಹಿತಿಯಲ್ಲಿರುವ ಸೇವಾ ವಿವರಗಳನ್ನು ನಿಮ್ಮ ಅಧಿಕೃತ accountನಲ್ಲಿ ಪರಿಶೀಲಿಸಬಹುದು. ಯಾವುದೇ payment ಅಥವಾ identity action ಮಾಡುವ ಮೊದಲು ಅಧಿಕೃತ ಮಾಹಿತಿಯನ್ನು ಹೋಲಿಸಿ ನೋಡಿ.,Kannada,Legitimate
ನಿಮ್ಮ bank statement ಅಧಿಕೃತ channelನಲ್ಲಿ ಲಭ್ಯವಿದೆ. https://official.example/app,Kannada,Legitimate
"ನಿಮ್ಮ bank profile update request ದಾಖಲಾಗಿದೆ. Reference [REF_ID]. https://portal.example/status ಈ ಮಾಹಿತಿಯಲ್ಲಿರುವ ಸೇವಾ ವಿವರಗಳನ್ನು ನಿಮ್ಮ ಅಧಿಕೃತ accountನಲ್ಲಿ ಪರಿಶೀಲಿಸಬಹುದು. ಯಾವುದೇ payment ಅಥವಾ identity action ಮಾಡುವ ಮೊದಲು ಅಧಿಕೃತ ಮಾಹಿತಿಯನ್ನು ಹೋಲಿಸಿ ನೋಡಿ. ಸಂಬಂಧಿತ service history ನಿಮ್ಮ official app ಅಥವಾ portalನಲ್ಲಿ ಪ್ರತ್ಯೇಕವಾಗಿ ಕಾಣಬಹುದು. ಸಂದೇಶದಲ್ಲಿರುವ ಸಮಯ, ಮೊತ್ತ ಮತ್ತು reference ವಿವರಗಳು service recordನಲ್ಲಿ ಕಾಣಿಸಬಹುದು.",Kannada,Legitimate
"ಈ ತಿಂಗಳ account statement ಅಧಿಕೃತ banking appನಲ್ಲಿ ಲಭ್ಯವಿದೆ. https://service.example/receipt ಈ ಸೂಚನೆ ನಿಮ್ಮ ಸೇವಾ ವಿನಂತಿಗೆ ಸಂಬಂಧಿಸಿದೆ. ಯಾವುದೇ payment ಅಥವಾ identity action ಮಾಡುವ ಮೊದಲು ಅಧಿಕೃತ ಮಾಹಿತಿಯನ್ನು ಹೋಲಿಸಿ ನೋಡಿ. ಸಂಬಂಧಿತ service history ನಿಮ್ಮ official app ಅಥವಾ portalನಲ್ಲಿ ಪ್ರತ್ಯೇಕವಾಗಿ ಕಾಣಬಹುದು. ಸಂದೇಶದಲ್ಲಿರುವ ಸಮಯ, ಮೊತ್ತ ಮತ್ತು reference ವಿವರಗಳು service recordನಲ್ಲಿ ಕಾಣಿಸಬಹುದು.",Kannada,Legitimate
"ಸೇವಾ ಮಾಹಿತಿ: ನಿಮ್ಮ address change request ಸ್ವೀಕರಿಸಲಾಗಿದೆ ಮತ್ತು ಪರಿಶೀಲನೆಯಲ್ಲಿದೆ. ಸಂಬಂಧಿತ service history ನಿಮ್ಮ official app ಅಥವಾ portalನಲ್ಲಿ ಪ್ರತ್ಯೇಕವಾಗಿ ಕಾಣಬಹುದು. ಸಂದೇಶದಲ್ಲಿರುವ ಸಮಯ, ಮೊತ್ತ ಮತ್ತು reference ವಿವರಗಳು service recordನಲ್ಲಿ ಕಾಣಿಸಬಹುದು. ನಿಮ್ಮ ಸಾಮಾನ್ಯ transaction record ಜೊತೆ ಈ ಸೂಚನೆಯನ್ನು ಪರಿಶೀಲಿಸುವುದು ಉಪಯುಕ್ತ. Account ಸಂಬಂಧಿತ ವಿನಂತಿಗಳಿಗೆ ಈಗಾಗಲೇ ತಿಳಿದಿರುವ ಅಧಿಕೃತ contact channel ಮಾತ್ರ ಬಳಸಿ.",Kannada,Legitimate
"ಹೊಸ cheque bookಗಾಗಿ request ಯಶಸ್ವಿಯಾಗಿ ದಾಖಲಾಗಿದೆ. Reference number ಅನ್ನು ಸುರಕ್ಷಿತವಾಗಿ ಇಡಿ. ಸಂದೇಶದಲ್ಲಿರುವ ಸಮಯ, ಮೊತ್ತ ಮತ್ತು reference ವಿವರಗಳು service recordನಲ್ಲಿ ಕಾಣಿಸಬಹುದು. ನಿಮ್ಮ ಸಾಮಾನ್ಯ transaction record ಜೊತೆ ಈ ಸೂಚನೆಯನ್ನು ಪರಿಶೀಲಿಸುವುದು ಉಪಯುಕ್ತ. Account ಸಂಬಂಧಿತ ವಿನಂತಿಗಳಿಗೆ ಈಗಾಗಲೇ ತಿಳಿದಿರುವ ಅಧಿಕೃತ contact channel ಮಾತ್ರ ಬಳಸಿ. ಯಾವುದೇ ಸಮಸ್ಯೆಯಿದ್ದರೆ service providerನ ಅಧಿಕೃತ support option ಬಳಸಿ.",Kannada,Legitimate
ನವೀಕರಣ: Nimma nominee update request ಸ್ವೀಕರಿಸಲಾಗಿದೆ.,Kannada,Legitimate
Bank branch appointment [DATE] ರಂದು [TIME]ಕ್ಕೆ ನಿಗದಿಯಾಗಿದೆ. Status ಪರಿಶೀಲಿಸಲು ಅಧಿಕೃತ channel ಬಳಸಿ. Account ಸಂಬಂಧಿತ ವಿನಂತಿಗಳಿಗೆ ಈಗಾಗಲೇ ತಿಳಿದಿರುವ ಅಧಿಕೃತ contact channel ಮಾತ್ರ ಬಳಸಿ. ಯಾವುದೇ ಸಮಸ್ಯೆಯಿದ್ದರೆ service providerನ ಅಧಿಕೃತ support option ಬಳಸಿ. ಸೇವೆಯ ಸ್ಥಿತಿಯನ್ನು ನಂತರ ಅಧಿಕೃತ portalನಲ್ಲಿ ಮತ್ತೆ ಪರಿಶೀಲಿಸಬಹುದು. ಈ ಮಾಹಿತಿಯಲ್ಲಿರುವ ಸೇವಾ ವಿವರಗಳನ್ನು ನಿಮ್ಮ ಅಧಿಕೃತ accountನಲ್ಲಿ ಪರಿಶೀಲಿಸಬಹುದು.,Kannada,Legitimate
Debit card delivery request ಸ್ವೀಕರಿಸಲಾಗಿದೆ.,Kannada,Legitimate
ನಿಮ್ಮ bank service ticket [REF_ID] ಮುಚ್ಚಲಾಗಿದೆ. ಈ ಮಾಹಿತಿಯನ್ನು ದಾಖಲಿಗಾಗಿ ಉಳಿಸಬಹುದು. ಸೇವೆಯ ಸ್ಥಿತಿಯನ್ನು ನಂತರ ಅಧಿಕೃತ portalನಲ್ಲಿ ಮತ್ತೆ ಪರಿಶೀಲಿಸಬಹುದು. ಈ ಮಾಹಿತಿಯಲ್ಲಿರುವ ಸೇವಾ ವಿವರಗಳನ್ನು ನಿಮ್ಮ ಅಧಿಕೃತ accountನಲ್ಲಿ ಪರಿಶೀಲಿಸಬಹುದು. ಯಾವುದೇ payment ಅಥವಾ identity action ಮಾಡುವ ಮೊದಲು ಅಧಿಕೃತ ಮಾಹಿತಿಯನ್ನು ಹೋಲಿಸಿ ನೋಡಿ. ಸಂಬಂಧಿತ service history ನಿಮ್ಮ official app ಅಥವಾ portalನಲ್ಲಿ ಪ್ರತ್ಯೇಕವಾಗಿ ಕಾಣಬಹುದು.,Kannada,Legitimate
ಖಾತೆ ಮಾಹಿತಿಯಲ್ಲಿ ಮಾಡಿದ update ಯಶಸ್ವಿಯಾಗಿ save ಆಗಿದೆ.,Kannada,Legitimate
"ನಿಮ್ಮ bank statement ಅಧಿಕೃತ channelನಲ್ಲಿ ಲಭ್ಯವಿದೆ. https://service.example/receipt ಈ ಸೂಚನೆ ನಿಮ್ಮ ಸೇವಾ ವಿನಂತಿಗೆ ಸಂಬಂಧಿಸಿದೆ. ಯಾವುದೇ payment ಅಥವಾ identity action ಮಾಡುವ ಮೊದಲು ಅಧಿಕೃತ ಮಾಹಿತಿಯನ್ನು ಹೋಲಿಸಿ ನೋಡಿ. ಸಂಬಂಧಿತ service history ನಿಮ್ಮ official app ಅಥವಾ portalನಲ್ಲಿ ಪ್ರತ್ಯೇಕವಾಗಿ ಕಾಣಬಹುದು. ಸಂದೇಶದಲ್ಲಿರುವ ಸಮಯ, ಮೊತ್ತ ಮತ್ತು reference ವಿವರಗಳು service recordನಲ್ಲಿ ಕಾಣಿಸಬಹುದು.",Kannada,Legitimate
"ನವೀಕರಣ: ನಿಮ್ಮ bank profile update request ದಾಖಲಾಗಿದೆ. Reference [REF_ID]. https://track.example/order ಸಂಬಂಧಿತ service history ನಿಮ್ಮ official app ಅಥವಾ portalನಲ್ಲಿ ಪ್ರತ್ಯೇಕವಾಗಿ ಕಾಣಬಹುದು. ಸಂದೇಶದಲ್ಲಿರುವ ಸಮಯ, ಮೊತ್ತ ಮತ್ತು reference ವಿವರಗಳು service recordನಲ್ಲಿ ಕಾಣಿಸಬಹುದು. ನಿಮ್ಮ ಸಾಮಾನ್ಯ transaction record ಜೊತೆ ಈ ಸೂಚನೆಯನ್ನು ಪರಿಶೀಲಿಸುವುದು ಉಪಯುಕ್ತ. Account ಸಂಬಂಧಿತ ವಿನಂತಿಗಳಿಗೆ ಈಗಾಗಲೇ ತಿಳಿದಿರುವ ಅಧಿಕೃತ contact channel ಮಾತ್ರ ಬಳಸಿ.",Kannada,Legitimate
"ಈ ತಿಂಗಳ account statement ಅಧಿಕೃತ banking appನಲ್ಲಿ ಲಭ್ಯವಿದೆ. https://official.example/app ಸಂದೇಶದಲ್ಲಿರುವ ಸಮಯ, ಮೊತ್ತ ಮತ್ತು reference ವಿವರಗಳು service recordನಲ್ಲಿ ಕಾಣಿಸಬಹುದು. ನಿಮ್ಮ ಸಾಮಾನ್ಯ transaction record ಜೊತೆ ಈ ಸೂಚನೆಯನ್ನು ಪರಿಶೀಲಿಸುವುದು ಉಪಯುಕ್ತ. Account ಸಂಬಂಧಿತ ವಿನಂತಿಗಳಿಗೆ ಈಗಾಗಲೇ ತಿಳಿದಿರುವ ಅಧಿಕೃತ contact channel ಮಾತ್ರ ಬಳಸಿ. ಯಾವುದೇ ಸಮಸ್ಯೆಯಿದ್ದರೆ service providerನ ಅಧಿಕೃತ support option ಬಳಸಿ.",Kannada,Legitimate
ನಿಮ್ಮ address change request ಸ್ವೀಕರಿಸಲಾಗಿದೆ ಮತ್ತು ಪರಿಶೀಲನೆಯಲ್ಲಿದೆ. ಧನ್ಯವಾದಗಳು. ನಿಮ್ಮ ಸಾಮಾನ್ಯ transaction record ಜೊತೆ ಈ ಸೂಚನೆಯನ್ನು ಪರಿಶೀಲಿಸುವುದು ಉಪಯುಕ್ತ. Account ಸಂಬಂಧಿತ ವಿನಂತಿಗಳಿಗೆ ಈಗಾಗಲೇ ತಿಳಿದಿರುವ ಅಧಿಕೃತ contact channel ಮಾತ್ರ ಬಳಸಿ. ಯಾವುದೇ ಸಮಸ್ಯೆಯಿದ್ದರೆ service providerನ ಅಧಿಕೃತ support option ಬಳಸಿ. ಸೇವೆಯ ಸ್ಥಿತಿಯನ್ನು ನಂತರ ಅಧಿಕೃತ portalನಲ್ಲಿ ಮತ್ತೆ ಪರಿಶೀಲಿಸಬಹುದು.,Kannada,Legitimate
ಸೇವಾ ಮಾಹಿತಿ: ಹೊಸ cheque bookಗಾಗಿ request ಯಶಸ್ವಿಯಾಗಿ ದಾಖಲಾಗಿದೆ. Account ಸಂಬಂಧಿತ ವಿನಂತಿಗಳಿಗೆ ಈಗಾಗಲೇ ತಿಳಿದಿರುವ ಅಧಿಕೃತ contact channel ಮಾತ್ರ ಬಳಸಿ. ಯಾವುದೇ ಸಮಸ್ಯೆಯಿದ್ದರೆ service providerನ ಅಧಿಕೃತ support option ಬಳಸಿ. ಸೇವೆಯ ಸ್ಥಿತಿಯನ್ನು ನಂತರ ಅಧಿಕೃತ portalನಲ್ಲಿ ಮತ್ತೆ ಪರಿಶೀಲಿಸಬಹುದು. ಈ ಮಾಹಿತಿಯಲ್ಲಿರುವ ಸೇವಾ ವಿವರಗಳನ್ನು ನಿಮ್ಮ ಅಧಿಕೃತ accountನಲ್ಲಿ ಪರಿಶೀಲಿಸಬಹುದು.,Kannada,Legitimate
ನಿಮ್ಮ nominee update request ಸ್ವೀಕರಿಸಲಾಗಿದೆ. Customer service ವಿವರಗಳು accountನಲ್ಲಿ ಲಭ್ಯವಿವೆ. ಯಾವುದೇ ಸಮಸ್ಯೆಯಿದ್ದರೆ service providerನ ಅಧಿಕೃತ support option ಬಳಸಿ. ಸೇವೆಯ ಸ್ಥಿತಿಯನ್ನು ನಂತರ ಅಧಿಕೃತ portalನಲ್ಲಿ ಮತ್ತೆ ಪರಿಶೀಲಿಸಬಹುದು. ಈ ಮಾಹಿತಿಯಲ್ಲಿರುವ ಸೇವಾ ವಿವರಗಳನ್ನು ನಿಮ್ಮ ಅಧಿಕೃತ accountನಲ್ಲಿ ಪರಿಶೀಲಿಸಬಹುದು. ಯಾವುದೇ payment ಅಥವಾ identity action ಮಾಡುವ ಮೊದಲು ಅಧಿಕೃತ ಮಾಹಿತಿಯನ್ನು ಹೋಲಿಸಿ ನೋಡಿ.,Kannada,Legitimate
Bank branch appointment [DATE] ರಂದು [TIME]ಕ್ಕೆ ನಿಗದಿಯಾಗಿದೆ. ಈ ಮಾಹಿತಿಯನ್ನು ದಾಖಲಿಗಾಗಿ ಉಳಿಸಬಹುದು. ಸೇವೆಯ ಸ್ಥಿತಿಯನ್ನು ನಂತರ ಅಧಿಕೃತ portalನಲ್ಲಿ ಮತ್ತೆ ಪರಿಶೀಲಿಸಬಹುದು. ಈ ಮಾಹಿತಿಯಲ್ಲಿರುವ ಸೇವಾ ವಿವರಗಳನ್ನು ನಿಮ್ಮ ಅಧಿಕೃತ accountನಲ್ಲಿ ಪರಿಶೀಲಿಸಬಹುದು. ಯಾವುದೇ payment ಅಥವಾ identity action ಮಾಡುವ ಮೊದಲು ಅಧಿಕೃತ ಮಾಹಿತಿಯನ್ನು ಹೋಲಿಸಿ ನೋಡಿ. ಸಂಬಂಧಿತ service history ನಿಮ್ಮ official app ಅಥವಾ portalನಲ್ಲಿ ಪ್ರತ್ಯೇಕವಾಗಿ ಕಾಣಬಹುದು.,Kannada,Legitimate
"ನವೀಕರಣ: ₹850 UPI payment XYZಗೆ ಯಶಸ್ವಿಯಾಗಿ ಪೂರ್ಣಗೊಂಡಿದೆ. Transaction [TXN_ID]. ಈ ಮಾಹಿತಿಯಲ್ಲಿರುವ ಸೇವಾ ವಿವರಗಳನ್ನು ನಿಮ್ಮ ಅಧಿಕೃತ accountನಲ್ಲಿ ಪರಿಶೀಲಿಸಬಹುದು. ಯಾವುದೇ payment ಅಥವಾ identity action ಮಾಡುವ ಮೊದಲು ಅಧಿಕೃತ ಮಾಹಿತಿಯನ್ನು ಹೋಲಿಸಿ ನೋಡಿ. ಸಂಬಂಧಿತ service history ನಿಮ್ಮ official app ಅಥವಾ portalನಲ್ಲಿ ಪ್ರತ್ಯೇಕವಾಗಿ ಕಾಣಬಹುದು. ಸಂದೇಶದಲ್ಲಿರುವ ಸಮಯ, ಮೊತ್ತ ಮತ್ತು reference ವಿವರಗಳು service recordನಲ್ಲಿ ಕಾಣಿಸಬಹುದು.",Kannada,Legitimate
"₹1,240 UPI ಮೊತ್ತ ನಿಮ್ಮ ಖಾತೆಗೆ ಸ್ವೀಕರಿಸಲಾಗಿದೆ.",Kannada,Legitimate
"UPI payment ಪೂರ್ಣವಾಗಲಿಲ್ಲ; debit ಆಗಿದ್ದರೆ bank ಪ್ರಕ್ರಿಯೆಯಂತೆ ಮರಳಿಸಲಾಗುತ್ತದೆ. ಸಂಬಂಧಿತ service history ನಿಮ್ಮ official app ಅಥವಾ portalನಲ್ಲಿ ಪ್ರತ್ಯೇಕವಾಗಿ ಕಾಣಬಹುದು. ಸಂದೇಶದಲ್ಲಿರುವ ಸಮಯ, ಮೊತ್ತ ಮತ್ತು reference ವಿವರಗಳು service recordನಲ್ಲಿ ಕಾಣಿಸಬಹುದು. ನಿಮ್ಮ ಸಾಮಾನ್ಯ transaction record ಜೊತೆ ಈ ಸೂಚನೆಯನ್ನು ಪರಿಶೀಲಿಸುವುದು ಉಪಯುಕ್ತ. Account ಸಂಬಂಧಿತ ವಿನಂತಿಗಳಿಗೆ ಈಗಾಗಲೇ ತಿಳಿದಿರುವ ಅಧಿಕೃತ contact channel ಮಾತ್ರ ಬಳಸಿ.",Kannada,Legitimate
"₹499 UPI refund ನಿಮ್ಮ ಖಾತೆಗೆ credit ಆಗಿದೆ. https://official.example/app ಸಂದೇಶದಲ್ಲಿರುವ ಸಮಯ, ಮೊತ್ತ ಮತ್ತು reference ವಿವರಗಳು service recordನಲ್ಲಿ ಕಾಣಿಸಬಹುದು. ನಿಮ್ಮ ಸಾಮಾನ್ಯ transaction record ಜೊತೆ ಈ ಸೂಚನೆಯನ್ನು ಪರಿಶೀಲಿಸುವುದು ಉಪಯುಕ್ತ. Account ಸಂಬಂಧಿತ ವಿನಂತಿಗಳಿಗೆ ಈಗಾಗಲೇ ತಿಳಿದಿರುವ ಅಧಿಕೃತ contact channel ಮಾತ್ರ ಬಳಸಿ. ಯಾವುದೇ ಸಮಸ್ಯೆಯಿದ್ದರೆ service providerನ ಅಧಿಕೃತ support option ಬಳಸಿ.",Kannada,Legitimate
UPI AutoPay ಮೂಲಕ ₹349 scheduled payment ಪೂರ್ಣಗೊಂಡಿದೆ. https://portal.example/status ನಿಮ್ಮ ಸಾಮಾನ್ಯ transaction record ಜೊತೆ ಈ ಸೂಚನೆಯನ್ನು ಪರಿಶೀಲಿಸುವುದು ಉಪಯುಕ್ತ. Account ಸಂಬಂಧಿತ ವಿನಂತಿಗಳಿಗೆ ಈಗಾಗಲೇ ತಿಳಿದಿರುವ ಅಧಿಕೃತ contact channel ಮಾತ್ರ ಬಳಸಿ. ಯಾವುದೇ ಸಮಸ್ಯೆಯಿದ್ದರೆ service providerನ ಅಧಿಕೃತ support option ಬಳಸಿ. ಸೇವೆಯ ಸ್ಥಿತಿಯನ್ನು ನಂತರ ಅಧಿಕೃತ portalನಲ್ಲಿ ಮತ್ತೆ ಪರಿಶೀಲಿಸಬಹುದು.,Kannada,Legitimate
ನಿಮ್ಮ UPI transaction [TXN_ID] ಯಶಸ್ವಿಯಾಗಿ ಪೂರ್ಣಗೊಂಡಿದೆ. https://service.example/receipt,Kannada,Legitimate
ನವೀಕರಣ: Mobile rechargeಗಾಗಿ ₹249 UPI payment ಯಶಸ್ವಿಯಾಗಿದೆ.,Kannada,Legitimate
"Electricity bill ₹1,240 UPI ಮೂಲಕ ಪಾವತಿಸಲಾಗಿದೆ.",Kannada,Legitimate
UPI payment receipt ಅಧಿಕೃತ appನಲ್ಲಿ ಲಭ್ಯವಿದೆ. ಧನ್ಯವಾದಗಳು.,Kannada,Legitimate
ಹೊಸ UPI beneficiary registration request ದಾಖಲಾಗಿದೆ.,Kannada,Legitimate
"₹850 UPI payment XYZಗೆ ಯಶಸ್ವಿಯಾಗಿ ಪೂರ್ಣಗೊಂಡಿದೆ. Transaction [TXN_ID]. ಸಂಬಂಧಿತ service history ನಿಮ್ಮ official app ಅಥವಾ portalನಲ್ಲಿ ಪ್ರತ್ಯೇಕವಾಗಿ ಕಾಣಬಹುದು. ಸಂದೇಶದಲ್ಲಿರುವ ಸಮಯ, ಮೊತ್ತ ಮತ್ತು reference ವಿವರಗಳು service recordನಲ್ಲಿ ಕಾಣಿಸಬಹುದು. ನಿಮ್ಮ ಸಾಮಾನ್ಯ transaction record ಜೊತೆ ಈ ಸೂಚನೆಯನ್ನು ಪರಿಶೀಲಿಸುವುದು ಉಪಯುಕ್ತ. Account ಸಂಬಂಧಿತ ವಿನಂತಿಗಳಿಗೆ ಈಗಾಗಲೇ ತಿಳಿದಿರುವ ಅಧಿಕೃತ contact channel ಮಾತ್ರ ಬಳಸಿ.",Kannada,Legitimate
"ಸೇವಾ ಮಾಹಿತಿ: ₹1,240 UPI ಮೊತ್ತ ನಿಮ್ಮ ಖಾತೆಗೆ ಸ್ವೀಕರಿಸಲಾಗಿದೆ. ಸಂದೇಶದಲ್ಲಿರುವ ಸಮಯ, ಮೊತ್ತ ಮತ್ತು reference ವಿವರಗಳು service recordನಲ್ಲಿ ಕಾಣಿಸಬಹುದು. ನಿಮ್ಮ ಸಾಮಾನ್ಯ transaction record ಜೊತೆ ಈ ಸೂಚನೆಯನ್ನು ಪರಿಶೀಲಿಸುವುದು ಉಪಯುಕ್ತ. Account ಸಂಬಂಧಿತ ವಿನಂತಿಗಳಿಗೆ ಈಗಾಗಲೇ ತಿಳಿದಿರುವ ಅಧಿಕೃತ contact channel ಮಾತ್ರ ಬಳಸಿ. ಯಾವುದೇ ಸಮಸ್ಯೆಯಿದ್ದರೆ service providerನ ಅಧಿಕೃತ support option ಬಳಸಿ.",Kannada,Legitimate
ನವೀಕರಣ: UPI payment ಪೂರ್ಣವಾಗಲಿಲ್ಲ; debit ಆಗಿದ್ದರೆ bank ಪ್ರಕ್ರಿಯೆಯಂತೆ ಮರಳಿಸಲಾಗುತ್ತದೆ. ನಿಮ್ಮ ಸಾಮಾನ್ಯ transaction record ಜೊತೆ ಈ ಸೂಚನೆಯನ್ನು ಪರಿಶೀಲಿಸುವುದು ಉಪಯುಕ್ತ. Account ಸಂಬಂಧಿತ ವಿನಂತಿಗಳಿಗೆ ಈಗಾಗಲೇ ತಿಳಿದಿರುವ ಅಧಿಕೃತ contact channel ಮಾತ್ರ ಬಳಸಿ. ಯಾವುದೇ ಸಮಸ್ಯೆಯಿದ್ದರೆ service providerನ ಅಧಿಕೃತ support option ಬಳಸಿ. ಸೇವೆಯ ಸ್ಥಿತಿಯನ್ನು ನಂತರ ಅಧಿಕೃತ portalನಲ್ಲಿ ಮತ್ತೆ ಪರಿಶೀಲಿಸಬಹುದು.,Kannada,Legitimate
₹499 UPI refund ನಿಮ್ಮ ಖಾತೆಗೆ credit ಆಗಿದೆ. https://service.example/receipt Account ಸಂಬಂಧಿತ ವಿನಂತಿಗಳಿಗೆ ಈಗಾಗಲೇ ತಿಳಿದಿರುವ ಅಧಿಕೃತ contact channel ಮಾತ್ರ ಬಳಸಿ. ಯಾವುದೇ ಸಮಸ್ಯೆಯಿದ್ದರೆ service providerನ ಅಧಿಕೃತ support option ಬಳಸಿ. ಸೇವೆಯ ಸ್ಥಿತಿಯನ್ನು ನಂತರ ಅಧಿಕೃತ portalನಲ್ಲಿ ಮತ್ತೆ ಪರಿಶೀಲಿಸಬಹುದು. ಈ ಮಾಹಿತಿಯಲ್ಲಿರುವ ಸೇವಾ ವಿವರಗಳನ್ನು ನಿಮ್ಮ ಅಧಿಕೃತ accountನಲ್ಲಿ ಪರಿಶೀಲಿಸಬಹುದು.,Kannada,Legitimate
UPI AutoPay ಮೂಲಕ ₹349 scheduled payment ಪೂರ್ಣಗೊಂಡಿದೆ. https://track.example/order ಯಾವುದೇ ಸಮಸ್ಯೆಯಿದ್ದರೆ service providerನ ಅಧಿಕೃತ support option ಬಳಸಿ. ಸೇವೆಯ ಸ್ಥಿತಿಯನ್ನು ನಂತರ ಅಧಿಕೃತ portalನಲ್ಲಿ ಮತ್ತೆ ಪರಿಶೀಲಿಸಬಹುದು. ಈ ಮಾಹಿತಿಯಲ್ಲಿರುವ ಸೇವಾ ವಿವರಗಳನ್ನು ನಿಮ್ಮ ಅಧಿಕೃತ accountನಲ್ಲಿ ಪರಿಶೀಲಿಸಬಹುದು. ಯಾವುದೇ payment ಅಥವಾ identity action ಮಾಡುವ ಮೊದಲು ಅಧಿಕೃತ ಮಾಹಿತಿಯನ್ನು ಹೋಲಿಸಿ ನೋಡಿ.,Kannada,Legitimate
ನಿಮ್ಮ UPI transaction [TXN_ID] ಯಶಸ್ವಿಯಾಗಿ ಪೂರ್ಣಗೊಂಡಿದೆ. https://official.example/app,Kannada,Legitimate
Mobile rechargeಗಾಗಿ ₹249 UPI payment ಯಶಸ್ವಿಯಾಗಿದೆ. ಧನ್ಯವಾದಗಳು.,Kannada,Legitimate
"Electricity bill ₹1,240 UPI ಮೂಲಕ ಪಾವತಿಸಲಾಗಿದೆ. ಈ ಸೂಚನೆ ನಿಮ್ಮ ಸೇವಾ ವಿನಂತಿಗೆ ಸಂಬಂಧಿಸಿದೆ. ಯಾವುದೇ payment ಅಥವಾ identity action ಮಾಡುವ ಮೊದಲು ಅಧಿಕೃತ ಮಾಹಿತಿಯನ್ನು ಹೋಲಿಸಿ ನೋಡಿ. ಸಂಬಂಧಿತ service history ನಿಮ್ಮ official app ಅಥವಾ portalನಲ್ಲಿ ಪ್ರತ್ಯೇಕವಾಗಿ ಕಾಣಬಹುದು. ಸಂದೇಶದಲ್ಲಿರುವ ಸಮಯ, ಮೊತ್ತ ಮತ್ತು reference ವಿವರಗಳು service recordನಲ್ಲಿ ಕಾಣಿಸಬಹುದು.",Kannada,Legitimate
ನವೀಕರಣ: UPI payment receipt ಅಧಿಕೃತ appನಲ್ಲಿ ಲಭ್ಯವಿದೆ.,Kannada,Legitimate
"ಹೊಸ UPI beneficiary registration request ದಾಖಲಾಗಿದೆ. Reference number ಅನ್ನು ಸುರಕ್ಷಿತವಾಗಿ ಇಡಿ. ಸಂದೇಶದಲ್ಲಿರುವ ಸಮಯ, ಮೊತ್ತ ಮತ್ತು reference ವಿವರಗಳು service recordನಲ್ಲಿ ಕಾಣಿಸಬಹುದು. ನಿಮ್ಮ ಸಾಮಾನ್ಯ transaction record ಜೊತೆ ಈ ಸೂಚನೆಯನ್ನು ಪರಿಶೀಲಿಸುವುದು ಉಪಯುಕ್ತ. Account ಸಂಬಂಧಿತ ವಿನಂತಿಗಳಿಗೆ ಈಗಾಗಲೇ ತಿಳಿದಿರುವ ಅಧಿಕೃತ contact channel ಮಾತ್ರ ಬಳಸಿ. ಯಾವುದೇ ಸಮಸ್ಯೆಯಿದ್ದರೆ service providerನ ಅಧಿಕೃತ support option ಬಳಸಿ.",Kannada,Legitimate
₹850 UPI payment XYZಗೆ ಯಶಸ್ವಿಯಾಗಿ ಪೂರ್ಣಗೊಂಡಿದೆ. Transaction [TXN_ID]. ಈ message ಸೇವಾ ಪ್ರಕ್ರಿಯೆಯ ಮಾಹಿತಿಗಾಗಿ. ನಿಮ್ಮ ಸಾಮಾನ್ಯ transaction record ಜೊತೆ ಈ ಸೂಚನೆಯನ್ನು ಪರಿಶೀಲಿಸುವುದು ಉಪಯುಕ್ತ. Account ಸಂಬಂಧಿತ ವಿನಂತಿಗಳಿಗೆ ಈಗಾಗಲೇ ತಿಳಿದಿರುವ ಅಧಿಕೃತ contact channel ಮಾತ್ರ ಬಳಸಿ. ಯಾವುದೇ ಸಮಸ್ಯೆಯಿದ್ದರೆ service providerನ ಅಧಿಕೃತ support option ಬಳಸಿ.,Kannada,Legitimate
"₹1,240 UPI ಮೊತ್ತ ನಿಮ್ಮ ಖಾತೆಗೆ ಸ್ವೀಕರಿಸಲಾಗಿದೆ. Status ಪರಿಶೀಲಿಸಲು ಅಧಿಕೃತ channel ಬಳಸಿ. Account ಸಂಬಂಧಿತ ವಿನಂತಿಗಳಿಗೆ ಈಗಾಗಲೇ ತಿಳಿದಿರುವ ಅಧಿಕೃತ contact channel ಮಾತ್ರ ಬಳಸಿ. ಯಾವುದೇ ಸಮಸ್ಯೆಯಿದ್ದರೆ service providerನ ಅಧಿಕೃತ support option ಬಳಸಿ. ಸೇವೆಯ ಸ್ಥಿತಿಯನ್ನು ನಂತರ ಅಧಿಕೃತ portalನಲ್ಲಿ ಮತ್ತೆ ಪರಿಶೀಲಿಸಬಹುದು. ಈ ಮಾಹಿತಿಯಲ್ಲಿರುವ ಸೇವಾ ವಿವರಗಳನ್ನು ನಿಮ್ಮ ಅಧಿಕೃತ accountನಲ್ಲಿ ಪರಿಶೀಲಿಸಬಹುದು.",Kannada,Legitimate
ಸೇವಾ ಮಾಹಿತಿ: UPI payment ಪೂರ್ಣವಾಗಲಿಲ್ಲ; debit ಆಗಿದ್ದರೆ bank ಪ್ರಕ್ರಿಯೆಯಂತೆ ಮರಳಿಸಲಾಗುತ್ತದೆ. ಯಾವುದೇ ಸಮಸ್ಯೆಯಿದ್ದರೆ service providerನ ಅಧಿಕೃತ support option ಬಳಸಿ. ಸೇವೆಯ ಸ್ಥಿತಿಯನ್ನು ನಂತರ ಅಧಿಕೃತ portalನಲ್ಲಿ ಮತ್ತೆ ಪರಿಶೀಲಿಸಬಹುದು. ಈ ಮಾಹಿತಿಯಲ್ಲಿರುವ ಸೇವಾ ವಿವರಗಳನ್ನು ನಿಮ್ಮ ಅಧಿಕೃತ accountನಲ್ಲಿ ಪರಿಶೀಲಿಸಬಹುದು. ಯಾವುದೇ payment ಅಥವಾ identity action ಮಾಡುವ ಮೊದಲು ಅಧಿಕೃತ ಮಾಹಿತಿಯನ್ನು ಹೋಲಿಸಿ ನೋಡಿ.,Kannada,Legitimate
₹499 UPI refund ನಿಮ್ಮ ಖಾತೆಗೆ credit ಆಗಿದೆ. https://official.example/app ಈ ಮಾಹಿತಿಯನ್ನು ದಾಖಲಿಗಾಗಿ ಉಳಿಸಬಹುದು. ಸೇವೆಯ ಸ್ಥಿತಿಯನ್ನು ನಂತರ ಅಧಿಕೃತ portalನಲ್ಲಿ ಮತ್ತೆ ಪರಿಶೀಲಿಸಬಹುದು. ಈ ಮಾಹಿತಿಯಲ್ಲಿರುವ ಸೇವಾ ವಿವರಗಳನ್ನು ನಿಮ್ಮ ಅಧಿಕೃತ accountನಲ್ಲಿ ಪರಿಶೀಲಿಸಬಹುದು. ಯಾವುದೇ payment ಅಥವಾ identity action ಮಾಡುವ ಮೊದಲು ಅಧಿಕೃತ ಮಾಹಿತಿಯನ್ನು ಹೋಲಿಸಿ ನೋಡಿ. ಸಂಬಂಧಿತ service history ನಿಮ್ಮ official app ಅಥವಾ portalನಲ್ಲಿ ಪ್ರತ್ಯೇಕವಾಗಿ ಕಾಣಬಹುದು.,Kannada,Legitimate
"ನವೀಕರಣ: UPI AutoPay ಮೂಲಕ ₹349 scheduled payment ಪೂರ್ಣಗೊಂಡಿದೆ. https://portal.example/status ಈ ಮಾಹಿತಿಯಲ್ಲಿರುವ ಸೇವಾ ವಿವರಗಳನ್ನು ನಿಮ್ಮ ಅಧಿಕೃತ accountನಲ್ಲಿ ಪರಿಶೀಲಿಸಬಹುದು. ಯಾವುದೇ payment ಅಥವಾ identity action ಮಾಡುವ ಮೊದಲು ಅಧಿಕೃತ ಮಾಹಿತಿಯನ್ನು ಹೋಲಿಸಿ ನೋಡಿ. ಸಂಬಂಧಿತ service history ನಿಮ್ಮ official app ಅಥವಾ portalನಲ್ಲಿ ಪ್ರತ್ಯೇಕವಾಗಿ ಕಾಣಬಹುದು. ಸಂದೇಶದಲ್ಲಿರುವ ಸಮಯ, ಮೊತ್ತ ಮತ್ತು reference ವಿವರಗಳು service recordನಲ್ಲಿ ಕಾಣಿಸಬಹುದು.",Kannada,Legitimate
"ನಿಮ್ಮ UPI transaction [TXN_ID] ಯಶಸ್ವಿಯಾಗಿ ಪೂರ್ಣಗೊಂಡಿದೆ. https://service.example/receipt ಈ ಸೂಚನೆ ನಿಮ್ಮ ಸೇವಾ ವಿನಂತಿಗೆ ಸಂಬಂಧಿಸಿದೆ. ಯಾವುದೇ payment ಅಥವಾ identity action ಮಾಡುವ ಮೊದಲು ಅಧಿಕೃತ ಮಾಹಿತಿಯನ್ನು ಹೋಲಿಸಿ ನೋಡಿ. ಸಂಬಂಧಿತ service history ನಿಮ್ಮ official app ಅಥವಾ portalನಲ್ಲಿ ಪ್ರತ್ಯೇಕವಾಗಿ ಕಾಣಬಹುದು. ಸಂದೇಶದಲ್ಲಿರುವ ಸಮಯ, ಮೊತ್ತ ಮತ್ತು reference ವಿವರಗಳು service recordನಲ್ಲಿ ಕಾಣಿಸಬಹುದು.",Kannada,Legitimate
Mobile rechargeಗಾಗಿ ₹249 UPI payment ಯಶಸ್ವಿಯಾಗಿದೆ.,Kannada,Legitimate
"Electricity bill ₹1,240 UPI ಮೂಲಕ ಪಾವತಿಸಲಾಗಿದೆ. Reference number ಅನ್ನು ಸುರಕ್ಷಿತವಾಗಿ ಇಡಿ. ಸಂದೇಶದಲ್ಲಿರುವ ಸಮಯ, ಮೊತ್ತ ಮತ್ತು reference ವಿವರಗಳು service recordನಲ್ಲಿ ಕಾಣಿಸಬಹುದು. ನಿಮ್ಮ ಸಾಮಾನ್ಯ transaction record ಜೊತೆ ಈ ಸೂಚನೆಯನ್ನು ಪರಿಶೀಲಿಸುವುದು ಉಪಯುಕ್ತ. Account ಸಂಬಂಧಿತ ವಿನಂತಿಗಳಿಗೆ ಈಗಾಗಲೇ ತಿಳಿದಿರುವ ಅಧಿಕೃತ contact channel ಮಾತ್ರ ಬಳಸಿ. ಯಾವುದೇ ಸಮಸ್ಯೆಯಿದ್ದರೆ service providerನ ಅಧಿಕೃತ support option ಬಳಸಿ.",Kannada,Legitimate
UPI payment receipt ಅಧಿಕೃತ appನಲ್ಲಿ ಲಭ್ಯವಿದೆ.,Kannada,Legitimate
ಹೊಸ UPI beneficiary registration request ದಾಖಲಾಗಿದೆ. Status ಪರಿಶೀಲಿಸಲು ಅಧಿಕೃತ channel ಬಳಸಿ. Account ಸಂಬಂಧಿತ ವಿನಂತಿಗಳಿಗೆ ಈಗಾಗಲೇ ತಿಳಿದಿರುವ ಅಧಿಕೃತ contact channel ಮಾತ್ರ ಬಳಸಿ. ಯಾವುದೇ ಸಮಸ್ಯೆಯಿದ್ದರೆ service providerನ ಅಧಿಕೃತ support option ಬಳಸಿ. ಸೇವೆಯ ಸ್ಥಿತಿಯನ್ನು ನಂತರ ಅಧಿಕೃತ portalನಲ್ಲಿ ಮತ್ತೆ ಪರಿಶೀಲಿಸಬಹುದು. ಈ ಮಾಹಿತಿಯಲ್ಲಿರುವ ಸೇವಾ ವಿವರಗಳನ್ನು ನಿಮ್ಮ ಅಧಿಕೃತ accountನಲ್ಲಿ ಪರಿಶೀಲಿಸಬಹುದು.,Kannada,Legitimate
ನವೀಕರಣ: ₹850 UPI payment XYZಗೆ ಯಶಸ್ವಿಯಾಗಿ ಪೂರ್ಣಗೊಂಡಿದೆ. Transaction [TXN_ID]. Customer service ವಿವರಗಳು accountನಲ್ಲಿ ಲಭ್ಯವಿವೆ. ಯಾವುದೇ ಸಮಸ್ಯೆಯಿದ್ದರೆ service providerನ ಅಧಿಕೃತ support option ಬಳಸಿ. ಸೇವೆಯ ಸ್ಥಿತಿಯನ್ನು ನಂತರ ಅಧಿಕೃತ portalನಲ್ಲಿ ಮತ್ತೆ ಪರಿಶೀಲಿಸಬಹುದು. ಈ ಮಾಹಿತಿಯಲ್ಲಿರುವ ಸೇವಾ ವಿವರಗಳನ್ನು ನಿಮ್ಮ ಅಧಿಕೃತ accountನಲ್ಲಿ ಪರಿಶೀಲಿಸಬಹುದು. ಯಾವುದೇ payment ಅಥವಾ identity action ಮಾಡುವ ಮೊದಲು ಅಧಿಕೃತ ಮಾಹಿತಿಯನ್ನು ಹೋಲಿಸಿ ನೋಡಿ.,Kannada,Legitimate
"₹1,240 UPI ಮೊತ್ತ ನಿಮ್ಮ ಖಾತೆಗೆ ಸ್ವೀಕರಿಸಲಾಗಿದೆ. ಈ ಮಾಹಿತಿಯನ್ನು ದಾಖಲಿಗಾಗಿ ಉಳಿಸಬಹುದು. ಸೇವೆಯ ಸ್ಥಿತಿಯನ್ನು ನಂತರ ಅಧಿಕೃತ portalನಲ್ಲಿ ಮತ್ತೆ ಪರಿಶೀಲಿಸಬಹುದು. ಈ ಮಾಹಿತಿಯಲ್ಲಿರುವ ಸೇವಾ ವಿವರಗಳನ್ನು ನಿಮ್ಮ ಅಧಿಕೃತ accountನಲ್ಲಿ ಪರಿಶೀಲಿಸಬಹುದು. ಯಾವುದೇ payment ಅಥವಾ identity action ಮಾಡುವ ಮೊದಲು ಅಧಿಕೃತ ಮಾಹಿತಿಯನ್ನು ಹೋಲಿಸಿ ನೋಡಿ. ಸಂಬಂಧಿತ service history ನಿಮ್ಮ official app ಅಥವಾ portalನಲ್ಲಿ ಪ್ರತ್ಯೇಕವಾಗಿ ಕಾಣಬಹುದು.",Kannada,Legitimate
"UPI payment ಪೂರ್ಣವಾಗಲಿಲ್ಲ; debit ಆಗಿದ್ದರೆ bank ಪ್ರಕ್ರಿಯೆಯಂತೆ ಮರಳಿಸಲಾಗುತ್ತದೆ. ಧನ್ಯವಾದಗಳು. ಈ ಮಾಹಿತಿಯಲ್ಲಿರುವ ಸೇವಾ ವಿವರಗಳನ್ನು ನಿಮ್ಮ ಅಧಿಕೃತ accountನಲ್ಲಿ ಪರಿಶೀಲಿಸಬಹುದು. ಯಾವುದೇ payment ಅಥವಾ identity action ಮಾಡುವ ಮೊದಲು ಅಧಿಕೃತ ಮಾಹಿತಿಯನ್ನು ಹೋಲಿಸಿ ನೋಡಿ. ಸಂಬಂಧಿತ service history ನಿಮ್ಮ official app ಅಥವಾ portalನಲ್ಲಿ ಪ್ರತ್ಯೇಕವಾಗಿ ಕಾಣಬಹುದು. ಸಂದೇಶದಲ್ಲಿರುವ ಸಮಯ, ಮೊತ್ತ ಮತ್ತು reference ವಿವರಗಳು service recordನಲ್ಲಿ ಕಾಣಿಸಬಹುದು.",Kannada,Legitimate
"ಸೇವಾ ಮಾಹಿತಿ: ₹499 UPI refund ನಿಮ್ಮ ಖಾತೆಗೆ credit ಆಗಿದೆ. https://service.example/receipt ಯಾವುದೇ payment ಅಥವಾ identity action ಮಾಡುವ ಮೊದಲು ಅಧಿಕೃತ ಮಾಹಿತಿಯನ್ನು ಹೋಲಿಸಿ ನೋಡಿ. ಸಂಬಂಧಿತ service history ನಿಮ್ಮ official app ಅಥವಾ portalನಲ್ಲಿ ಪ್ರತ್ಯೇಕವಾಗಿ ಕಾಣಬಹುದು. ಸಂದೇಶದಲ್ಲಿರುವ ಸಮಯ, ಮೊತ್ತ ಮತ್ತು reference ವಿವರಗಳು service recordನಲ್ಲಿ ಕಾಣಿಸಬಹುದು.",Kannada,Legitimate
"UPI AutoPay ಮೂಲಕ ₹349 scheduled payment ಪೂರ್ಣಗೊಂಡಿದೆ. https://track.example/order ಅಧಿಕೃತ accountನಲ್ಲಿ status ಕೂಡ ಕಾಣಬಹುದು. ಸಂಬಂಧಿತ service history ನಿಮ್ಮ official app ಅಥವಾ portalನಲ್ಲಿ ಪ್ರತ್ಯೇಕವಾಗಿ ಕಾಣಬಹುದು. ಸಂದೇಶದಲ್ಲಿರುವ ಸಮಯ, ಮೊತ್ತ ಮತ್ತು reference ವಿವರಗಳು service recordನಲ್ಲಿ ಕಾಣಿಸಬಹುದು. ನಿಮ್ಮ ಸಾಮಾನ್ಯ transaction record ಜೊತೆ ಈ ಸೂಚನೆಯನ್ನು ಪರಿಶೀಲಿಸುವುದು ಉಪಯುಕ್ತ.",Kannada,Legitimate
"ನಿಮ್ಮ UPI transaction [TXN_ID] ಯಶಸ್ವಿಯಾಗಿ ಪೂರ್ಣಗೊಂಡಿದೆ. https://official.example/app Reference number ಅನ್ನು ಸುರಕ್ಷಿತವಾಗಿ ಇಡಿ. ಸಂದೇಶದಲ್ಲಿರುವ ಸಮಯ, ಮೊತ್ತ ಮತ್ತು reference ವಿವರಗಳು service recordನಲ್ಲಿ ಕಾಣಿಸಬಹುದು. ನಿಮ್ಮ ಸಾಮಾನ್ಯ transaction record ಜೊತೆ ಈ ಸೂಚನೆಯನ್ನು ಪರಿಶೀಲಿಸುವುದು ಉಪಯುಕ್ತ. Account ಸಂಬಂಧಿತ ವಿನಂತಿಗಳಿಗೆ ಈಗಾಗಲೇ ತಿಳಿದಿರುವ ಅಧಿಕೃತ contact channel ಮಾತ್ರ ಬಳಸಿ.",Kannada,Legitimate
ನವೀಕರಣ: ನಿಮ್ಮ login OTP [OTP]. ಇದನ್ನು ಯಾರೊಂದಿಗೂ ಹಂಚಿಕೊಳ್ಳಬೇಡಿ. ನಿಮ್ಮ ಸಾಮಾನ್ಯ transaction record ಜೊತೆ ಈ ಸೂಚನೆಯನ್ನು ಪರಿಶೀಲಿಸುವುದು ಉಪಯುಕ್ತ. Account ಸಂಬಂಧಿತ ವಿನಂತಿಗಳಿಗೆ ಈಗಾಗಲೇ ತಿಳಿದಿರುವ ಅಧಿಕೃತ contact channel ಮಾತ್ರ ಬಳಸಿ. ಯಾವುದೇ ಸಮಸ್ಯೆಯಿದ್ದರೆ service providerನ ಅಧಿಕೃತ support option ಬಳಸಿ. ಸೇವೆಯ ಸ್ಥಿತಿಯನ್ನು ನಂತರ ಅಧಿಕೃತ portalನಲ್ಲಿ ಮತ್ತೆ ಪರಿಶೀಲಿಸಬಹುದು.,Kannada,Legitimate
Mobile number verificationಗಾಗಿ OTP [OTP].,Kannada,Legitimate
ಹೊಸ beneficiary ಸೇರಿಸಲು OTP [OTP] ಅಗತ್ಯವಿದೆ.,Kannada,Legitimate
Bank service request verification OTP [OTP].,Kannada,Legitimate
Online payment confirmation OTP [OTP].,Kannada,Legitimate
ನಿಮ್ಮ account password ಯಶಸ್ವಿಯಾಗಿ ಬದಲಾಗಿದೆ.,Kannada,Legitimate
ನವೀಕರಣ: ಹೊಸ device ನಿಮ್ಮ accountಗೆ ಯಶಸ್ವಿಯಾಗಿ ಸೇರಿಸಲಾಗಿದೆ.,Kannada,Legitimate
Account recovery request [REF_ID] ಆಗಿ ದಾಖಲಾಗಿದೆ. https://official.example/app,Kannada,Legitimate
Security settings update ಯಶಸ್ವಿಯಾಗಿದೆ. ಧನ್ಯವಾದಗಳು. https://portal.example/status,Kannada,Legitimate
ನಿಮ್ಮ login [TIME]ಕ್ಕೆ ಯಶಸ್ವಿಯಾಗಿದೆ. https://service.example/receipt,Kannada,Legitimate
ನಿಮ್ಮ login OTP [OTP]. ಇದನ್ನು ಯಾರೊಂದಿಗೂ ಹಂಚಿಕೊಳ್ಳಬೇಡಿ.,Kannada,Legitimate
ಸೇವಾ ಮಾಹಿತಿ: Mobile number verificationಗಾಗಿ OTP [OTP].,Kannada,Legitimate
ನವೀಕರಣ: ಹೊಸ beneficiary ಸೇರಿಸಲು OTP [OTP] ಅಗತ್ಯವಿದೆ.,Kannada,Legitimate
"Bank service request verification OTP [OTP]. ಈ ಸೂಚನೆ ನಿಮ್ಮ ಸೇವಾ ವಿನಂತಿಗೆ ಸಂಬಂಧಿಸಿದೆ. ಯಾವುದೇ payment ಅಥವಾ identity action ಮಾಡುವ ಮೊದಲು ಅಧಿಕೃತ ಮಾಹಿತಿಯನ್ನು ಹೋಲಿಸಿ ನೋಡಿ. ಸಂಬಂಧಿತ service history ನಿಮ್ಮ official app ಅಥವಾ portalನಲ್ಲಿ ಪ್ರತ್ಯೇಕವಾಗಿ ಕಾಣಬಹುದು. ಸಂದೇಶದಲ್ಲಿರುವ ಸಮಯ, ಮೊತ್ತ ಮತ್ತು reference ವಿವರಗಳು service recordನಲ್ಲಿ ಕಾಣಿಸಬಹುದು.",Kannada,Legitimate
"Online payment confirmation OTP [OTP]. ಅಧಿಕೃತ accountನಲ್ಲಿ status ಕೂಡ ಕಾಣಬಹುದು. ಸಂಬಂಧಿತ service history ನಿಮ್ಮ official app ಅಥವಾ portalನಲ್ಲಿ ಪ್ರತ್ಯೇಕವಾಗಿ ಕಾಣಬಹುದು. ಸಂದೇಶದಲ್ಲಿರುವ ಸಮಯ, ಮೊತ್ತ ಮತ್ತು reference ವಿವರಗಳು service recordನಲ್ಲಿ ಕಾಣಿಸಬಹುದು. ನಿಮ್ಮ ಸಾಮಾನ್ಯ transaction record ಜೊತೆ ಈ ಸೂಚನೆಯನ್ನು ಪರಿಶೀಲಿಸುವುದು ಉಪಯುಕ್ತ. Account ಸಂಬಂಧಿತ ವಿನಂತಿಗಳಿಗೆ ಈಗಾಗಲೇ ತಿಳಿದಿರುವ ಅಧಿಕೃತ contact channel ಮಾತ್ರ ಬಳಸಿ.",Kannada,Legitimate
"ನಿಮ್ಮ account password ಯಶಸ್ವಿಯಾಗಿ ಬದಲಾಗಿದೆ. Reference number ಅನ್ನು ಸುರಕ್ಷಿತವಾಗಿ ಇಡಿ. ಸಂದೇಶದಲ್ಲಿರುವ ಸಮಯ, ಮೊತ್ತ ಮತ್ತು reference ವಿವರಗಳು service recordನಲ್ಲಿ ಕಾಣಿಸಬಹುದು. ನಿಮ್ಮ ಸಾಮಾನ್ಯ transaction record ಜೊತೆ ಈ ಸೂಚನೆಯನ್ನು ಪರಿಶೀಲಿಸುವುದು ಉಪಯುಕ್ತ. Account ಸಂಬಂಧಿತ ವಿನಂತಿಗಳಿಗೆ ಈಗಾಗಲೇ ತಿಳಿದಿರುವ ಅಧಿಕೃತ contact channel ಮಾತ್ರ ಬಳಸಿ. ಯಾವುದೇ ಸಮಸ್ಯೆಯಿದ್ದರೆ service providerನ ಅಧಿಕೃತ support option ಬಳಸಿ.",Kannada,Legitimate
ಹೊಸ device ನಿಮ್ಮ accountಗೆ ಯಶಸ್ವಿಯಾಗಿ ಸೇರಿಸಲಾಗಿದೆ. ಧನ್ಯವಾದಗಳು.,Kannada,Legitimate
Account recovery request [REF_ID] ಆಗಿ ದಾಖಲಾಗಿದೆ. https://service.example/receipt,Kannada,Legitimate
ನವೀಕರಣ: Security settings update ಯಶಸ್ವಿಯಾಗಿದೆ. https://track.example/order,Kannada,Legitimate
ನಿಮ್ಮ login [TIME]ಕ್ಕೆ ಯಶಸ್ವಿಯಾಗಿದೆ. https://official.example/app,Kannada,Legitimate
"ನಿಮ್ಮ login OTP [OTP]. ಇದನ್ನು ಯಾರೊಂದಿಗೂ ಹಂಚಿಕೊಳ್ಳಬೇಡಿ. ಮಾಹಿತಿ ಸಂಖ್ಯೆ KAN-01. ಈ ಮಾಹಿತಿಯಲ್ಲಿರುವ ಸೇವಾ ವಿವರಗಳನ್ನು ನಿಮ್ಮ ಅಧಿಕೃತ accountನಲ್ಲಿ ಪರಿಶೀಲಿಸಬಹುದು. ಯಾವುದೇ payment ಅಥವಾ identity action ಮಾಡುವ ಮೊದಲು ಅಧಿಕೃತ ಮಾಹಿತಿಯನ್ನು ಹೋಲಿಸಿ ನೋಡಿ. ಸಂಬಂಧಿತ service history ನಿಮ್ಮ official app ಅಥವಾ portalನಲ್ಲಿ ಪ್ರತ್ಯೇಕವಾಗಿ ಕಾಣಬಹುದು. ಸಂದೇಶದಲ್ಲಿರುವ ಸಮಯ, ಮೊತ್ತ ಮತ್ತು reference ವಿವರಗಳು service recordನಲ್ಲಿ ಕಾಣಿಸಬಹುದು.",Kannada,Legitimate
"Mobile number verificationಗಾಗಿ OTP [OTP]. ಈ ಸೂಚನೆ ನಿಮ್ಮ ಸೇವಾ ವಿನಂತಿಗೆ ಸಂಬಂಧಿಸಿದೆ. ಯಾವುದೇ payment ಅಥವಾ identity action ಮಾಡುವ ಮೊದಲು ಅಧಿಕೃತ ಮಾಹಿತಿಯನ್ನು ಹೋಲಿಸಿ ನೋಡಿ. ಸಂಬಂಧಿತ service history ನಿಮ್ಮ official app ಅಥವಾ portalನಲ್ಲಿ ಪ್ರತ್ಯೇಕವಾಗಿ ಕಾಣಬಹುದು. ಸಂದೇಶದಲ್ಲಿರುವ ಸಮಯ, ಮೊತ್ತ ಮತ್ತು reference ವಿವರಗಳು service recordನಲ್ಲಿ ಕಾಣಿಸಬಹುದು.",Kannada,Legitimate
"ಸೇವಾ ಮಾಹಿತಿ: ಹೊಸ beneficiary ಸೇರಿಸಲು OTP [OTP] ಅಗತ್ಯವಿದೆ. ಸಂಬಂಧಿತ service history ನಿಮ್ಮ official app ಅಥವಾ portalನಲ್ಲಿ ಪ್ರತ್ಯೇಕವಾಗಿ ಕಾಣಬಹುದು. ಸಂದೇಶದಲ್ಲಿರುವ ಸಮಯ, ಮೊತ್ತ ಮತ್ತು reference ವಿವರಗಳು service recordನಲ್ಲಿ ಕಾಣಿಸಬಹುದು. ನಿಮ್ಮ ಸಾಮಾನ್ಯ transaction record ಜೊತೆ ಈ ಸೂಚನೆಯನ್ನು ಪರಿಶೀಲಿಸುವುದು ಉಪಯುಕ್ತ. Account ಸಂಬಂಧಿತ ವಿನಂತಿಗಳಿಗೆ ಈಗಾಗಲೇ ತಿಳಿದಿರುವ ಅಧಿಕೃತ contact channel ಮಾತ್ರ ಬಳಸಿ.",Kannada,Legitimate
"Bank service request verification OTP [OTP]. Reference number ಅನ್ನು ಸುರಕ್ಷಿತವಾಗಿ ಇಡಿ. ಸಂದೇಶದಲ್ಲಿರುವ ಸಮಯ, ಮೊತ್ತ ಮತ್ತು reference ವಿವರಗಳು service recordನಲ್ಲಿ ಕಾಣಿಸಬಹುದು. ನಿಮ್ಮ ಸಾಮಾನ್ಯ transaction record ಜೊತೆ ಈ ಸೂಚನೆಯನ್ನು ಪರಿಶೀಲಿಸುವುದು ಉಪಯುಕ್ತ. Account ಸಂಬಂಧಿತ ವಿನಂತಿಗಳಿಗೆ ಈಗಾಗಲೇ ತಿಳಿದಿರುವ ಅಧಿಕೃತ contact channel ಮಾತ್ರ ಬಳಸಿ. ಯಾವುದೇ ಸಮಸ್ಯೆಯಿದ್ದರೆ service providerನ ಅಧಿಕೃತ support option ಬಳಸಿ.",Kannada,Legitimate
ನವೀಕರಣ: Online payment confirmation OTP [OTP].,Kannada,Legitimate
ನಿಮ್ಮ account password ಯಶಸ್ವಿಯಾಗಿ ಬದಲಾಗಿದೆ. Status ಪರಿಶೀಲಿಸಲು ಅಧಿಕೃತ channel ಬಳಸಿ. Account ಸಂಬಂಧಿತ ವಿನಂತಿಗಳಿಗೆ ಈಗಾಗಲೇ ತಿಳಿದಿರುವ ಅಧಿಕೃತ contact channel ಮಾತ್ರ ಬಳಸಿ. ಯಾವುದೇ ಸಮಸ್ಯೆಯಿದ್ದರೆ service providerನ ಅಧಿಕೃತ support option ಬಳಸಿ. ಸೇವೆಯ ಸ್ಥಿತಿಯನ್ನು ನಂತರ ಅಧಿಕೃತ portalನಲ್ಲಿ ಮತ್ತೆ ಪರಿಶೀಲಿಸಬಹುದು. ಈ ಮಾಹಿತಿಯಲ್ಲಿರುವ ಸೇವಾ ವಿವರಗಳನ್ನು ನಿಮ್ಮ ಅಧಿಕೃತ accountನಲ್ಲಿ ಪರಿಶೀಲಿಸಬಹುದು.,Kannada,Legitimate
ಹೊಸ device ನಿಮ್ಮ accountಗೆ ಯಶಸ್ವಿಯಾಗಿ ಸೇರಿಸಲಾಗಿದೆ.,Kannada,Legitimate
"ನವೀಕರಣ: Nimma card ಮೂಲಕ ₹2,499 payment ಯಶಸ್ವಿಯಾಗಿದೆ. https://official.example/app ಸೇವೆಯ ಸ್ಥಿತಿಯನ್ನು ನಂತರ ಅಧಿಕೃತ portalನಲ್ಲಿ ಮತ್ತೆ ಪರಿಶೀಲಿಸಬಹುದು. ಈ ಮಾಹಿತಿಯಲ್ಲಿರುವ ಸೇವಾ ವಿವರಗಳನ್ನು ನಿಮ್ಮ ಅಧಿಕೃತ accountನಲ್ಲಿ ಪರಿಶೀಲಿಸಬಹುದು. ಯಾವುದೇ payment ಅಥವಾ identity action ಮಾಡುವ ಮೊದಲು ಅಧಿಕೃತ ಮಾಹಿತಿಯನ್ನು ಹೋಲಿಸಿ ನೋಡಿ. ಸಂಬಂಧಿತ service history ನಿಮ್ಮ official app ಅಥವಾ portalನಲ್ಲಿ ಪ್ರತ್ಯೇಕವಾಗಿ ಕಾಣಬಹುದು.",Kannada,Legitimate
Debit card delivery request ಸ್ವೀಕರಿಸಲಾಗಿದೆ. https://portal.example/status,Kannada,Legitimate
Card PIN change request ಯಶಸ್ವಿಯಾಗಿ ಪೂರ್ಣಗೊಂಡಿದೆ. https://service.example/receipt,Kannada,Legitimate
"ನಿಮ್ಮ card online payment ₹1,999 ಯಶಸ್ವಿಯಾಗಿದೆ.",Kannada,Legitimate
Card statement ಅಧಿಕೃತ appನಲ್ಲಿ ಲಭ್ಯವಿದೆ.,Kannada,Legitimate
ಹೊಸ cardಗಾಗಿ application ಸ್ವೀಕರಿಸಲಾಗಿದೆ.,Kannada,Legitimate
ನವೀಕರಣ: ₹499 card payment reversal ಮೊತ್ತ ಖಾತೆಗೆ credit ಆಗಿದೆ. Account ಸಂಬಂಧಿತ ವಿನಂತಿಗಳಿಗೆ ಈಗಾಗಲೇ ತಿಳಿದಿರುವ ಅಧಿಕೃತ contact channel ಮಾತ್ರ ಬಳಸಿ. ಯಾವುದೇ ಸಮಸ್ಯೆಯಿದ್ದರೆ service providerನ ಅಧಿಕೃತ support option ಬಳಸಿ. ಸೇವೆಯ ಸ್ಥಿತಿಯನ್ನು ನಂತರ ಅಧಿಕೃತ portalನಲ್ಲಿ ಮತ್ತೆ ಪರಿಶೀಲಿಸಬಹುದು. ಈ ಮಾಹಿತಿಯಲ್ಲಿರುವ ಸೇವಾ ವಿವರಗಳನ್ನು ನಿಮ್ಮ ಅಧಿಕೃತ accountನಲ್ಲಿ ಪರಿಶೀಲಿಸಬಹುದು.,Kannada,Legitimate
Card contactless feature ಸಕ್ರಿಯವಾಗಿದೆ.,Kannada,Legitimate
Card service request [REF_ID] ದಾಖಲಾಗಿದೆ. ಧನ್ಯವಾದಗಳು.,Kannada,Legitimate
ನಿಮ್ಮ card delivery [DATE]ರೊಳಗೆ ನಿರೀಕ್ಷಿಸಲಾಗಿದೆ.,Kannada,Legitimate
"ನಿಮ್ಮ card ಮೂಲಕ ₹2,499 payment ಯಶಸ್ವಿಯಾಗಿದೆ. https://service.example/receipt",Kannada,Legitimate
"ಸೇವಾ ಮಾಹಿತಿ: Debit card delivery request ಸ್ವೀಕರಿಸಲಾಗಿದೆ. https://track.example/order ಸಂಬಂಧಿತ service history ನಿಮ್ಮ official app ಅಥವಾ portalನಲ್ಲಿ ಪ್ರತ್ಯೇಕವಾಗಿ ಕಾಣಬಹುದು. ಸಂದೇಶದಲ್ಲಿರುವ ಸಮಯ, ಮೊತ್ತ ಮತ್ತು reference ವಿವರಗಳು service recordನಲ್ಲಿ ಕಾಣಿಸಬಹುದು. ನಿಮ್ಮ ಸಾಮಾನ್ಯ transaction record ಜೊತೆ ಈ ಸೂಚನೆಯನ್ನು ಪರಿಶೀಲಿಸುವುದು ಉಪಯುಕ್ತ. Account ಸಂಬಂಧಿತ ವಿನಂತಿಗಳಿಗೆ ಈಗಾಗಲೇ ತಿಳಿದಿರುವ ಅಧಿಕೃತ contact channel ಮಾತ್ರ ಬಳಸಿ.",Kannada,Legitimate
"ನವೀಕರಣ: Card PIN change request ಯಶಸ್ವಿಯಾಗಿ ಪೂರ್ಣಗೊಂಡಿದೆ. https://official.example/app ಸಂದೇಶದಲ್ಲಿರುವ ಸಮಯ, ಮೊತ್ತ ಮತ್ತು reference ವಿವರಗಳು service recordನಲ್ಲಿ ಕಾಣಿಸಬಹುದು. ನಿಮ್ಮ ಸಾಮಾನ್ಯ transaction record ಜೊತೆ ಈ ಸೂಚನೆಯನ್ನು ಪರಿಶೀಲಿಸುವುದು ಉಪಯುಕ್ತ. Account ಸಂಬಂಧಿತ ವಿನಂತಿಗಳಿಗೆ ಈಗಾಗಲೇ ತಿಳಿದಿರುವ ಅಧಿಕೃತ contact channel ಮಾತ್ರ ಬಳಸಿ. ಯಾವುದೇ ಸಮಸ್ಯೆಯಿದ್ದರೆ service providerನ ಅಧಿಕೃತ support option ಬಳಸಿ.",Kannada,Legitimate
"ನಿಮ್ಮ card online payment ₹1,999 ಯಶಸ್ವಿಯಾಗಿದೆ. ಈ message ಸೇವಾ ಪ್ರಕ್ರಿಯೆಯ ಮಾಹಿತಿಗಾಗಿ. ನಿಮ್ಮ ಸಾಮಾನ್ಯ transaction record ಜೊತೆ ಈ ಸೂಚನೆಯನ್ನು ಪರಿಶೀಲಿಸುವುದು ಉಪಯುಕ್ತ. Account ಸಂಬಂಧಿತ ವಿನಂತಿಗಳಿಗೆ ಈಗಾಗಲೇ ತಿಳಿದಿರುವ ಅಧಿಕೃತ contact channel ಮಾತ್ರ ಬಳಸಿ. ಯಾವುದೇ ಸಮಸ್ಯೆಯಿದ್ದರೆ service providerನ ಅಧಿಕೃತ support option ಬಳಸಿ. ಸೇವೆಯ ಸ್ಥಿತಿಯನ್ನು ನಂತರ ಅಧಿಕೃತ portalನಲ್ಲಿ ಮತ್ತೆ ಪರಿಶೀಲಿಸಬಹುದು.",Kannada,Legitimate
Card statement ಅಧಿಕೃತ appನಲ್ಲಿ ಲಭ್ಯವಿದೆ. Status ಪರಿಶೀಲಿಸಲು ಅಧಿಕೃತ channel ಬಳಸಿ. Account ಸಂಬಂಧಿತ ವಿನಂತಿಗಳಿಗೆ ಈಗಾಗಲೇ ತಿಳಿದಿರುವ ಅಧಿಕೃತ contact channel ಮಾತ್ರ ಬಳಸಿ. ಯಾವುದೇ ಸಮಸ್ಯೆಯಿದ್ದರೆ service providerನ ಅಧಿಕೃತ support option ಬಳಸಿ. ಸೇವೆಯ ಸ್ಥಿತಿಯನ್ನು ನಂತರ ಅಧಿಕೃತ portalನಲ್ಲಿ ಮತ್ತೆ ಪರಿಶೀಲಿಸಬಹುದು. ಈ ಮಾಹಿತಿಯಲ್ಲಿರುವ ಸೇವಾ ವಿವರಗಳನ್ನು ನಿಮ್ಮ ಅಧಿಕೃತ accountನಲ್ಲಿ ಪರಿಶೀಲಿಸಬಹುದು.,Kannada,Legitimate
ಹೊಸ cardಗಾಗಿ application ಸ್ವೀಕರಿಸಲಾಗಿದೆ. Customer service ವಿವರಗಳು accountನಲ್ಲಿ ಲಭ್ಯವಿವೆ. ಯಾವುದೇ ಸಮಸ್ಯೆಯಿದ್ದರೆ service providerನ ಅಧಿಕೃತ support option ಬಳಸಿ. ಸೇವೆಯ ಸ್ಥಿತಿಯನ್ನು ನಂತರ ಅಧಿಕೃತ portalನಲ್ಲಿ ಮತ್ತೆ ಪರಿಶೀಲಿಸಬಹುದು. ಈ ಮಾಹಿತಿಯಲ್ಲಿರುವ ಸೇವಾ ವಿವರಗಳನ್ನು ನಿಮ್ಮ ಅಧಿಕೃತ accountನಲ್ಲಿ ಪರಿಶೀಲಿಸಬಹುದು. ಯಾವುದೇ payment ಅಥವಾ identity action ಮಾಡುವ ಮೊದಲು ಅಧಿಕೃತ ಮಾಹಿತಿಯನ್ನು ಹೋಲಿಸಿ ನೋಡಿ.,Kannada,Legitimate
₹499 card payment reversal ಮೊತ್ತ ಖಾತೆಗೆ credit ಆಗಿದೆ. ಧನ್ಯವಾದಗಳು. ಸೇವೆಯ ಸ್ಥಿತಿಯನ್ನು ನಂತರ ಅಧಿಕೃತ portalನಲ್ಲಿ ಮತ್ತೆ ಪರಿಶೀಲಿಸಬಹುದು. ಈ ಮಾಹಿತಿಯಲ್ಲಿರುವ ಸೇವಾ ವಿವರಗಳನ್ನು ನಿಮ್ಮ ಅಧಿಕೃತ accountನಲ್ಲಿ ಪರಿಶೀಲಿಸಬಹುದು. ಯಾವುದೇ payment ಅಥವಾ identity action ಮಾಡುವ ಮೊದಲು ಅಧಿಕೃತ ಮಾಹಿತಿಯನ್ನು ಹೋಲಿಸಿ ನೋಡಿ. ಸಂಬಂಧಿತ service history ನಿಮ್ಮ official app ಅಥವಾ portalನಲ್ಲಿ ಪ್ರತ್ಯೇಕವಾಗಿ ಕಾಣಬಹುದು.,Kannada,Legitimate
Card contactless feature ಸಕ್ರಿಯವಾಗಿದೆ. ಮಾಹಿತಿ ಸಂಖ್ಯೆ KAN-01.,Kannada,Legitimate
ನವೀಕರಣ: Card service request [REF_ID] ದಾಖಲಾಗಿದೆ.,Kannada,Legitimate
"ನಿಮ್ಮ card delivery [DATE]ರೊಳಗೆ ನಿರೀಕ್ಷಿಸಲಾಗಿದೆ. ಅಧಿಕೃತ accountನಲ್ಲಿ status ಕೂಡ ಕಾಣಬಹುದು. ಸಂಬಂಧಿತ service history ನಿಮ್ಮ official app ಅಥವಾ portalನಲ್ಲಿ ಪ್ರತ್ಯೇಕವಾಗಿ ಕಾಣಬಹುದು. ಸಂದೇಶದಲ್ಲಿರುವ ಸಮಯ, ಮೊತ್ತ ಮತ್ತು reference ವಿವರಗಳು service recordನಲ್ಲಿ ಕಾಣಿಸಬಹುದು. ನಿಮ್ಮ ಸಾಮಾನ್ಯ transaction record ಜೊತೆ ಈ ಸೂಚನೆಯನ್ನು ಪರಿಶೀಲಿಸುವುದು ಉಪಯುಕ್ತ. Account ಸಂಬಂಧಿತ ವಿನಂತಿಗಳಿಗೆ ಈಗಾಗಲೇ ತಿಳಿದಿರುವ ಅಧಿಕೃತ contact channel ಮಾತ್ರ ಬಳಸಿ.",Kannada,Legitimate
"ನಿಮ್ಮ card ಮೂಲಕ ₹2,499 payment ಯಶಸ್ವಿಯಾಗಿದೆ. https://official.example/app",Kannada,Legitimate
Debit card delivery request ಸ್ವೀಕರಿಸಲಾಗಿದೆ. https://portal.example/status ಈ message ಸೇವಾ ಪ್ರಕ್ರಿಯೆಯ ಮಾಹಿತಿಗಾಗಿ. ನಿಮ್ಮ ಸಾಮಾನ್ಯ transaction record ಜೊತೆ ಈ ಸೂಚನೆಯನ್ನು ಪರಿಶೀಲಿಸುವುದು ಉಪಯುಕ್ತ. Account ಸಂಬಂಧಿತ ವಿನಂತಿಗಳಿಗೆ ಈಗಾಗಲೇ ತಿಳಿದಿರುವ ಅಧಿಕೃತ contact channel ಮಾತ್ರ ಬಳಸಿ. ಯಾವುದೇ ಸಮಸ್ಯೆಯಿದ್ದರೆ service providerನ ಅಧಿಕೃತ support option ಬಳಸಿ. ಸೇವೆಯ ಸ್ಥಿತಿಯನ್ನು ನಂತರ ಅಧಿಕೃತ portalನಲ್ಲಿ ಮತ್ತೆ ಪರಿಶೀಲಿಸಬಹುದು.,Kannada,Legitimate
ಸೇವಾ ಮಾಹಿತಿ: Card PIN change request ಯಶಸ್ವಿಯಾಗಿ ಪೂರ್ಣಗೊಂಡಿದೆ. https://service.example/receipt Account ಸಂಬಂಧಿತ ವಿನಂತಿಗಳಿಗೆ ಈಗಾಗಲೇ ತಿಳಿದಿರುವ ಅಧಿಕೃತ contact channel ಮಾತ್ರ ಬಳಸಿ. ಯಾವುದೇ ಸಮಸ್ಯೆಯಿದ್ದರೆ service providerನ ಅಧಿಕೃತ support option ಬಳಸಿ. ಸೇವೆಯ ಸ್ಥಿತಿಯನ್ನು ನಂತರ ಅಧಿಕೃತ portalನಲ್ಲಿ ಮತ್ತೆ ಪರಿಶೀಲಿಸಬಹುದು. ಈ ಮಾಹಿತಿಯಲ್ಲಿರುವ ಸೇವಾ ವಿವರಗಳನ್ನು ನಿಮ್ಮ ಅಧಿಕೃತ accountನಲ್ಲಿ ಪರಿಶೀಲಿಸಬಹುದು.,Kannada,Legitimate
ನವೀಕರಣ: ನಿಮ್ಮ government service application [APPLICATION_ID] ಸ್ವೀಕರಿಸಲಾಗಿದೆ.,Kannada,Legitimate
Certificate application ಅಧಿಕೃತ portalನಲ್ಲಿ ದಾಖಲಾಗಿದೆ.,Kannada,Legitimate
Nimma documents submission receipt ಲಭ್ಯವಿದೆ.,Kannada,Legitimate
Service centre appointment [DATE] ರಂದು [TIME]ಕ್ಕೆ ಇದೆ.,Kannada,Legitimate
ನಿಮ್ಮ application status ಅಧಿಕೃತ portalನಲ್ಲಿ update ಆಗಿದೆ.,Kannada,Legitimate
ನಿಮ್ಮ document downloadಗೆ ಸಿದ್ಧವಾಗಿದೆ.,Kannada,Legitimate
ನವೀಕರಣ: ₹249 government service payment ಯಶಸ್ವಿಯಾಗಿದೆ.,Kannada,Legitimate
ನಿಮ್ಮ request [REF_ID] ಅಡಿಯಲ್ಲಿ ನೋಂದಾಯಿಸಲಾಗಿದೆ. https://service.example/receipt,Kannada,Legitimate
ನಿಮ್ಮ application verification ಪೂರ್ಣಗೊಂಡಿದೆ. ಧನ್ಯವಾದಗಳು. https://track.example/order,Kannada,Legitimate
Digital certificate copy ಅಧಿಕೃತ accountನಲ್ಲಿ ಲಭ್ಯವಿದೆ. https://official.example/app,Kannada,Legitimate
ನಿಮ್ಮ government service application [APPLICATION_ID] ಸ್ವೀಕರಿಸಲಾಗಿದೆ.,Kannada,Legitimate
ಸೇವಾ ಮಾಹಿತಿ: Certificate application ಅಧಿಕೃತ portalನಲ್ಲಿ ದಾಖಲಾಗಿದೆ.,Kannada,Legitimate
ನವೀಕರಣ: ನಿಮ್ಮ documents submission receipt ಲಭ್ಯವಿದೆ.,Kannada,Legitimate
"Service centre appointment [DATE] ರಂದು [TIME]ಕ್ಕೆ ಇದೆ. Reference number ಅನ್ನು ಸುರಕ್ಷಿತವಾಗಿ ಇಡಿ. ಸಂದೇಶದಲ್ಲಿರುವ ಸಮಯ, ಮೊತ್ತ ಮತ್ತು reference ವಿವರಗಳು service recordನಲ್ಲಿ ಕಾಣಿಸಬಹುದು. ನಿಮ್ಮ ಸಾಮಾನ್ಯ transaction record ಜೊತೆ ಈ ಸೂಚನೆಯನ್ನು ಪರಿಶೀಲಿಸುವುದು ಉಪಯುಕ್ತ. Account ಸಂಬಂಧಿತ ವಿನಂತಿಗಳಿಗೆ ಈಗಾಗಲೇ ತಿಳಿದಿರುವ ಅಧಿಕೃತ contact channel ಮಾತ್ರ ಬಳಸಿ.",Kannada,Legitimate
ನಿಮ್ಮ application status ಅಧಿಕೃತ portalನಲ್ಲಿ update ಆಗಿದೆ. ಈ message ಸೇವಾ ಪ್ರಕ್ರಿಯೆಯ ಮಾಹಿತಿಗಾಗಿ. ನಿಮ್ಮ ಸಾಮಾನ್ಯ transaction record ಜೊತೆ ಈ ಸೂಚನೆಯನ್ನು ಪರಿಶೀಲಿಸುವುದು ಉಪಯುಕ್ತ. Account ಸಂಬಂಧಿತ ವಿನಂತಿಗಳಿಗೆ ಈಗಾಗಲೇ ತಿಳಿದಿರುವ ಅಧಿಕೃತ contact channel ಮಾತ್ರ ಬಳಸಿ. ಯಾವುದೇ ಸಮಸ್ಯೆಯಿದ್ದರೆ service providerನ ಅಧಿಕೃತ support option ಬಳಸಿ. ಸೇವೆಯ ಸ್ಥಿತಿಯನ್ನು ನಂತರ ಅಧಿಕೃತ portalನಲ್ಲಿ ಮತ್ತೆ ಪರಿಶೀಲಿಸಬಹುದು.,Kannada,Legitimate
ನಿಮ್ಮ document downloadಗೆ ಸಿದ್ಧವಾಗಿದೆ. Status ಪರಿಶೀಲಿಸಲು ಅಧಿಕೃತ channel ಬಳಸಿ. Account ಸಂಬಂಧಿತ ವಿನಂತಿಗಳಿಗೆ ಈಗಾಗಲೇ ತಿಳಿದಿರುವ ಅಧಿಕೃತ contact channel ಮಾತ್ರ ಬಳಸಿ. ಯಾವುದೇ ಸಮಸ್ಯೆಯಿದ್ದರೆ service providerನ ಅಧಿಕೃತ support option ಬಳಸಿ. ಸೇವೆಯ ಸ್ಥಿತಿಯನ್ನು ನಂತರ ಅಧಿಕೃತ portalನಲ್ಲಿ ಮತ್ತೆ ಪರಿಶೀಲಿಸಬಹುದು. ಈ ಮಾಹಿತಿಯಲ್ಲಿರುವ ಸೇವಾ ವಿವರಗಳನ್ನು ನಿಮ್ಮ ಅಧಿಕೃತ accountನಲ್ಲಿ ಪರಿಶೀಲಿಸಬಹುದು.,Kannada,Legitimate
₹249 government service payment ಯಶಸ್ವಿಯಾಗಿದೆ. ಧನ್ಯವಾದಗಳು.,Kannada,Legitimate
ನಿಮ್ಮ request [REF_ID] ಅಡಿಯಲ್ಲಿ ನೋಂದಾಯಿಸಲಾಗಿದೆ. https://official.example/app,Kannada,Legitimate
ನವೀಕರಣ: ನಿಮ್ಮ application verification ಪೂರ್ಣಗೊಂಡಿದೆ. https://portal.example/status,Kannada,Legitimate
Digital certificate copy ಅಧಿಕೃತ accountನಲ್ಲಿ ಲಭ್ಯವಿದೆ. https://service.example/receipt,Kannada,Legitimate
"ನಿಮ್ಮ government service application [APPLICATION_ID] ಸ್ವೀಕರಿಸಲಾಗಿದೆ. ಅಧಿಕೃತ accountನಲ್ಲಿ status ಕೂಡ ಕಾಣಬಹುದು. ಸಂಬಂಧಿತ service history ನಿಮ್ಮ official app ಅಥವಾ portalನಲ್ಲಿ ಪ್ರತ್ಯೇಕವಾಗಿ ಕಾಣಬಹುದು. ಸಂದೇಶದಲ್ಲಿರುವ ಸಮಯ, ಮೊತ್ತ ಮತ್ತು reference ವಿವರಗಳು service recordನಲ್ಲಿ ಕಾಣಿಸಬಹುದು. ನಿಮ್ಮ ಸಾಮಾನ್ಯ transaction record ಜೊತೆ ಈ ಸೂಚನೆಯನ್ನು ಪರಿಶೀಲಿಸುವುದು ಉಪಯುಕ್ತ. Account ಸಂಬಂಧಿತ ವಿನಂತಿಗಳಿಗೆ ಈಗಾಗಲೇ ತಿಳಿದಿರುವ ಅಧಿಕೃತ contact channel ಮಾತ್ರ ಬಳಸಿ.",Kannada,Legitimate
"Certificate application ಅಧಿಕೃತ portalನಲ್ಲಿ ದಾಖಲಾಗಿದೆ. Reference number ಅನ್ನು ಸುರಕ್ಷಿತವಾಗಿ ಇಡಿ. ಸಂದೇಶದಲ್ಲಿರುವ ಸಮಯ, ಮೊತ್ತ ಮತ್ತು reference ವಿವರಗಳು service recordನಲ್ಲಿ ಕಾಣಿಸಬಹುದು. ನಿಮ್ಮ ಸಾಮಾನ್ಯ transaction record ಜೊತೆ ಈ ಸೂಚನೆಯನ್ನು ಪರಿಶೀಲಿಸುವುದು ಉಪಯುಕ್ತ. Account ಸಂಬಂಧಿತ ವಿನಂತಿಗಳಿಗೆ ಈಗಾಗಲೇ ತಿಳಿದಿರುವ ಅಧಿಕೃತ contact channel ಮಾತ್ರ ಬಳಸಿ. ಯಾವುದೇ ಸಮಸ್ಯೆಯಿದ್ದರೆ service providerನ ಅಧಿಕೃತ support option ಬಳಸಿ.",Kannada,Legitimate
ಸೇವಾ ಮಾಹಿತಿ: ನಿಮ್ಮ documents submission receipt ಲಭ್ಯವಿದೆ.,Kannada,Legitimate
ನವೀಕರಣ: ನಿಮ್ಮ parcel [REF_ID] deliveryಗೆ ಹೊರಟಿದೆ.,Kannada,Legitimate
ನಿಮ್ಮ package local delivery centre ತಲುಪಿದೆ.,Kannada,Legitimate
ನಿಮ್ಮ order ಇಂದು delivery ಆಗುವ ನಿರೀಕ್ಷೆಯಿದೆ.,Kannada,Legitimate
"ನಿಮ್ಮ shipment transitನಲ್ಲಿ ಇದೆ. ಅಧಿಕೃತ courier appನಲ್ಲಿ status ನೋಡಿ. ಈ ಮಾಹಿತಿಯಲ್ಲಿರುವ ಸೇವಾ ವಿವರಗಳನ್ನು ನಿಮ್ಮ ಅಧಿಕೃತ accountನಲ್ಲಿ ಪರಿಶೀಲಿಸಬಹುದು. ಯಾವುದೇ payment ಅಥವಾ identity action ಮಾಡುವ ಮೊದಲು ಅಧಿಕೃತ ಮಾಹಿತಿಯನ್ನು ಹೋಲಿಸಿ ನೋಡಿ. ಸಂಬಂಧಿತ service history ನಿಮ್ಮ official app ಅಥವಾ portalನಲ್ಲಿ ಪ್ರತ್ಯೇಕವಾಗಿ ಕಾಣಬಹುದು. ಸಂದೇಶದಲ್ಲಿರುವ ಸಮಯ, ಮೊತ್ತ ಮತ್ತು reference ವಿವರಗಳು service recordನಲ್ಲಿ ಕಾಣಿಸಬಹುದು.",Kannada,Legitimate
Nimma parcel ಯಶಸ್ವಿಯಾಗಿ delivered ಆಗಿದೆ. https://service.example/receipt,Kannada,Legitimate
Return package pickup ಪೂರ್ಣಗೊಂಡಿದೆ. https://track.example/order,Kannada,Legitimate
ನವೀಕರಣ: Order pack ಆಗಿ dispatchಗೆ ಸಿದ್ಧವಾಗಿದೆ. https://official.example/app,Kannada,Legitimate
Delivery status [REF_ID]ಗೆ update ಆಗಿದೆ.,Kannada,Legitimate
Courier pickup confirmation ದೊರೆತಿದೆ. ಧನ್ಯವಾದಗಳು.,Kannada,Legitimate
Return package local centreಗೆ ಸ್ವೀಕರಿಸಲಾಗಿದೆ.,Kannada,Legitimate
ನಿಮ್ಮ parcel [REF_ID] deliveryಗೆ ಹೊರಟಿದೆ.,Kannada,Legitimate
"ಸೇವಾ ಮಾಹಿತಿ: ನಿಮ್ಮ package local delivery centre ತಲುಪಿದೆ. ಈ ಮಾಹಿತಿಯಲ್ಲಿರುವ ಸೇವಾ ವಿವರಗಳನ್ನು ನಿಮ್ಮ ಅಧಿಕೃತ accountನಲ್ಲಿ ಪರಿಶೀಲಿಸಬಹುದು. ಯಾವುದೇ payment ಅಥವಾ identity action ಮಾಡುವ ಮೊದಲು ಅಧಿಕೃತ ಮಾಹಿತಿಯನ್ನು ಹೋಲಿಸಿ ನೋಡಿ. ಸಂಬಂಧಿತ service history ನಿಮ್ಮ official app ಅಥವಾ portalನಲ್ಲಿ ಪ್ರತ್ಯೇಕವಾಗಿ ಕಾಣಬಹುದು. ಸಂದೇಶದಲ್ಲಿರುವ ಸಮಯ, ಮೊತ್ತ ಮತ್ತು reference ವಿವರಗಳು service recordನಲ್ಲಿ ಕಾಣಿಸಬಹುದು.",Kannada,Legitimate
ನವೀಕರಣ: ನಿಮ್ಮ order ಇಂದು delivery ಆಗುವ ನಿರೀಕ್ಷೆಯಿದೆ.,Kannada,Legitimate
"ನಿಮ್ಮ shipment transitನಲ್ಲಿ ಇದೆ. ಅಧಿಕೃತ courier appನಲ್ಲಿ status ನೋಡಿ. ಅಧಿಕೃತ accountನಲ್ಲಿ status ಕೂಡ ಕಾಣಬಹುದು. ಸಂಬಂಧಿತ service history ನಿಮ್ಮ official app ಅಥವಾ portalನಲ್ಲಿ ಪ್ರತ್ಯೇಕವಾಗಿ ಕಾಣಬಹುದು. ಸಂದೇಶದಲ್ಲಿರುವ ಸಮಯ, ಮೊತ್ತ ಮತ್ತು reference ವಿವರಗಳು service recordನಲ್ಲಿ ಕಾಣಿಸಬಹುದು. ನಿಮ್ಮ ಸಾಮಾನ್ಯ transaction record ಜೊತೆ ಈ ಸೂಚನೆಯನ್ನು ಪರಿಶೀಲಿಸುವುದು ಉಪಯುಕ್ತ.",Kannada,Legitimate
ನಿಮ್ಮ parcel ಯಶಸ್ವಿಯಾಗಿ delivered ಆಗಿದೆ. https://official.example/app,Kannada,Legitimate
Return package pickup ಪೂರ್ಣಗೊಂಡಿದೆ. https://portal.example/status,Kannada,Legitimate
Order pack ಆಗಿ dispatchಗೆ ಸಿದ್ಧವಾಗಿದೆ. ಧನ್ಯವಾದಗಳು. https://service.example/receipt,Kannada,Legitimate
Delivery status [REF_ID]ಗೆ update ಆಗಿದೆ. Customer service ವಿವರಗಳು accountನಲ್ಲಿ ಲಭ್ಯವಿವೆ. ಯಾವುದೇ ಸಮಸ್ಯೆಯಿದ್ದರೆ service providerನ ಅಧಿಕೃತ support option ಬಳಸಿ. ಸೇವೆಯ ಸ್ಥಿತಿಯನ್ನು ನಂತರ ಅಧಿಕೃತ portalನಲ್ಲಿ ಮತ್ತೆ ಪರಿಶೀಲಿಸಬಹುದು. ಈ ಮಾಹಿತಿಯಲ್ಲಿರುವ ಸೇವಾ ವಿವರಗಳನ್ನು ನಿಮ್ಮ ಅಧಿಕೃತ accountನಲ್ಲಿ ಪರಿಶೀಲಿಸಬಹುದು. ಯಾವುದೇ payment ಅಥವಾ identity action ಮಾಡುವ ಮೊದಲು ಅಧಿಕೃತ ಮಾಹಿತಿಯನ್ನು ಹೋಲಿಸಿ ನೋಡಿ.,Kannada,Legitimate
ನವೀಕರಣ: Courier pickup confirmation ದೊರೆತಿದೆ.,Kannada,Legitimate
"Return package local centreಗೆ ಸ್ವೀಕರಿಸಲಾಗಿದೆ. ಮಾಹಿತಿ ಸಂಖ್ಯೆ KAN-01. ಈ ಮಾಹಿತಿಯಲ್ಲಿರುವ ಸೇವಾ ವಿವರಗಳನ್ನು ನಿಮ್ಮ ಅಧಿಕೃತ accountನಲ್ಲಿ ಪರಿಶೀಲಿಸಬಹುದು. ಯಾವುದೇ payment ಅಥವಾ identity action ಮಾಡುವ ಮೊದಲು ಅಧಿಕೃತ ಮಾಹಿತಿಯನ್ನು ಹೋಲಿಸಿ ನೋಡಿ. ಸಂಬಂಧಿತ service history ನಿಮ್ಮ official app ಅಥವಾ portalನಲ್ಲಿ ಪ್ರತ್ಯೇಕವಾಗಿ ಕಾಣಬಹುದು. ಸಂದೇಶದಲ್ಲಿರುವ ಸಮಯ, ಮೊತ್ತ ಮತ್ತು reference ವಿವರಗಳು service recordನಲ್ಲಿ ಕಾಣಿಸಬಹುದು.",Kannada,Legitimate
"ನಿಮ್ಮ parcel [REF_ID] deliveryಗೆ ಹೊರಟಿದೆ. ಈ ಸೂಚನೆ ನಿಮ್ಮ ಸೇವಾ ವಿನಂತಿಗೆ ಸಂಬಂಧಿಸಿದೆ. ಯಾವುದೇ payment ಅಥವಾ identity action ಮಾಡುವ ಮೊದಲು ಅಧಿಕೃತ ಮಾಹಿತಿಯನ್ನು ಹೋಲಿಸಿ ನೋಡಿ. ಸಂಬಂಧಿತ service history ನಿಮ್ಮ official app ಅಥವಾ portalನಲ್ಲಿ ಪ್ರತ್ಯೇಕವಾಗಿ ಕಾಣಬಹುದು. ಸಂದೇಶದಲ್ಲಿರುವ ಸಮಯ, ಮೊತ್ತ ಮತ್ತು reference ವಿವರಗಳು service recordನಲ್ಲಿ ಕಾಣಿಸಬಹುದು.",Kannada,Legitimate
"ನಿಮ್ಮ package local delivery centre ತಲುಪಿದೆ. ಅಧಿಕೃತ accountನಲ್ಲಿ status ಕೂಡ ಕಾಣಬಹುದು. ಸಂಬಂಧಿತ service history ನಿಮ್ಮ official app ಅಥವಾ portalನಲ್ಲಿ ಪ್ರತ್ಯೇಕವಾಗಿ ಕಾಣಬಹುದು. ಸಂದೇಶದಲ್ಲಿರುವ ಸಮಯ, ಮೊತ್ತ ಮತ್ತು reference ವಿವರಗಳು service recordನಲ್ಲಿ ಕಾಣಿಸಬಹುದು. ನಿಮ್ಮ ಸಾಮಾನ್ಯ transaction record ಜೊತೆ ಈ ಸೂಚನೆಯನ್ನು ಪರಿಶೀಲಿಸುವುದು ಉಪಯುಕ್ತ. Account ಸಂಬಂಧಿತ ವಿನಂತಿಗಳಿಗೆ ಈಗಾಗಲೇ ತಿಳಿದಿರುವ ಅಧಿಕೃತ contact channel ಮಾತ್ರ ಬಳಸಿ.",Kannada,Legitimate
"ಸೇವಾ ಮಾಹಿತಿ: ನಿಮ್ಮ order ಇಂದು delivery ಆಗುವ ನಿರೀಕ್ಷೆಯಿದೆ. ಸಂದೇಶದಲ್ಲಿರುವ ಸಮಯ, ಮೊತ್ತ ಮತ್ತು reference ವಿವರಗಳು service recordನಲ್ಲಿ ಕಾಣಿಸಬಹುದು. ನಿಮ್ಮ ಸಾಮಾನ್ಯ transaction record ಜೊತೆ ಈ ಸೂಚನೆಯನ್ನು ಪರಿಶೀಲಿಸುವುದು ಉಪಯುಕ್ತ. Account ಸಂಬಂಧಿತ ವಿನಂತಿಗಳಿಗೆ ಈಗಾಗಲೇ ತಿಳಿದಿರುವ ಅಧಿಕೃತ contact channel ಮಾತ್ರ ಬಳಸಿ. ಯಾವುದೇ ಸಮಸ್ಯೆಯಿದ್ದರೆ service providerನ ಅಧಿಕೃತ support option ಬಳಸಿ.",Kannada,Legitimate
ನವೀಕರಣ: ನಿಮ್ಮ application [REF_ID] recruitment team ಸ್ವೀಕರಿಸಿದೆ.,Kannada,Legitimate
Interview slot [DATE] ರಂದು [TIME]ಕ್ಕೆ ನಿಗದಿಯಾಗಿದೆ. https://service.example/receipt Account ಸಂಬಂಧಿತ ವಿನಂತಿಗಳಿಗೆ ಈಗಾಗಲೇ ತಿಳಿದಿರುವ ಅಧಿಕೃತ contact channel ಮಾತ್ರ ಬಳಸಿ. ಯಾವುದೇ ಸಮಸ್ಯೆಯಿದ್ದರೆ service providerನ ಅಧಿಕೃತ support option ಬಳಸಿ. ಸೇವೆಯ ಸ್ಥಿತಿಯನ್ನು ನಂತರ ಅಧಿಕೃತ portalನಲ್ಲಿ ಮತ್ತೆ ಪರಿಶೀಲಿಸಬಹುದು. ಈ ಮಾಹಿತಿಯಲ್ಲಿರುವ ಸೇವಾ ವಿವರಗಳನ್ನು ನಿಮ್ಮ ಅಧಿಕೃತ accountನಲ್ಲಿ ಪರಿಶೀಲಿಸಬಹುದು.,Kannada,Legitimate
ನಿಮ್ಮ profile ಮುಂದಿನ recruitment ಹಂತಕ್ಕೆ ಕಳುಹಿಸಲಾಗಿದೆ. https://track.example/order ಯಾವುದೇ ಸಮಸ್ಯೆಯಿದ್ದರೆ service providerನ ಅಧಿಕೃತ support option ಬಳಸಿ. ಸೇವೆಯ ಸ್ಥಿತಿಯನ್ನು ನಂತರ ಅಧಿಕೃತ portalನಲ್ಲಿ ಮತ್ತೆ ಪರಿಶೀಲಿಸಬಹುದು. ಈ ಮಾಹಿತಿಯಲ್ಲಿರುವ ಸೇವಾ ವಿವರಗಳನ್ನು ನಿಮ್ಮ ಅಧಿಕೃತ accountನಲ್ಲಿ ಪರಿಶೀಲಿಸಬಹುದು. ಯಾವುದೇ payment ಅಥವಾ identity action ಮಾಡುವ ಮೊದಲು ಅಧಿಕೃತ ಮಾಹಿತಿಯನ್ನು ಹೋಲಿಸಿ ನೋಡಿ.,Kannada,Legitimate
ನಿಮ್ಮ application status official recruitment portalನಲ್ಲಿ update ಆಗಿದೆ. https://official.example/app ಸೇವೆಯ ಸ್ಥಿತಿಯನ್ನು ನಂತರ ಅಧಿಕೃತ portalನಲ್ಲಿ ಮತ್ತೆ ಪರಿಶೀಲಿಸಬಹುದು. ಈ ಮಾಹಿತಿಯಲ್ಲಿರುವ ಸೇವಾ ವಿವರಗಳನ್ನು ನಿಮ್ಮ ಅಧಿಕೃತ accountನಲ್ಲಿ ಪರಿಶೀಲಿಸಬಹುದು. ಯಾವುದೇ payment ಅಥವಾ identity action ಮಾಡುವ ಮೊದಲು ಅಧಿಕೃತ ಮಾಹಿತಿಯನ್ನು ಹೋಲಿಸಿ ನೋಡಿ. ಸಂಬಂಧಿತ service history ನಿಮ್ಮ official app ಅಥವಾ portalನಲ್ಲಿ ಪ್ರತ್ಯೇಕವಾಗಿ ಕಾಣಬಹುದು.,Kannada,Legitimate
Online test [DATE]ರೊಳಗೆ ಪೂರ್ಣಗೊಳಿಸಬೇಕು.,Kannada,Legitimate
Recruitment team ನಿಮ್ಮ resume review ದಾಖಲಿಸಿದೆ.,Kannada,Legitimate
"ನವೀಕರಣ: Interview invitation official recruitment portalನಲ್ಲಿ ಲಭ್ಯವಿದೆ. ಸಂಬಂಧಿತ service history ನಿಮ್ಮ official app ಅಥವಾ portalನಲ್ಲಿ ಪ್ರತ್ಯೇಕವಾಗಿ ಕಾಣಬಹುದು. ಸಂದೇಶದಲ್ಲಿರುವ ಸಮಯ, ಮೊತ್ತ ಮತ್ತು reference ವಿವರಗಳು service recordನಲ್ಲಿ ಕಾಣಿಸಬಹುದು. ನಿಮ್ಮ ಸಾಮಾನ್ಯ transaction record ಜೊತೆ ಈ ಸೂಚನೆಯನ್ನು ಪರಿಶೀಲಿಸುವುದು ಉಪಯುಕ್ತ. Account ಸಂಬಂಧಿತ ವಿನಂತಿಗಳಿಗೆ ಈಗಾಗಲೇ ತಿಳಿದಿರುವ ಅಧಿಕೃತ contact channel ಮಾತ್ರ ಬಳಸಿ.",Kannada,Legitimate
Application documents submission receipt ಲಭ್ಯವಿದೆ.,Kannada,Legitimate
Job application ID [APPLICATION_ID] ಯಶಸ್ವಿಯಾಗಿ ಸೃಷ್ಟಿಯಾಗಿದೆ. ಧನ್ಯವಾದಗಳು. ನಿಮ್ಮ ಸಾಮಾನ್ಯ transaction record ಜೊತೆ ಈ ಸೂಚನೆಯನ್ನು ಪರಿಶೀಲಿಸುವುದು ಉಪಯುಕ್ತ. Account ಸಂಬಂಧಿತ ವಿನಂತಿಗಳಿಗೆ ಈಗಾಗಲೇ ತಿಳಿದಿರುವ ಅಧಿಕೃತ contact channel ಮಾತ್ರ ಬಳಸಿ. ಯಾವುದೇ ಸಮಸ್ಯೆಯಿದ್ದರೆ service providerನ ಅಧಿಕೃತ support option ಬಳಸಿ. ಸೇವೆಯ ಸ್ಥಿತಿಯನ್ನು ನಂತರ ಅಧಿಕೃತ portalನಲ್ಲಿ ಮತ್ತೆ ಪರಿಶೀಲಿಸಬಹುದು.,Kannada,Legitimate
Recruitment process ಮುಂದಿನ ಹಂತದ ಮಾಹಿತಿ emailನಲ್ಲಿ ಕಳುಹಿಸಲಾಗಿದೆ. Account ಸಂಬಂಧಿತ ವಿನಂತಿಗಳಿಗೆ ಈಗಾಗಲೇ ತಿಳಿದಿರುವ ಅಧಿಕೃತ contact channel ಮಾತ್ರ ಬಳಸಿ. ಯಾವುದೇ ಸಮಸ್ಯೆಯಿದ್ದರೆ service providerನ ಅಧಿಕೃತ support option ಬಳಸಿ. ಸೇವೆಯ ಸ್ಥಿತಿಯನ್ನು ನಂತರ ಅಧಿಕೃತ portalನಲ್ಲಿ ಮತ್ತೆ ಪರಿಶೀಲಿಸಬಹುದು. ಈ ಮಾಹಿತಿಯಲ್ಲಿರುವ ಸೇವಾ ವಿವರಗಳನ್ನು ನಿಮ್ಮ ಅಧಿಕೃತ accountನಲ್ಲಿ ಪರಿಶೀಲಿಸಬಹುದು.,Kannada,Legitimate
ನಿಮ್ಮ application [REF_ID] recruitment team ಸ್ವೀಕರಿಸಿದೆ.,Kannada,Legitimate
ಸೇವಾ ಮಾಹಿತಿ: Interview slot [DATE] ರಂದು [TIME]ಕ್ಕೆ ನಿಗದಿಯಾಗಿದೆ. https://official.example/app ಸೇವೆಯ ಸ್ಥಿತಿಯನ್ನು ನಂತರ ಅಧಿಕೃತ portalನಲ್ಲಿ ಮತ್ತೆ ಪರಿಶೀಲಿಸಬಹುದು. ಈ ಮಾಹಿತಿಯಲ್ಲಿರುವ ಸೇವಾ ವಿವರಗಳನ್ನು ನಿಮ್ಮ ಅಧಿಕೃತ accountನಲ್ಲಿ ಪರಿಶೀಲಿಸಬಹುದು. ಯಾವುದೇ payment ಅಥವಾ identity action ಮಾಡುವ ಮೊದಲು ಅಧಿಕೃತ ಮಾಹಿತಿಯನ್ನು ಹೋಲಿಸಿ ನೋಡಿ. ಸಂಬಂಧಿತ service history ನಿಮ್ಮ official app ಅಥವಾ portalನಲ್ಲಿ ಪ್ರತ್ಯೇಕವಾಗಿ ಕಾಣಬಹುದು.,Kannada,Legitimate
"ನವೀಕರಣ: ನಿಮ್ಮ profile ಮುಂದಿನ recruitment ಹಂತಕ್ಕೆ ಕಳುಹಿಸಲಾಗಿದೆ. https://portal.example/status ಈ ಮಾಹಿತಿಯಲ್ಲಿರುವ ಸೇವಾ ವಿವರಗಳನ್ನು ನಿಮ್ಮ ಅಧಿಕೃತ accountನಲ್ಲಿ ಪರಿಶೀಲಿಸಬಹುದು. ಯಾವುದೇ payment ಅಥವಾ identity action ಮಾಡುವ ಮೊದಲು ಅಧಿಕೃತ ಮಾಹಿತಿಯನ್ನು ಹೋಲಿಸಿ ನೋಡಿ. ಸಂಬಂಧಿತ service history ನಿಮ್ಮ official app ಅಥವಾ portalನಲ್ಲಿ ಪ್ರತ್ಯೇಕವಾಗಿ ಕಾಣಬಹುದು. ಸಂದೇಶದಲ್ಲಿರುವ ಸಮಯ, ಮೊತ್ತ ಮತ್ತು reference ವಿವರಗಳು service recordನಲ್ಲಿ ಕಾಣಿಸಬಹುದು.",Kannada,Legitimate
"ನಿಮ್ಮ application status official recruitment portalನಲ್ಲಿ update ಆಗಿದೆ. https://service.example/receipt ಯಾವುದೇ payment ಅಥವಾ identity action ಮಾಡುವ ಮೊದಲು ಅಧಿಕೃತ ಮಾಹಿತಿಯನ್ನು ಹೋಲಿಸಿ ನೋಡಿ. ಸಂಬಂಧಿತ service history ನಿಮ್ಮ official app ಅಥವಾ portalನಲ್ಲಿ ಪ್ರತ್ಯೇಕವಾಗಿ ಕಾಣಬಹುದು. ಸಂದೇಶದಲ್ಲಿರುವ ಸಮಯ, ಮೊತ್ತ ಮತ್ತು reference ವಿವರಗಳು service recordನಲ್ಲಿ ಕಾಣಿಸಬಹುದು. ನಿಮ್ಮ ಸಾಮಾನ್ಯ transaction record ಜೊತೆ ಈ ಸೂಚನೆಯನ್ನು ಪರಿಶೀಲಿಸುವುದು ಉಪಯುಕ್ತ.",Kannada,Legitimate
"Online test [DATE]ರೊಳಗೆ ಪೂರ್ಣಗೊಳಿಸಬೇಕು. ಅಧಿಕೃತ accountನಲ್ಲಿ status ಕೂಡ ಕಾಣಬಹುದು. ಸಂಬಂಧಿತ service history ನಿಮ್ಮ official app ಅಥವಾ portalನಲ್ಲಿ ಪ್ರತ್ಯೇಕವಾಗಿ ಕಾಣಬಹುದು. ಸಂದೇಶದಲ್ಲಿರುವ ಸಮಯ, ಮೊತ್ತ ಮತ್ತು reference ವಿವರಗಳು service recordನಲ್ಲಿ ಕಾಣಿಸಬಹುದು. ನಿಮ್ಮ ಸಾಮಾನ್ಯ transaction record ಜೊತೆ ಈ ಸೂಚನೆಯನ್ನು ಪರಿಶೀಲಿಸುವುದು ಉಪಯುಕ್ತ. Account ಸಂಬಂಧಿತ ವಿನಂತಿಗಳಿಗೆ ಈಗಾಗಲೇ ತಿಳಿದಿರುವ ಅಧಿಕೃತ contact channel ಮಾತ್ರ ಬಳಸಿ.",Kannada,Legitimate
"Recruitment team ನಿಮ್ಮ resume review ದಾಖಲಿಸಿದೆ. Reference number ಅನ್ನು ಸುರಕ್ಷಿತವಾಗಿ ಇಡಿ. ಸಂದೇಶದಲ್ಲಿರುವ ಸಮಯ, ಮೊತ್ತ ಮತ್ತು reference ವಿವರಗಳು service recordನಲ್ಲಿ ಕಾಣಿಸಬಹುದು. ನಿಮ್ಮ ಸಾಮಾನ್ಯ transaction record ಜೊತೆ ಈ ಸೂಚನೆಯನ್ನು ಪರಿಶೀಲಿಸುವುದು ಉಪಯುಕ್ತ. Account ಸಂಬಂಧಿತ ವಿನಂತಿಗಳಿಗೆ ಈಗಾಗಲೇ ತಿಳಿದಿರುವ ಅಧಿಕೃತ contact channel ಮಾತ್ರ ಬಳಸಿ. ಯಾವುದೇ ಸಮಸ್ಯೆಯಿದ್ದರೆ service providerನ ಅಧಿಕೃತ support option ಬಳಸಿ.",Kannada,Legitimate
Interview invitation official recruitment portalನಲ್ಲಿ ಲಭ್ಯವಿದೆ. ಧನ್ಯವಾದಗಳು. ನಿಮ್ಮ ಸಾಮಾನ್ಯ transaction record ಜೊತೆ ಈ ಸೂಚನೆಯನ್ನು ಪರಿಶೀಲಿಸುವುದು ಉಪಯುಕ್ತ. Account ಸಂಬಂಧಿತ ವಿನಂತಿಗಳಿಗೆ ಈಗಾಗಲೇ ತಿಳಿದಿರುವ ಅಧಿಕೃತ contact channel ಮಾತ್ರ ಬಳಸಿ. ಯಾವುದೇ ಸಮಸ್ಯೆಯಿದ್ದರೆ service providerನ ಅಧಿಕೃತ support option ಬಳಸಿ. ಸೇವೆಯ ಸ್ಥಿತಿಯನ್ನು ನಂತರ ಅಧಿಕೃತ portalನಲ್ಲಿ ಮತ್ತೆ ಪರಿಶೀಲಿಸಬಹುದು.,Kannada,Legitimate
Application documents submission receipt ಲಭ್ಯವಿದೆ. Status ಪರಿಶೀಲಿಸಲು ಅಧಿಕೃತ channel ಬಳಸಿ. Account ಸಂಬಂಧಿತ ವಿನಂತಿಗಳಿಗೆ ಈಗಾಗಲೇ ತಿಳಿದಿರುವ ಅಧಿಕೃತ contact channel ಮಾತ್ರ ಬಳಸಿ. ಯಾವುದೇ ಸಮಸ್ಯೆಯಿದ್ದರೆ service providerನ ಅಧಿಕೃತ support option ಬಳಸಿ. ಸೇವೆಯ ಸ್ಥಿತಿಯನ್ನು ನಂತರ ಅಧಿಕೃತ portalನಲ್ಲಿ ಮತ್ತೆ ಪರಿಶೀಲಿಸಬಹುದು. ಈ ಮಾಹಿತಿಯಲ್ಲಿರುವ ಸೇವಾ ವಿವರಗಳನ್ನು ನಿಮ್ಮ ಅಧಿಕೃತ accountನಲ್ಲಿ ಪರಿಶೀಲಿಸಬಹುದು.,Kannada,Legitimate
ನವೀಕರಣ: Job application ID [APPLICATION_ID] ಯಶಸ್ವಿಯಾಗಿ ಸೃಷ್ಟಿಯಾಗಿದೆ. ಯಾವುದೇ ಸಮಸ್ಯೆಯಿದ್ದರೆ service providerನ ಅಧಿಕೃತ support option ಬಳಸಿ. ಸೇವೆಯ ಸ್ಥಿತಿಯನ್ನು ನಂತರ ಅಧಿಕೃತ portalನಲ್ಲಿ ಮತ್ತೆ ಪರಿಶೀಲಿಸಬಹುದು. ಈ ಮಾಹಿತಿಯಲ್ಲಿರುವ ಸೇವಾ ವಿವರಗಳನ್ನು ನಿಮ್ಮ ಅಧಿಕೃತ accountನಲ್ಲಿ ಪರಿಶೀಲಿಸಬಹುದು. ಯಾವುದೇ payment ಅಥವಾ identity action ಮಾಡುವ ಮೊದಲು ಅಧಿಕೃತ ಮಾಹಿತಿಯನ್ನು ಹೋಲಿಸಿ ನೋಡಿ.,Kannada,Legitimate
Recruitment process ಮುಂದಿನ ಹಂತದ ಮಾಹಿತಿ emailನಲ್ಲಿ ಕಳುಹಿಸಲಾಗಿದೆ. ಈ ಮಾಹಿತಿಯನ್ನು ದಾಖಲಿಗಾಗಿ ಉಳಿಸಬಹುದು. ಸೇವೆಯ ಸ್ಥಿತಿಯನ್ನು ನಂತರ ಅಧಿಕೃತ portalನಲ್ಲಿ ಮತ್ತೆ ಪರಿಶೀಲಿಸಬಹುದು. ಈ ಮಾಹಿತಿಯಲ್ಲಿರುವ ಸೇವಾ ವಿವರಗಳನ್ನು ನಿಮ್ಮ ಅಧಿಕೃತ accountನಲ್ಲಿ ಪರಿಶೀಲಿಸಬಹುದು. ಯಾವುದೇ payment ಅಥವಾ identity action ಮಾಡುವ ಮೊದಲು ಅಧಿಕೃತ ಮಾಹಿತಿಯನ್ನು ಹೋಲಿಸಿ ನೋಡಿ. ಸಂಬಂಧಿತ service history ನಿಮ್ಮ official app ಅಥವಾ portalನಲ್ಲಿ ಪ್ರತ್ಯೇಕವಾಗಿ ಕಾಣಬಹುದು.,Kannada,Legitimate
"ನಿಮ್ಮ application [REF_ID] recruitment team ಸ್ವೀಕರಿಸಿದೆ. ಮಾಹಿತಿ ಸಂಖ್ಯೆ KAN-01. ಈ ಮಾಹಿತಿಯಲ್ಲಿರುವ ಸೇವಾ ವಿವರಗಳನ್ನು ನಿಮ್ಮ ಅಧಿಕೃತ accountನಲ್ಲಿ ಪರಿಶೀಲಿಸಬಹುದು. ಯಾವುದೇ payment ಅಥವಾ identity action ಮಾಡುವ ಮೊದಲು ಅಧಿಕೃತ ಮಾಹಿತಿಯನ್ನು ಹೋಲಿಸಿ ನೋಡಿ. ಸಂಬಂಧಿತ service history ನಿಮ್ಮ official app ಅಥವಾ portalನಲ್ಲಿ ಪ್ರತ್ಯೇಕವಾಗಿ ಕಾಣಬಹುದು. ಸಂದೇಶದಲ್ಲಿರುವ ಸಮಯ, ಮೊತ್ತ ಮತ್ತು reference ವಿವರಗಳು service recordನಲ್ಲಿ ಕಾಣಿಸಬಹುದು.",Kannada,Legitimate
"Interview slot [DATE] ರಂದು [TIME]ಕ್ಕೆ ನಿಗದಿಯಾಗಿದೆ. https://service.example/receipt ಈ ಸೂಚನೆ ನಿಮ್ಮ ಸೇವಾ ವಿನಂತಿಗೆ ಸಂಬಂಧಿಸಿದೆ. ಯಾವುದೇ payment ಅಥವಾ identity action ಮಾಡುವ ಮೊದಲು ಅಧಿಕೃತ ಮಾಹಿತಿಯನ್ನು ಹೋಲಿಸಿ ನೋಡಿ. ಸಂಬಂಧಿತ service history ನಿಮ್ಮ official app ಅಥವಾ portalನಲ್ಲಿ ಪ್ರತ್ಯೇಕವಾಗಿ ಕಾಣಬಹುದು. ಸಂದೇಶದಲ್ಲಿರುವ ಸಮಯ, ಮೊತ್ತ ಮತ್ತು reference ವಿವರಗಳು service recordನಲ್ಲಿ ಕಾಣಿಸಬಹುದು.",Kannada,Legitimate
"ಸೇವಾ ಮಾಹಿತಿ: ನಿಮ್ಮ profile ಮುಂದಿನ recruitment ಹಂತಕ್ಕೆ ಕಳುಹಿಸಲಾಗಿದೆ. https://track.example/order ಸಂಬಂಧಿತ service history ನಿಮ್ಮ official app ಅಥವಾ portalನಲ್ಲಿ ಪ್ರತ್ಯೇಕವಾಗಿ ಕಾಣಬಹುದು. ಸಂದೇಶದಲ್ಲಿರುವ ಸಮಯ, ಮೊತ್ತ ಮತ್ತು reference ವಿವರಗಳು service recordನಲ್ಲಿ ಕಾಣಿಸಬಹುದು. ನಿಮ್ಮ ಸಾಮಾನ್ಯ transaction record ಜೊತೆ ಈ ಸೂಚನೆಯನ್ನು ಪರಿಶೀಲಿಸುವುದು ಉಪಯುಕ್ತ. Account ಸಂಬಂಧಿತ ವಿನಂತಿಗಳಿಗೆ ಈಗಾಗಲೇ ತಿಳಿದಿರುವ ಅಧಿಕೃತ contact channel ಮಾತ್ರ ಬಳಸಿ.",Kannada,Legitimate
"ನವೀಕರಣ: ನಿಮ್ಮ loan application [APPLICATION_ID] ಸ್ವೀಕರಿಸಲಾಗಿದೆ. https://official.example/app ಸಂದೇಶದಲ್ಲಿರುವ ಸಮಯ, ಮೊತ್ತ ಮತ್ತು reference ವಿವರಗಳು service recordನಲ್ಲಿ ಕಾಣಿಸಬಹುದು. ನಿಮ್ಮ ಸಾಮಾನ್ಯ transaction record ಜೊತೆ ಈ ಸೂಚನೆಯನ್ನು ಪರಿಶೀಲಿಸುವುದು ಉಪಯುಕ್ತ. Account ಸಂಬಂಧಿತ ವಿನಂತಿಗಳಿಗೆ ಈಗಾಗಲೇ ತಿಳಿದಿರುವ ಅಧಿಕೃತ contact channel ಮಾತ್ರ ಬಳಸಿ. ಯಾವುದೇ ಸಮಸ್ಯೆಯಿದ್ದರೆ service providerನ ಅಧಿಕೃತ support option ಬಳಸಿ.",Kannada,Legitimate
Loan application status official accountನಲ್ಲಿ update ಆಗಿದೆ. ನಿಮ್ಮ ಸಾಮಾನ್ಯ transaction record ಜೊತೆ ಈ ಸೂಚನೆಯನ್ನು ಪರಿಶೀಲಿಸುವುದು ಉಪಯುಕ್ತ. Account ಸಂಬಂಧಿತ ವಿನಂತಿಗಳಿಗೆ ಈಗಾಗಲೇ ತಿಳಿದಿರುವ ಅಧಿಕೃತ contact channel ಮಾತ್ರ ಬಳಸಿ. ಯಾವುದೇ ಸಮಸ್ಯೆಯಿದ್ದರೆ service providerನ ಅಧಿಕೃತ support option ಬಳಸಿ. ಸೇವೆಯ ಸ್ಥಿತಿಯನ್ನು ನಂತರ ಅಧಿಕೃತ portalನಲ್ಲಿ ಮತ್ತೆ ಪರಿಶೀಲಿಸಬಹುದು.,Kannada,Legitimate
Finance service request review ಆರಂಭವಾಗಿದೆ.,Kannada,Legitimate
Loan application documents ಸ್ವೀಕರಿಸಲಾಗಿದೆ.,Kannada,Legitimate
"₹7,500 EMI payment receipt ಲಭ್ಯವಿದೆ.",Kannada,Legitimate
"₹3,499 loan account payment ಯಶಸ್ವಿಯಾಗಿದೆ.",Kannada,Legitimate
ನವೀಕರಣ: Finance service ticket [REF_ID] ದಾಖಲಾಗಿದೆ.,Kannada,Legitimate
Credit report request ಪ್ರಕ್ರಿಯೆಯಲ್ಲಿದೆ.,Kannada,Legitimate
"Loan account statement official portalನಲ್ಲಿ ಲಭ್ಯವಿದೆ. ಧನ್ಯವಾದಗಳು. https://official.example/app ಸಂದೇಶದಲ್ಲಿರುವ ಸಮಯ, ಮೊತ್ತ ಮತ್ತು reference ವಿವರಗಳು service recordನಲ್ಲಿ ಕಾಣಿಸಬಹುದು. ನಿಮ್ಮ ಸಾಮಾನ್ಯ transaction record ಜೊತೆ ಈ ಸೂಚನೆಯನ್ನು ಪರಿಶೀಲಿಸುವುದು ಉಪಯುಕ್ತ. Account ಸಂಬಂಧಿತ ವಿನಂತಿಗಳಿಗೆ ಈಗಾಗಲೇ ತಿಳಿದಿರುವ ಅಧಿಕೃತ contact channel ಮಾತ್ರ ಬಳಸಿ. ಯಾವುದೇ ಸಮಸ್ಯೆಯಿದ್ದರೆ service providerನ ಅಧಿಕೃತ support option ಬಳಸಿ.",Kannada,Legitimate
Payment schedule ಯಶಸ್ವಿಯಾಗಿ update ಆಗಿದೆ. https://portal.example/status,Kannada,Legitimate
ನಿಮ್ಮ loan application [APPLICATION_ID] ಸ್ವೀಕರಿಸಲಾಗಿದೆ. https://service.example/receipt,Kannada,Legitimate
ಸೇವಾ ಮಾಹಿತಿ: Loan application status official accountನಲ್ಲಿ update ಆಗಿದೆ. ಯಾವುದೇ ಸಮಸ್ಯೆಯಿದ್ದರೆ service providerನ ಅಧಿಕೃತ support option ಬಳಸಿ. ಸೇವೆಯ ಸ್ಥಿತಿಯನ್ನು ನಂತರ ಅಧಿಕೃತ portalನಲ್ಲಿ ಮತ್ತೆ ಪರಿಶೀಲಿಸಬಹುದು. ಈ ಮಾಹಿತಿಯಲ್ಲಿರುವ ಸೇವಾ ವಿವರಗಳನ್ನು ನಿಮ್ಮ ಅಧಿಕೃತ accountನಲ್ಲಿ ಪರಿಶೀಲಿಸಬಹುದು. ಯಾವುದೇ payment ಅಥವಾ identity action ಮಾಡುವ ಮೊದಲು ಅಧಿಕೃತ ಮಾಹಿತಿಯನ್ನು ಹೋಲಿಸಿ ನೋಡಿ.,Kannada,Legitimate
ನವೀಕರಣ: Finance service request review ಆರಂಭವಾಗಿದೆ.,Kannada,Legitimate
"Loan application documents ಸ್ವೀಕರಿಸಲಾಗಿದೆ. ಮಾಹಿತಿ ಸಂಖ್ಯೆ KAN-01. ಈ ಮಾಹಿತಿಯಲ್ಲಿರುವ ಸೇವಾ ವಿವರಗಳನ್ನು ನಿಮ್ಮ ಅಧಿಕೃತ accountನಲ್ಲಿ ಪರಿಶೀಲಿಸಬಹುದು. ಯಾವುದೇ payment ಅಥವಾ identity action ಮಾಡುವ ಮೊದಲು ಅಧಿಕೃತ ಮಾಹಿತಿಯನ್ನು ಹೋಲಿಸಿ ನೋಡಿ. ಸಂಬಂಧಿತ service history ನಿಮ್ಮ official app ಅಥವಾ portalನಲ್ಲಿ ಪ್ರತ್ಯೇಕವಾಗಿ ಕಾಣಬಹುದು. ಸಂದೇಶದಲ್ಲಿರುವ ಸಮಯ, ಮೊತ್ತ ಮತ್ತು reference ವಿವರಗಳು service recordನಲ್ಲಿ ಕಾಣಿಸಬಹುದು.",Kannada,Legitimate
"₹7,500 EMI payment receipt ಲಭ್ಯವಿದೆ. ಈ ಸೂಚನೆ ನಿಮ್ಮ ಸೇವಾ ವಿನಂತಿಗೆ ಸಂಬಂಧಿಸಿದೆ. ಯಾವುದೇ payment ಅಥವಾ identity action ಮಾಡುವ ಮೊದಲು ಅಧಿಕೃತ ಮಾಹಿತಿಯನ್ನು ಹೋಲಿಸಿ ನೋಡಿ. ಸಂಬಂಧಿತ service history ನಿಮ್ಮ official app ಅಥವಾ portalನಲ್ಲಿ ಪ್ರತ್ಯೇಕವಾಗಿ ಕಾಣಬಹುದು. ಸಂದೇಶದಲ್ಲಿರುವ ಸಮಯ, ಮೊತ್ತ ಮತ್ತು reference ವಿವರಗಳು service recordನಲ್ಲಿ ಕಾಣಿಸಬಹುದು.",Kannada,Legitimate
"₹3,499 loan account payment ಯಶಸ್ವಿಯಾಗಿದೆ. ಅಧಿಕೃತ accountನಲ್ಲಿ status ಕೂಡ ಕಾಣಬಹುದು. ಸಂಬಂಧಿತ service history ನಿಮ್ಮ official app ಅಥವಾ portalನಲ್ಲಿ ಪ್ರತ್ಯೇಕವಾಗಿ ಕಾಣಬಹುದು. ಸಂದೇಶದಲ್ಲಿರುವ ಸಮಯ, ಮೊತ್ತ ಮತ್ತು reference ವಿವರಗಳು service recordನಲ್ಲಿ ಕಾಣಿಸಬಹುದು. ನಿಮ್ಮ ಸಾಮಾನ್ಯ transaction record ಜೊತೆ ಈ ಸೂಚನೆಯನ್ನು ಪರಿಶೀಲಿಸುವುದು ಉಪಯುಕ್ತ. Account ಸಂಬಂಧಿತ ವಿನಂತಿಗಳಿಗೆ ಈಗಾಗಲೇ ತಿಳಿದಿರುವ ಅಧಿಕೃತ contact channel ಮಾತ್ರ ಬಳಸಿ.",Kannada,Legitimate
Finance service ticket [REF_ID] ದಾಖಲಾಗಿದೆ. ಧನ್ಯವಾದಗಳು.,Kannada,Legitimate
Credit report request ಪ್ರಕ್ರಿಯೆಯಲ್ಲಿದೆ. ಈ message ಸೇವಾ ಪ್ರಕ್ರಿಯೆಯ ಮಾಹಿತಿಗಾಗಿ. ನಿಮ್ಮ ಸಾಮಾನ್ಯ transaction record ಜೊತೆ ಈ ಸೂಚನೆಯನ್ನು ಪರಿಶೀಲಿಸುವುದು ಉಪಯುಕ್ತ. Account ಸಂಬಂಧಿತ ವಿನಂತಿಗಳಿಗೆ ಈಗಾಗಲೇ ತಿಳಿದಿರುವ ಅಧಿಕೃತ contact channel ಮಾತ್ರ ಬಳಸಿ. ಯಾವುದೇ ಸಮಸ್ಯೆಯಿದ್ದರೆ service providerನ ಅಧಿಕೃತ support option ಬಳಸಿ. ಸೇವೆಯ ಸ್ಥಿತಿಯನ್ನು ನಂತರ ಅಧಿಕೃತ portalನಲ್ಲಿ ಮತ್ತೆ ಪರಿಶೀಲಿಸಬಹುದು.,Kannada,Legitimate
ನವೀಕರಣ: ₹499 cashback ಮೂಲ payment methodಗೆ credit ಆಗಿದೆ. https://service.example/receipt Account ಸಂಬಂಧಿತ ವಿನಂತಿಗಳಿಗೆ ಈಗಾಗಲೇ ತಿಳಿದಿರುವ ಅಧಿಕೃತ contact channel ಮಾತ್ರ ಬಳಸಿ. ಯಾವುದೇ ಸಮಸ್ಯೆಯಿದ್ದರೆ service providerನ ಅಧಿಕೃತ support option ಬಳಸಿ. ಸೇವೆಯ ಸ್ಥಿತಿಯನ್ನು ನಂತರ ಅಧಿಕೃತ portalನಲ್ಲಿ ಮತ್ತೆ ಪರಿಶೀಲಿಸಬಹುದು. ಈ ಮಾಹಿತಿಯಲ್ಲಿರುವ ಸೇವಾ ವಿವರಗಳನ್ನು ನಿಮ್ಮ ಅಧಿಕೃತ accountನಲ್ಲಿ ಪರಿಶೀಲಿಸಬಹುದು.,Kannada,Legitimate
"ನಿಮ್ಮ purchase refund ₹1,240 process ಆಗಿದೆ. https://track.example/order ಯಾವುದೇ ಸಮಸ್ಯೆಯಿದ್ದರೆ service providerನ ಅಧಿಕೃತ support option ಬಳಸಿ. ಸೇವೆಯ ಸ್ಥಿತಿಯನ್ನು ನಂತರ ಅಧಿಕೃತ portalನಲ್ಲಿ ಮತ್ತೆ ಪರಿಶೀಲಿಸಬಹುದು. ಈ ಮಾಹಿತಿಯಲ್ಲಿರುವ ಸೇವಾ ವಿವರಗಳನ್ನು ನಿಮ್ಮ ಅಧಿಕೃತ accountನಲ್ಲಿ ಪರಿಶೀಲಿಸಬಹುದು. ಯಾವುದೇ payment ಅಥವಾ identity action ಮಾಡುವ ಮೊದಲು ಅಧಿಕೃತ ಮಾಹಿತಿಯನ್ನು ಹೋಲಿಸಿ ನೋಡಿ.",Kannada,Legitimate
Promotional benefit accountಗೆ credit ಆಗಿದೆ. https://official.example/app,Kannada,Legitimate
"Reward point balance official appನಲ್ಲಿ update ಆಗಿದೆ. ಈ ಮಾಹಿತಿಯಲ್ಲಿರುವ ಸೇವಾ ವಿವರಗಳನ್ನು ನಿಮ್ಮ ಅಧಿಕೃತ accountನಲ್ಲಿ ಪರಿಶೀಲಿಸಬಹುದು. ಯಾವುದೇ payment ಅಥವಾ identity action ಮಾಡುವ ಮೊದಲು ಅಧಿಕೃತ ಮಾಹಿತಿಯನ್ನು ಹೋಲಿಸಿ ನೋಡಿ. ಸಂಬಂಧಿತ service history ನಿಮ್ಮ official app ಅಥವಾ portalನಲ್ಲಿ ಪ್ರತ್ಯೇಕವಾಗಿ ಕಾಣಬಹುದು. ಸಂದೇಶದಲ್ಲಿರುವ ಸಮಯ, ಮೊತ್ತ ಮತ್ತು reference ವಿವರಗಳು service recordನಲ್ಲಿ ಕಾಣಿಸಬಹುದು.",Kannada,Legitimate
Refund request [REF_ID] ಪ್ರಕ್ರಿಯೆ ಪೂರ್ಣಗೊಂಡಿದೆ.,Kannada,Legitimate
₹249 cashback amount accountಗೆ credit ಆಗಿದೆ.,Kannada,Legitimate
"ನವೀಕರಣ: Order cancellation ನಂತರ refund process ಆರಂಭವಾಗಿದೆ. ಸಂದೇಶದಲ್ಲಿರುವ ಸಮಯ, ಮೊತ್ತ ಮತ್ತು reference ವಿವರಗಳು service recordನಲ್ಲಿ ಕಾಣಿಸಬಹುದು. ನಿಮ್ಮ ಸಾಮಾನ್ಯ transaction record ಜೊತೆ ಈ ಸೂಚನೆಯನ್ನು ಪರಿಶೀಲಿಸುವುದು ಉಪಯುಕ್ತ. Account ಸಂಬಂಧಿತ ವಿನಂತಿಗಳಿಗೆ ಈಗಾಗಲೇ ತಿಳಿದಿರುವ ಅಧಿಕೃತ contact channel ಮಾತ್ರ ಬಳಸಿ. ಯಾವುದೇ ಸಮಸ್ಯೆಯಿದ್ದರೆ service providerನ ಅಧಿಕೃತ support option ಬಳಸಿ.",Kannada,Legitimate
Payment reversal ಯಶಸ್ವಿಯಾಗಿ ಪೂರ್ಣಗೊಂಡಿದೆ.,Kannada,Legitimate
Refund receipt official accountನಲ್ಲಿ ಲಭ್ಯವಿದೆ. ಧನ್ಯವಾದಗಳು.,Kannada,Legitimate
Offer benefit details official appನಲ್ಲಿ update ಆಗಿದೆ. ಯಾವುದೇ ಸಮಸ್ಯೆಯಿದ್ದರೆ service providerನ ಅಧಿಕೃತ support option ಬಳಸಿ. ಸೇವೆಯ ಸ್ಥಿತಿಯನ್ನು ನಂತರ ಅಧಿಕೃತ portalನಲ್ಲಿ ಮತ್ತೆ ಪರಿಶೀಲಿಸಬಹುದು. ಈ ಮಾಹಿತಿಯಲ್ಲಿರುವ ಸೇವಾ ವಿವರಗಳನ್ನು ನಿಮ್ಮ ಅಧಿಕೃತ accountನಲ್ಲಿ ಪರಿಶೀಲಿಸಬಹುದು. ಯಾವುದೇ payment ಅಥವಾ identity action ಮಾಡುವ ಮೊದಲು ಅಧಿಕೃತ ಮಾಹಿತಿಯನ್ನು ಹೋಲಿಸಿ ನೋಡಿ.,Kannada,Legitimate
₹499 cashback ಮೂಲ payment methodಗೆ credit ಆಗಿದೆ. https://official.example/app ಸೇವೆಯ ಸ್ಥಿತಿಯನ್ನು ನಂತರ ಅಧಿಕೃತ portalನಲ್ಲಿ ಮತ್ತೆ ಪರಿಶೀಲಿಸಬಹುದು. ಈ ಮಾಹಿತಿಯಲ್ಲಿರುವ ಸೇವಾ ವಿವರಗಳನ್ನು ನಿಮ್ಮ ಅಧಿಕೃತ accountನಲ್ಲಿ ಪರಿಶೀಲಿಸಬಹುದು. ಯಾವುದೇ payment ಅಥವಾ identity action ಮಾಡುವ ಮೊದಲು ಅಧಿಕೃತ ಮಾಹಿತಿಯನ್ನು ಹೋಲಿಸಿ ನೋಡಿ. ಸಂಬಂಧಿತ service history ನಿಮ್ಮ official app ಅಥವಾ portalನಲ್ಲಿ ಪ್ರತ್ಯೇಕವಾಗಿ ಕಾಣಬಹುದು.,Kannada,Legitimate
"ಸೇವಾ ಮಾಹಿತಿ: ನಿಮ್ಮ purchase refund ₹1,240 process ಆಗಿದೆ. https://portal.example/status ಈ ಮಾಹಿತಿಯಲ್ಲಿರುವ ಸೇವಾ ವಿವರಗಳನ್ನು ನಿಮ್ಮ ಅಧಿಕೃತ accountನಲ್ಲಿ ಪರಿಶೀಲಿಸಬಹುದು. ಯಾವುದೇ payment ಅಥವಾ identity action ಮಾಡುವ ಮೊದಲು ಅಧಿಕೃತ ಮಾಹಿತಿಯನ್ನು ಹೋಲಿಸಿ ನೋಡಿ. ಸಂಬಂಧಿತ service history ನಿಮ್ಮ official app ಅಥವಾ portalನಲ್ಲಿ ಪ್ರತ್ಯೇಕವಾಗಿ ಕಾಣಬಹುದು. ಸಂದೇಶದಲ್ಲಿರುವ ಸಮಯ, ಮೊತ್ತ ಮತ್ತು reference ವಿವರಗಳು service recordನಲ್ಲಿ ಕಾಣಿಸಬಹುದು.",Kannada,Legitimate
"ನವೀಕರಣ: Promotional benefit accountಗೆ credit ಆಗಿದೆ. https://service.example/receipt ಯಾವುದೇ payment ಅಥವಾ identity action ಮಾಡುವ ಮೊದಲು ಅಧಿಕೃತ ಮಾಹಿತಿಯನ್ನು ಹೋಲಿಸಿ ನೋಡಿ. ಸಂಬಂಧಿತ service history ನಿಮ್ಮ official app ಅಥವಾ portalನಲ್ಲಿ ಪ್ರತ್ಯೇಕವಾಗಿ ಕಾಣಬಹುದು. ಸಂದೇಶದಲ್ಲಿರುವ ಸಮಯ, ಮೊತ್ತ ಮತ್ತು reference ವಿವರಗಳು service recordನಲ್ಲಿ ಕಾಣಿಸಬಹುದು. ನಿಮ್ಮ ಸಾಮಾನ್ಯ transaction record ಜೊತೆ ಈ ಸೂಚನೆಯನ್ನು ಪರಿಶೀಲಿಸುವುದು ಉಪಯುಕ್ತ.",Kannada,Legitimate
"Reward point balance official appನಲ್ಲಿ update ಆಗಿದೆ. ಅಧಿಕೃತ accountನಲ್ಲಿ status ಕೂಡ ಕಾಣಬಹುದು. ಸಂಬಂಧಿತ service history ನಿಮ್ಮ official app ಅಥವಾ portalನಲ್ಲಿ ಪ್ರತ್ಯೇಕವಾಗಿ ಕಾಣಬಹುದು. ಸಂದೇಶದಲ್ಲಿರುವ ಸಮಯ, ಮೊತ್ತ ಮತ್ತು reference ವಿವರಗಳು service recordನಲ್ಲಿ ಕಾಣಿಸಬಹುದು. ನಿಮ್ಮ ಸಾಮಾನ್ಯ transaction record ಜೊತೆ ಈ ಸೂಚನೆಯನ್ನು ಪರಿಶೀಲಿಸುವುದು ಉಪಯುಕ್ತ.",Kannada,Legitimate
"Refund request [REF_ID] ಪ್ರಕ್ರಿಯೆ ಪೂರ್ಣಗೊಂಡಿದೆ. Reference number ಅನ್ನು ಸುರಕ್ಷಿತವಾಗಿ ಇಡಿ. ಸಂದೇಶದಲ್ಲಿರುವ ಸಮಯ, ಮೊತ್ತ ಮತ್ತು reference ವಿವರಗಳು service recordನಲ್ಲಿ ಕಾಣಿಸಬಹುದು. ನಿಮ್ಮ ಸಾಮಾನ್ಯ transaction record ಜೊತೆ ಈ ಸೂಚನೆಯನ್ನು ಪರಿಶೀಲಿಸುವುದು ಉಪಯುಕ್ತ. Account ಸಂಬಂಧಿತ ವಿನಂತಿಗಳಿಗೆ ಈಗಾಗಲೇ ತಿಳಿದಿರುವ ಅಧಿಕೃತ contact channel ಮಾತ್ರ ಬಳಸಿ. ಯಾವುದೇ ಸಮಸ್ಯೆಯಿದ್ದರೆ service providerನ ಅಧಿಕೃತ support option ಬಳಸಿ.",Kannada,Legitimate
₹249 cashback amount accountಗೆ credit ಆಗಿದೆ. ಈ message ಸೇವಾ ಪ್ರಕ್ರಿಯೆಯ ಮಾಹಿತಿಗಾಗಿ. ನಿಮ್ಮ ಸಾಮಾನ್ಯ transaction record ಜೊತೆ ಈ ಸೂಚನೆಯನ್ನು ಪರಿಶೀಲಿಸುವುದು ಉಪಯುಕ್ತ. Account ಸಂಬಂಧಿತ ವಿನಂತಿಗಳಿಗೆ ಈಗಾಗಲೇ ತಿಳಿದಿರುವ ಅಧಿಕೃತ contact channel ಮಾತ್ರ ಬಳಸಿ. ಯಾವುದೇ ಸಮಸ್ಯೆಯಿದ್ದರೆ service providerನ ಅಧಿಕೃತ support option ಬಳಸಿ. ಸೇವೆಯ ಸ್ಥಿತಿಯನ್ನು ನಂತರ ಅಧಿಕೃತ portalನಲ್ಲಿ ಮತ್ತೆ ಪರಿಶೀಲಿಸಬಹುದು.,Kannada,Legitimate
Order cancellation ನಂತರ refund process ಆರಂಭವಾಗಿದೆ. ಧನ್ಯವಾದಗಳು. Account ಸಂಬಂಧಿತ ವಿನಂತಿಗಳಿಗೆ ಈಗಾಗಲೇ ತಿಳಿದಿರುವ ಅಧಿಕೃತ contact channel ಮಾತ್ರ ಬಳಸಿ. ಯಾವುದೇ ಸಮಸ್ಯೆಯಿದ್ದರೆ service providerನ ಅಧಿಕೃತ support option ಬಳಸಿ. ಸೇವೆಯ ಸ್ಥಿತಿಯನ್ನು ನಂತರ ಅಧಿಕೃತ portalನಲ್ಲಿ ಮತ್ತೆ ಪರಿಶೀಲಿಸಬಹುದು. ಈ ಮಾಹಿತಿಯಲ್ಲಿರುವ ಸೇವಾ ವಿವರಗಳನ್ನು ನಿಮ್ಮ ಅಧಿಕೃತ accountನಲ್ಲಿ ಪರಿಶೀಲಿಸಬಹುದು.,Kannada,Legitimate
Payment reversal ಯಶಸ್ವಿಯಾಗಿ ಪೂರ್ಣಗೊಂಡಿದೆ. Customer service ವಿವರಗಳು accountನಲ್ಲಿ ಲಭ್ಯವಿವೆ. ಯಾವುದೇ ಸಮಸ್ಯೆಯಿದ್ದರೆ service providerನ ಅಧಿಕೃತ support option ಬಳಸಿ. ಸೇವೆಯ ಸ್ಥಿತಿಯನ್ನು ನಂತರ ಅಧಿಕೃತ portalನಲ್ಲಿ ಮತ್ತೆ ಪರಿಶೀಲಿಸಬಹುದು. ಈ ಮಾಹಿತಿಯಲ್ಲಿರುವ ಸೇವಾ ವಿವರಗಳನ್ನು ನಿಮ್ಮ ಅಧಿಕೃತ accountನಲ್ಲಿ ಪರಿಶೀಲಿಸಬಹುದು. ಯಾವುದೇ payment ಅಥವಾ identity action ಮಾಡುವ ಮೊದಲು ಅಧಿಕೃತ ಮಾಹಿತಿಯನ್ನು ಹೋಲಿಸಿ ನೋಡಿ.,Kannada,Legitimate
ನವೀಕರಣ: ನಿಮ್ಮ order [ORDER_ID] confirmed ಆಗಿದೆ.,Kannada,Legitimate
"ನಿಮ್ಮ orderಗೆ ₹1,999 payment ಯಶಸ್ವಿಯಾಗಿದೆ.",Kannada,Legitimate
Package pack ಆಗಿ dispatchಗೆ ಸಿದ್ಧವಾಗಿದೆ. https://service.example/receipt,Kannada,Legitimate
ನಿಮ್ಮ order deliveryಗೆ ಹೊರಟಿದೆ. https://track.example/order,Kannada,Legitimate
Return request ದಾಖಲಾಗಿದೆ. https://official.example/app,Kannada,Legitimate
Return pickup [DATE]ಕ್ಕೆ ನಿಗದಿಯಾಗಿದೆ.,Kannada,Legitimate
ನವೀಕರಣ: Order cancel ಆಗಿದ್ದು refund process ಆರಂಭವಾಗಿದೆ. Account ಸಂಬಂಧಿತ ವಿನಂತಿಗಳಿಗೆ ಈಗಾಗಲೇ ತಿಳಿದಿರುವ ಅಧಿಕೃತ contact channel ಮಾತ್ರ ಬಳಸಿ. ಯಾವುದೇ ಸಮಸ್ಯೆಯಿದ್ದರೆ service providerನ ಅಧಿಕೃತ support option ಬಳಸಿ. ಸೇವೆಯ ಸ್ಥಿತಿಯನ್ನು ನಂತರ ಅಧಿಕೃತ portalನಲ್ಲಿ ಮತ್ತೆ ಪರಿಶೀಲಿಸಬಹುದು. ಈ ಮಾಹಿತಿಯಲ್ಲಿರುವ ಸೇವಾ ವಿವರಗಳನ್ನು ನಿಮ್ಮ ಅಧಿಕೃತ accountನಲ್ಲಿ ಪರಿಶೀಲಿಸಬಹುದು.,Kannada,Legitimate
Purchase receipt accountನಲ್ಲಿ ಲಭ್ಯವಿದೆ.,Kannada,Legitimate
Order [ORDER_ID] delivery status update ಆಗಿದೆ. ಧನ್ಯವಾದಗಳು. ಸೇವೆಯ ಸ್ಥಿತಿಯನ್ನು ನಂತರ ಅಧಿಕೃತ portalನಲ್ಲಿ ಮತ್ತೆ ಪರಿಶೀಲಿಸಬಹುದು. ಈ ಮಾಹಿತಿಯಲ್ಲಿರುವ ಸೇವಾ ವಿವರಗಳನ್ನು ನಿಮ್ಮ ಅಧಿಕೃತ accountನಲ್ಲಿ ಪರಿಶೀಲಿಸಬಹುದು. ಯಾವುದೇ payment ಅಥವಾ identity action ಮಾಡುವ ಮೊದಲು ಅಧಿಕೃತ ಮಾಹಿತಿಯನ್ನು ಹೋಲಿಸಿ ನೋಡಿ. ಸಂಬಂಧಿತ service history ನಿಮ್ಮ official app ಅಥವಾ portalನಲ್ಲಿ ಪ್ರತ್ಯೇಕವಾಗಿ ಕಾಣಬಹುದು.,Kannada,Legitimate
Service booking request ಯಶಸ್ವಿಯಾಗಿ ದಾಖಲಾಗಿದೆ.,Kannada,Legitimate
ನಿಮ್ಮ order [ORDER_ID] confirmed ಆಗಿದೆ.,Kannada,Legitimate
"ಸೇವಾ ಮಾಹಿತಿ: ನಿಮ್ಮ orderಗೆ ₹1,999 payment ಯಶಸ್ವಿಯಾಗಿದೆ. ಸಂಬಂಧಿತ service history ನಿಮ್ಮ official app ಅಥವಾ portalನಲ್ಲಿ ಪ್ರತ್ಯೇಕವಾಗಿ ಕಾಣಬಹುದು. ಸಂದೇಶದಲ್ಲಿರುವ ಸಮಯ, ಮೊತ್ತ ಮತ್ತು reference ವಿವರಗಳು service recordನಲ್ಲಿ ಕಾಣಿಸಬಹುದು. ನಿಮ್ಮ ಸಾಮಾನ್ಯ transaction record ಜೊತೆ ಈ ಸೂಚನೆಯನ್ನು ಪರಿಶೀಲಿಸುವುದು ಉಪಯುಕ್ತ. Account ಸಂಬಂಧಿತ ವಿನಂತಿಗಳಿಗೆ ಈಗಾಗಲೇ ತಿಳಿದಿರುವ ಅಧಿಕೃತ contact channel ಮಾತ್ರ ಬಳಸಿ.",Kannada,Legitimate
"ನವೀಕರಣ: Package pack ಆಗಿ dispatchಗೆ ಸಿದ್ಧವಾಗಿದೆ. https://official.example/app ಸಂದೇಶದಲ್ಲಿರುವ ಸಮಯ, ಮೊತ್ತ ಮತ್ತು reference ವಿವರಗಳು service recordನಲ್ಲಿ ಕಾಣಿಸಬಹುದು. ನಿಮ್ಮ ಸಾಮಾನ್ಯ transaction record ಜೊತೆ ಈ ಸೂಚನೆಯನ್ನು ಪರಿಶೀಲಿಸುವುದು ಉಪಯುಕ್ತ. Account ಸಂಬಂಧಿತ ವಿನಂತಿಗಳಿಗೆ ಈಗಾಗಲೇ ತಿಳಿದಿರುವ ಅಧಿಕೃತ contact channel ಮಾತ್ರ ಬಳಸಿ. ಯಾವುದೇ ಸಮಸ್ಯೆಯಿದ್ದರೆ service providerನ ಅಧಿಕೃತ support option ಬಳಸಿ.",Kannada,Legitimate
ನಿಮ್ಮ order deliveryಗೆ ಹೊರಟಿದೆ. https://portal.example/status,Kannada,Legitimate
Return request ದಾಖಲಾಗಿದೆ. https://service.example/receipt,Kannada,Legitimate
Return pickup [DATE]ಕ್ಕೆ ನಿಗದಿಯಾಗಿದೆ. Customer service ವಿವರಗಳು accountನಲ್ಲಿ ಲಭ್ಯವಿವೆ. ಯಾವುದೇ ಸಮಸ್ಯೆಯಿದ್ದರೆ service providerನ ಅಧಿಕೃತ support option ಬಳಸಿ. ಸೇವೆಯ ಸ್ಥಿತಿಯನ್ನು ನಂತರ ಅಧಿಕೃತ portalನಲ್ಲಿ ಮತ್ತೆ ಪರಿಶೀಲಿಸಬಹುದು. ಈ ಮಾಹಿತಿಯಲ್ಲಿರುವ ಸೇವಾ ವಿವರಗಳನ್ನು ನಿಮ್ಮ ಅಧಿಕೃತ accountನಲ್ಲಿ ಪರಿಶೀಲಿಸಬಹುದು. ಯಾವುದೇ payment ಅಥವಾ identity action ಮಾಡುವ ಮೊದಲು ಅಧಿಕೃತ ಮಾಹಿತಿಯನ್ನು ಹೋಲಿಸಿ ನೋಡಿ.,Kannada,Legitimate
Order cancel ಆಗಿದ್ದು refund process ಆರಂಭವಾಗಿದೆ. ಧನ್ಯವಾದಗಳು. ಸೇವೆಯ ಸ್ಥಿತಿಯನ್ನು ನಂತರ ಅಧಿಕೃತ portalನಲ್ಲಿ ಮತ್ತೆ ಪರಿಶೀಲಿಸಬಹುದು. ಈ ಮಾಹಿತಿಯಲ್ಲಿರುವ ಸೇವಾ ವಿವರಗಳನ್ನು ನಿಮ್ಮ ಅಧಿಕೃತ accountನಲ್ಲಿ ಪರಿಶೀಲಿಸಬಹುದು. ಯಾವುದೇ payment ಅಥವಾ identity action ಮಾಡುವ ಮೊದಲು ಅಧಿಕೃತ ಮಾಹಿತಿಯನ್ನು ಹೋಲಿಸಿ ನೋಡಿ. ಸಂಬಂಧಿತ service history ನಿಮ್ಮ official app ಅಥವಾ portalನಲ್ಲಿ ಪ್ರತ್ಯೇಕವಾಗಿ ಕಾಣಬಹುದು.,Kannada,Legitimate
"Purchase receipt accountನಲ್ಲಿ ಲಭ್ಯವಿದೆ. ಮಾಹಿತಿ ಸಂಖ್ಯೆ KAN-01. ಈ ಮಾಹಿತಿಯಲ್ಲಿರುವ ಸೇವಾ ವಿವರಗಳನ್ನು ನಿಮ್ಮ ಅಧಿಕೃತ accountನಲ್ಲಿ ಪರಿಶೀಲಿಸಬಹುದು. ಯಾವುದೇ payment ಅಥವಾ identity action ಮಾಡುವ ಮೊದಲು ಅಧಿಕೃತ ಮಾಹಿತಿಯನ್ನು ಹೋಲಿಸಿ ನೋಡಿ. ಸಂಬಂಧಿತ service history ನಿಮ್ಮ official app ಅಥವಾ portalನಲ್ಲಿ ಪ್ರತ್ಯೇಕವಾಗಿ ಕಾಣಬಹುದು. ಸಂದೇಶದಲ್ಲಿರುವ ಸಮಯ, ಮೊತ್ತ ಮತ್ತು reference ವಿವರಗಳು service recordನಲ್ಲಿ ಕಾಣಿಸಬಹುದು.",Kannada,Legitimate
"ನವೀಕರಣ: ₹1,240 electricity bill payment ಯಶಸ್ವಿಯಾಗಿದೆ. Receipt [REF_ID]. ಯಾವುದೇ payment ಅಥವಾ identity action ಮಾಡುವ ಮೊದಲು ಅಧಿಕೃತ ಮಾಹಿತಿಯನ್ನು ಹೋಲಿಸಿ ನೋಡಿ. ಸಂಬಂಧಿತ service history ನಿಮ್ಮ official app ಅಥವಾ portalನಲ್ಲಿ ಪ್ರತ್ಯೇಕವಾಗಿ ಕಾಣಬಹುದು. ಸಂದೇಶದಲ್ಲಿರುವ ಸಮಯ, ಮೊತ್ತ ಮತ್ತು reference ವಿವರಗಳು service recordನಲ್ಲಿ ಕಾಣಿಸಬಹುದು. ನಿಮ್ಮ ಸಾಮಾನ್ಯ transaction record ಜೊತೆ ಈ ಸೂಚನೆಯನ್ನು ಪರಿಶೀಲಿಸುವುದು ಉಪಯುಕ್ತ.",Kannada,Legitimate
ನಿಮ್ಮ electricity bill ಅಧಿಕೃತ portalನಲ್ಲಿ ಲಭ್ಯವಿದೆ.,Kannada,Legitimate
Meter reading [DATE]ರಂದು ದಾಖಲಾಗಿದೆ.,Kannada,Legitimate
Electricity complaint [REF_ID] ಆಗಿ ದಾಖಲಾಗಿದೆ.,Kannada,Legitimate
Electricity service request ಯಶಸ್ವಿಯಾಗಿ ನೋಂದಾಯಿಸಲಾಗಿದೆ. https://service.example/receipt,Kannada,Legitimate
₹850 utility payment ಯಶಸ್ವಿಯಾಗಿದೆ. https://track.example/order,Kannada,Legitimate
ನವೀಕರಣ: Electricity service appointment [DATE]ಕ್ಕೆ ಇದೆ. https://official.example/app ಸೇವೆಯ ಸ್ಥಿತಿಯನ್ನು ನಂತರ ಅಧಿಕೃತ portalನಲ್ಲಿ ಮತ್ತೆ ಪರಿಶೀಲಿಸಬಹುದು. ಈ ಮಾಹಿತಿಯಲ್ಲಿರುವ ಸೇವಾ ವಿವರಗಳನ್ನು ನಿಮ್ಮ ಅಧಿಕೃತ accountನಲ್ಲಿ ಪರಿಶೀಲಿಸಬಹುದು. ಯಾವುದೇ payment ಅಥವಾ identity action ಮಾಡುವ ಮೊದಲು ಅಧಿಕೃತ ಮಾಹಿತಿಯನ್ನು ಹೋಲಿಸಿ ನೋಡಿ. ಸಂಬಂಧಿತ service history ನಿಮ್ಮ official app ಅಥವಾ portalನಲ್ಲಿ ಪ್ರತ್ಯೇಕವಾಗಿ ಕಾಣಬಹುದು.,Kannada,Legitimate
Bill payment receipt official accountನಲ್ಲಿ ಲಭ್ಯವಿದೆ.,Kannada,Legitimate
Meter service request reviewನಲ್ಲಿ ಇದೆ. ಧನ್ಯವಾದಗಳು.,Kannada,Legitimate
Electricity payment status update ಆಗಿದೆ.,Kannada,Legitimate
"₹1,240 electricity bill payment ಯಶಸ್ವಿಯಾಗಿದೆ. Receipt [REF_ID]. ಸಂದೇಶದಲ್ಲಿರುವ ಸಮಯ, ಮೊತ್ತ ಮತ್ತು reference ವಿವರಗಳು service recordನಲ್ಲಿ ಕಾಣಿಸಬಹುದು. ನಿಮ್ಮ ಸಾಮಾನ್ಯ transaction record ಜೊತೆ ಈ ಸೂಚನೆಯನ್ನು ಪರಿಶೀಲಿಸುವುದು ಉಪಯುಕ್ತ. Account ಸಂಬಂಧಿತ ವಿನಂತಿಗಳಿಗೆ ಈಗಾಗಲೇ ತಿಳಿದಿರುವ ಅಧಿಕೃತ contact channel ಮಾತ್ರ ಬಳಸಿ. ಯಾವುದೇ ಸಮಸ್ಯೆಯಿದ್ದರೆ service providerನ ಅಧಿಕೃತ support option ಬಳಸಿ.",Kannada,Legitimate
ಸೇವಾ ಮಾಹಿತಿ: ನಿಮ್ಮ electricity bill ಅಧಿಕೃತ portalನಲ್ಲಿ ಲಭ್ಯವಿದೆ. ನಿಮ್ಮ ಸಾಮಾನ್ಯ transaction record ಜೊತೆ ಈ ಸೂಚನೆಯನ್ನು ಪರಿಶೀಲಿಸುವುದು ಉಪಯುಕ್ತ. Account ಸಂಬಂಧಿತ ವಿನಂತಿಗಳಿಗೆ ಈಗಾಗಲೇ ತಿಳಿದಿರುವ ಅಧಿಕೃತ contact channel ಮಾತ್ರ ಬಳಸಿ. ಯಾವುದೇ ಸಮಸ್ಯೆಯಿದ್ದರೆ service providerನ ಅಧಿಕೃತ support option ಬಳಸಿ. ಸೇವೆಯ ಸ್ಥಿತಿಯನ್ನು ನಂತರ ಅಧಿಕೃತ portalನಲ್ಲಿ ಮತ್ತೆ ಪರಿಶೀಲಿಸಬಹುದು.,Kannada,Legitimate
ನವೀಕರಣ: Meter reading [DATE]ರಂದು ದಾಖಲಾಗಿದೆ.,Kannada,Legitimate
Electricity complaint [REF_ID] ಆಗಿ ದಾಖಲಾಗಿದೆ. Customer service ವಿವರಗಳು accountನಲ್ಲಿ ಲಭ್ಯವಿವೆ. ಯಾವುದೇ ಸಮಸ್ಯೆಯಿದ್ದರೆ service providerನ ಅಧಿಕೃತ support option ಬಳಸಿ. ಸೇವೆಯ ಸ್ಥಿತಿಯನ್ನು ನಂತರ ಅಧಿಕೃತ portalನಲ್ಲಿ ಮತ್ತೆ ಪರಿಶೀಲಿಸಬಹುದು. ಈ ಮಾಹಿತಿಯಲ್ಲಿರುವ ಸೇವಾ ವಿವರಗಳನ್ನು ನಿಮ್ಮ ಅಧಿಕೃತ accountನಲ್ಲಿ ಪರಿಶೀಲಿಸಬಹುದು. ಯಾವುದೇ payment ಅಥವಾ identity action ಮಾಡುವ ಮೊದಲು ಅಧಿಕೃತ ಮಾಹಿತಿಯನ್ನು ಹೋಲಿಸಿ ನೋಡಿ.,Kannada,Legitimate
ನವೀಕರಣ: ₹249 mobile recharge ಯಶಸ್ವಿಯಾಗಿದೆ. https://official.example/app,Kannada,Legitimate
Data pack ಸಕ್ರಿಯವಾಗಿದೆ. https://portal.example/status,Kannada,Legitimate
Prepaid plan [DATE]ರವರೆಗೆ valid ಆಗಿದೆ. https://service.example/receipt,Kannada,Legitimate
₹499 postpaid bill payment ಯಶಸ್ವಿಯಾಗಿದೆ.,Kannada,Legitimate
Mobile service request [REF_ID] ದಾಖಲಾಗಿದೆ.,Kannada,Legitimate
Broadband payment ಸ್ವೀಕರಿಸಲಾಗಿದೆ.,Kannada,Legitimate
ನವೀಕರಣ: SIM replacement request ದಾಖಲಾಗಿದೆ.,Kannada,Legitimate
Data add-on ಯಶಸ್ವಿಯಾಗಿ activate ಆಗಿದೆ.,Kannada,Legitimate
Recharge receipt official appನಲ್ಲಿ ಲಭ್ಯವಿದೆ. ಧನ್ಯವಾದಗಳು.,Kannada,Legitimate
ನಿಮ್ಮ service plan ಯಶಸ್ವಿಯಾಗಿ renew ಆಗಿದೆ.,Kannada,Legitimate
₹249 mobile recharge ಯಶಸ್ವಿಯಾಗಿದೆ. https://service.example/receipt,Kannada,Legitimate
ಸೇವಾ ಮಾಹಿತಿ: Data pack ಸಕ್ರಿಯವಾಗಿದೆ. https://track.example/order,Kannada,Legitimate
"ನವೀಕರಣ: Prepaid plan [DATE]ರವರೆಗೆ valid ಆಗಿದೆ. https://official.example/app ಸಂದೇಶದಲ್ಲಿರುವ ಸಮಯ, ಮೊತ್ತ ಮತ್ತು reference ವಿವರಗಳು service recordನಲ್ಲಿ ಕಾಣಿಸಬಹುದು. ನಿಮ್ಮ ಸಾಮಾನ್ಯ transaction record ಜೊತೆ ಈ ಸೂಚನೆಯನ್ನು ಪರಿಶೀಲಿಸುವುದು ಉಪಯುಕ್ತ. Account ಸಂಬಂಧಿತ ವಿನಂತಿಗಳಿಗೆ ಈಗಾಗಲೇ ತಿಳಿದಿರುವ ಅಧಿಕೃತ contact channel ಮಾತ್ರ ಬಳಸಿ. ಯಾವುದೇ ಸಮಸ್ಯೆಯಿದ್ದರೆ service providerನ ಅಧಿಕೃತ support option ಬಳಸಿ.",Kannada,Legitimate
₹499 postpaid bill payment ಯಶಸ್ವಿಯಾಗಿದೆ. ಈ message ಸೇವಾ ಪ್ರಕ್ರಿಯೆಯ ಮಾಹಿತಿಗಾಗಿ. ನಿಮ್ಮ ಸಾಮಾನ್ಯ transaction record ಜೊತೆ ಈ ಸೂಚನೆಯನ್ನು ಪರಿಶೀಲಿಸುವುದು ಉಪಯುಕ್ತ. Account ಸಂಬಂಧಿತ ವಿನಂತಿಗಳಿಗೆ ಈಗಾಗಲೇ ತಿಳಿದಿರುವ ಅಧಿಕೃತ contact channel ಮಾತ್ರ ಬಳಸಿ. ಯಾವುದೇ ಸಮಸ್ಯೆಯಿದ್ದರೆ service providerನ ಅಧಿಕೃತ support option ಬಳಸಿ. ಸೇವೆಯ ಸ್ಥಿತಿಯನ್ನು ನಂತರ ಅಧಿಕೃತ portalನಲ್ಲಿ ಮತ್ತೆ ಪರಿಶೀಲಿಸಬಹುದು.,Kannada,Legitimate
"ನವೀಕರಣ: ₹3,499 insurance premium payment ಯಶಸ್ವಿಯಾಗಿ ಸ್ವೀಕರಿಸಲಾಗಿದೆ. Account ಸಂಬಂಧಿತ ವಿನಂತಿಗಳಿಗೆ ಈಗಾಗಲೇ ತಿಳಿದಿರುವ ಅಧಿಕೃತ contact channel ಮಾತ್ರ ಬಳಸಿ. ಯಾವುದೇ ಸಮಸ್ಯೆಯಿದ್ದರೆ service providerನ ಅಧಿಕೃತ support option ಬಳಸಿ. ಸೇವೆಯ ಸ್ಥಿತಿಯನ್ನು ನಂತರ ಅಧಿಕೃತ portalನಲ್ಲಿ ಮತ್ತೆ ಪರಿಶೀಲಿಸಬಹುದು. ಈ ಮಾಹಿತಿಯಲ್ಲಿರುವ ಸೇವಾ ವಿವರಗಳನ್ನು ನಿಮ್ಮ ಅಧಿಕೃತ accountನಲ್ಲಿ ಪರಿಶೀಲಿಸಬಹುದು.",Kannada,Legitimate
Insurance claim [REF_ID] ದಾಖಲಾಗಿದೆ.,Kannada,Legitimate
Policy renewal receipt ಲಭ್ಯವಿದೆ.,Kannada,Legitimate
Claim documents ಯಶಸ್ವಿಯಾಗಿ ಸ್ವೀಕರಿಸಲಾಗಿದೆ.,Kannada,Legitimate
Policy statement official accountನಲ್ಲಿ ಲಭ್ಯವಿದೆ.,Kannada,Legitimate
Premium payment [TXN_ID] ಅಡಿಯಲ್ಲಿ ದಾಖಲಾಗಿದೆ.,Kannada,Legitimate
ನವೀಕರಣ: Claim status update ಆಗಿದೆ. https://official.example/app,Kannada,Legitimate
Policy service request ಯಶಸ್ವಿಯಾಗಿ ದಾಖಲಾಗಿದೆ. https://portal.example/status,Kannada,Legitimate
ಮುಂದಿನ policy installment [DATE]ರಂದು ಇದೆ. ಧನ್ಯವಾದಗಳು. https://service.example/receipt Account ಸಂಬಂಧಿತ ವಿನಂತಿಗಳಿಗೆ ಈಗಾಗಲೇ ತಿಳಿದಿರುವ ಅಧಿಕೃತ contact channel ಮಾತ್ರ ಬಳಸಿ. ಯಾವುದೇ ಸಮಸ್ಯೆಯಿದ್ದರೆ service providerನ ಅಧಿಕೃತ support option ಬಳಸಿ. ಸೇವೆಯ ಸ್ಥಿತಿಯನ್ನು ನಂತರ ಅಧಿಕೃತ portalನಲ್ಲಿ ಮತ್ತೆ ಪರಿಶೀಲಿಸಬಹುದು. ಈ ಮಾಹಿತಿಯಲ್ಲಿರುವ ಸೇವಾ ವಿವರಗಳನ್ನು ನಿಮ್ಮ ಅಧಿಕೃತ accountನಲ್ಲಿ ಪರಿಶೀಲಿಸಬಹುದು.,Kannada,Legitimate
ನವೀಕರಣ: Investment account statement ಲಭ್ಯವಿದೆ.,Kannada,Legitimate
Mutual fund transaction [TXN_ID] ಯಶಸ್ವಿಯಾಗಿದೆ.,Kannada,Legitimate
"Trading accountಗೆ ₹5,000 credit ಆಗಿದೆ.",Kannada,Legitimate
SIP payment ಯಶಸ್ವಿಯಾಗಿ process ಆಗಿದೆ.,Kannada,Legitimate
Investment redemption request receipt ಲಭ್ಯವಿದೆ.,Kannada,Legitimate
Trading account profile update ಆಗಿದೆ.,Kannada,Legitimate
ನವೀಕರಣ: Investment service request [REF_ID] ದಾಖಲಾಗಿದೆ.,Kannada,Legitimate
Portfolio report official accountನಲ್ಲಿ ಲಭ್ಯವಿದೆ. https://service.example/receipt,Kannada,Legitimate
SIP ಮುಂದಿನ payment [DATE]ರಂದು process ಆಗುತ್ತದೆ. ಧನ್ಯವಾದಗಳು. https://track.example/order ಯಾವುದೇ ಸಮಸ್ಯೆಯಿದ್ದರೆ service providerನ ಅಧಿಕೃತ support option ಬಳಸಿ. ಸೇವೆಯ ಸ್ಥಿತಿಯನ್ನು ನಂತರ ಅಧಿಕೃತ portalನಲ್ಲಿ ಮತ್ತೆ ಪರಿಶೀಲಿಸಬಹುದು. ಈ ಮಾಹಿತಿಯಲ್ಲಿರುವ ಸೇವಾ ವಿವರಗಳನ್ನು ನಿಮ್ಮ ಅಧಿಕೃತ accountನಲ್ಲಿ ಪರಿಶೀಲಿಸಬಹುದು. ಯಾವುದೇ payment ಅಥವಾ identity action ಮಾಡುವ ಮೊದಲು ಅಧಿಕೃತ ಮಾಹಿತಿಯನ್ನು ಹೋಲಿಸಿ ನೋಡಿ.,Kannada,Legitimate
ನವೀಕರಣ: ನಿಮ್ಮ social accountಗೆ [TIME]ಕ್ಕೆ login ಯಶಸ್ವಿಯಾಗಿದೆ. https://official.example/app ಸೇವೆಯ ಸ್ಥಿತಿಯನ್ನು ನಂತರ ಅಧಿಕೃತ portalನಲ್ಲಿ ಮತ್ತೆ ಪರಿಶೀಲಿಸಬಹುದು. ಈ ಮಾಹಿತಿಯಲ್ಲಿರುವ ಸೇವಾ ವಿವರಗಳನ್ನು ನಿಮ್ಮ ಅಧಿಕೃತ accountನಲ್ಲಿ ಪರಿಶೀಲಿಸಬಹುದು. ಯಾವುದೇ payment ಅಥವಾ identity action ಮಾಡುವ ಮೊದಲು ಅಧಿಕೃತ ಮಾಹಿತಿಯನ್ನು ಹೋಲಿಸಿ ನೋಡಿ. ಸಂಬಂಧಿತ service history ನಿಮ್ಮ official app ಅಥವಾ portalನಲ್ಲಿ ಪ್ರತ್ಯೇಕವಾಗಿ ಕಾಣಬಹುದು.,Kannada,Legitimate
"ಹೊಸ device ನಿಮ್ಮ accountಗೆ ಯಶಸ್ವಿಯಾಗಿ ಸೇರಿಸಲಾಗಿದೆ. ಮಾಹಿತಿ ಸಂಖ್ಯೆ KAN-01. ಈ ಮಾಹಿತಿಯಲ್ಲಿರುವ ಸೇವಾ ವಿವರಗಳನ್ನು ನಿಮ್ಮ ಅಧಿಕೃತ accountನಲ್ಲಿ ಪರಿಶೀಲಿಸಬಹುದು. ಯಾವುದೇ payment ಅಥವಾ identity action ಮಾಡುವ ಮೊದಲು ಅಧಿಕೃತ ಮಾಹಿತಿಯನ್ನು ಹೋಲಿಸಿ ನೋಡಿ. ಸಂಬಂಧಿತ service history ನಿಮ್ಮ official app ಅಥವಾ portalನಲ್ಲಿ ಪ್ರತ್ಯೇಕವಾಗಿ ಕಾಣಬಹುದು. ಸಂದೇಶದಲ್ಲಿರುವ ಸಮಯ, ಮೊತ್ತ ಮತ್ತು reference ವಿವರಗಳು service recordನಲ್ಲಿ ಕಾಣಿಸಬಹುದು.",Kannada,Legitimate
ನಿಮ್ಮ password ಯಶಸ್ವಿಯಾಗಿ ಬದಲಾಗಿದೆ.,Kannada,Legitimate
Account recovery request [REF_ID] ದಾಖಲಾಗಿದೆ.,Kannada,Legitimate
Security settings update ಆಗಿದೆ.,Kannada,Legitimate
Login historyಯಲ್ಲಿ ಹೊಸ session ದಾಖಲಾಗಿದೆ.,Kannada,Legitimate
ನವೀಕರಣ: Profile email verification ಪೂರ್ಣಗೊಂಡಿದೆ.,Kannada,Legitimate
Two-step verification ಸಕ್ರಿಯವಾಗಿದೆ.,Kannada,Legitimate
Account security ಮಾಹಿತಿ official appನಲ್ಲಿ ಲಭ್ಯವಿದೆ. ಧನ್ಯವಾದಗಳು. https://official.example/app ಸೇವೆಯ ಸ್ಥಿತಿಯನ್ನು ನಂತರ ಅಧಿಕೃತ portalನಲ್ಲಿ ಮತ್ತೆ ಪರಿಶೀಲಿಸಬಹುದು. ಈ ಮಾಹಿತಿಯಲ್ಲಿರುವ ಸೇವಾ ವಿವರಗಳನ್ನು ನಿಮ್ಮ ಅಧಿಕೃತ accountನಲ್ಲಿ ಪರಿಶೀಲಿಸಬಹುದು. ಯಾವುದೇ payment ಅಥವಾ identity action ಮಾಡುವ ಮೊದಲು ಅಧಿಕೃತ ಮಾಹಿತಿಯನ್ನು ಹೋಲಿಸಿ ನೋಡಿ. ಸಂಬಂಧಿತ service history ನಿಮ್ಮ official app ಅಥವಾ portalನಲ್ಲಿ ಪ್ರತ್ಯೇಕವಾಗಿ ಕಾಣಬಹುದು.,Kannada,Legitimate
Your card payment of ₹199 at Amazon was approved.,English,Legitimate
"Your UPI payment of ₹3,499 to Airtel was successful. Transaction reference TXN8472. For your records. https://service.example/check",English,Legitimate
Your electricity bill payment of ₹199 was successful. The receipt is available on the portal. Thank you. https://service.example/check,English,Legitimate
Your salary account has been credited. The updated balance is available in your banking app. Thank you. https://service.example/check,English,Legitimate
Your KYC update request has been received. You can check its status after review. Thank you.,English,Legitimate
Your KYC update request has been received. You can check its status after review.,English,Legitimate
SMS: Your KYC update request has been received. You can check its status after review.,English,Legitimate
Your subscription renewal for mobile app was processed successfully. For your records. Please use the official app.,English,Legitimate
Update: Your mobile recharge of ₹249 was successful. The plan is active until 16 August. https://service.example/check,English,Legitimate
Your return pickup has been scheduled for 21 August. Please keep the package ready. Please check the app for details.,English,Legitimate
"The ₹7,500 refund for your order has been credited to the original payment method. Thank you.",English,Legitimate
Update: The ₹249 refund for your order has been credited to the original payment method.,English,Legitimate
Your return pickup has been scheduled for 25 August. Please keep the package ready.,English,Legitimate
Your interview for the Operations Associate position is scheduled for 21 August at 9:15 AM.,English,Legitimate
Your subscription renewal for cloud storage was processed successfully. | Account update https://service.example/check,English,Legitimate
Your reward points balance has been updated in the official app. Thank you.,English,Legitimate
"Your loan EMI of ₹1,999 was received successfully. No further action is required. Thank you. Please use the official app.",English,Legitimate
Your bank branch appointment is confirmed for 16 August at 2:10 PM. Thank you.,English,Legitimate
Your broadband bill of ₹199 has been paid successfully. Service details are available in your account.,English,Legitimate
"Update: Your broadband bill of ₹1,240 has been paid successfully.",English,Legitimate
Your return pickup has been scheduled for 16 August. Please keep the package ready. https://service.example/check,English,Legitimate
Your electricity bill payment of ₹249 was successful. The receipt is available on the portal. Please check the app for details.,English,Legitimate
Your parcel from ABC Store has been picked up and is expected to reach you by 16 August. | Account update,English,Legitimate
"Your mobile recharge of ₹3,499 was successful — The plan is active until 18 August. https://service.example/check",English,Legitimate
"Your login was successful from a new device. If this was you, no action is needed. https://service.example/check",English,Legitimate
Your electricity bill payment of ₹499 was successful. The receipt is available on the portal. https://service.example/check,English,Legitimate
Your KYC update request has been received. You can check its status after review. https://service.example/check,English,Legitimate
Your government service application REF5291 has been received and is under review.,English,Legitimate
Your DigiLocker document is ready to view in your account. Please check the app for details.,English,Legitimate
SMS: Your insurance premium of ₹850 has been received. Policy details are available in the app.,English,Legitimate
Your loan EMI of ₹199 was received successfully. No further action is required.,English,Legitimate
Your card payment of ₹199 at Zomato was approved. https://service.example/check,English,Legitimate
"Your mobile recharge of ₹1,240 was successful. The plan is active until 18 August.",English,Legitimate
"Your login was successful from a new device. If this was you, no action is needed.",English,Legitimate
"Your login was successful from a new device. If this was you, no action is needed. | Today https://service.example/check",English,Legitimate
Your interview for the Customer Support Executive position is scheduled for 25 August at 5:45 PM. Please use the official app.,English,Legitimate
The ₹499 refund for your order has been credited to the original payment method —,English,Legitimate
SMS: Your KYC update request has been received. You can check its status after review. https://service.example/check,English,Legitimate
"SMS: Your mobile recharge of ₹1,240 was successful. The plan is active until 21 August.",English,Legitimate
Your card payment of ₹199 at Swiggy was approved. For your records.,English,Legitimate
SMS: Your parcel from Swiggy has been picked up and is expected to reach you by 16 August.,English,Legitimate
Your parcel from Airtel has been picked up and is expected to reach you by 21 August — https://service.example/check,English,Legitimate
Your DigiLocker document is ready to view in your account.,English,Legitimate
Your card payment of ₹249 at ABC Store was approved.,English,Legitimate
Your salary account has been credited — The updated balance is available in your banking app. https://service.example/check,English,Legitimate
Update: Your insurance premium of ₹499 has been received. Policy details are available in the app. https://service.example/check,English,Legitimate
Your insurance premium of ₹249 has been received. Policy details are available in the app. | Service update,English,Legitimate
"Your broadband bill of ₹3,499 has been paid successfully. https://service.example/check",English,Legitimate
SMS: Your KYC update request has been received. You can check its status after review. You can also view the latest status in the app.,English,Legitimate
Your interview for the Data Analyst position is scheduled for 25 August at 5:45 PM. Service details are available in your account. Please use the official app.,English,Legitimate
"Update: Your insurance premium of ₹1,999 has been received. Policy details are available in the app.",English,Legitimate
Your UPI payment of ₹249 to Swiggy was successful — Transaction reference APP7045.,English,Legitimate
"Your card payment of ₹1,999 at Zomato was approved. https://service.example/check",English,Legitimate
Your reward points balance has been updated in the official app. For your records. https://service.example/check,English,Legitimate
SMS: Your subscription renewal for video service was processed successfully. https://service.example/check,English,Legitimate
"SMS: Your UPI payment of ₹3,499 to Zomato was successful. Transaction reference APP7045. https://service.example/check",English,Legitimate
"Your login was successful from a new device. If this was you, no action is needed. Keep the confirmation for your records.",English,Legitimate
Your DigiLocker document is ready to view in your account. You can also view the latest status in the app.,English,Legitimate
Your card payment of ₹499 at Amazon was approved —,English,Legitimate
Your account statement for this month is now available in the official banking app. | Service update,English,Legitimate
"Your mobile recharge of ₹3,499 was successful. The plan is active until 18 August. Service details are available in your account. https://service.example/check",English,Legitimate
Your interview for the Software Engineer position is scheduled for 25 August at 5:45 PM.,English,Legitimate
Your KYC update request has been received. You can check its status after review. Keep the confirmation for your records. This update is also visible in your account.,English,Legitimate
Your bank branch appointment is confirmed for 21 August at 2:10 PM.,English,Legitimate
Your KYC update request has been received. You can check its status after review. The same update is available in your account.,English,Legitimate
"Your broadband bill of ₹3,499 has been paid successfully — Please use the official app.",English,Legitimate
Your salary account has been credited. The updated balance is available in your banking app.,English,Legitimate
Your card payment of ₹499 at Zomato was approved. | Service update https://service.example/check,English,Legitimate
"Your broadband bill of ₹3,499 has been paid successfully.",English,Legitimate
"Your UPI payment of ₹7,500 to Swiggy was successful. Transaction reference ORD3816. Thank you. https://service.example/check",English,Legitimate
"Your electricity bill payment of ₹3,499 was successful. The receipt is available on the portal. For your records. https://service.example/check",English,Legitimate
"Your loan EMI of ₹1,240 was received successfully. No further action is required. https://service.example/check",English,Legitimate
Your government service application TXN8472 has been received and is under review. For your records. Please use the official app.,English,Legitimate
Your government service application REF5291 has been received and is under review. | Service update,English,Legitimate
Your card payment of ₹850 at Amazon was approved —,English,Legitimate
Your government service application TXN8472 has been received and is under review. Service details are available in your account.,English,Legitimate
"The ₹1,999 refund for your order has been credited to the original payment method.",English,Legitimate
Your account statement for this month is now available in the official banking app. Please use the official app.,English,Legitimate
SMS: Your government service application ORD3816 has been received and is under review. https://service.example/check,English,Legitimate
Your mobile recharge of ₹850 was successful. The plan is active until 21 August. Thank you.,English,Legitimate
Your salary account has been credited. The updated balance is available in your banking app. Keep the confirmation for your records.,English,Legitimate
Your bank branch appointment is confirmed for 16 August at 5:45 PM. https://service.example/check,English,Legitimate
Your KYC update request has been received. You can check its status after review. https://service.example/check The same update is available in your account.,English,Legitimate
SMS: Your UPI payment of ₹499 to Flipkart was successful. Transaction reference APP7045.,English,Legitimate
Your bank branch appointment is confirmed for 18 August at 9:15 AM. For your records.,English,Legitimate
Your account statement for this month is now available in the official banking app.,English,Legitimate
Your KYC update request has been received. You can check its status after review. Keep the confirmation for your records. Keep this message for reference.,English,Legitimate
SMS: Your account statement for this month is now available in the official banking app.,English,Legitimate
Update: Your salary account has been credited. The updated balance is available in your banking app. Please use the official app.,English,Legitimate
Your interview for the Data Analyst position is scheduled for 25 August at 5:45 PM. Thank you. https://service.example/check,English,Legitimate
"Your broadband bill of ₹1,999 has been paid successfully — https://service.example/check",English,Legitimate
Your return pickup has been scheduled for 16 August. Please keep the package ready. Please check the app for details. Please use the official app.,English,Legitimate
"Your broadband bill of ₹1,240 has been paid successfully. Thank you.",English,Legitimate
Your mobile recharge of ₹499 was successful. The plan is active until 21 August.,English,Legitimate
Your account statement for this month is now available in the official banking app. Please use the official app. The same update is available in your account.,English,Legitimate
"The ₹1,240 refund for your order has been credited to the original payment method — https://service.example/check",English,Legitimate
"Your login was successful from a new device. If this was you, no action is needed. For your records.",English,Legitimate
Update: Your bank branch appointment is confirmed for 21 August at 2:10 PM.,English,Legitimate
Your reward points balance has been updated in the official app. Service details are available in your account.,English,Legitimate
Your KYC update request has been received. You can check its status after review. | Today Please use the official app.,English,Legitimate
Your insurance claim cannot be processed until the beneficiary details are confirmed. For your records. https://service.example/check,English,Phishing
Your KYC has expired. Update your information immediately to prevent banking access from being blocked. https://service.example/check,English,Phishing
Your UPI refund could not be released. Provide the required payment details to complete the request. | Account update,English,Phishing
Your job application needs a final verification before the interview slot can be confirmed. https://service.example/check,English,Phishing
Your loan application is approved in principle. Submit the requested details to release the amount.,English,Phishing
Update: Your bank account will be restricted today unless you confirm the pending KYC details.,English,Phishing
Your UPI service has been placed on hold. Complete the verification before the review closes. | Today https://service.example/check,English,Phishing
Your KYC has expired. Update your information immediately to prevent banking access from being blocked. Please check the app for details.,English,Phishing
Your subscription payment failed. Verify your card information to avoid cancellation. | Today,English,Phishing
Your job application needs a final verification before the interview slot can be confirmed. Please check the app for details.,English,Phishing
Your subscription payment failed. Verify your card information to avoid cancellation. | Service update,English,Phishing
Your KYC has expired — Update your information immediately to prevent banking access from being blocked.,English,Phishing
Your insurance claim cannot be processed until the beneficiary details are confirmed. For your records. https://service.example/check The same update is available in your account.,English,Phishing
Your account recovery request was received from an unknown device. Confirm your identity immediately. | Service update https://service.example/check,English,Phishing
Your UPI refund could not be released. Provide the required payment details to complete the request.,English,Phishing
SMS: Your government benefit verification is pending. Confirm your details before the application is closed.,English,Phishing
Your parcel is being held because the delivery address could not be verified. Confirm it to continue. Thank you. https://service.example/check,English,Phishing
Your account recovery request was received from an unknown device. Confirm your identity immediately. https://service.example/check,English,Phishing
Your government benefit verification is pending. Confirm your details before the application is closed. Please check the app for details.,English,Phishing
Your government benefit verification is pending. Confirm your details before the application is closed. Service details are available in your account.,English,Phishing
We noticed unusual activity on your account. Confirm your identity to avoid suspension. Please check the app for details.,English,Phishing
Your UPI refund could not be released. Provide the required payment details to complete the request. The same update is available in your account. You may review the status in the app.,English,Phishing
Your job application needs a final verification before the interview slot can be confirmed. Thank you. https://service.example/check,English,Phishing
Your parcel is being held because the delivery address could not be verified. Confirm it to continue. Thank you.,English,Phishing
SMS: Your bank account will be restricted today unless you confirm the pending KYC details.,English,Phishing
Your UPI refund could not be released. Provide the required payment details to complete the request. | Account update Keep the confirmation for your records.,English,Phishing
SMS: Your KYC has expired. Update your information immediately to prevent banking access from being blocked.,English,Phishing
Your insurance claim cannot be processed until the beneficiary details are confirmed. | Today,English,Phishing
Your reward is ready for collection. Complete the verification step to receive the cashback. https://service.example/check,English,Phishing
SMS: Your UPI refund could not be released. Provide the required payment details to complete the request.,English,Phishing
Update: Your card will be temporarily disabled unless the security check is completed. Please use the official app.,English,Phishing
You have been shortlisted for a work-from-home role. Pay the refundable registration amount to complete joining. | Account update,English,Phishing
Your KYC has expired. Update your information immediately to prevent banking access from being blocked.,English,Phishing
You have been shortlisted for a work-from-home role. Pay the refundable registration amount to complete joining. Please use the official app.,English,Phishing
Your job application needs a final verification before the interview slot can be confirmed. Thank you.,English,Phishing
We noticed unusual activity on your account. Confirm your identity to avoid suspension. Please check the app for details. You can also view the latest status in the app.,English,Phishing
Your card payment could not be verified. Re-enter your account details to keep the card active. https://service.example/check,English,Phishing
Your job application needs a final verification before the interview slot can be confirmed. https://service.example/check Keep the confirmation for your records.,English,Phishing
Your bank profile has been flagged for a security review. Confirm the requested information. Service details are available in your account.,English,Phishing
Your card payment could not be verified. Re-enter your account details to keep the card active. Thank you.,English,Phishing
Your mobile number needs a KYC recheck. Complete the process today to keep services active. Thank you. Please use the official app.,English,Phishing
A refund is waiting for confirmation — Share the requested account details to receive the amount.,English,Phishing
Your reward is ready for collection — Complete the verification step to receive the cashback.,English,Phishing
Update: Your bank account will be restricted today unless you confirm the pending KYC details. Keep the confirmation for your records.,English,Phishing
SMS: A refund is waiting for confirmation. Share the requested account details to receive the amount.,English,Phishing
Your subscription payment failed. Verify your card information to avoid cancellation.,English,Phishing
Your card payment could not be verified. Re-enter your account details to keep the card active. Thank you. Keep the confirmation for your records.,English,Phishing
We noticed unusual activity on your account. Confirm your identity to avoid suspension. | Service update,English,Phishing
Your bank profile has been flagged for a security review. Confirm the requested information.,English,Phishing
You have been shortlisted for a work-from-home role. Pay the refundable registration amount to complete joining. Please check the app for details.,English,Phishing
Update: Your loan application is approved in principle. Submit the requested details to release the amount.,English,Phishing
Your government benefit verification is pending. Confirm your details before the application is closed. For your records.,English,Phishing
Your government benefit verification is pending. Confirm your details before the application is closed.,English,Phishing
Your reward is ready for collection. Complete the verification step to receive the cashback. Thank you.,English,Phishing
Your government benefit verification is pending. Confirm your details before the application is closed. The same update is available in your account.,English,Phishing
Your KYC has expired — Update your information immediately to prevent banking access from being blocked. Keep the confirmation for your records.,English,Phishing
Your account recovery request was received from an unknown device. Confirm your identity immediately. Thank you. https://service.example/check,English,Phishing
Your subscription payment failed — Verify your card information to avoid cancellation. Please use the official app.,English,Phishing
Your loan application is approved in principle. Submit the requested details to release the amount. Thank you. https://service.example/check,English,Phishing
Update: We noticed unusual activity on your account. Confirm your identity to avoid suspension.,English,Phishing
Your bank profile has been flagged for a security review — Confirm the requested information.,English,Phishing
SMS: Your job application needs a final verification before the interview slot can be confirmed. https://service.example/check,English,Phishing
Your parcel is being held because the delivery address could not be verified. Confirm it to continue. Thank you. https://service.example/check You can also view the latest status in the app.,English,Phishing
SMS: Your bank profile has been flagged for a security review. Confirm the requested information. https://service.example/check,English,Phishing
Update: Your UPI refund could not be released. Provide the required payment details to complete the request.,English,Phishing
Your parcel is being held because the delivery address could not be verified. Confirm it to continue.,English,Phishing
Your bank account will be restricted today unless you confirm the pending KYC details.,English,Phishing
Your card payment could not be verified. Re-enter your account details to keep the card active.,English,Phishing
Your insurance claim cannot be processed until the beneficiary details are confirmed —,English,Phishing
Your UPI refund could not be released. Provide the required payment details to complete the request. For your records. Please use the official app.,English,Phishing
SMS: Your card will be temporarily disabled unless the security check is completed. Please use the official app.,English,Phishing
Update: We noticed unusual activity on your account. Confirm your identity to avoid suspension. You can also view the latest status in the app.,English,Phishing
You have been shortlisted for a work-from-home role. Pay the refundable registration amount to complete joining. Service details are available in your account.,English,Phishing
Your account recovery request was received from an unknown device. Confirm your identity immediately.,English,Phishing
Your bank profile has been flagged for a security review. Confirm the requested information. | Account update https://service.example/check,English,Phishing
Your KYC has expired. Update your information immediately to prevent banking access from being blocked. For your records. Please use the official app.,English,Phishing
Your bank account will be restricted today unless you confirm the pending KYC details. Thank you.,English,Phishing
Your subscription payment failed. Verify your card information to avoid cancellation. You can also view the latest status in the app.,English,Phishing
Update: We noticed unusual activity on your account. Confirm your identity to avoid suspension. https://service.example/check,English,Phishing
Your bank profile has been flagged for a security review. Confirm the requested information. | Service update,English,Phishing
Your loan application is approved in principle. Submit the requested details to release the amount. You can also view the latest status in the app.,English,Phishing
You have been shortlisted for a work-from-home role. Pay the refundable registration amount to complete joining. For your records. https://service.example/check,English,Phishing
Your subscription payment failed. Verify your card information to avoid cancellation. | Service update Keep the confirmation for your records.,English,Phishing
SMS: Your KYC has expired. Update your information immediately to prevent banking access from being blocked. https://service.example/check,English,Phishing
Your electricity connection is scheduled for suspension because the latest bill could not be verified. Please use the official app.,English,Phishing
Your insurance claim cannot be processed until the beneficiary details are confirmed.,English,Phishing
Your card payment could not be verified. Re-enter your account details to keep the card active. Thank you. You can also view the latest status in the app.,English,Phishing
Your loan application is approved in principle. Submit the requested details to release the amount. The same update is available in your account. This update is also visible in your account.,English,Phishing
Update: Your account recovery request was received from an unknown device. Confirm your identity immediately. Please use the official app.,English,Phishing
SMS: Your account recovery request was received from an unknown device. Confirm your identity immediately.,English,Phishing
Your UPI refund could not be released. Provide the required payment details to complete the request. The same update is available in your account. Keep this message for reference.,English,Phishing
SMS: Your insurance claim cannot be processed until the beneficiary details are confirmed.,English,Phishing
SMS: Your KYC has expired. Update your information immediately to prevent banking access from being blocked. Please use the official app.,English,Phishing
Your job application needs a final verification before the interview slot can be confirmed. | Account update,English,Phishing
Your account recovery request was received from an unknown device. Confirm your identity immediately. For your records.,English,Phishing
Your card will be temporarily disabled unless the security check is completed. https://service.example/check,English,Phishing
Your loan application is approved in principle. Submit the requested details to release the amount. The same update is available in your account. You may review the status in the app.,English,Phishing
Your UPI service has been placed on hold. Complete the verification before the review closes. Thank you.,English,Phishing
Update: Your insurance claim cannot be processed until the beneficiary details are confirmed.,English,Phishing
Your card will be temporarily disabled unless the security check is completed. Please check the app for details.,English,Phishing
SMS: इस महीने का बैंक स्टेटमेंट आधिकारिक ऐप में उपलब्ध है।,Hindi,Legitimate
इस महीने का बैंक स्टेटमेंट आधिकारिक ऐप में उपलब्ध है।,Hindi,Legitimate
"₹1,999 का बिजली बिल भुगतान सफल रहा। रसीद पोर्टल पर उपलब्ध है।",Hindi,Legitimate
आपके नए device से login की पुष्टि हो गई है। https://service.example/check,Hindi,Legitimate
SMS: आपका दस्तावेज DigiLocker में देखने के लिए उपलब्ध है। https://service.example/check,Hindi,Legitimate
SMS: इस महीने का बैंक स्टेटमेंट आधिकारिक ऐप में उपलब्ध है। https://service.example/check,Hindi,Legitimate
Update: आपका KYC update request प्राप्त हो गया है। समीक्षा के बाद स्थिति देख सकते हैं। https://service.example/check,Hindi,Legitimate
आपकी ₹850 की EMI सफलतापूर्वक जमा हो गई है। Service details are available in your account.,Hindi,Legitimate
"₹7,500 का मोबाइल रिचार्ज सफल रहा। आपका प्लान 16 August तक सक्रिय है। Please use the official app.",Hindi,Legitimate
बैंक शाखा में आपका appointment 21 August को 5:45 PM बजे है।,Hindi,Legitimate
"आपका broadband bill ₹3,499 सफलतापूर्वक जमा हो गया है।",Hindi,Legitimate
इस महीने का बैंक स्टेटमेंट आधिकारिक ऐप में उपलब्ध है। Please check the app for details.,Hindi,Legitimate
Update: बीमा प्रीमियम ₹850 सफलतापूर्वक प्राप्त हुआ। पॉलिसी की जानकारी ऐप में उपलब्ध है। Please use the official app.,Hindi,Legitimate
Update: आपका return pickup 16 August के लिए तय किया गया है।,Hindi,Legitimate
SMS: आपका पार्सल Swiggy से भेज दिया गया है और 25 August तक पहुंचने की उम्मीद है। Please use the official app.,Hindi,Legitimate
"₹1,240 का बिजली बिल भुगतान सफल रहा। रसीद पोर्टल पर उपलब्ध है। Please check the app for details.",Hindi,Legitimate
SMS: ₹249 का UPI भुगतान सफल रहा। लेनदेन संख्या TXN8472 है। https://service.example/check,Hindi,Legitimate
"आपका broadband bill ₹1,999 सफलतापूर्वक जमा हो गया है। | Service update Please use the official app.",Hindi,Legitimate
आपकी ₹249 की EMI सफलतापूर्वक जमा हो गई है। https://service.example/check,Hindi,Legitimate
आपका इंटरव्यू 16 August को 2:10 PM बजे निर्धारित है। Thank you. https://service.example/check,Hindi,Legitimate
आपका दस्तावेज DigiLocker में देखने के लिए उपलब्ध है।,Hindi,Legitimate
"SMS: ₹3,499 का बिजली बिल भुगतान सफल रहा। रसीद पोर्टल पर उपलब्ध है।",Hindi,Legitimate
इस महीने का बैंक स्टेटमेंट आधिकारिक ऐप में उपलब्ध है। यही जानकारी आपके आधिकारिक खाते में भी देखी जा सकती है। यह अपडेट आपके खाते में भी उपलब्ध है।,Hindi,Legitimate
Update: आपकी subscription renewal सफलतापूर्वक प्रोसेस हो गई है। Please use the official app.,Hindi,Legitimate
आपके ऑर्डर का ₹249 रिफंड मूल भुगतान माध्यम में जमा हो गया है। | Account update,Hindi,Legitimate
₹499 का बिजली बिल भुगतान सफल रहा। रसीद पोर्टल पर उपलब्ध है। Thank you.,Hindi,Legitimate
"₹1,999 का मोबाइल रिचार्ज सफल रहा। आपका प्लान 25 August तक सक्रिय है। https://service.example/check",Hindi,Legitimate
"बीमा प्रीमियम ₹1,999 सफलतापूर्वक प्राप्त हुआ। पॉलिसी की जानकारी ऐप में उपलब्ध है। | Service update",Hindi,Legitimate
आपका दस्तावेज DigiLocker में देखने के लिए उपलब्ध है। यही जानकारी आपके आधिकारिक खाते में भी देखी जा सकती है।,Hindi,Legitimate
Update: आपका broadband bill ₹850 सफलतापूर्वक जमा हो गया है।,Hindi,Legitimate
आपकी subscription renewal सफलतापूर्वक प्रोसेस हो गई है। | Service update https://service.example/check,Hindi,Legitimate
आपका पार्सल Amazon से भेज दिया गया है और 21 August तक पहुंचने की उम्मीद है। | Service update,Hindi,Legitimate
"₹1,240 का UPI भुगतान सफल रहा। लेनदेन संख्या APP7045 है।",Hindi,Legitimate
आपके खाते में ₹850 जमा किए गए हैं। नया बैलेंस बैंक ऐप में देखा जा सकता है। Service details are available in your account. https://service.example/check,Hindi,Legitimate
आपका KYC update request प्राप्त हो गया है। समीक्षा के बाद स्थिति देख सकते हैं।,Hindi,Legitimate
आपका broadband bill ₹499 सफलतापूर्वक जमा हो गया है।,Hindi,Legitimate
"₹7,500 का UPI भुगतान सफल रहा। लेनदेन संख्या REF5291 है। https://service.example/check",Hindi,Legitimate
इस महीने का बैंक स्टेटमेंट आधिकारिक ऐप में उपलब्ध है। यही जानकारी आपके आधिकारिक खाते में भी देखी जा सकती है। इस सूचना को रिकॉर्ड के लिए रखें।,Hindi,Legitimate
"आपके ऑर्डर का ₹1,999 रिफंड मूल भुगतान माध्यम में जमा हो गया है। Service details are available in your account.",Hindi,Legitimate
इस महीने का बैंक स्टेटमेंट आधिकारिक ऐप में उपलब्ध है। कृपया इस पुष्टि को अपने रिकॉर्ड के लिए रखें।,Hindi,Legitimate
आपकी subscription renewal सफलतापूर्वक प्रोसेस हो गई है। Service details are available in your account.,Hindi,Legitimate
"आपका broadband bill ₹7,500 सफलतापूर्वक जमा हो गया है। Service details are available in your account. https://service.example/check",Hindi,Legitimate
Update: आपका पार्सल Zomato से भेज दिया गया है और 16 August तक पहुंचने की उम्मीद है। https://service.example/check,Hindi,Legitimate
आपके ऑर्डर का ₹199 रिफंड मूल भुगतान माध्यम में जमा हो गया है। https://service.example/check,Hindi,Legitimate
बैंक शाखा में आपका appointment 21 August को 9:15 AM बजे है।,Hindi,Legitimate
Update: आपका पार्सल ABC Store से भेज दिया गया है और 16 August तक पहुंचने की उम्मीद है।,Hindi,Legitimate
आपकी subscription renewal सफलतापूर्वक प्रोसेस हो गई है। https://service.example/check,Hindi,Legitimate
आपकी subscription renewal सफलतापूर्वक प्रोसेस हो गई है। | Account update,Hindi,Legitimate
SMS: बैंक शाखा में आपका appointment 25 August को 9:15 AM बजे है। https://service.example/check,Hindi,Legitimate
"SMS: आपके कार्ड से Flipkart पर ₹1,999 का भुगतान सफल रहा।",Hindi,Legitimate
"बीमा प्रीमियम ₹7,500 सफलतापूर्वक प्राप्त हुआ। पॉलिसी की जानकारी ऐप में उपलब्ध है। | Account update",Hindi,Legitimate
आपकी subscription renewal सफलतापूर्वक प्रोसेस हो गई है। For your records.,Hindi,Legitimate
"₹1,999 का UPI भुगतान सफल रहा। लेनदेन संख्या REF5291 है।",Hindi,Legitimate
आपका broadband bill ₹499 सफलतापूर्वक जमा हो गया है। Service details are available in your account.,Hindi,Legitimate
आपके ऑर्डर का ₹249 रिफंड मूल भुगतान माध्यम में जमा हो गया है। Please check the app for details. https://service.example/check,Hindi,Legitimate
आपका return pickup 25 August के लिए तय किया गया है। Please check the app for details. https://service.example/check,Hindi,Legitimate
आपका broadband bill ₹850 सफलतापूर्वक जमा हो गया है।,Hindi,Legitimate
"आपकी ₹1,240 की EMI सफलतापूर्वक जमा हो गई है। Please check the app for details.",Hindi,Legitimate
इस महीने का बैंक स्टेटमेंट आधिकारिक ऐप में उपलब्ध है। Service details are available in your account.,Hindi,Legitimate
"Update: ₹3,499 का बिजली बिल भुगतान सफल रहा। रसीद पोर्टल पर उपलब्ध है। https://service.example/check",Hindi,Legitimate
आपका KYC update request प्राप्त हो गया है। समीक्षा के बाद स्थिति देख सकते हैं। कृपया इस पुष्टि को अपने रिकॉर्ड के लिए रखें।,Hindi,Legitimate
"₹1,999 का बिजली बिल भुगतान सफल रहा। रसीद पोर्टल पर उपलब्ध है। Please check the app for details. Please use the official app.",Hindi,Legitimate
SMS: आपका पार्सल Flipkart से भेज दिया गया है और 21 August तक पहुंचने की उम्मीद है।,Hindi,Legitimate
इस महीने का बैंक स्टेटमेंट आधिकारिक ऐप में उपलब्ध है। Service details are available in your account. कृपया इस पुष्टि को अपने रिकॉर्ड के लिए रखें।,Hindi,Legitimate
आपके reward points का balance अपडेट हो गया है। https://service.example/check,Hindi,Legitimate
आपका इंटरव्यू 16 August को 9:15 AM बजे निर्धारित है। https://service.example/check,Hindi,Legitimate
आपका इंटरव्यू 21 August को 2:10 PM बजे निर्धारित है। Service details are available in your account. https://service.example/check,Hindi,Legitimate
"आपकी ₹7,500 की EMI सफलतापूर्वक जमा हो गई है।",Hindi,Legitimate
"आपका broadband bill ₹3,499 सफलतापूर्वक जमा हो गया है। Please check the app for details. https://service.example/check",Hindi,Legitimate
इस महीने का बैंक स्टेटमेंट आधिकारिक ऐप में उपलब्ध है। For your records.,Hindi,Legitimate
"आपकी ₹1,999 की EMI सफलतापूर्वक जमा हो गई है। Service details are available in your account. https://service.example/check",Hindi,Legitimate
₹499 का बिजली बिल भुगतान सफल रहा। रसीद पोर्टल पर उपलब्ध है। Please use the official app.,Hindi,Legitimate
आपकी ₹499 की EMI सफलतापूर्वक जमा हो गई है। Service details are available in your account.,Hindi,Legitimate
बीमा प्रीमियम ₹850 सफलतापूर्वक प्राप्त हुआ। पॉलिसी की जानकारी ऐप में उपलब्ध है।,Hindi,Legitimate
₹850 का बिजली बिल भुगतान सफल रहा। रसीद पोर्टल पर उपलब्ध है।,Hindi,Legitimate
आपकी UPI सेवा रोक दी गई है। आगे भुगतान करने के लिए verification पूरा करें।,Hindi,Phishing
आपका reward तैयार है। cashback प्राप्त करने के लिए verification पूरा करें।,Hindi,Phishing
Update: आपकी subscription payment असफल हुई है। सेवा बंद होने से पहले card details verify करें।,Hindi,Phishing
बिजली बिल की पुष्टि न होने के कारण आपका connection बंद किया जा सकता है। https://service.example/check,Hindi,Phishing
Update: आपका बैंक खाता आज बंद किया जा सकता है क्योंकि KYC अभी लंबित है। तुरंत विवरण verify करें।,Hindi,Phishing
SMS: इंटरव्यू slot confirm करने से पहले आपके job application का final verification जरूरी है। https://service.example/check,Hindi,Phishing
सरकारी लाभ के लिए आपका verification लंबित है। आवेदन बंद होने से पहले विवरण confirm करें। Please check the app for details.,Hindi,Phishing
Update: सुरक्षा जांच पूरी नहीं होने पर आपका card अस्थायी रूप से बंद हो सकता है। https://service.example/check,Hindi,Phishing
अज्ञात device से account recovery request मिली है। तुरंत अपनी पहचान confirm करें। | Today,Hindi,Phishing
इंटरव्यू slot confirm करने से पहले आपके job application का final verification जरूरी है।,Hindi,Phishing
सुरक्षा जांच पूरी नहीं होने पर आपका card अस्थायी रूप से बंद हो सकता है।,Hindi,Phishing
आपके mobile number की KYC फिर से करनी है। सेवा चालू रखने के लिए आज verification करें।,Hindi,Phishing
सरकारी लाभ के लिए आपका verification लंबित है। आवेदन बंद होने से पहले विवरण confirm करें। For your records.,Hindi,Phishing
सरकारी लाभ के लिए आपका verification लंबित है। आवेदन बंद होने से पहले विवरण confirm करें।,Hindi,Phishing
बिजली बिल की पुष्टि न होने के कारण आपका connection बंद किया जा सकता है। https://service.example/check यह अपडेट आपके सेवा रिकॉर्ड में भी उपलब्ध है।,Hindi,Phishing
आपका बैंक खाता आज बंद किया जा सकता है क्योंकि KYC अभी लंबित है। तुरंत विवरण verify करें। | Today,Hindi,Phishing
आपका reward तैयार है। cashback प्राप्त करने के लिए verification पूरा करें। यही जानकारी आपके आधिकारिक खाते में भी देखी जा सकती है।,Hindi,Phishing
आपका bank profile security review में है। मांगी गई जानकारी की पुष्टि करें। Service details are available in your account.,Hindi,Phishing
आपकी UPI सेवा रोक दी गई है। आगे भुगतान करने के लिए verification पूरा करें। Thank you. Please use the official app.,Hindi,Phishing
आपका insurance claim beneficiary details की पुष्टि के बिना आगे नहीं बढ़ सकता। For your records. Please use the official app.,Hindi,Phishing
अज्ञात device से account recovery request मिली है। तुरंत अपनी पहचान confirm करें।,Hindi,Phishing
इंटरव्यू slot confirm करने से पहले आपके job application का final verification जरूरी है। Please check the app for details.,Hindi,Phishing
अज्ञात device से account recovery request मिली है। तुरंत अपनी पहचान confirm करें। | Service update,Hindi,Phishing
आपके कार्ड भुगतान की पुष्टि नहीं हो सकी। कार्ड चालू रखने के लिए account details दोबारा दें। Please check the app for details.,Hindi,Phishing
सरकारी लाभ के लिए आपका verification लंबित है। आवेदन बंद होने से पहले विवरण confirm करें। Thank you.,Hindi,Phishing
इंटरव्यू slot confirm करने से पहले आपके job application का final verification जरूरी है। Thank you.,Hindi,Phishing
इंटरव्यू slot confirm करने से पहले आपके job application का final verification जरूरी है। यह अपडेट आपके सेवा रिकॉर्ड में भी उपलब्ध है।,Hindi,Phishing
आपका parcel delivery address verify न होने के कारण रोक दिया गया है। पता confirm करें।,Hindi,Phishing
आपका KYC expire हो गया है। बैंकिंग सुविधा बंद होने से पहले जानकारी अपडेट करें। Service details are available in your account.,Hindi,Phishing
आपके mobile number की KYC फिर से करनी है। सेवा चालू रखने के लिए आज verification करें। यह अपडेट आपके सेवा रिकॉर्ड में भी उपलब्ध है।,Hindi,Phishing
आपका loan आवेदन स्वीकृत बताया गया है। राशि जारी करने के लिए मांगी गई जानकारी भेजें। Service details are available in your account.,Hindi,Phishing
SMS: आपके कार्ड भुगतान की पुष्टि नहीं हो सकी। कार्ड चालू रखने के लिए account details दोबारा दें।,Hindi,Phishing
आपका KYC expire हो गया है। बैंकिंग सुविधा बंद होने से पहले जानकारी अपडेट करें। Service details are available in your account. यह अपडेट आपके सेवा रिकॉर्ड में भी उपलब्ध है।,Hindi,Phishing
आपका reward तैयार है। cashback प्राप्त करने के लिए verification पूरा करें। https://service.example/check,Hindi,Phishing
इंटरव्यू slot confirm करने से पहले आपके job application का final verification जरूरी है। यही जानकारी आपके आधिकारिक खाते में भी देखी जा सकती है।,Hindi,Phishing
आपके खाते में संदिग्ध activity मिली है। सेवा बंद होने से पहले identity confirm करें। Thank you. https://service.example/check,Hindi,Phishing
सुरक्षा जांच पूरी नहीं होने पर आपका card अस्थायी रूप से बंद हो सकता है। Thank you.,Hindi,Phishing
आपका loan आवेदन स्वीकृत बताया गया है। राशि जारी करने के लिए मांगी गई जानकारी भेजें।,Hindi,Phishing
आपके कार्ड भुगतान की पुष्टि नहीं हो सकी। कार्ड चालू रखने के लिए account details दोबारा दें। https://service.example/check,Hindi,Phishing
Update: आपका loan आवेदन स्वीकृत बताया गया है। राशि जारी करने के लिए मांगी गई जानकारी भेजें।,Hindi,Phishing
Update: इंटरव्यू slot confirm करने से पहले आपके job application का final verification जरूरी है।,Hindi,Phishing
आपकी subscription payment असफल हुई है। सेवा बंद होने से पहले card details verify करें। Please check the app for details.,Hindi,Phishing
बिजली बिल की पुष्टि न होने के कारण आपका connection बंद किया जा सकता है।,Hindi,Phishing
आप work-from-home job के लिए shortlist हुए हैं। joining पूरी करने के लिए registration amount जमा करें। Thank you.,Hindi,Phishing
बिजली बिल की पुष्टि न होने के कारण आपका connection बंद किया जा सकता है। Service details are available in your account.,Hindi,Phishing
Update: आपकी subscription payment असफल हुई है। सेवा बंद होने से पहले card details verify करें। कृपया इस पुष्टि को अपने रिकॉर्ड के लिए रखें।,Hindi,Phishing
सुरक्षा जांच पूरी नहीं होने पर आपका card अस्थायी रूप से बंद हो सकता है। | Service update,Hindi,Phishing
Update: आपका insurance claim beneficiary details की पुष्टि के बिना आगे नहीं बढ़ सकता। Please use the official app.,Hindi,Phishing
SMS: आपकी subscription payment असफल हुई है। सेवा बंद होने से पहले card details verify करें।,Hindi,Phishing
Update: अज्ञात device से account recovery request मिली है। तुरंत अपनी पहचान confirm करें।,Hindi,Phishing
आपका parcel delivery address verify न होने के कारण रोक दिया गया है। पता confirm करें। https://service.example/check,Hindi,Phishing
आपका refund जारी होने की प्रतीक्षा में है। राशि पाने के लिए मांगी गई account details दें। Please check the app for details.,Hindi,Phishing
आप work-from-home job के लिए shortlist हुए हैं। joining पूरी करने के लिए registration amount जमा करें। https://service.example/check,Hindi,Phishing
SMS: आपकी subscription payment असफल हुई है। सेवा बंद होने से पहले card details verify करें। यह अपडेट आपके सेवा रिकॉर्ड में भी उपलब्ध है।,Hindi,Phishing
आपकी UPI सेवा रोक दी गई है। आगे भुगतान करने के लिए verification पूरा करें। Please check the app for details.,Hindi,Phishing
आपकी UPI सेवा रोक दी गई है। आगे भुगतान करने के लिए verification पूरा करें। | Service update https://service.example/check,Hindi,Phishing
Update: आपका loan आवेदन स्वीकृत बताया गया है। राशि जारी करने के लिए मांगी गई जानकारी भेजें। यह अपडेट आपके सेवा रिकॉर्ड में भी उपलब्ध है।,Hindi,Phishing
आपका parcel delivery address verify न होने के कारण रोक दिया गया है। पता confirm करें। कृपया इस पुष्टि को अपने रिकॉर्ड के लिए रखें।,Hindi,Phishing
आपका insurance claim beneficiary details की पुष्टि के बिना आगे नहीं बढ़ सकता। Please use the official app.,Hindi,Phishing
SMS: आपके mobile number की KYC फिर से करनी है। सेवा चालू रखने के लिए आज verification करें। https://service.example/check,Hindi,Phishing
अज्ञात device से account recovery request मिली है। तुरंत अपनी पहचान confirm करें। कृपया इस पुष्टि को अपने रिकॉर्ड के लिए रखें।,Hindi,Phishing
Update: इंटरव्यू slot confirm करने से पहले आपके job application का final verification जरूरी है। यही जानकारी आपके आधिकारिक खाते में भी देखी जा सकती है।,Hindi,Phishing
बिजली बिल की पुष्टि न होने के कारण आपका connection बंद किया जा सकता है। यह अपडेट आपके सेवा रिकॉर्ड में भी उपलब्ध है।,Hindi,Phishing
SMS: आपका reward तैयार है। cashback प्राप्त करने के लिए verification पूरा करें। https://service.example/check,Hindi,Phishing
आपका KYC expire हो गया है। बैंकिंग सुविधा बंद होने से पहले जानकारी अपडेट करें।,Hindi,Phishing
आपका refund जारी होने की प्रतीक्षा में है। राशि पाने के लिए मांगी गई account details दें। Service details are available in your account.,Hindi,Phishing
SMS: आप work-from-home job के लिए shortlist हुए हैं। joining पूरी करने के लिए registration amount जमा करें। https://service.example/check,Hindi,Phishing
आपके खाते में संदिग्ध activity मिली है। सेवा बंद होने से पहले identity confirm करें। Thank you. https://service.example/check यही जानकारी आपके आधिकारिक खाते में भी देखी जा सकती है।,Hindi,Phishing
सुरक्षा जांच पूरी नहीं होने पर आपका card अस्थायी रूप से बंद हो सकता है। https://service.example/check,Hindi,Phishing
बिजली बिल की पुष्टि न होने के कारण आपका connection बंद किया जा सकता है। कृपया इस पुष्टि को अपने रिकॉर्ड के लिए रखें।,Hindi,Phishing
सरकारी लाभ के लिए आपका verification लंबित है। आवेदन बंद होने से पहले विवरण confirm करें। https://service.example/check,Hindi,Phishing
आपका KYC expire हो गया है। बैंकिंग सुविधा बंद होने से पहले जानकारी अपडेट करें। For your records. https://service.example/check,Hindi,Phishing
आपका बैंक खाता आज बंद किया जा सकता है क्योंकि KYC अभी लंबित है। तुरंत विवरण verify करें। Please use the official app.,Hindi,Phishing
सरकारी लाभ के लिए आपका verification लंबित है। आवेदन बंद होने से पहले विवरण confirm करें। Please check the app for details. https://service.example/check,Hindi,Phishing
आपका KYC expire हो गया है। बैंकिंग सुविधा बंद होने से पहले जानकारी अपडेट करें। | Service update,Hindi,Phishing
"Update: ₹7,500 recharge ಯಶಸ್ವಿಯಾಗಿದೆ. ನಿಮ್ಮ plan 21 Augustರವರೆಗೆ active ಇದೆ. https://service.example/check",Kannada,Legitimate
ನಿಮ್ಮ reward points balance update ಆಗಿದೆ. For your records.,Kannada,Legitimate
ನಿಮ್ಮ KYC update request ಸ್ವೀಕರಿಸಲಾಗಿದೆ — Review ನಂತರ status ನೋಡಬಹುದು. https://service.example/check,Kannada,Legitimate
"ನಿಮ್ಮ broadband bill ₹3,499 ಯಶಸ್ವಿಯಾಗಿ ಪಾವತಿಸಲಾಗಿದೆ.",Kannada,Legitimate
ನಿಮ್ಮ subscription renewal ಯಶಸ್ವಿಯಾಗಿ process ಆಗಿದೆ.,Kannada,Legitimate
ಈ ತಿಂಗಳ account statement ಅಧಿಕೃತ banking appನಲ್ಲಿ ಲಭ್ಯವಿದೆ. Thank you.,Kannada,Legitimate
"ನಿಮ್ಮ ಖಾತೆಗೆ ₹1,999 ಜಮೆಯಾಗಿದೆ. ಬ್ಯಾಲೆನ್ಸ್ ಅನ್ನು ಅಧಿಕೃತ banking appನಲ್ಲಿ ನೋಡಬಹುದು. Please check the app for details.",Kannada,Legitimate
ನಿಮ್ಮ parcel Swiggyನಿಂದ dispatch ಆಗಿದೆ. Delivery 25 Augustರವರೆಗೆ ನಿರೀಕ್ಷಿಸಲಾಗಿದೆ.,Kannada,Legitimate
Electricity bill ₹499 payment ಯಶಸ್ವಿಯಾಗಿದೆ — Receipt portalನಲ್ಲಿ ಲಭ್ಯವಿದೆ.,Kannada,Legitimate
Insurance premium ₹850 ಯಶಸ್ವಿಯಾಗಿ ಸ್ವೀಕರಿಸಲಾಗಿದೆ — Policy details appನಲ್ಲಿ ಲಭ್ಯವಿದೆ.,Kannada,Legitimate
SMS: ನಿಮ್ಮ ₹499 refund ಮೂಲ payment methodಗೆ ಜಮೆಯಾಗಿದೆ. https://service.example/check,Kannada,Legitimate
Government service application TXN8472 ಸ್ವೀಕರಿಸಲಾಗಿದೆ ಮತ್ತು reviewನಲ್ಲಿದೆ.,Kannada,Legitimate
"Update: Electricity bill ₹7,500 payment ಯಶಸ್ವಿಯಾಗಿದೆ. Receipt portalನಲ್ಲಿ ಲಭ್ಯವಿದೆ.",Kannada,Legitimate
ನಿಮ್ಮ document DigiLockerನಲ್ಲಿ ನೋಡಲು ಲಭ್ಯವಿದೆ.,Kannada,Legitimate
"ನಿಮ್ಮ cardನಿಂದ Flipkartಗೆ ₹7,500 payment ಯಶಸ್ವಿಯಾಗಿದೆ. | Today",Kannada,Legitimate
"ನಿಮ್ಮ ₹7,500 refund ಮೂಲ payment methodಗೆ ಜಮೆಯಾಗಿದೆ. For your records. https://service.example/check",Kannada,Legitimate
SMS: Bank branch appointment 16 Augustರಂದು 5:45 PMಕ್ಕೆ confirmed ಆಗಿದೆ. https://service.example/check,Kannada,Legitimate
"Update: ನಿಮ್ಮ ಖಾತೆಗೆ ₹7,500 ಜಮೆಯಾಗಿದೆ. ಬ್ಯಾಲೆನ್ಸ್ ಅನ್ನು ಅಧಿಕೃತ banking appನಲ್ಲಿ ನೋಡಬಹುದು. https://service.example/check",Kannada,Legitimate
ನಿಮ್ಮ broadband bill ₹499 ಯಶಸ್ವಿಯಾಗಿ ಪಾವತಿಸಲಾಗಿದೆ. Thank you. Please use the official app.,Kannada,Legitimate
ನಿಮ್ಮ ಖಾತೆಗೆ ₹499 ಜಮೆಯಾಗಿದೆ. ಬ್ಯಾಲೆನ್ಸ್ ಅನ್ನು ಅಧಿಕೃತ banking appನಲ್ಲಿ ನೋಡಬಹುದು.,Kannada,Legitimate
Return pickup 18 Augustಕ್ಕೆ scheduled ಆಗಿದೆ. Please check the app for details. https://service.example/check,Kannada,Legitimate
ನಿಮ್ಮ interview 21 Augustರಂದು 5:45 PMಕ್ಕೆ scheduled ಆಗಿದೆ.,Kannada,Legitimate
Insurance premium ₹850 ಯಶಸ್ವಿಯಾಗಿ ಸ್ವೀಕರಿಸಲಾಗಿದೆ. Policy details appನಲ್ಲಿ ಲಭ್ಯವಿದೆ. | Service update,Kannada,Legitimate
"ನಿಮ್ಮ ಖಾತೆಗೆ ₹1,240 ಜಮೆಯಾಗಿದೆ — ಬ್ಯಾಲೆನ್ಸ್ ಅನ್ನು ಅಧಿಕೃತ banking appನಲ್ಲಿ ನೋಡಬಹುದು.",Kannada,Legitimate
ನಿಮ್ಮ broadband bill ₹249 ಯಶಸ್ವಿಯಾಗಿ ಪಾವತಿಸಲಾಗಿದೆ. Thank you.,Kannada,Legitimate
₹199 UPI ಪಾವತಿ Zomatoಗೆ ಯಶಸ್ವಿಯಾಗಿದೆ. ಉಲ್ಲೇಖ APP7045. Thank you.,Kannada,Legitimate
"Update: ನಿಮ್ಮ broadband bill ₹1,240 ಯಶಸ್ವಿಯಾಗಿ ಪಾವತಿಸಲಾಗಿದೆ. https://service.example/check",Kannada,Legitimate
"ನಿಮ್ಮ cardನಿಂದ Amazonಗೆ ₹1,240 payment ಯಶಸ್ವಿಯಾಗಿದೆ. https://service.example/check",Kannada,Legitimate
SMS: ನಿಮ್ಮ subscription renewal ಯಶಸ್ವಿಯಾಗಿ process ಆಗಿದೆ.,Kannada,Legitimate
ನಿಮ್ಮ interview 25 Augustರಂದು 11:30 AMಕ್ಕೆ scheduled ಆಗಿದೆ.,Kannada,Legitimate
ನಿಮ್ಮ KYC update request ಸ್ವೀಕರಿಸಲಾಗಿದೆ. Review ನಂತರ status ನೋಡಬಹುದು. For your records.,Kannada,Legitimate
ನಿಮ್ಮ subscription renewal ಯಶಸ್ವಿಯಾಗಿ process ಆಗಿದೆ. Please check the app for details.,Kannada,Legitimate
Insurance premium ₹249 ಯಶಸ್ವಿಯಾಗಿ ಸ್ವೀಕರಿಸಲಾಗಿದೆ. Policy details appನಲ್ಲಿ ಲಭ್ಯವಿದೆ. For your records.,Kannada,Legitimate
ನಿಮ್ಮ ಖಾತೆಗೆ ₹499 ಜಮೆಯಾಗಿದೆ. ಬ್ಯಾಲೆನ್ಸ್ ಅನ್ನು ಅಧಿಕೃತ banking appನಲ್ಲಿ ನೋಡಬಹುದು. ಈ confirmation ಅನ್ನು ನಿಮ್ಮ recordsಗಾಗಿ ಉಳಿಸಿ.,Kannada,Legitimate
₹499 recharge ಯಶಸ್ವಿಯಾಗಿದೆ. ನಿಮ್ಮ plan 21 Augustರವರೆಗೆ active ಇದೆ. https://service.example/check,Kannada,Legitimate
ನಿಮ್ಮ KYC update request ಸ್ವೀಕರಿಸಲಾಗಿದೆ. Review ನಂತರ status ನೋಡಬಹುದು. For your records. ಈ update ನಿಮ್ಮ service recordನಲ್ಲೂ ಲಭ್ಯವಿದೆ.,Kannada,Legitimate
ಹೊಸ device login ಯಶಸ್ವಿಯಾಗಿ confirm ಆಗಿದೆ — https://service.example/check,Kannada,Legitimate
ಹೊಸ device login ಯಶಸ್ವಿಯಾಗಿ confirm ಆಗಿದೆ. Service details are available in your account.,Kannada,Legitimate
"₹3,499 recharge ಯಶಸ್ವಿಯಾಗಿದೆ. ನಿಮ್ಮ plan 21 Augustರವರೆಗೆ active ಇದೆ. Please check the app for details. https://service.example/check",Kannada,Legitimate
"ನಿಮ್ಮ ₹3,499 EMI ಯಶಸ್ವಿಯಾಗಿ ಪಾವತಿಸಲಾಗಿದೆ. Service details are available in your account. Please use the official app.",Kannada,Legitimate
ನಿಮ್ಮ reward points balance update ಆಗಿದೆ. | Service update Please use the official app.,Kannada,Legitimate
"ನಿಮ್ಮ cardನಿಂದ Swiggyಗೆ ₹7,500 payment ಯಶಸ್ವಿಯಾಗಿದೆ. Please check the app for details. https://service.example/check",Kannada,Legitimate
SMS: ನಿಮ್ಮ ₹850 EMI ಯಶಸ್ವಿಯಾಗಿ ಪಾವತಿಸಲಾಗಿದೆ.,Kannada,Legitimate
ನಿಮ್ಮ reward points balance update ಆಗಿದೆ.,Kannada,Legitimate
"ನಿಮ್ಮ broadband bill ₹7,500 ಯಶಸ್ವಿಯಾಗಿ ಪಾವತಿಸಲಾಗಿದೆ. https://service.example/check",Kannada,Legitimate
ನಿಮ್ಮ KYC update request ಸ್ವೀಕರಿಸಲಾಗಿದೆ. Review ನಂತರ status ನೋಡಬಹುದು. For your records. ಈ confirmation ಅನ್ನು ನಿಮ್ಮ recordsಗಾಗಿ ಉಳಿಸಿ.,Kannada,Legitimate
ನಿಮ್ಮ ₹499 EMI ಯಶಸ್ವಿಯಾಗಿ ಪಾವತಿಸಲಾಗಿದೆ.,Kannada,Legitimate
Bank branch appointment 21 Augustರಂದು 2:10 PMಕ್ಕೆ confirmed ಆಗಿದೆ. Service details are available in your account.,Kannada,Legitimate
Update: ಈ ತಿಂಗಳ account statement ಅಧಿಕೃತ banking appನಲ್ಲಿ ಲಭ್ಯವಿದೆ.,Kannada,Legitimate
ನಿಮ್ಮ parcel Amazonನಿಂದ dispatch ಆಗಿದೆ. Delivery 25 Augustರವರೆಗೆ ನಿರೀಕ್ಷಿಸಲಾಗಿದೆ. Thank you.,Kannada,Legitimate
ಈ ತಿಂಗಳ account statement ಅಧಿಕೃತ banking appನಲ್ಲಿ ಲಭ್ಯವಿದೆ. https://service.example/check,Kannada,Legitimate
Update: Bank branch appointment 18 Augustರಂದು 2:10 PMಕ್ಕೆ confirmed ಆಗಿದೆ.,Kannada,Legitimate
Return pickup 18 Augustಕ್ಕೆ scheduled ಆಗಿದೆ. | Today https://service.example/check,Kannada,Legitimate
₹499 UPI ಪಾವತಿ Airtelಗೆ ಯಶಸ್ವಿಯಾಗಿದೆ. ಉಲ್ಲೇಖ APP7045. Please check the app for details.,Kannada,Legitimate
"Insurance premium ₹3,499 ಯಶಸ್ವಿಯಾಗಿ ಸ್ವೀಕರಿಸಲಾಗಿದೆ. Policy details appನಲ್ಲಿ ಲಭ್ಯವಿದೆ. Please check the app for details.",Kannada,Legitimate
"SMS: ನಿಮ್ಮ ಖಾತೆಗೆ ₹7,500 ಜಮೆಯಾಗಿದೆ. ಬ್ಯಾಲೆನ್ಸ್ ಅನ್ನು ಅಧಿಕೃತ banking appನಲ್ಲಿ ನೋಡಬಹುದು. Please use the official app.",Kannada,Legitimate
ನಿಮ್ಮ ₹249 refund ಮೂಲ payment methodಗೆ ಜಮೆಯಾಗಿದೆ. Thank you.,Kannada,Legitimate
ನಿಮ್ಮ interview 25 Augustರಂದು 11:30 AMಕ್ಕೆ scheduled ಆಗಿದೆ. ಈ confirmation ಅನ್ನು ನಿಮ್ಮ recordsಗಾಗಿ ಉಳಿಸಿ.,Kannada,Legitimate
SMS: ನಿಮ್ಮ document DigiLockerನಲ್ಲಿ ನೋಡಲು ಲಭ್ಯವಿದೆ.,Kannada,Legitimate
ಈ ತಿಂಗಳ account statement ಅಧಿಕೃತ banking appನಲ್ಲಿ ಲಭ್ಯವಿದೆ.,Kannada,Legitimate
ನಿಮ್ಮ subscription renewal ಯಶಸ್ವಿಯಾಗಿ process ಆಗಿದೆ. ಈ confirmation ಅನ್ನು ನಿಮ್ಮ recordsಗಾಗಿ ಉಳಿಸಿ.,Kannada,Legitimate
ನಿಮ್ಮ ₹249 refund ಮೂಲ payment methodಗೆ ಜಮೆಯಾಗಿದೆ. Thank you. ಇದೇ ಮಾಹಿತಿಯನ್ನು ನಿಮ್ಮ ಅಧಿಕೃತ accountನಲ್ಲೂ ನೋಡಬಹುದು.,Kannada,Legitimate
ನಿಮ್ಮ cardನಿಂದ Swiggyಗೆ ₹499 payment ಯಶಸ್ವಿಯಾಗಿದೆ. Please check the app for details.,Kannada,Legitimate
ಈ ತಿಂಗಳ account statement ಅಧಿಕೃತ banking appನಲ್ಲಿ ಲಭ್ಯವಿದೆ —,Kannada,Legitimate
ನಿಮ್ಮ broadband bill ₹499 ಯಶಸ್ವಿಯಾಗಿ ಪಾವತಿಸಲಾಗಿದೆ. Thank you.,Kannada,Legitimate
ನಿಮ್ಮ ಖಾತೆಗೆ ₹199 ಜಮೆಯಾಗಿದೆ. ಬ್ಯಾಲೆನ್ಸ್ ಅನ್ನು ಅಧಿಕೃತ banking appನಲ್ಲಿ ನೋಡಬಹುದು. Please check the app for details. https://service.example/check,Kannada,Legitimate
"₹1,999 UPI ಪಾವತಿ Zomatoಗೆ ಯಶಸ್ವಿಯಾಗಿದೆ. ಉಲ್ಲೇಖ TXN8472.",Kannada,Legitimate
"ನಿಮ್ಮ ಖಾತೆಗೆ ₹1,999 ಜಮೆಯಾಗಿದೆ. ಬ್ಯಾಲೆನ್ಸ್ ಅನ್ನು ಅಧಿಕೃತ banking appನಲ್ಲಿ ನೋಡಬಹುದು. Thank you. Please use the official app.",Kannada,Legitimate
₹499 recharge ಯಶಸ್ವಿಯಾಗಿದೆ. ನಿಮ್ಮ plan 25 Augustರವರೆಗೆ active ಇದೆ. | Today https://service.example/check,Kannada,Legitimate
"Update: ನಿಮ್ಮ ₹1,999 EMI ಯಶಸ್ವಿಯಾಗಿ ಪಾವತಿಸಲಾಗಿದೆ.",Kannada,Legitimate
"Insurance premium ₹1,240 ಯಶಸ್ವಿಯಾಗಿ ಸ್ವೀಕರಿಸಲಾಗಿದೆ. Policy details appನಲ್ಲಿ ಲಭ್ಯವಿದೆ. https://service.example/check",Kannada,Legitimate
Electricity bill ₹850 payment ಯಶಸ್ವಿಯಾಗಿದೆ. Receipt portalನಲ್ಲಿ ಲಭ್ಯವಿದೆ.,Kannada,Legitimate
Bank branch appointment 25 Augustರಂದು 5:45 PMಕ್ಕೆ confirmed ಆಗಿದೆ.,Kannada,Legitimate
"ನಿಮ್ಮ ಖಾತೆಗೆ ₹3,499 ಜಮೆಯಾಗಿದೆ. ಬ್ಯಾಲೆನ್ಸ್ ಅನ್ನು ಅಧಿಕೃತ banking appನಲ್ಲಿ ನೋಡಬಹುದು.",Kannada,Legitimate
Update: ನಿಮ್ಮ reward points balance update ಆಗಿದೆ. https://service.example/check,Kannada,Legitimate
Refund pending ಇದೆ. Amount ಪಡೆಯಲು ಕೇಳಿದ account details share ಮಾಡಿ.,Kannada,Phishing
Insurance claim beneficiary details confirm ಆಗುವವರೆಗೆ process ಆಗುವುದಿಲ್ಲ.,Kannada,Phishing
Update: UPI refund release ಆಗಿಲ್ಲ. Payment details submit ಮಾಡಿ process complete ಮಾಡಿ. https://service.example/check,Kannada,Phishing
"ನಿಮ್ಮ bank account ಇಂದು suspend ಆಗಬಹುದು, KYC pending ಇದೆ. ದಯವಿಟ್ಟು ತಕ್ಷಣ verify ಮಾಡಿ. For your records.",Kannada,Phishing
Reward ready ಇದೆ. Cashback ಪಡೆಯಲು verification complete ಮಾಡಿ.,Kannada,Phishing
Refund pending ಇದೆ. Amount ಪಡೆಯಲು ಕೇಳಿದ account details share ಮಾಡಿ. For your records. Please use the official app.,Kannada,Phishing
SMS: Subscription payment fail ಆಗಿದೆ. Cancellation ತಪ್ಪಿಸಲು card information verify ಮಾಡಿ. Please use the official app.,Kannada,Phishing
ನಿಮ್ಮ UPI service holdನಲ್ಲಿದೆ. Payment ಮುಂದುವರಿಸಲು verification complete ಮಾಡಿ. | Service update Please use the official app.,Kannada,Phishing
"Parcel address verify ಆಗಿಲ್ಲ, ಆದ್ದರಿಂದ delivery holdನಲ್ಲಿದೆ. Address confirm ಮಾಡಿ.",Kannada,Phishing
"Update: Electricity connection suspend ಆಗಬಹುದು, latest bill verify ಆಗಿಲ್ಲ.",Kannada,Phishing
UPI refund release ಆಗಿಲ್ಲ — Payment details submit ಮಾಡಿ process complete ಮಾಡಿ.,Kannada,Phishing
Refund pending ಇದೆ. Amount ಪಡೆಯಲು ಕೇಳಿದ account details share ಮಾಡಿ. https://service.example/check,Kannada,Phishing
ನಿಮ್ಮನ್ನು work-from-home jobಗೆ shortlist ಮಾಡಲಾಗಿದೆ. Joiningಗಾಗಿ registration amount pay ಮಾಡಿ. Please use the official app.,Kannada,Phishing
Reward ready ಇದೆ. Cashback ಪಡೆಯಲು verification complete ಮಾಡಿ. ಇದೇ ಮಾಹಿತಿಯನ್ನು ನಿಮ್ಮ ಅಧಿಕೃತ accountನಲ್ಲೂ ನೋಡಬಹುದು.,Kannada,Phishing
SMS: Subscription payment fail ಆಗಿದೆ. Cancellation ತಪ್ಪಿಸಲು card information verify ಮಾಡಿ.,Kannada,Phishing
"Electricity connection suspend ಆಗಬಹುದು, latest bill verify ಆಗಿಲ್ಲ.",Kannada,Phishing
Security check complete ಆಗದಿದ್ದರೆ card temporarily disable ಆಗಬಹುದು.,Kannada,Phishing
Security check complete ಆಗದಿದ್ದರೆ card temporarily disable ಆಗಬಹುದು. ಈ update ನಿಮ್ಮ service recordನಲ್ಲೂ ಲಭ್ಯವಿದೆ.,Kannada,Phishing
Insurance claim beneficiary details confirm ಆಗುವವರೆಗೆ process ಆಗುವುದಿಲ್ಲ. | Service update Please use the official app.,Kannada,Phishing
Update: ನಿಮ್ಮ UPI service holdನಲ್ಲಿದೆ. Payment ಮುಂದುವರಿಸಲು verification complete ಮಾಡಿ.,Kannada,Phishing
Interview slot confirm ಮಾಡುವ ಮೊದಲು job application final verification complete ಮಾಡಿ. https://service.example/check,Kannada,Phishing
ನಿಮ್ಮನ್ನು work-from-home jobಗೆ shortlist ಮಾಡಲಾಗಿದೆ. Joiningಗಾಗಿ registration amount pay ಮಾಡಿ.,Kannada,Phishing
Mobile number KYC recheck ಅಗತ್ಯವಿದೆ — Service active ಇರಲು ಇಂದು verify ಮಾಡಿ. https://service.example/check,Kannada,Phishing
Subscription payment fail ಆಗಿದೆ. Cancellation ತಪ್ಪಿಸಲು card information verify ಮಾಡಿ. Please use the official app.,Kannada,Phishing
Security check complete ಆಗದಿದ್ದರೆ card temporarily disable ಆಗಬಹುದು. | Account update,Kannada,Phishing
"Electricity connection suspend ಆಗಬಹುದು, latest bill verify ಆಗಿಲ್ಲ. | Service update",Kannada,Phishing
UPI refund release ಆಗಿಲ್ಲ. Payment details submit ಮಾಡಿ process complete ಮಾಡಿ. Thank you. https://service.example/check,Kannada,Phishing
SMS: ನಿಮ್ಮನ್ನು work-from-home jobಗೆ shortlist ಮಾಡಲಾಗಿದೆ. Joiningಗಾಗಿ registration amount pay ಮಾಡಿ. https://service.example/check,Kannada,Phishing
"Parcel address verify ಆಗಿಲ್ಲ, ಆದ್ದರಿಂದ delivery holdನಲ್ಲಿದೆ. Address confirm ಮಾಡಿ. Please check the app for details. Please use the official app.",Kannada,Phishing
"Electricity connection suspend ಆಗಬಹುದು, latest bill verify ಆಗಿಲ್ಲ — https://service.example/check",Kannada,Phishing
Update: Reward ready ಇದೆ. Cashback ಪಡೆಯಲು verification complete ಮಾಡಿ.,Kannada,Phishing
Insurance claim beneficiary details confirm ಆಗುವವರೆಗೆ process ಆಗುವುದಿಲ್ಲ. For your records. Please use the official app.,Kannada,Phishing
Accountನಲ್ಲಿ suspicious activity ಕಂಡುಬಂದಿದೆ. Service block ಆಗುವ ಮೊದಲು identity confirm ಮಾಡಿ. Thank you. https://service.example/check,Kannada,Phishing
Subscription payment fail ಆಗಿದೆ. Cancellation ತಪ್ಪಿಸಲು card information verify ಮಾಡಿ. Service details are available in your account. Please use the official app.,Kannada,Phishing
"Electricity connection suspend ಆಗಬಹುದು, latest bill verify ಆಗಿಲ್ಲ. https://service.example/check",Kannada,Phishing
Government benefit verification pending ಇದೆ. Application close ಆಗುವ ಮೊದಲು details confirm ಮಾಡಿ. Thank you. Please use the official app.,Kannada,Phishing
SMS: Interview slot confirm ಮಾಡುವ ಮೊದಲು job application final verification complete ಮಾಡಿ.,Kannada,Phishing
"Electricity connection suspend ಆಗಬಹುದು, latest bill verify ಆಗಿಲ್ಲ. | Today",Kannada,Phishing
Accountನಲ್ಲಿ suspicious activity ಕಂಡುಬಂದಿದೆ. Service block ಆಗುವ ಮೊದಲು identity confirm ಮಾಡಿ.,Kannada,Phishing
Unknown deviceನಿಂದ account recovery request ಬಂದಿದೆ. Please identity confirm ಮಾಡಿ. | Account update https://service.example/check,Kannada,Phishing
Refund pending ಇದೆ. Amount ಪಡೆಯಲು ಕೇಳಿದ account details share ಮಾಡಿ. https://service.example/check ಇದೇ ಮಾಹಿತಿಯನ್ನು ನಿಮ್ಮ ಅಧಿಕೃತ accountನಲ್ಲೂ ನೋಡಬಹುದು.,Kannada,Phishing
"ನಿಮ್ಮ bank account ಇಂದು suspend ಆಗಬಹುದು, KYC pending ಇದೆ. ದಯವಿಟ್ಟು ತಕ್ಷಣ verify ಮಾಡಿ. Please check the app for details.",Kannada,Phishing
Update: ನಿಮ್ಮನ್ನು work-from-home jobಗೆ shortlist ಮಾಡಲಾಗಿದೆ. Joiningಗಾಗಿ registration amount pay ಮಾಡಿ.,Kannada,Phishing
Update: ನಿಮ್ಮ KYC expire ಆಗಿದೆ. Banking access block ಆಗುವ ಮೊದಲು details update ಮಾಡಿ.,Kannada,Phishing
UPI refund release ಆಗಿಲ್ಲ. Payment details submit ಮಾಡಿ process complete ಮಾಡಿ.,Kannada,Phishing
SMS: ನಿಮ್ಮನ್ನು work-from-home jobಗೆ shortlist ಮಾಡಲಾಗಿದೆ. Joiningಗಾಗಿ registration amount pay ಮಾಡಿ.,Kannada,Phishing
ನಿಮ್ಮ UPI service holdನಲ್ಲಿದೆ — Payment ಮುಂದುವರಿಸಲು verification complete ಮಾಡಿ.,Kannada,Phishing
Security check complete ಆಗದಿದ್ದರೆ card temporarily disable ಆಗಬಹುದು. https://service.example/check,Kannada,Phishing
ನಿಮ್ಮ UPI service holdನಲ್ಲಿದೆ. Payment ಮುಂದುವರಿಸಲು verification complete ಮಾಡಿ. Service details are available in your account.,Kannada,Phishing
Interview slot confirm ಮಾಡುವ ಮೊದಲು job application final verification complete ಮಾಡಿ — https://service.example/check,Kannada,Phishing
Subscription payment fail ಆಗಿದೆ. Cancellation ತಪ್ಪಿಸಲು card information verify ಮಾಡಿ. Please check the app for details. Please use the official app.,Kannada,Phishing
SMS: Accountನಲ್ಲಿ suspicious activity ಕಂಡುಬಂದಿದೆ. Service block ಆಗುವ ಮೊದಲು identity confirm ಮಾಡಿ.,Kannada,Phishing
ನಿಮ್ಮನ್ನು work-from-home jobಗೆ shortlist ಮಾಡಲಾಗಿದೆ. Joiningಗಾಗಿ registration amount pay ಮಾಡಿ. For your records.,Kannada,Phishing
ನಿಮ್ಮ UPI service holdನಲ್ಲಿದೆ. Payment ಮುಂದುವರಿಸಲು verification complete ಮಾಡಿ.,Kannada,Phishing
ನಿಮ್ಮ KYC expire ಆಗಿದೆ. Banking access block ಆಗುವ ಮೊದಲು details update ಮಾಡಿ. For your records. Please use the official app.,Kannada,Phishing
Reward ready ಇದೆ. Cashback ಪಡೆಯಲು verification complete ಮಾಡಿ. Please check the app for details.,Kannada,Phishing
Insurance claim beneficiary details confirm ಆಗುವವರೆಗೆ process ಆಗುವುದಿಲ್ಲ. | Service update https://service.example/check,Kannada,Phishing
Update: Mobile number KYC recheck ಅಗತ್ಯವಿದೆ. Service active ಇರಲು ಇಂದು verify ಮಾಡಿ. https://service.example/check,Kannada,Phishing
Refund pending ಇದೆ. Amount ಪಡೆಯಲು ಕೇಳಿದ account details share ಮಾಡಿ. For your records. https://service.example/check,Kannada,Phishing
Accountನಲ್ಲಿ suspicious activity ಕಂಡುಬಂದಿದೆ. Service block ಆಗುವ ಮೊದಲು identity confirm ಮಾಡಿ. ಈ update ನಿಮ್ಮ service recordನಲ್ಲೂ ಲಭ್ಯವಿದೆ.,Kannada,Phishing
SMS: ನಿಮ್ಮ KYC expire ಆಗಿದೆ. Banking access block ಆಗುವ ಮೊದಲು details update ಮಾಡಿ.,Kannada,Phishing
"SMS: Parcel address verify ಆಗಿಲ್ಲ, ಆದ್ದರಿಂದ delivery holdನಲ್ಲಿದೆ. Address confirm ಮಾಡಿ.",Kannada,Phishing
SMS: Refund pending ಇದೆ. Amount ಪಡೆಯಲು ಕೇಳಿದ account details share ಮಾಡಿ. https://service.example/check,Kannada,Phishing
ನಿಮ್ಮನ್ನು work-from-home jobಗೆ shortlist ಮಾಡಲಾಗಿದೆ. Joiningಗಾಗಿ registration amount pay ಮಾಡಿ. https://service.example/check,Kannada,Phishing
Refund pending ಇದೆ — Amount ಪಡೆಯಲು ಕೇಳಿದ account details share ಮಾಡಿ.,Kannada,Phishing
Unknown deviceನಿಂದ account recovery request ಬಂದಿದೆ. Please identity confirm ಮಾಡಿ.,Kannada,Phishing
Interview slot confirm ಮಾಡುವ ಮೊದಲು job application final verification complete ಮಾಡಿ. https://service.example/check ಈ confirmation ಅನ್ನು ನಿಮ್ಮ recordsಗಾಗಿ ಉಳಿಸಿ.,Kannada,Phishing
SMS: ನಿಮ್ಮ KYC expire ಆಗಿದೆ. Banking access block ಆಗುವ ಮೊದಲು details update ಮಾಡಿ. ಇದೇ ಮಾಹಿತಿಯನ್ನು ನಿಮ್ಮ ಅಧಿಕೃತ accountನಲ್ಲೂ ನೋಡಬಹುದು.,Kannada,Phishing
Card payment verify ಆಗಿಲ್ಲ. Card active ಇರಲು account details ಮತ್ತೆ enter ಮಾಡಿ. Please check the app for details.,Kannada,Phishing
"ನಿಮ್ಮ bank account ಇಂದು suspend ಆಗಬಹುದು, KYC pending ಇದೆ. ದಯವಿಟ್ಟು ತಕ್ಷಣ verify ಮಾಡಿ. For your records. ಈ confirmation ಅನ್ನು ನಿಮ್ಮ recordsಗಾಗಿ ಉಳಿಸಿ.",Kannada,Phishing
SMS: Reward ready ಇದೆ. Cashback ಪಡೆಯಲು verification complete ಮಾಡಿ.,Kannada,Phishing
Loan approve ಆಗಿದೆ ಎಂದು ಮಾಹಿತಿ ಬಂದಿದೆ. Amount release ಮಾಡಲು requested details submit ಮಾಡಿ. https://service.example/check,Kannada,Phishing
Loan approve ಆಗಿದೆ ಎಂದು ಮಾಹಿತಿ ಬಂದಿದೆ. Amount release ಮಾಡಲು requested details submit ಮಾಡಿ.,Kannada,Phishing
Accountನಲ್ಲಿ suspicious activity ಕಂಡುಬಂದಿದೆ. Service block ಆಗುವ ಮೊದಲು identity confirm ಮಾಡಿ. Service details are available in your account. https://service.example/check,Kannada,Phishing
Government benefit verification pending ಇದೆ. Application close ಆಗುವ ಮೊದಲು details confirm ಮಾಡಿ. Thank you.,Kannada,Phishing
"Insurance premium ₹1,999 successfully receive ho gaya hai. Policy details app mein hain. Please use the official app.",Hinglish,Legitimate
"Aapka parcel Swiggy se dispatch ho gaya hai, delivery 16 August tak expected hai.",Hinglish,Legitimate
"₹1,999 ka UPI payment ABC Store ko successfully receive ho gaya hai. Ref TXN8472. https://service.example/check",Hinglish,Legitimate
"Aapke account mein ₹3,499 credit ho gaya hai. Balance banking app mein check kar sakte hain. https://service.example/check",Hinglish,Legitimate
₹499 ka recharge successful hai aur plan 18 August tak active hai —,Hinglish,Legitimate
Bank branch appointment 21 August ko 11:30 AM par confirmed hai. Please check the app for details.,Hinglish,Legitimate
Is month ka account statement official banking app mein available hai. | Account update,Hinglish,Legitimate
₹499 ka UPI payment Flipkart ko successfully receive ho gaya hai. Ref TXN8472. | Today,Hinglish,Legitimate
Aapka broadband bill ₹499 successfully pay ho gaya hai.,Hinglish,Legitimate
"Update: Aapka broadband bill ₹1,999 successfully pay ho gaya hai.",Hinglish,Legitimate
"Aapka parcel Flipkart se dispatch ho gaya hai, delivery 21 August tak expected hai. | Account update",Hinglish,Legitimate
Aapke reward points ka balance update ho gaya hai. Service details are available in your account. https://service.example/check,Hinglish,Legitimate
Aapki ₹499 EMI successfully pay ho gayi hai. Please use the official app.,Hinglish,Legitimate
Aapka return pickup 25 August ke liye scheduled hai. | Today Please use the official app.,Hinglish,Legitimate
Aapka return pickup 18 August ke liye scheduled hai. https://service.example/check,Hinglish,Legitimate
Government service application TXN8472 receive ho gaya hai aur review mein hai — https://service.example/check,Hinglish,Legitimate
Aapke new device se login successfully confirm hua hai.,Hinglish,Legitimate
Bank branch appointment 18 August ko 9:15 AM par confirmed hai.,Hinglish,Legitimate
Update: Is month ka account statement official banking app mein available hai.,Hinglish,Legitimate
Update: Aapki subscription renewal successfully process ho gayi hai.,Hinglish,Legitimate
Update: Aapka broadband bill ₹249 successfully pay ho gaya hai.,Hinglish,Legitimate
"Aapke card se Flipkart par ₹7,500 payment successful hua hai —",Hinglish,Legitimate
Aapka broadband bill ₹499 successfully pay ho gaya hai —,Hinglish,Legitimate
Government service application REF5291 receive ho gaya hai aur review mein hai.,Hinglish,Legitimate
"Update: Insurance premium ₹1,240 successfully receive ho gaya hai. Policy details app mein hain.",Hinglish,Legitimate
Bank branch appointment 25 August ko 9:15 AM par confirmed hai. | Account update,Hinglish,Legitimate
"Aapka parcel Zomato se dispatch ho gaya hai, delivery 21 August tak expected hai. https://service.example/check",Hinglish,Legitimate
Government service application APP7045 receive ho gaya hai aur review mein hai.,Hinglish,Legitimate
Aapke new device se login successfully confirm hua hai. https://service.example/check,Hinglish,Legitimate
Aapka interview 21 August ko 2:10 PM par scheduled hai. For your records. https://service.example/check,Hinglish,Legitimate
Aapke new device se login successfully confirm hua hai. Thank you.,Hinglish,Legitimate
"₹7,500 ka UPI payment Jio ko successfully receive ho gaya hai. Ref APP7045. Service details are available in your account.",Hinglish,Legitimate
"₹1,240 ka UPI payment Airtel ko successfully receive ho gaya hai. Ref REF5291. Please use the official app.",Hinglish,Legitimate
Bank branch appointment 21 August ko 11:30 AM par confirmed hai.,Hinglish,Legitimate
"Electricity bill ka ₹3,499 payment successful hai. Receipt portal par available hai.",Hinglish,Legitimate
SMS: Aapka return pickup 16 August ke liye scheduled hai. https://service.example/check,Hinglish,Legitimate
Is month ka account statement official banking app mein available hai. Please check the app for details.,Hinglish,Legitimate
Government service application REF5291 receive ho gaya hai aur review mein hai. Same update aapke official account mein bhi available hai.,Hinglish,Legitimate
Aapka document DigiLocker mein view karne ke liye available hai. Please check the app for details.,Hinglish,Legitimate
Aapke reward points ka balance update ho gaya hai.,Hinglish,Legitimate
Aapke new device se login successfully confirm hua hai. Service details are available in your account.,Hinglish,Legitimate
Aapke card se ABC Store par ₹199 payment successful hua hai. https://service.example/check,Hinglish,Legitimate
Aapke new device se login successfully confirm hua hai. For your records.,Hinglish,Legitimate
Government service application TXN8472 receive ho gaya hai aur review mein hai.,Hinglish,Legitimate
Government service application APP7045 receive ho gaya hai aur review mein hai — https://service.example/check,Hinglish,Legitimate
Is month ka account statement official banking app mein available hai. For your records.,Hinglish,Legitimate
"Insurance premium ₹7,500 successfully receive ho gaya hai. Policy details app mein hain. Thank you.",Hinglish,Legitimate
Insurance premium ₹249 successfully receive ho gaya hai. Policy details app mein hain. Please check the app for details. https://service.example/check,Hinglish,Legitimate
"Insurance premium ₹3,499 successfully receive ho gaya hai. Policy details app mein hain. https://service.example/check",Hinglish,Legitimate
SMS: Government service application REF5291 receive ho gaya hai aur review mein hai. https://service.example/check,Hinglish,Legitimate
"₹7,500 ka UPI payment Jio ko successfully receive ho gaya hai. Ref APP7045. | Account update",Hinglish,Legitimate
SMS: Aapke new device se login successfully confirm hua hai. https://service.example/check,Hinglish,Legitimate
Update: Aapka interview 16 August ko 5:45 PM par scheduled hai.,Hinglish,Legitimate
Government service application APP7045 receive ho gaya hai aur review mein hai. Ye status app mein bhi check kar sakte hain.,Hinglish,Legitimate
"₹7,500 ka recharge successful hai aur plan 25 August tak active hai.",Hinglish,Legitimate
"SMS: ₹1,240 ka recharge successful hai aur plan 21 August tak active hai.",Hinglish,Legitimate
SMS: Insurance premium ₹850 successfully receive ho gaya hai. Policy details app mein hain. https://service.example/check,Hinglish,Legitimate
Aapka document DigiLocker mein view karne ke liye available hai.,Hinglish,Legitimate
Is month ka account statement official banking app mein available hai. | Account update Same update aapke official account mein bhi available hai.,Hinglish,Legitimate
Aapke reward points ka balance update ho gaya hai. Thank you. Please use the official app.,Hinglish,Legitimate
Update: Aapka interview 25 August ko 2:10 PM par scheduled hai.,Hinglish,Legitimate
Aapki ₹499 EMI successfully pay ho gayi hai.,Hinglish,Legitimate
"Electricity bill ka ₹1,240 payment successful hai. Receipt portal par available hai. Thank you.",Hinglish,Legitimate
Aapke reward points ka balance update ho gaya hai. Please use the official app.,Hinglish,Legitimate
"Aapka KYC update request receive ho gaya hai, review ke baad status check karein.",Hinglish,Legitimate
"Aapka refund ₹7,500 original payment method mein credit ho gaya hai.",Hinglish,Legitimate
"Insurance premium ₹1,240 successfully receive ho gaya hai. Policy details app mein hain. https://service.example/check",Hinglish,Legitimate
"Aapke card se Amazon par ₹3,499 payment successful hua hai. Thank you.",Hinglish,Legitimate
"Aapka parcel Jio se dispatch ho gaya hai, delivery 21 August tak expected hai. For your records. https://service.example/check",Hinglish,Legitimate
"Aapki ₹1,240 EMI successfully pay ho gayi hai. | Service update https://service.example/check",Hinglish,Legitimate
"Aapka KYC update request receive ho gaya hai, review ke baad status check karein. https://service.example/check",Hinglish,Legitimate
Government service application ORD3816 receive ho gaya hai aur review mein hai — Please use the official app.,Hinglish,Legitimate
Aapka broadband bill ₹249 successfully pay ho gaya hai.,Hinglish,Legitimate
₹249 ka UPI payment Flipkart ko successfully receive ho gaya hai. Ref APP7045. https://service.example/check,Hinglish,Legitimate
"Update: Aapki ₹7,500 EMI successfully pay ho gayi hai.",Hinglish,Legitimate
"Aapki ₹1,240 EMI successfully pay ho gayi hai. Thank you. Please use the official app.",Hinglish,Legitimate
"Update: Aapki ₹1,999 EMI successfully pay ho gayi hai.",Hinglish,Legitimate
Aapki subscription renewal successfully process ho gayi hai —,Hinglish,Legitimate
"Update: Electricity bill ka ₹1,240 payment successful hai. Receipt portal par available hai.",Hinglish,Legitimate
Electricity bill ka ₹850 payment successful hai. Receipt portal par available hai.,Hinglish,Legitimate
"Aapka KYC update request receive ho gaya hai, review ke baad status check karein. Ye status app mein bhi check kar sakte hain.",Hinglish,Legitimate
Bank branch appointment 25 August ko 5:45 PM par confirmed hai.,Hinglish,Legitimate
Aapka document DigiLocker mein view karne ke liye available hai. For your records.,Hinglish,Legitimate
Electricity bill ka ₹199 payment successful hai. Receipt portal par available hai.,Hinglish,Legitimate
Aapka interview 25 August ko 11:30 AM par scheduled hai. Service details are available in your account.,Hinglish,Legitimate
"Aapka KYC update request receive ho gaya hai, review ke baad status check karein. Thank you.",Hinglish,Legitimate
"Insurance premium ₹7,500 successfully receive ho gaya hai. Policy details app mein hain.",Hinglish,Legitimate
Aapka return pickup 25 August ke liye scheduled hai. Thank you.,Hinglish,Legitimate
Aapka return pickup 21 August ke liye scheduled hai. https://service.example/check,Hinglish,Legitimate
Aapka refund ₹850 original payment method mein credit ho gaya hai —,Hinglish,Legitimate
"Update: ₹1,999 ka UPI payment ABC Store ko successfully receive ho gaya hai. Ref REF5291. Please use the official app.",Hinglish,Legitimate
"Aapka parcel Zomato se dispatch ho gaya hai, delivery 18 August tak expected hai. https://service.example/check",Hinglish,Legitimate
"₹1,240 ka UPI payment Zomato ko successfully receive ho gaya hai. Ref TXN8472.",Hinglish,Legitimate
"₹7,500 ka UPI payment Flipkart ko successfully receive ho gaya hai. Ref APP7045. For your records. Please use the official app.",Hinglish,Legitimate
Aapka interview 16 August ko 2:10 PM par scheduled hai.,Hinglish,Legitimate
Aapki subscription renewal successfully process ho gayi hai. Thank you.,Hinglish,Legitimate
"Insurance premium ₹7,500 successfully receive ho gaya hai — Policy details app mein hain.",Hinglish,Legitimate
Aapka document DigiLocker mein view karne ke liye available hai. Same update aapke official account mein bhi available hai.,Hinglish,Legitimate
"Insurance premium ₹1,999 successfully receive ho gaya hai. Policy details app mein hain. Please check the app for details.",Hinglish,Legitimate
"Aapki ₹1,240 EMI successfully pay ho gayi hai. Service details are available in your account. Please use the official app.",Hinglish,Legitimate
₹850 ka recharge successful hai aur plan 21 August tak active hai.,Hinglish,Legitimate
Aapka interview 25 August ko 11:30 AM par scheduled hai. https://service.example/check,Hinglish,Legitimate
"Aapka parcel ABC Store se dispatch ho gaya hai, delivery 18 August tak expected hai.",Hinglish,Legitimate
Aapka interview 25 August ko 11:30 AM par scheduled hai. https://service.example/check Same update aapke official account mein bhi available hai.,Hinglish,Legitimate
"Insurance premium ₹3,499 successfully receive ho gaya hai. Policy details app mein hain. https://service.example/check Ye status app mein bhi check kar sakte hain.",Hinglish,Legitimate
Aapka broadband bill ₹850 successfully pay ho gaya hai. For your records.,Hinglish,Legitimate
"₹1,240 ka UPI payment Amazon ko successfully receive ho gaya hai. Ref REF5291. For your records.",Hinglish,Legitimate
SMS: Government service application APP7045 receive ho gaya hai aur review mein hai. Please use the official app.,Hinglish,Legitimate
"₹7,500 ka recharge successful hai aur plan 25 August tak active hai. Is confirmation ko records ke liye rakh sakte hain.",Hinglish,Legitimate
₹199 ka UPI payment Airtel ko successfully receive ho gaya hai. Ref ORD3816. For your records.,Hinglish,Legitimate
"Aapke card se Amazon par ₹7,500 payment successful hua hai. Please use the official app.",Hinglish,Legitimate
₹850 ka UPI payment Amazon ko successfully receive ho gaya hai. Ref TXN8472.,Hinglish,Legitimate
"₹1,240 ka UPI payment Swiggy ko successfully receive ho gaya hai — Ref APP7045.",Hinglish,Legitimate
"Aapka broadband bill ₹7,500 successfully pay ho gaya hai. https://service.example/check",Hinglish,Legitimate
Bank branch appointment 25 August ko 11:30 AM par confirmed hai. Service details are available in your account. https://service.example/check,Hinglish,Legitimate
Update: Aapka interview 18 August ko 2:10 PM par scheduled hai.,Hinglish,Legitimate
"Update: ₹1,999 ka UPI payment Zomato ko successfully receive ho gaya hai. Ref ORD3816.",Hinglish,Legitimate
Aapke reward points ka balance update ho gaya hai. Is confirmation ko records ke liye rakh sakte hain.,Hinglish,Legitimate
Is month ka account statement official banking app mein available hai.,Hinglish,Legitimate
Aapka broadband bill ₹499 successfully pay ho gaya hai — Ye status app mein bhi check kar sakte hain.,Hinglish,Legitimate
"Aapka parcel Airtel se dispatch ho gaya hai, delivery 21 August tak expected hai. For your records.",Hinglish,Legitimate
Update: Government service application ORD3816 receive ho gaya hai aur review mein hai.,Hinglish,Legitimate
Update: Aapki subscription renewal successfully process ho gayi hai. Ye status app mein bhi check kar sakte hain.,Hinglish,Legitimate
Aapka interview 18 August ko 5:45 PM par scheduled hai.,Hinglish,Legitimate
Aapka refund ₹850 original payment method mein credit ho gaya hai. Thank you.,Hinglish,Legitimate
Aapka KYC expire ho gaya hai. Banking access block hone se pehle details update karein.,Hinglish,Phishing
Aapka KYC expire ho gaya hai. Banking access block hone se pehle details update karein. Please check the app for details.,Hinglish,Phishing
Reward ready hai. Cashback receive karne ke liye verification complete karein. | Today,Hinglish,Phishing
Aapki UPI service hold par hai. Payment continue karne ke liye verification complete karein. https://service.example/check,Hinglish,Phishing
Insurance claim beneficiary details confirm hone tak process nahi hoga. | Service update Please use the official app.,Hinglish,Phishing
Update: Unknown device se account recovery request aayi hai. Please identity confirm karein.,Hinglish,Phishing
Update: UPI refund release nahi hua. Payment details submit karke process complete karein. https://service.example/check,Hinglish,Phishing
Reward ready hai. Cashback receive karne ke liye verification complete karein.,Hinglish,Phishing
Update: Unknown device se account recovery request aayi hai. Please identity confirm karein. Same update aapke official account mein bhi available hai.,Hinglish,Phishing
Electricity connection suspend ho sakta hai kyunki latest bill verify nahi hua. Thank you. https://service.example/check,Hinglish,Phishing
Refund pending hai. Amount receive karne ke liye requested account details share karein. | Today,Hinglish,Phishing
Electricity connection suspend ho sakta hai kyunki latest bill verify nahi hua.,Hinglish,Phishing
"Aapka bank account aaj suspend ho sakta hai, KYC pending hai — Please immediately verify karein.",Hinglish,Phishing
"Aapka bank account aaj suspend ho sakta hai, KYC pending hai. Please immediately verify karein.",Hinglish,Phishing
Update: Security check complete nahi hua to card temporarily disable ho sakta hai.,Hinglish,Phishing
Bank profile security review mein hai. Requested information confirm karein. Thank you. https://service.example/check,Hinglish,Phishing
"Aapka bank account aaj suspend ho sakta hai, KYC pending hai. Please immediately verify karein. Is confirmation ko records ke liye rakh sakte hain. Status app mein bhi check kar sakte hain.",Hinglish,Phishing
Card payment verify nahi hua. Card active rakhne ke liye account details re-enter karein.,Hinglish,Phishing
Subscription payment fail hui hai. Cancellation avoid karne ke liye card information verify karein. https://service.example/check,Hinglish,Phishing
Interview slot confirm karne se pehle job application ka final verification complete karein — Please use the official app.,Hinglish,Phishing
Subscription payment fail hui hai. Cancellation avoid karne ke liye card information verify karein. Thank you.,Hinglish,Phishing
Loan approve hone ki information mili hai. Amount release karne ke liye requested details submit karein. https://service.example/check,Hinglish,Phishing
Aapki UPI service hold par hai. Payment continue karne ke liye verification complete karein. | Today,Hinglish,Phishing
Interview slot confirm karne se pehle job application ka final verification complete karein.,Hinglish,Phishing
Insurance claim beneficiary details confirm hone tak process nahi hoga.,Hinglish,Phishing
Refund pending hai. Amount receive karne ke liye requested account details share karein. For your records.,Hinglish,Phishing
Government benefit verification pending hai. Application close hone se pehle details confirm karein. | Account update,Hinglish,Phishing
Electricity connection suspend ho sakta hai kyunki latest bill verify nahi hua. https://service.example/check,Hinglish,Phishing
"Aapka bank account aaj suspend ho sakta hai, KYC pending hai. Please immediately verify karein. Service details are available in your account.",Hinglish,Phishing
"Parcel address verify nahi hua, isliye delivery hold par hai — Please address confirm karein. Please use the official app.",Hinglish,Phishing
Reward ready hai. Cashback receive karne ke liye verification complete karein. Thank you.,Hinglish,Phishing
Aapki UPI service hold par hai. Payment continue karne ke liye verification complete karein. Service details are available in your account.,Hinglish,Phishing
Update: Reward ready hai. Cashback receive karne ke liye verification complete karein.,Hinglish,Phishing
Loan approve hone ki information mili hai. Amount release karne ke liye requested details submit karein. Please check the app for details.,Hinglish,Phishing
Subscription payment fail hui hai. Cancellation avoid karne ke liye card information verify karein. Service details are available in your account.,Hinglish,Phishing
SMS: Aap work-from-home job ke liye shortlist hue hain. Joining ke liye refundable registration amount pay karein. https://service.example/check,Hinglish,Phishing
"Aapka bank account aaj suspend ho sakta hai, KYC pending hai. Please immediately verify karein. For your records. https://service.example/check",Hinglish,Phishing
Aapki UPI service hold par hai. Payment continue karne ke liye verification complete karein.,Hinglish,Phishing
Refund pending hai. Amount receive karne ke liye requested account details share karein. Service details are available in your account. https://service.example/check,Hinglish,Phishing
Aapki UPI service hold par hai — Payment continue karne ke liye verification complete karein. https://service.example/check,Hinglish,Phishing
"Aapka bank account aaj suspend ho sakta hai, KYC pending hai. Please immediately verify karein. Is confirmation ko records ke liye rakh sakte hain. Ye update aapke account mein bhi available hai.",Hinglish,Phishing
Bank profile security review mein hai. Requested information confirm karein.,Hinglish,Phishing
Update: Account mein suspicious activity detect hui hai. Service block hone se pehle identity confirm karein.,Hinglish,Phishing
Loan approve hone ki information mili hai. Amount release karne ke liye requested details submit karein. https://service.example/check Is confirmation ko records ke liye rakh sakte hain.,Hinglish,Phishing
Update: Loan approve hone ki information mili hai. Amount release karne ke liye requested details submit karein.,Hinglish,Phishing
Subscription payment fail hui hai. Cancellation avoid karne ke liye card information verify karein. Service details are available in your account. Ye status app mein bhi check kar sakte hain.,Hinglish,Phishing
Government benefit verification pending hai — Application close hone se pehle details confirm karein.,Hinglish,Phishing
Interview slot confirm karne se pehle job application ka final verification complete karein. Same update aapke official account mein bhi available hai.,Hinglish,Phishing
Aapki UPI service hold par hai. Payment continue karne ke liye verification complete karein. Service details are available in your account. https://service.example/check,Hinglish,Phishing
Account mein suspicious activity detect hui hai. Service block hone se pehle identity confirm karein.,Hinglish,Phishing
Unknown device se account recovery request aayi hai. Please identity confirm karein.,Hinglish,Phishing
"Aapka bank account aaj suspend ho sakta hai, KYC pending hai. Please immediately verify karein. For your records. https://service.example/check Ye status app mein bhi check kar sakte hain.",Hinglish,Phishing
Government benefit verification pending hai — Application close hone se pehle details confirm karein. Is confirmation ko records ke liye rakh sakte hain.,Hinglish,Phishing
Mobile number ki KYC recheck karni hai — Service active rakhne ke liye aaj verify karein. Please use the official app.,Hinglish,Phishing
Aapki UPI service hold par hai. Payment continue karne ke liye verification complete karein. Ye status app mein bhi check kar sakte hain. Is message ko records ke liye rakh sakte hain.,Hinglish,Phishing
Bank profile security review mein hai. Requested information confirm karein. Is confirmation ko records ke liye rakh sakte hain.,Hinglish,Phishing
SMS: Interview slot confirm karne se pehle job application ka final verification complete karein. https://service.example/check,Hinglish,Phishing
SMS: Electricity connection suspend ho sakta hai kyunki latest bill verify nahi hua.,Hinglish,Phishing
Update: Interview slot confirm karne se pehle job application ka final verification complete karein.,Hinglish,Phishing
SMS: Insurance claim beneficiary details confirm hone tak process nahi hoga.,Hinglish,Phishing
SMS: Account mein suspicious activity detect hui hai. Service block hone se pehle identity confirm karein. https://service.example/check,Hinglish,Phishing
Subscription payment fail hui hai. Cancellation avoid karne ke liye card information verify karein. For your records.,Hinglish,Phishing
SMS: Government benefit verification pending hai. Application close hone se pehle details confirm karein. https://service.example/check,Hinglish,Phishing
SMS: Loan approve hone ki information mili hai. Amount release karne ke liye requested details submit karein.,Hinglish,Phishing
Bank profile security review mein hai. Requested information confirm karein. For your records.,Hinglish,Phishing
"Parcel address verify nahi hua, isliye delivery hold par hai. Please address confirm karein.",Hinglish,Phishing
"Parcel address verify nahi hua, isliye delivery hold par hai. Please address confirm karein. | Today",Hinglish,Phishing
Aap work-from-home job ke liye shortlist hue hain. Joining ke liye refundable registration amount pay karein.,Hinglish,Phishing
"Parcel address verify nahi hua, isliye delivery hold par hai. Please address confirm karein. Thank you. https://service.example/check",Hinglish,Phishing
Subscription payment fail hui hai. Cancellation avoid karne ke liye card information verify karein.,Hinglish,Phishing
Mobile number ki KYC recheck karni hai. Service active rakhne ke liye aaj verify karein. Please check the app for details. https://service.example/check,Hinglish,Phishing
UPI refund release nahi hua. Payment details submit karke process complete karein. Please check the app for details. https://service.example/check,Hinglish,Phishing
Aapki UPI service hold par hai. Payment continue karne ke liye verification complete karein. Ye status app mein bhi check kar sakte hain. Status app mein bhi check kar sakte hain.,Hinglish,Phishing
Bank profile security review mein hai. Requested information confirm karein. | Today,Hinglish,Phishing
Card payment verify nahi hua. Card active rakhne ke liye account details re-enter karein. Service details are available in your account.,Hinglish,Phishing
UPI refund release nahi hua. Payment details submit karke process complete karein. For your records.,Hinglish,Phishing
Update: Reward ready hai. Cashback receive karne ke liye verification complete karein. Is confirmation ko records ke liye rakh sakte hain.,Hinglish,Phishing
Update: Reward ready hai. Cashback receive karne ke liye verification complete karein. https://service.example/check,Hinglish,Phishing
Government benefit verification pending hai. Application close hone se pehle details confirm karein. Please check the app for details.,Hinglish,Phishing
Aapka KYC expire ho gaya hai. Banking access block hone se pehle details update karein. | Today,Hinglish,Phishing
Subscription payment fail hui hai. Cancellation avoid karne ke liye card information verify karein. Same update aapke official account mein bhi available hai. Ye update aapke account mein bhi available hai.,Hinglish,Phishing
SMS: Subscription payment fail hui hai. Cancellation avoid karne ke liye card information verify karein.,Hinglish,Phishing
"Aapka bank account aaj suspend ho sakta hai, KYC pending hai. Please immediately verify karein. Please check the app for details.",Hinglish,Phishing
Security check complete nahi hua to card temporarily disable ho sakta hai. Please use the official app.,Hinglish,Phishing
Loan approve hone ki information mili hai. Amount release karne ke liye requested details submit karein.,Hinglish,Phishing
Aapki UPI service hold par hai. Payment continue karne ke liye verification complete karein. Service details are available in your account. https://service.example/check Is confirmation ko records ke liye rakh sakte hain.,Hinglish,Phishing
Unknown device se account recovery request aayi hai. Please identity confirm karein. https://service.example/check,Hinglish,Phishing
Refund pending hai. Amount receive karne ke liye requested account details share karein. Please check the app for details.,Hinglish,Phishing
Update: Insurance claim beneficiary details confirm hone tak process nahi hoga.,Hinglish,Phishing
Update: Mobile number ki KYC recheck karni hai. Service active rakhne ke liye aaj verify karein. https://service.example/check,Hinglish,Phishing
Subscription payment fail hui hai. Cancellation avoid karne ke liye card information verify karein. Ye status app mein bhi check kar sakte hain.,Hinglish,Phishing
Interview slot confirm karne se pehle job application ka final verification complete karein. Is confirmation ko records ke liye rakh sakte hain.,Hinglish,Phishing
"Aapka bank account aaj suspend ho sakta hai, KYC pending hai — Please immediately verify karein. Same update aapke official account mein bhi available hai.",Hinglish,Phishing
Aapka KYC expire ho gaya hai. Banking access block hone se pehle details update karein. Thank you.,Hinglish,Phishing
Subscription payment fail hui hai. Cancellation avoid karne ke liye card information verify karein. Service details are available in your account. https://service.example/check,Hinglish,Phishing
Insurance claim beneficiary details confirm hone tak process nahi hoga. Same update aapke official account mein bhi available hai.,Hinglish,Phishing
Bank profile security review mein hai. Requested information confirm karein. Service details are available in your account.,Hinglish,Phishing
Card payment verify nahi hua. Card active rakhne ke liye account details re-enter karein. For your records.,Hinglish,Phishing
SMS: UPI refund release nahi hua. Payment details submit karke process complete karein.,Hinglish,Phishing
Aapka KYC expire ho gaya hai — Banking access block hone se pehle details update karein.,Hinglish,Phishing
Update: Unknown device se account recovery request aayi hai. Please identity confirm karein. Is confirmation ko records ke liye rakh sakte hain.,Hinglish,Phishing
Update: Reward ready hai. Cashback receive karne ke liye verification complete karein. Please use the official app.,Hinglish,Phishing
Update: Government benefit verification pending hai. Application close hone se pehle details confirm karein. Please use the official app.,Hinglish,Phishing
Reward ready hai. Cashback receive karne ke liye verification complete karein. Is confirmation ko records ke liye rakh sakte hain.,Hinglish,Phishing
Interview slot confirm karne se pehle job application ka final verification complete karein. https://service.example/check,Hinglish,Phishing
Loan approve hone ki information mili hai — Amount release karne ke liye requested details submit karein. https://service.example/check,Hinglish,Phishing
"Aapka bank account aaj suspend ho sakta hai, KYC pending hai. Please immediately verify karein. Please check the app for details. Is confirmation ko records ke liye rakh sakte hain.",Hinglish,Phishing
Government benefit verification pending hai. Application close hone se pehle details confirm karein.,Hinglish,Phishing
Aapka KYC expire ho gaya hai. Banking access block hone se pehle details update karein. Thank you. Ye status app mein bhi check kar sakte hain.,Hinglish,Phishing
Account mein suspicious activity detect hui hai. Service block hone se pehle identity confirm karein. Is confirmation ko records ke liye rakh sakte hain.,Hinglish,Phishing
Update: Card payment verify nahi hua. Card active rakhne ke liye account details re-enter karein.,Hinglish,Phishing
Aapka KYC expire ho gaya hai. Banking access block hone se pehle details update karein. Please use the official app.,Hinglish,Phishing
Insurance claim beneficiary details confirm hone tak process nahi hoga. | Account update,Hinglish,Phishing
Subscription payment fail hui hai. Cancellation avoid karne ke liye card information verify karein. Same update aapke official account mein bhi available hai. Is message ko records ke liye rakh sakte hain.,Hinglish,Phishing
UPI refund release nahi hua — Payment details submit karke process complete karein.,Hinglish,Phishing
UPI refund release nahi hua. Payment details submit karke process complete karein.,Hinglish,Phishing
Aapki UPI service hold par hai. Payment continue karne ke liye verification complete karein. Same update aapke official account mein bhi available hai.,Hinglish,Phishing
Unknown device se account recovery request aayi hai. Please identity confirm karein. Thank you.,Hinglish,Phishing
SMS: Refund pending hai. Amount receive karne ke liye requested account details share karein.,Hinglish,Phishing
UPI refund release nahi hua. Payment details submit karke process complete karein. Please use the official app.,Hinglish,Phishing
Update: Aapki UPI service hold par hai. Payment continue karne ke liye verification complete karein. https://service.example/check,Hinglish,Phishing
"Parcel address verify nahi hua, isliye delivery hold par hai. Please address confirm karein. Thank you.",Hinglish,Phishing
UPI refund release nahi hua. Payment details submit karke process complete karein. Service details are available in your account. Please use the official app.,Hinglish,Phishing
Mobile number ki KYC recheck karni hai. Service active rakhne ke liye aaj verify karein. For your records. Please use the official app.,Hinglish,Phishing
Bank profile security review mein hai. Requested information confirm karein. Please check the app for details.,Hinglish,Phishing
New device login successfully confirm agide. Please check the app for details. Please use the official app.,Konglish,Legitimate
Electricity bill ₹249 payment successful agide. Receipt portalnalli ide. Thank you. https://service.example/check,Konglish,Legitimate
Nimma document DigiLocker alli view madoke available ide. Please check the app for details.,Konglish,Legitimate
Nimma subscription renewal successfully process agide. For your records.,Konglish,Legitimate
Nimma document DigiLocker alli view madoke available ide.,Konglish,Legitimate
SMS: Return pickup 16 Augustge scheduled agide. Please use the official app.,Konglish,Legitimate
"Nimma card inda Swiggyge ₹3,499 payment successful agide. Service details are available in your account. https://service.example/check",Konglish,Legitimate
"Nimma parcel ABC Store inda dispatch agide, delivery 21 August varege expected ide. Please use the official app.",Konglish,Legitimate
"Update: ₹3,499 recharge successful agide, plan 25 August varege active ide.",Konglish,Legitimate
Nimma interview 18 August dina 5:45 PMge scheduled agide.,Konglish,Legitimate
Nimma reward points balance update agide. Service details are available in your account. Please use the official app.,Konglish,Legitimate
"Nimma accountge ₹7,500 credit agide. Balance official banking appnalli check madabahudu. Please check the app for details. Please use the official app.",Konglish,Legitimate
"Nimma card inda Swiggyge ₹7,500 payment successful agide. Service details are available in your account. https://service.example/check",Konglish,Legitimate
Update: ₹249 UPI payment Jioge successful agide. Ref ORD3816.,Konglish,Legitimate
"SMS: Nimma card inda Jioge ₹1,240 payment successful agide. Please use the official app.",Konglish,Legitimate
"₹7,500 recharge successful agide, plan 25 August varege active ide. Please check the app for details.",Konglish,Legitimate
Nimma card inda Swiggyge ₹249 payment successful agide —,Konglish,Legitimate
Return pickup 21 Augustge scheduled agide. Please check the app for details.,Konglish,Legitimate
Nimma card inda Zomatoge ₹199 payment successful agide. Please check the app for details.,Konglish,Legitimate
Bank branch appointment 18 August dina 2:10 PMge confirmed agide. For your records. https://service.example/check,Konglish,Legitimate
Nimma interview 16 August dina 11:30 AMge scheduled agide.,Konglish,Legitimate
Update: Electricity bill ₹850 payment successful agide. Receipt portalnalli ide.,Konglish,Legitimate
Update: Nimma accountge ₹199 credit agide. Balance official banking appnalli check madabahudu.,Konglish,Legitimate
"Nimma parcel ABC Store inda dispatch agide, delivery 21 August varege expected ide.",Konglish,Legitimate
"Nimma KYC update request receive agide, review aadmele status check madi.",Konglish,Legitimate
"Nimma ₹1,999 refund original payment methodge credit agide. https://service.example/check",Konglish,Legitimate
"Update: Nimma KYC update request receive agide, review aadmele status check madi. Please use the official app.",Konglish,Legitimate
Bank branch appointment 21 August dina 11:30 AMge confirmed agide. Thank you.,Konglish,Legitimate
Bank branch appointment 16 August dina 2:10 PMge confirmed agide. Please check the app for details.,Konglish,Legitimate
"Nimma ₹1,240 refund original payment methodge credit agide. Thank you.",Konglish,Legitimate
"Nimma ₹1,240 EMI successfully pay agide. For your records.",Konglish,Legitimate
I month account statement official banking appnalli available ide. | Account update,Konglish,Legitimate
"Update: ₹249 recharge successful agide, plan 21 August varege active ide. Please use the official app.",Konglish,Legitimate
Nimma document DigiLocker alli view madoke available ide. Service details are available in your account.,Konglish,Legitimate
Nimma interview 16 August dina 11:30 AMge scheduled agide. Ee status appnalli kooda check madabahudu.,Konglish,Legitimate
Nimma reward points balance update agide. Service details are available in your account.,Konglish,Legitimate
"Nimma accountge ₹3,499 credit agide. Balance official banking appnalli check madabahudu. Please check the app for details. https://service.example/check",Konglish,Legitimate
SMS: Nimma broadband bill ₹850 successfully pay agide.,Konglish,Legitimate
"SMS: Nimma KYC update request receive agide, review aadmele status check madi.",Konglish,Legitimate
Nimma reward points balance update agide.,Konglish,Legitimate
"Nimma KYC update request receive agide, review aadmele status check madi. https://service.example/check",Konglish,Legitimate
"Nimma card inda Swiggyge ₹3,499 payment successful agide. For your records.",Konglish,Legitimate
Nimma document DigiLocker alli view madoke available ide. Same update nimma official accountnalli kooda ide.,Konglish,Legitimate
Nimma subscription renewal successfully process agide. Please check the app for details.,Konglish,Legitimate
"Nimma card inda Zomatoge ₹1,240 payment successful agide.",Konglish,Legitimate
"Nimma ₹3,499 refund original payment methodge credit agide. Thank you. https://service.example/check",Konglish,Legitimate
Nimma document DigiLocker alli view madoke available ide. https://service.example/check,Konglish,Legitimate
"Nimma parcel ABC Store inda dispatch agide, delivery 25 August varege expected ide. For your records. Please use the official app.",Konglish,Legitimate
Nimma reward points balance update agide. Service details are available in your account. https://service.example/check,Konglish,Legitimate
"Update: Nimma card inda Airtelge ₹7,500 payment successful agide.",Konglish,Legitimate
New device login successfully confirm agide. Service details are available in your account.,Konglish,Legitimate
₹249 UPI payment Zomatoge successful agide. Ref REF5291. | Service update,Konglish,Legitimate
I month account statement official banking appnalli available ide — https://service.example/check,Konglish,Legitimate
SMS: Nimma interview 16 August dina 2:10 PMge scheduled agide. https://service.example/check,Konglish,Legitimate
SMS: Electricity bill ₹199 payment successful agide. Receipt portalnalli ide. Please use the official app.,Konglish,Legitimate
Bank branch appointment 16 August dina 9:15 AMge confirmed agide.,Konglish,Legitimate
Nimma card inda Airtelge ₹499 payment successful agide. Service details are available in your account.,Konglish,Legitimate
Return pickup 16 Augustge scheduled agide — https://service.example/check,Konglish,Legitimate
"Nimma KYC update request receive agide, review aadmele status check madi. Ee status appnalli kooda check madabahudu.",Konglish,Legitimate
Nimma reward points balance update agide. Service details are available in your account. Ee confirmation recordsgagi save madi.,Konglish,Legitimate
New device login successfully confirm agide. Thank you.,Konglish,Legitimate
"Nimma ₹3,499 EMI successfully pay agide. | Account update https://service.example/check",Konglish,Legitimate
"Insurance premium ₹7,500 successfully receive agide. Policy details appnalli ide. Please use the official app.",Konglish,Legitimate
SMS: Nimma accountge ₹850 credit agide. Balance official banking appnalli check madabahudu.,Konglish,Legitimate
Return pickup 21 Augustge scheduled agide. Please check the app for details. https://service.example/check,Konglish,Legitimate
"₹1,240 UPI payment ABC Storege successful agide. Ref APP7045. Service details are available in your account.",Konglish,Legitimate
Update: Nimma reward points balance update agide.,Konglish,Legitimate
Bank branch appointment 18 August dina 2:10 PMge confirmed agide. Thank you.,Konglish,Legitimate
"Update: ₹1,240 UPI payment ABC Storege successful agide. Ref ORD3816.",Konglish,Legitimate
"₹1,999 UPI payment Airtelge successful agide. Ref REF5291. Service details are available in your account.",Konglish,Legitimate
Update: ₹249 UPI payment Zomatoge successful agide. Ref APP7045.,Konglish,Legitimate
"Insurance premium ₹7,500 successfully receive agide. Policy details appnalli ide. https://service.example/check",Konglish,Legitimate
"Nimma KYC update request receive agide, review aadmele status check madi. Service details are available in your account. https://service.example/check",Konglish,Legitimate
Nimma interview 16 August dina 9:15 AMge scheduled agide. Thank you. https://service.example/check,Konglish,Legitimate
Nimma interview 21 August dina 9:15 AMge scheduled agide.,Konglish,Legitimate
"Nimma broadband bill ₹1,240 successfully pay agide. Service details are available in your account.",Konglish,Legitimate
"₹850 recharge successful agide, plan 21 August varege active ide. Thank you.",Konglish,Legitimate
"Insurance premium ₹1,240 successfully receive agide — Policy details appnalli ide.",Konglish,Legitimate
₹249 UPI payment Amazonge successful agide. Ref ORD3816. Thank you. https://service.example/check,Konglish,Legitimate
I month account statement official banking appnalli available ide —,Konglish,Legitimate
Nimma card inda ABC Storege ₹249 payment successful agide. Please check the app for details.,Konglish,Legitimate
Update: Nimma subscription renewal successfully process agide.,Konglish,Legitimate
Electricity bill ₹249 payment successful agide. Receipt portalnalli ide. Please check the app for details.,Konglish,Legitimate
Government service application APP7045 receive agide mattu reviewnalli ide. Service details are available in your account.,Konglish,Legitimate
"Nimma KYC update request receive agide, review aadmele status check madi. Please use the official app.",Konglish,Legitimate
Nimma reward points balance update agide. Thank you. https://service.example/check,Konglish,Legitimate
Nimma document DigiLocker alli view madoke available ide. Service details are available in your account. Ee confirmation recordsgagi save madi.,Konglish,Legitimate
"Nimma accountge ₹1,240 credit agide. Balance official banking appnalli check madabahudu. https://service.example/check",Konglish,Legitimate
"Nimma broadband bill ₹7,500 successfully pay agide.",Konglish,Legitimate
New device login successfully confirm agide. Service details are available in your account. Ee confirmation recordsgagi save madi.,Konglish,Legitimate
Bank branch appointment 25 August dina 9:15 AMge confirmed agide —,Konglish,Legitimate
"Nimma accountge ₹1,999 credit agide. Balance official banking appnalli check madabahudu. | Account update Please use the official app.",Konglish,Legitimate
"Nimma parcel Jio inda dispatch agide, delivery 18 August varege expected ide.",Konglish,Legitimate
Nimma reward points balance update agide. For your records.,Konglish,Legitimate
Bank branch appointment 25 August dina 9:15 AMge confirmed agide. For your records. Please use the official app.,Konglish,Legitimate
₹249 UPI payment Swiggyge successful agide. Ref REF5291. https://service.example/check,Konglish,Legitimate
"Nimma ₹7,500 EMI successfully pay agide.",Konglish,Legitimate
Nimma reward points balance update agide. Please check the app for details.,Konglish,Legitimate
I month account statement official banking appnalli available ide. For your records.,Konglish,Legitimate
"₹199 recharge successful agide, plan 25 August varege active ide —",Konglish,Legitimate
"Insurance premium ₹1,999 successfully receive agide. Policy details appnalli ide.",Konglish,Legitimate
SMS: I month account statement official banking appnalli available ide.,Konglish,Legitimate
Nimma interview 21 August dina 11:30 AMge scheduled agide.,Konglish,Legitimate
Return pickup 18 Augustge scheduled agide — https://service.example/check,Konglish,Legitimate
Nimma interview 16 August dina 5:45 PMge scheduled agide.,Konglish,Legitimate
"Nimma KYC update request receive agide, review aadmele status check madi —",Konglish,Legitimate
"Nimma parcel ABC Store inda dispatch agide, delivery 16 August varege expected ide.",Konglish,Legitimate
"Insurance premium ₹1,999 successfully receive agide. Policy details appnalli ide. Thank you. https://service.example/check",Konglish,Legitimate
Nimma accountge ₹499 credit agide. Balance official banking appnalli check madabahudu. Please use the official app.,Konglish,Legitimate
Insurance premium ₹249 successfully receive agide — Policy details appnalli ide.,Konglish,Legitimate
"Update: Nimma KYC update request receive agide, review aadmele status check madi.",Konglish,Legitimate
Nimma ₹850 EMI successfully pay agide.,Konglish,Legitimate
SMS: I month account statement official banking appnalli available ide. Ee status appnalli kooda check madabahudu.,Konglish,Legitimate
Government service application REF5291 receive agide mattu reviewnalli ide. | Service update https://service.example/check,Konglish,Legitimate
"Nimma KYC update request receive agide, review aadmele status check madi. Please use the official app. Same update nimma official accountnalli kooda ide.",Konglish,Legitimate
Nimma card inda Zomatoge ₹850 payment successful agide.,Konglish,Legitimate
Update: Return pickup 25 Augustge scheduled agide. https://service.example/check,Konglish,Legitimate
"Nimma parcel ABC Store inda dispatch agide, delivery 25 August varege expected ide. | Service update Please use the official app.",Konglish,Legitimate
Nimma card inda Jioge ₹850 payment successful agide.,Konglish,Legitimate
"₹249 recharge successful agide, plan 16 August varege active ide.",Konglish,Legitimate
Update: Return pickup 21 Augustge scheduled agide. Please use the official app.,Konglish,Legitimate
"Nimma KYC update request receive agide, review aadmele status check madi. Please use the official app. Ee status appnalli kooda check madabahudu.",Konglish,Legitimate
"SMS: Insurance premium ₹7,500 successfully receive agide. Policy details appnalli ide.",Konglish,Legitimate
"Update: Nimma card inda Jioge ₹3,499 payment successful agide. https://service.example/check",Konglish,Legitimate
Nimma reward points balance update agide. Ee status appnalli kooda check madabahudu.,Konglish,Legitimate
"Electricity connection suspend agabahudu, latest bill verify agilla.",Konglish,Phishing
Government benefit verification pending ide. Application close aguva munche details confirm madi.,Konglish,Phishing
"Nimma bank account ivattu suspend agabahudu, KYC pending ide. Please immediately verify madi. | Account update https://service.example/check",Konglish,Phishing
Reward ready ide. Cashback receive madoke verification complete madi.,Konglish,Phishing
"Nimma bank account ivattu suspend agabahudu, KYC pending ide. Please immediately verify madi. Please use the official app.",Konglish,Phishing
UPI refund release agilla. Payment details submit madi process complete madi.,Konglish,Phishing
Subscription payment fail agide. Cancellation avoid madoke card information verify madi.,Konglish,Phishing
Card payment verify agilla. Card active irbekandre account details re-enter madi. Please check the app for details.,Konglish,Phishing
Nimma KYC expire agide. Banking access block aguva munche details update madi. Please use the official app.,Konglish,Phishing
Card payment verify agilla. Card active irbekandre account details re-enter madi. Please check the app for details. Ee confirmation recordsgagi save madi.,Konglish,Phishing
Nimge work-from-home job shortlist agide. Joining complete madoke registration amount pay madi. https://service.example/check,Konglish,Phishing
Unknown device inda account recovery request bandide. Please identity confirm madi. For your records.,Konglish,Phishing
UPI refund release agilla. Payment details submit madi process complete madi. Thank you. https://service.example/check,Konglish,Phishing
Card payment verify agilla. Card active irbekandre account details re-enter madi. https://service.example/check,Konglish,Phishing
Security check complete agillandre card temporarily disable agabahudu. For your records.,Konglish,Phishing
UPI refund release agilla — Payment details submit madi process complete madi.,Konglish,Phishing
Nimma UPI service holdnalli ide. Payment continue madoke verification complete madi.,Konglish,Phishing
"Parcel address verify agilla, adakke delivery holdnalli ide. Address confirm madi. Thank you.",Konglish,Phishing
Bank profile security reviewnalli ide. Requested information confirm madi.,Konglish,Phishing
Subscription payment fail agide. Cancellation avoid madoke card information verify madi. | Account update https://service.example/check,Konglish,Phishing
Interview slot confirm madoke munche job application final verification complete madi —,Konglish,Phishing
Account alli suspicious activity detect agide. Service block aguva munche identity confirm madi. Service details are available in your account.,Konglish,Phishing
Update: Card payment verify agilla. Card active irbekandre account details re-enter madi.,Konglish,Phishing
Subscription payment fail agide. Cancellation avoid madoke card information verify madi. Ee status appnalli kooda check madabahudu.,Konglish,Phishing
"Electricity connection suspend agabahudu, latest bill verify agilla. For your records. Please use the official app.",Konglish,Phishing
Card payment verify agilla. Card active irbekandre account details re-enter madi. Please check the app for details. Same update nimma official accountnalli kooda ide.,Konglish,Phishing
Update: Unknown device inda account recovery request bandide. Please identity confirm madi.,Konglish,Phishing
Card payment verify agilla. Card active irbekandre account details re-enter madi.,Konglish,Phishing
Subscription payment fail agide. Cancellation avoid madoke card information verify madi. Same update nimma official accountnalli kooda ide.,Konglish,Phishing
Interview slot confirm madoke munche job application final verification complete madi — Ee status appnalli kooda check madabahudu.,Konglish,Phishing
Card payment verify agilla. Card active irbekandre account details re-enter madi. Ee confirmation recordsgagi save madi.,Konglish,Phishing
Nimma KYC expire agide. Banking access block aguva munche details update madi.,Konglish,Phishing
Update: Loan approve agide endu message bandide. Amount release madoke requested details submit madi.,Konglish,Phishing
Refund pending ide. Amount receive madoke requested account details share madi. Please check the app for details.,Konglish,Phishing
Bank profile security reviewnalli ide. Requested information confirm madi. For your records. Please use the official app.,Konglish,Phishing
Nimma UPI service holdnalli ide. Payment continue madoke verification complete madi. Ee status appnalli kooda check madabahudu.,Konglish,Phishing
"SMS: Parcel address verify agilla, adakke delivery holdnalli ide. Address confirm madi.",Konglish,Phishing
Reward ready ide — Cashback receive madoke verification complete madi. https://service.example/check,Konglish,Phishing
Account alli suspicious activity detect agide. Service block aguva munche identity confirm madi. https://service.example/check,Konglish,Phishing
Reward ready ide — Cashback receive madoke verification complete madi.,Konglish,Phishing
Mobile number KYC recheck beku. Service active irbekandre ivattu verify madi. For your records.,Konglish,Phishing
"Parcel address verify agilla, adakke delivery holdnalli ide. Address confirm madi. For your records.",Konglish,Phishing
Refund pending ide. Amount receive madoke requested account details share madi. Service details are available in your account.,Konglish,Phishing
Reward ready ide. Cashback receive madoke verification complete madi. Same update nimma official accountnalli kooda ide. Status appnalli kooda check madabahudu.,Konglish,Phishing
Interview slot confirm madoke munche job application final verification complete madi. Please check the app for details.,Konglish,Phishing
Refund pending ide. Amount receive madoke requested account details share madi. https://service.example/check,Konglish,Phishing
UPI refund release agilla. Payment details submit madi process complete madi. Same update nimma official accountnalli kooda ide.,Konglish,Phishing
Card payment verify agilla. Card active irbekandre account details re-enter madi. | Account update https://service.example/check,Konglish,Phishing
Mobile number KYC recheck beku. Service active irbekandre ivattu verify madi. Thank you.,Konglish,Phishing
Bank profile security reviewnalli ide — Requested information confirm madi. https://service.example/check,Konglish,Phishing
Account alli suspicious activity detect agide. Service block aguva munche identity confirm madi. Thank you. https://service.example/check,Konglish,Phishing
SMS: Security check complete agillandre card temporarily disable agabahudu. Please use the official app.,Konglish,Phishing
Update: Unknown device inda account recovery request bandide. Please identity confirm madi. https://service.example/check,Konglish,Phishing
"Nimma bank account ivattu suspend agabahudu, KYC pending ide. Please immediately verify madi. For your records.",Konglish,Phishing
Update: Mobile number KYC recheck beku. Service active irbekandre ivattu verify madi.,Konglish,Phishing
Update: Reward ready ide. Cashback receive madoke verification complete madi. https://service.example/check,Konglish,Phishing
Nimge work-from-home job shortlist agide. Joining complete madoke registration amount pay madi. https://service.example/check Ee status appnalli kooda check madabahudu.,Konglish,Phishing
UPI refund release agilla. Payment details submit madi process complete madi. Service details are available in your account.,Konglish,Phishing
Subscription payment fail agide. Cancellation avoid madoke card information verify madi. Please check the app for details.,Konglish,Phishing
Mobile number KYC recheck beku. Service active irbekandre ivattu verify madi. Thank you. https://service.example/check,Konglish,Phishing
Update: Nimma UPI service holdnalli ide. Payment continue madoke verification complete madi.,Konglish,Phishing
Nimge work-from-home job shortlist agide. Joining complete madoke registration amount pay madi.,Konglish,Phishing
Insurance claim beneficiary details confirm aaguvavarege process agalla.,Konglish,Phishing
SMS: Security check complete agillandre card temporarily disable agabahudu.,Konglish,Phishing
SMS: Interview slot confirm madoke munche job application final verification complete madi.,Konglish,Phishing
Reward ready ide. Cashback receive madoke verification complete madi. Ee status appnalli kooda check madabahudu.,Konglish,Phishing
Nimma KYC expire agide. Banking access block aguva munche details update madi. | Account update https://service.example/check,Konglish,Phishing
"Parcel address verify agilla, adakke delivery holdnalli ide. Address confirm madi. https://service.example/check",Konglish,Phishing
SMS: Security check complete agillandre card temporarily disable agabahudu. Ee status appnalli kooda check madabahudu.,Konglish,Phishing
"Electricity connection suspend agabahudu, latest bill verify agilla. | Service update https://service.example/check",Konglish,Phishing
Refund pending ide — Amount receive madoke requested account details share madi.,Konglish,Phishing
Bank profile security reviewnalli ide. Requested information confirm madi. Ee status appnalli kooda check madabahudu.,Konglish,Phishing
Unknown device inda account recovery request bandide. Please identity confirm madi.,Konglish,Phishing
"Nimma bank account ivattu suspend agabahudu, KYC pending ide. Please immediately verify madi. | Account update Please use the official app.",Konglish,Phishing
Security check complete agillandre card temporarily disable agabahudu.,Konglish,Phishing
Refund pending ide. Amount receive madoke requested account details share madi. Service details are available in your account. Please use the official app.,Konglish,Phishing
Reward ready ide. Cashback receive madoke verification complete madi. Same update nimma official accountnalli kooda ide. Ee update nimma accountnalli kooda available ide.,Konglish,Phishing
Account alli suspicious activity detect agide. Service block aguva munche identity confirm madi.,Konglish,Phishing
Nimge work-from-home job shortlist agide. Joining complete madoke registration amount pay madi. https://service.example/check Ee confirmation recordsgagi save madi.,Konglish,Phishing
"Nimma bank account ivattu suspend agabahudu, KYC pending ide. Please immediately verify madi. Please check the app for details. https://service.example/check",Konglish,Phishing
Update: Bank profile security reviewnalli ide. Requested information confirm madi. Please use the official app.,Konglish,Phishing
Nimma UPI service holdnalli ide. Payment continue madoke verification complete madi. Ee confirmation recordsgagi save madi.,Konglish,Phishing
Reward ready ide. Cashback receive madoke verification complete madi. | Service update https://service.example/check,Konglish,Phishing
"Electricity connection suspend agabahudu, latest bill verify agilla. Please check the app for details. Please use the official app.",Konglish,Phishing
"Electricity connection suspend agabahudu, latest bill verify agilla. https://service.example/check",Konglish,Phishing
"Electricity connection suspend agabahudu, latest bill verify agilla. | Today",Konglish,Phishing
"Parcel address verify agilla, adakke delivery holdnalli ide. Address confirm madi. Service details are available in your account.",Konglish,Phishing
Nimma UPI service holdnalli ide. Payment continue madoke verification complete madi. Service details are available in your account.,Konglish,Phishing
Nimge work-from-home job shortlist agide. Joining complete madoke registration amount pay madi. Please check the app for details. Please use the official app.,Konglish,Phishing
Reward ready ide. Cashback receive madoke verification complete madi. | Account update https://service.example/check,Konglish,Phishing
Bank profile security reviewnalli ide. Requested information confirm madi. For your records. https://service.example/check,Konglish,Phishing
"Parcel address verify agilla, adakke delivery holdnalli ide. Address confirm madi.",Konglish,Phishing
"Electricity connection suspend agabahudu, latest bill verify agilla. Ee status appnalli kooda check madabahudu.",Konglish,Phishing
Card payment verify agilla — Card active irbekandre account details re-enter madi.,Konglish,Phishing
"Nimma bank account ivattu suspend agabahudu, KYC pending ide. Please immediately verify madi. For your records. https://service.example/check",Konglish,Phishing
Update: Account alli suspicious activity detect agide. Service block aguva munche identity confirm madi. https://service.example/check,Konglish,Phishing
Account alli suspicious activity detect agide. Service block aguva munche identity confirm madi. https://service.example/check Ee confirmation recordsgagi save madi.,Konglish,Phishing
UPI refund release agilla. Payment details submit madi process complete madi. Please check the app for details.,Konglish,Phishing
SMS: Subscription payment fail agide. Cancellation avoid madoke card information verify madi.,Konglish,Phishing
Update: Mobile number KYC recheck beku. Service active irbekandre ivattu verify madi. Ee confirmation recordsgagi save madi.,Konglish,Phishing
Mobile number KYC recheck beku. Service active irbekandre ivattu verify madi.,Konglish,Phishing
"Nimma bank account ivattu suspend agabahudu, KYC pending ide. Please immediately verify madi. https://service.example/check",Konglish,Phishing
"Parcel address verify agilla, adakke delivery holdnalli ide. Address confirm madi. Thank you. Ee confirmation recordsgagi save madi.",Konglish,Phishing
Nimma UPI service holdnalli ide. Payment continue madoke verification complete madi. Same update nimma official accountnalli kooda ide.,Konglish,Phishing
Card payment verify agilla. Card active irbekandre account details re-enter madi. Service details are available in your account.,Konglish,Phishing
Interview slot confirm madoke munche job application final verification complete madi. Please use the official app.,Konglish,Phishing
Unknown device inda account recovery request bandide. Please identity confirm madi. | Service update,Konglish,Phishing
Bank profile security reviewnalli ide. Requested information confirm madi. | Account update https://service.example/check,Konglish,Phishing
"Parcel address verify agilla, adakke delivery holdnalli ide. Address confirm madi. https://service.example/check Ee confirmation recordsgagi save madi.",Konglish,Phishing
Update: Subscription payment fail agide. Cancellation avoid madoke card information verify madi. Please use the official app.,Konglish,Phishing
"Nimma bank account ivattu suspend agabahudu, KYC pending ide. Please immediately verify madi. Please check the app for details.",Konglish,Phishing
Reward ready ide. Cashback receive madoke verification complete madi. Ee confirmation recordsgagi save madi.,Konglish,Phishing
"Update: Electricity connection suspend agabahudu, latest bill verify agilla.",Konglish,Phishing
Bank profile security reviewnalli ide. Requested information confirm madi. Thank you.,Konglish,Phishing
Nimma KYC expire agide. Banking access block aguva munche details update madi. Please use the official app. Ee confirmation recordsgagi save madi.,Konglish,Phishing
Unknown device inda account recovery request bandide. Please identity confirm madi. https://service.example/check,Konglish,Phishing
Reward ready ide. Cashback receive madoke verification complete madi. | Today Please use the official app.,Konglish,Phishing
"Nimma bank account ivattu suspend agabahudu, KYC pending ide. Please immediately verify madi. Please check the app for details. Ee confirmation recordsgagi save madi.",Konglish,Phishing
Card payment verify agilla. Card active irbekandre account details re-enter madi. Thank you.,Konglish,Phishing
Unknown device inda account recovery request bandide — Please identity confirm madi.,Konglish,Phishing
Account alli suspicious activity detect agide. Service block aguva munche identity confirm madi. Please check the app for details.,Konglish,Phishing
Nimma UPI service holdnalli ide. Payment continue madoke verification complete madi. https://service.example/check,Konglish,Phishing
Update: Refund pending ide. Amount receive madoke requested account details share madi. Please use the official app.,Konglish,Phishing
Account alli suspicious activity detect agide — Service block aguva munche identity confirm madi.,Konglish,Phishing
Card payment verify agilla. Card active irbekandre account details re-enter madi. https://service.example/check Same update nimma official accountnalli kooda ide.,Konglish,Phishing
