Sample_ID,SMS_Text,Language,Script,Label,Scam_Category,URL,Sender_Type,Source_Type,Source,Notes
HIN-P-0001,सूचना: बैंक रिकॉर्ड में आपके ग्राहक विवरण की समीक्षा बाकी है। यह प्रक्रिया आज की समीक्षा विंडो बंद होने से पहले पूरी करनी होगी। मांगी गई राशि ₹499 है। https://account-review.example/confirm,Hindi,Devanagari,Phishing,Banking / KYC,https://account-review.example/confirm,Merchant-like sender ID,Synthetic,Generated for PhishDetect India research dataset,Strategy: refund; no real personal identifiers.
HIN-P-0002,आपकी बैंक प्रोफाइल में एक असंगति मिली है। विफल रहने पर अगली सेवा सुविधा रोकने की चेतावनी दी गई है। http://kyc-alert.example/update,Hindi,Devanagari,Phishing,Banking / KYC,http://kyc-alert.example/update,Generic numeric sender,Synthetic,Generated for PhishDetect India research dataset,Strategy: curiosity; no real personal identifiers.
HIN-P-0003,डिजिटल बैंकिंग खाते के लिए पहचान दोबारा जांचनी है। सुरक्षा टीम के नाम पर तुरंत प्रतिक्रिया देने का निर्देश दिया गया है। https://upi-support.example/resolve,Hindi,Devanagari,Phishing,Banking / KYC,https://upi-support.example/resolve,Short code,Synthetic,Generated for PhishDetect India research dataset,Strategy: authority impersonation; no real personal identifiers.
HIN-P-0004,आपके खाते का KYC चरण पूरा नहीं हुआ है। निर्देशित पेज पर जाकर अनुरोधित जानकारी दर्ज करने को कहा गया है। https://parcel-status.example/address,Hindi,Devanagari,Phishing,Banking / KYC,https://parcel-status.example/address,Unknown sender,Synthetic,Generated for PhishDetect India research dataset,Strategy: threat; no real personal identifiers.
HIN-P-0005,बैंकिंग सेवा की सुरक्षा जांच में आपका विवरण लंबित दिख रहा है। लिंक से स्थिति जांचने और प्रक्रिया जारी रखने को कहा गया है। मांगी गई राशि ₹499 है। http://reward-center.example/claim,Hindi,Devanagari + English code-switching,Phishing,Banking / KYC,http://reward-center.example/claim,Bank-like sender ID,Synthetic,Generated for PhishDetect India research dataset,Strategy: social engineering; no real personal identifiers.
HIN-P-0006,सूचना: आपकी ग्राहक जानकारी की समय-सीमा समाप्त होने वाली है। अनुरोध को खुला रखने के लिए अभी कार्रवाई करने को कहा गया है। https://job-selection.example/document,Hindi,Devanagari,Phishing,Banking / KYC,https://job-selection.example/document,Telecom-like sender ID,Synthetic,Generated for PhishDetect India research dataset,Strategy: job lure; no real personal identifiers.
HIN-P-0007,बैंक रिकॉर्ड में आपके ग्राहक विवरण की समीक्षा बाकी है। सेवा सीमित होने से पहले खाते की पुष्टि करें। https://card-security.example/review,Hindi,Devanagari,Phishing,Banking / KYC,https://card-security.example/review,Courier-like sender ID,Synthetic,Generated for PhishDetect India research dataset,Strategy: delivery lure; no real personal identifiers.
HIN-P-0008,"आपकी बैंक प्रोफाइल में एक असंगति मिली है। यदि आपने यह गतिविधि शुरू नहीं की है, तो पहचान जांच पूरी करें। संदर्भ: [REF_ID] http://utility-notice.example/pay",Hindi,Devanagari,Phishing,Banking / KYC,http://utility-notice.example/pay,Government-service-like sender ID,Synthetic,Generated for PhishDetect India research dataset,Strategy: urgency; no real personal identifiers.
HIN-P-0009,डिजिटल बैंकिंग खाते के लिए पहचान दोबारा जांचनी है। राशि/सेवा जारी करने के लिए खाते की जानकारी मांगी गई है। मांगी गई राशि ₹499 है। https://profile-access.example/recover,Hindi,Devanagari,Phishing,Banking / KYC,https://profile-access.example/recover,Merchant-like sender ID,Synthetic,Generated for PhishDetect India research dataset,Strategy: fear; no real personal identifiers.
HIN-P-0010,कृपया ध्यान दें — आपके खाते का KYC चरण पूरा नहीं हुआ है। अभी दिए गए verification चरण को पूरा करें। hxxp://secure-check.example/verify,Hindi,Devanagari + English code-switching,Phishing,Banking / KYC,hxxp://secure-check.example/verify,Generic numeric sender,Synthetic,Generated for PhishDetect India research dataset,Strategy: reward; no real personal identifiers.
HIN-P-0011,सूचना: बैंकिंग सेवा की सुरक्षा जांच में आपका विवरण लंबित दिख रहा है। यह प्रक्रिया आज की समीक्षा विंडो बंद होने से पहले पूरी करनी होगी।,Hindi,Devanagari,Phishing,Banking / KYC,,Short code,Synthetic,Generated for PhishDetect India research dataset,Strategy: refund; no real personal identifiers.
HIN-P-0012,आपकी ग्राहक जानकारी की समय-सीमा समाप्त होने वाली है। विफल रहने पर अगली सेवा सुविधा रोकने की चेतावनी दी गई है।,Hindi,Devanagari,Phishing,Banking / KYC,,Unknown sender,Synthetic,Generated for PhishDetect India research dataset,Strategy: curiosity; no real personal identifiers.
HIN-P-0013,बैंक रिकॉर्ड में आपके ग्राहक विवरण की समीक्षा बाकी है। सुरक्षा टीम के नाम पर तुरंत प्रतिक्रिया देने का निर्देश दिया गया है। मांगी गई राशि ₹499 है।,Hindi,Devanagari,Phishing,Banking / KYC,,Bank-like sender ID,Synthetic,Generated for PhishDetect India research dataset,Strategy: authority impersonation; no real personal identifiers.
HIN-P-0014,आपकी बैंक प्रोफाइल में एक असंगति मिली है। निर्देशित पेज पर जाकर अनुरोधित जानकारी दर्ज करने को कहा गया है।,Hindi,Devanagari,Phishing,Banking / KYC,,Telecom-like sender ID,Synthetic,Generated for PhishDetect India research dataset,Strategy: threat; no real personal identifiers.
HIN-P-0015,डिजिटल बैंकिंग खाते के लिए पहचान दोबारा जांचनी है। लिंक से स्थिति जांचने और प्रक्रिया जारी रखने को कहा गया है। संदर्भ: [APPLICATION_ID],Hindi,Devanagari + English code-switching,Phishing,Banking / KYC,,Courier-like sender ID,Synthetic,Generated for PhishDetect India research dataset,Strategy: social engineering; no real personal identifiers.
HIN-P-0016,सूचना: आपके खाते का KYC चरण पूरा नहीं हुआ है। अनुरोध को खुला रखने के लिए अभी कार्रवाई करने को कहा गया है।,Hindi,Devanagari,Phishing,Banking / KYC,,Government-service-like sender ID,Synthetic,Generated for PhishDetect India research dataset,Strategy: job lure; no real personal identifiers.
HIN-P-0017,बैंकिंग सेवा की सुरक्षा जांच में आपका विवरण लंबित दिख रहा है। सेवा सीमित होने से पहले खाते की पुष्टि करें। मांगी गई राशि ₹499 है।,Hindi,Romanized Hindi / Hinglish,Phishing,Banking / KYC,,Merchant-like sender ID,Synthetic,Generated for PhishDetect India research dataset,Strategy: delivery lure; no real personal identifiers.
HIN-P-0018,"आपकी ग्राहक जानकारी की समय-सीमा समाप्त होने वाली है। यदि आपने यह गतिविधि शुरू नहीं की है, तो पहचान जांच पूरी करें।",Hindi,Devanagari,Phishing,Banking / KYC,,Generic numeric sender,Synthetic,Generated for PhishDetect India research dataset,Strategy: urgency; no real personal identifiers.
HIN-P-0019,कृपया ध्यान दें — बैंक रिकॉर्ड में आपके ग्राहक विवरण की समीक्षा बाकी है। राशि/सेवा जारी करने के लिए खाते की जानकारी मांगी गई है।,Hindi,Devanagari,Phishing,Banking / KYC,,Short code,Synthetic,Generated for PhishDetect India research dataset,Strategy: fear; no real personal identifiers.
HIN-P-0020,आपकी बैंक प्रोफाइल में एक असंगति मिली है। अभी दिए गए verification चरण को पूरा करें। hxxp://secure-check.example/verify सेवा अनुरोध की स्थिति बाद में भी देखी जा सकती है।,Hindi,Devanagari + English code-switching,Phishing,Banking / KYC,hxxp://secure-check.example/verify,Unknown sender,Synthetic,Generated for PhishDetect India research dataset,Strategy: reward; no real personal identifiers.
HIN-P-0021,सूचना: डिजिटल बैंकिंग खाते के लिए पहचान दोबारा जांचनी है। यह प्रक्रिया आज की समीक्षा विंडो बंद होने से पहले पूरी करनी होगी। मांगी गई राशि ₹499 है। https://account-review.example/confirm,Hindi,Devanagari,Phishing,Banking / KYC,https://account-review.example/confirm,Bank-like sender ID,Synthetic,Generated for PhishDetect India research dataset,Strategy: refund; no real personal identifiers.
HIN-P-0022,आपके खाते का KYC चरण पूरा नहीं हुआ है। विफल रहने पर अगली सेवा सुविधा रोकने की चेतावनी दी गई है। संदर्भ: [CASE_ID] http://kyc-alert.example/update,Hindi,Devanagari,Phishing,Banking / KYC,http://kyc-alert.example/update,Telecom-like sender ID,Synthetic,Generated for PhishDetect India research dataset,Strategy: curiosity; no real personal identifiers.
HIN-P-0023,बैंकिंग सेवा की सुरक्षा जांच में आपका विवरण लंबित दिख रहा है। सुरक्षा टीम के नाम पर तुरंत प्रतिक्रिया देने का निर्देश दिया गया है। https://upi-support.example/resolve,Hindi,Devanagari,Phishing,Banking / KYC,https://upi-support.example/resolve,Courier-like sender ID,Synthetic,Generated for PhishDetect India research dataset,Strategy: authority impersonation; no real personal identifiers.
HIN-P-0024,आपकी ग्राहक जानकारी की समय-सीमा समाप्त होने वाली है। निर्देशित पेज पर जाकर अनुरोधित जानकारी दर्ज करने को कहा गया है। https://parcel-status.example/address,Hindi,Devanagari,Phishing,Banking / KYC,https://parcel-status.example/address,Government-service-like sender ID,Synthetic,Generated for PhishDetect India research dataset,Strategy: threat; no real personal identifiers.
HIN-P-0025,बैंक रिकॉर्ड में आपके ग्राहक विवरण की समीक्षा बाकी है। लिंक से स्थिति जांचने और प्रक्रिया जारी रखने को कहा गया है। मांगी गई राशि ₹499 है। http://reward-center.example/claim,Hindi,Devanagari + English code-switching,Phishing,Banking / KYC,http://reward-center.example/claim,Merchant-like sender ID,Synthetic,Generated for PhishDetect India research dataset,Strategy: social engineering; no real personal identifiers.
HIN-P-0026,सूचना: आपकी बैंक प्रोफाइल में एक असंगति मिली है। अनुरोध को खुला रखने के लिए अभी कार्रवाई करने को कहा गया है। https://job-selection.example/document,Hindi,Devanagari,Phishing,Banking / KYC,https://job-selection.example/document,Generic numeric sender,Synthetic,Generated for PhishDetect India research dataset,Strategy: job lure; no real personal identifiers.
HIN-P-0027,डिजिटल बैंकिंग खाते के लिए पहचान दोबारा जांचनी है। सेवा सीमित होने से पहले खाते की पुष्टि करें। https://card-security.example/review अधिक जानकारी के लिए आधिकारिक सेवा चैनल देखें।,Hindi,Devanagari,Phishing,Banking / KYC,https://card-security.example/review,Short code,Synthetic,Generated for PhishDetect India research dataset,Strategy: delivery lure; no real personal identifiers.
HIN-P-0028,"कृपया ध्यान दें — आपके खाते का KYC चरण पूरा नहीं हुआ है। यदि आपने यह गतिविधि शुरू नहीं की है, तो पहचान जांच पूरी करें। http://utility-notice.example/pay",Hindi,Devanagari,Phishing,Banking / KYC,http://utility-notice.example/pay,Unknown sender,Synthetic,Generated for PhishDetect India research dataset,Strategy: urgency; no real personal identifiers.
HIN-P-0029,बैंकिंग सेवा की सुरक्षा जांच में आपका विवरण लंबित दिख रहा है। राशि/सेवा जारी करने के लिए खाते की जानकारी मांगी गई है। संदर्भ: [ORDER_ID] मांगी गई राशि ₹499 है। https://profile-access.example/recover,Hindi,Devanagari,Phishing,Banking / KYC,https://profile-access.example/recover,Bank-like sender ID,Synthetic,Generated for PhishDetect India research dataset,Strategy: fear; no real personal identifiers.
HIN-P-0030,आपकी ग्राहक details की समय-सीमा समाप्त होने वाली है। अभी दिए गए verification चरण को पूरा करें। hxxp://secure-check.example/verify सेवा अनुरोध की स्थिति बाद में भी देखी जा सकती है।,Hindi,Devanagari + English code-switching,Phishing,Banking / KYC,hxxp://secure-check.example/verify,Telecom-like sender ID,Synthetic,Generated for PhishDetect India research dataset,Strategy: reward; no real personal identifiers.
HIN-P-0031,सूचना: बैंक रिकॉर्ड में आपके ग्राहक विवरण की समीक्षा बाकी है। यह प्रक्रिया आज की समीक्षा विंडो बंद होने से पहले पूरी करनी होगी।,Hindi,Devanagari,Phishing,Banking / KYC,,Courier-like sender ID,Synthetic,Generated for PhishDetect India research dataset,Strategy: refund; no real personal identifiers.
HIN-P-0032,आपकी बैंक प्रोफाइल में एक असंगति मिली है। विफल रहने पर अगली सेवा सुविधा रोकने की चेतावनी दी गई है।,Hindi,Devanagari,Phishing,Banking / KYC,,Government-service-like sender ID,Synthetic,Generated for PhishDetect India research dataset,Strategy: curiosity; no real personal identifiers.
HIN-P-0033,डिजिटल बैंकिंग खाते के लिए पहचान दोबारा जांचनी है। सुरक्षा टीम के नाम पर तुरंत प्रतिक्रिया देने का निर्देश दिया गया है। मांगी गई राशि ₹499 है।,Hindi,Devanagari,Phishing,Banking / KYC,,Merchant-like sender ID,Synthetic,Generated for PhishDetect India research dataset,Strategy: authority impersonation; no real personal identifiers.
HIN-P-0034,आपके खाते का KYC चरण पूरा नहीं हुआ है। निर्देशित पेज पर जाकर अनुरोधित जानकारी दर्ज करने को कहा गया है।,Hindi,Romanized Hindi / Hinglish,Phishing,Banking / KYC,,Generic numeric sender,Synthetic,Generated for PhishDetect India research dataset,Strategy: threat; no real personal identifiers.
HIN-P-0035,बैंकिंग सेवा की सुरक्षा जांच में आपका विवरण लंबित दिख रहा है। लिंक से स्थिति जांचने और प्रक्रिया जारी रखने को कहा गया है।,Hindi,Devanagari + English code-switching,Phishing,Banking / KYC,,Short code,Synthetic,Generated for PhishDetect India research dataset,Strategy: social engineering; no real personal identifiers.
HIN-P-0036,सूचना: आपकी ग्राहक जानकारी की समय-सीमा समाप्त होने वाली है। अनुरोध को खुला रखने के लिए अभी कार्रवाई करने को कहा गया है।,Hindi,Devanagari,Phishing,Banking / KYC,,Unknown sender,Synthetic,Generated for PhishDetect India research dataset,Strategy: job lure; no real personal identifiers.
HIN-P-0037,"सूचना: आपके UPI प्रोफाइल पर एक सुरक्षा जांच शुरू हुई है। निर्देशित पेज पर जाकर अनुरोधित जानकारी दर्ज करने को कहा गया है। मांगी गई राशि ₹3,499 है।",Hindi,Devanagari,Phishing,UPI / Digital Payments,,Bank-like sender ID,Synthetic,Generated for PhishDetect India research dataset,Strategy: reward; no real personal identifiers.
HIN-P-0038,एक UPI लेनदेन को अतिरिक्त पुष्टि की जरूरत बताई गई है। लिंक से स्थिति जांचने और प्रक्रिया जारी रखने को कहा गया है।,Hindi,Devanagari,Phishing,UPI / Digital Payments,,Telecom-like sender ID,Synthetic,Generated for PhishDetect India research dataset,Strategy: refund; no real personal identifiers.
HIN-P-0039,आपकी UPI सुविधा में असामान्य गतिविधि दर्ज हुई है। अनुरोध को खुला रखने के लिए अभी कार्रवाई करने को कहा गया है।,Hindi,Devanagari,Phishing,UPI / Digital Payments,,Courier-like sender ID,Synthetic,Generated for PhishDetect India research dataset,Strategy: curiosity; no real personal identifiers.
HIN-P-0040,एक डिजिटल भुगतान अनुरोध आपके नाम से लंबित दिख रहा है। सेवा सीमित होने से पहले खाते की पुष्टि करें। hxxp://secure-check.example/verify,Hindi,Devanagari + English code-switching,Phishing,UPI / Digital Payments,hxxp://secure-check.example/verify,Government-service-like sender ID,Synthetic,Generated for PhishDetect India research dataset,Strategy: authority impersonation; no real personal identifiers.
HIN-P-0041,"आपका UPI रिफंड प्रोसेस होने से पहले पुष्टि मांग रहा है। यदि आपने यह गतिविधि शुरू नहीं की है, तो पहचान जांच पूरी करें। मांगी गई राशि ₹3,499 है। https://account-review.example/confirm",Hindi,Devanagari,Phishing,UPI / Digital Payments,https://account-review.example/confirm,Merchant-like sender ID,Synthetic,Generated for PhishDetect India research dataset,Strategy: threat; no real personal identifiers.
HIN-P-0042,सूचना: भुगतान सेवा ने आपके UPI खाते की समीक्षा चिन्हित की है। राशि/सेवा जारी करने के लिए खाते की जानकारी मांगी गई है। http://kyc-alert.example/update,Hindi,Devanagari,Phishing,UPI / Digital Payments,http://kyc-alert.example/update,Generic numeric sender,Synthetic,Generated for PhishDetect India research dataset,Strategy: social engineering; no real personal identifiers.
HIN-P-0043,आपके UPI प्रोफाइल पर एक सुरक्षा जांच शुरू हुई है। अभी दिए गए सत्यापन चरण को पूरा करें। https://upi-support.example/resolve किसी अनजान नंबर पर प्रतिक्रिया न दें।,Hindi,Devanagari,Phishing,UPI / Digital Payments,https://upi-support.example/resolve,Short code,Synthetic,Generated for PhishDetect India research dataset,Strategy: job lure; no real personal identifiers.
HIN-P-0044,एक UPI लेनदेन को अतिरिक्त पुष्टि की जरूरत बताई गई है। यह प्रक्रिया आज की समीक्षा विंडो बंद होने से पहले पूरी करनी होगी। संदर्भ: [TXN_ID] https://parcel-status.example/address,Hindi,Devanagari,Phishing,UPI / Digital Payments,https://parcel-status.example/address,Unknown sender,Synthetic,Generated for PhishDetect India research dataset,Strategy: delivery lure; no real personal identifiers.
HIN-P-0045,"आपकी UPI सुविधा में असामान्य गतिविधि दर्ज हुई है। विफल रहने पर अगली सेवा सुविधा रोकने की चेतावनी दी गई है। मांगी गई राशि ₹3,499 है। http://reward-center.example/claim",Hindi,Devanagari + English code-switching,Phishing,UPI / Digital Payments,http://reward-center.example/claim,Bank-like sender ID,Synthetic,Generated for PhishDetect India research dataset,Strategy: urgency; no real personal identifiers.
HIN-P-0046,कृपया ध्यान दें — एक डिजिटल भुगतान अनुरोध आपके नाम से लंबित दिख रहा है। सुरक्षा टीम के नाम पर तुरंत प्रतिक्रिया देने का निर्देश दिया गया है। https://job-selection.example/document,Hindi,Devanagari,Phishing,UPI / Digital Payments,https://job-selection.example/document,Telecom-like sender ID,Synthetic,Generated for PhishDetect India research dataset,Strategy: fear; no real personal identifiers.
HIN-P-0047,सूचना: आपका UPI रिफंड प्रोसेस होने से पहले पुष्टि मांग रहा है। निर्देशित पेज पर जाकर अनुरोधित जानकारी दर्ज करने को कहा गया है। https://card-security.example/review,Hindi,Devanagari,Phishing,UPI / Digital Payments,https://card-security.example/review,Courier-like sender ID,Synthetic,Generated for PhishDetect India research dataset,Strategy: reward; no real personal identifiers.
HIN-P-0048,भुगतान सेवा ने आपके UPI खाते की समीक्षा चिन्हित की है। लिंक से स्थिति जांचने और प्रक्रिया जारी रखने को कहा गया है। http://utility-notice.example/pay,Hindi,Devanagari,Phishing,UPI / Digital Payments,http://utility-notice.example/pay,Government-service-like sender ID,Synthetic,Generated for PhishDetect India research dataset,Strategy: refund; no real personal identifiers.
HIN-P-0049,"आपके UPI प्रोफाइल पर एक सुरक्षा जांच शुरू हुई है। अनुरोध को खुला रखने के लिए अभी कार्रवाई करने को कहा गया है। मांगी गई राशि ₹3,499 है। https://profile-access.example/recover",Hindi,Devanagari,Phishing,UPI / Digital Payments,https://profile-access.example/recover,Merchant-like sender ID,Synthetic,Generated for PhishDetect India research dataset,Strategy: curiosity; no real personal identifiers.
HIN-P-0050,एक UPI लेनदेन को अतिरिक्त पुष्टि की जरूरत बताई गई है। सेवा सीमित होने से पहले खाते की पुष्टि करें। hxxp://secure-check.example/verify,Hindi,Devanagari + English code-switching,Phishing,UPI / Digital Payments,hxxp://secure-check.example/verify,Generic numeric sender,Synthetic,Generated for PhishDetect India research dataset,Strategy: authority impersonation; no real personal identifiers.
HIN-P-0051,"आपकी UPI सुविधा में असामान्य गतिविधि दर्ज हुई है। यदि आपने यह गतिविधि शुरू नहीं की है, तो पहचान जांच पूरी करें। संदर्भ: [REF_ID]",Hindi,Romanized Hindi / Hinglish,Phishing,UPI / Digital Payments,,Short code,Synthetic,Generated for PhishDetect India research dataset,Strategy: threat; no real personal identifiers.
HIN-P-0052,सूचना: एक डिजिटल भुगतान अनुरोध आपके नाम से लंबित दिख रहा है। राशि/सेवा जारी करने के लिए खाते की जानकारी मांगी गई है।,Hindi,Devanagari,Phishing,UPI / Digital Payments,,Unknown sender,Synthetic,Generated for PhishDetect India research dataset,Strategy: social engineering; no real personal identifiers.
HIN-P-0053,"आपका UPI रिफंड प्रोसेस होने से पहले पुष्टि मांग रहा है। अभी दिए गए सत्यापन चरण को पूरा करें। मांगी गई राशि ₹3,499 है।",Hindi,Devanagari,Phishing,UPI / Digital Payments,,Bank-like sender ID,Synthetic,Generated for PhishDetect India research dataset,Strategy: job lure; no real personal identifiers.
HIN-P-0054,भुगतान सेवा ने आपके UPI खाते की समीक्षा चिन्हित की है। यह प्रक्रिया आज की समीक्षा विंडो बंद होने से पहले पूरी करनी होगी।,Hindi,Devanagari,Phishing,UPI / Digital Payments,,Telecom-like sender ID,Synthetic,Generated for PhishDetect India research dataset,Strategy: delivery lure; no real personal identifiers.
HIN-P-0055,कृपया ध्यान दें — आपके UPI प्रोफाइल पर एक सुरक्षा जांच शुरू हुई है। विफल रहने पर अगली सेवा सुविधा रोकने की चेतावनी दी गई है।,Hindi,Devanagari + English code-switching,Phishing,UPI / Digital Payments,,Courier-like sender ID,Synthetic,Generated for PhishDetect India research dataset,Strategy: urgency; no real personal identifiers.
HIN-P-0056,एक UPI लेनदेन को अतिरिक्त पुष्टि की जरूरत बताई गई है। सुरक्षा टीम के नाम पर तुरंत प्रतिक्रिया देने का निर्देश दिया गया है।,Hindi,Devanagari,Phishing,UPI / Digital Payments,,Government-service-like sender ID,Synthetic,Generated for PhishDetect India research dataset,Strategy: fear; no real personal identifiers.
HIN-P-0057,"सूचना: आपकी UPI सुविधा में असामान्य गतिविधि दर्ज हुई है। निर्देशित पेज पर जाकर अनुरोधित जानकारी दर्ज करने को कहा गया है। मांगी गई राशि ₹3,499 है।",Hindi,Devanagari,Phishing,UPI / Digital Payments,,Merchant-like sender ID,Synthetic,Generated for PhishDetect India research dataset,Strategy: reward; no real personal identifiers.
HIN-P-0058,एक डिजिटल भुगतान अनुरोध आपके नाम से लंबित दिख रहा है। लिंक से स्थिति जांचने और प्रक्रिया जारी रखने को कहा गया है। संदर्भ: [APPLICATION_ID],Hindi,Devanagari,Phishing,UPI / Digital Payments,,Generic numeric sender,Synthetic,Generated for PhishDetect India research dataset,Strategy: refund; no real personal identifiers.
HIN-P-0059,आपका UPI रिफंड प्रोसेस होने से पहले पुष्टि मांग रहा है। अनुरोध को खुला रखने के लिए अभी कार्रवाई करने को कहा गया है।,Hindi,Devanagari,Phishing,UPI / Digital Payments,,Short code,Synthetic,Generated for PhishDetect India research dataset,Strategy: curiosity; no real personal identifiers.
HIN-P-0060,भुगतान सेवा ने आपके UPI खाते की समीक्षा चिन्हित की है। सेवा सीमित होने से पहले खाते की पुष्टि करें। hxxp://secure-check.example/verify,Hindi,Devanagari + English code-switching,Phishing,UPI / Digital Payments,hxxp://secure-check.example/verify,Unknown sender,Synthetic,Generated for PhishDetect India research dataset,Strategy: authority impersonation; no real personal identifiers.
HIN-P-0061,"आपके UPI प्रोफाइल पर एक सुरक्षा जांच शुरू हुई है। यदि आपने यह गतिविधि शुरू नहीं की है, तो पहचान जांच पूरी करें। मांगी गई राशि ₹3,499 है। https://account-review.example/confirm",Hindi,Devanagari,Phishing,UPI / Digital Payments,https://account-review.example/confirm,Bank-like sender ID,Synthetic,Generated for PhishDetect India research dataset,Strategy: threat; no real personal identifiers.
HIN-P-0062,सूचना: एक UPI लेनदेन को अतिरिक्त पुष्टि की जरूरत बताई गई है। राशि/सेवा जारी करने के लिए खाते की जानकारी मांगी गई है। http://kyc-alert.example/update,Hindi,Devanagari,Phishing,UPI / Digital Payments,http://kyc-alert.example/update,Telecom-like sender ID,Synthetic,Generated for PhishDetect India research dataset,Strategy: social engineering; no real personal identifiers.
HIN-P-0063,आपकी UPI सुविधा में असामान्य गतिविधि दर्ज हुई है। अभी दिए गए सत्यापन चरण को पूरा करें। https://upi-support.example/resolve किसी अनजान नंबर पर प्रतिक्रिया न दें।,Hindi,Devanagari,Phishing,UPI / Digital Payments,https://upi-support.example/resolve,Courier-like sender ID,Synthetic,Generated for PhishDetect India research dataset,Strategy: job lure; no real personal identifiers.
HIN-P-0064,कृपया ध्यान दें — एक डिजिटल भुगतान अनुरोध आपके नाम से लंबित दिख रहा है। यह प्रक्रिया आज की समीक्षा विंडो बंद होने से पहले पूरी करनी होगी। https://parcel-status.example/address,Hindi,Devanagari,Phishing,UPI / Digital Payments,https://parcel-status.example/address,Government-service-like sender ID,Synthetic,Generated for PhishDetect India research dataset,Strategy: delivery lure; no real personal identifiers.
HIN-P-0065,"आपका UPI रिफंड प्रोसेस होने से पहले पुष्टि मांग रहा है। विफल रहने पर अगली सेवा सुविधा रोकने की चेतावनी दी गई है। संदर्भ: [CASE_ID] मांगी गई राशि ₹3,499 है। http://reward-center.example/claim",Hindi,Devanagari + English code-switching,Phishing,UPI / Digital Payments,http://reward-center.example/claim,Merchant-like sender ID,Synthetic,Generated for PhishDetect India research dataset,Strategy: urgency; no real personal identifiers.
HIN-P-0066,भुगतान सेवा ने आपके UPI खाते की समीक्षा चिन्हित की है। सुरक्षा टीम के नाम पर तुरंत प्रतिक्रिया देने का निर्देश दिया गया है। https://job-selection.example/document,Hindi,Devanagari,Phishing,UPI / Digital Payments,https://job-selection.example/document,Generic numeric sender,Synthetic,Generated for PhishDetect India research dataset,Strategy: fear; no real personal identifiers.
HIN-P-0067,सूचना: आपके UPI प्रोफाइल पर एक सुरक्षा जांच शुरू हुई है। निर्देशित पेज पर जाकर अनुरोधित जानकारी दर्ज करने को कहा गया है। https://card-security.example/review,Hindi,Devanagari,Phishing,UPI / Digital Payments,https://card-security.example/review,Short code,Synthetic,Generated for PhishDetect India research dataset,Strategy: reward; no real personal identifiers.
HIN-P-0068,एक UPI लेनदेन को अतिरिक्त पुष्टि की जरूरत बताई गई है। लिंक से स्थिति जांचने और प्रक्रिया जारी रखने को कहा गया है। http://utility-notice.example/pay,Hindi,Romanized Hindi / Hinglish,Phishing,UPI / Digital Payments,http://utility-notice.example/pay,Unknown sender,Synthetic,Generated for PhishDetect India research dataset,Strategy: refund; no real personal identifiers.
HIN-P-0069,"आपकी UPI सुविधा में असामान्य गतिविधि दर्ज हुई है। अनुरोध को खुला रखने के लिए अभी कार्रवाई करने को कहा गया है। मांगी गई राशि ₹3,499 है। https://profile-access.example/recover",Hindi,Devanagari,Phishing,UPI / Digital Payments,https://profile-access.example/recover,Bank-like sender ID,Synthetic,Generated for PhishDetect India research dataset,Strategy: curiosity; no real personal identifiers.
HIN-P-0070,एक डिजिटल भुगतान अनुरोध आपके नाम से लंबित दिख रहा है। सेवा सीमित होने से पहले खाते की पुष्टि करें। hxxp://secure-check.example/verify अनुरोध की स्थिति जांचने के लिए आधिकारिक चैनल का उपयोग करें.,Hindi,Devanagari + English code-switching,Phishing,UPI / Digital Payments,hxxp://secure-check.example/verify,Telecom-like sender ID,Synthetic,Generated for PhishDetect India research dataset,Strategy: authority impersonation; no real personal identifiers.
HIN-P-0071,"आपका UPI रिफंड प्रोसेस होने से पहले पुष्टि मांग रहा है। यदि आपने यह गतिविधि शुरू नहीं की है, तो पहचान जांच पूरी करें।",Hindi,Devanagari,Phishing,UPI / Digital Payments,,Courier-like sender ID,Synthetic,Generated for PhishDetect India research dataset,Strategy: threat; no real personal identifiers.
HIN-P-0072,सूचना: भुगतान सेवा ने आपके UPI खाते की समीक्षा चिन्हित की है। राशि/सेवा जारी करने के लिए खाते की जानकारी मांगी गई है।,Hindi,Devanagari,Phishing,UPI / Digital Payments,,Government-service-like sender ID,Synthetic,Generated for PhishDetect India research dataset,Strategy: social engineering; no real personal identifiers.
HIN-P-0073,सूचना: आपके खाते में एक नया साइन-इन प्रयास दर्ज हुआ है। निर्देशित पेज पर जाकर अनुरोधित जानकारी दर्ज करने को कहा गया है। मांगी गई राशि ₹499 है।,Hindi,Devanagari,Phishing,OTP / Account Takeover,,Merchant-like sender ID,Synthetic,Generated for PhishDetect India research dataset,Strategy: reward; no real personal identifiers.
HIN-P-0074,मोबाइल सत्यापन अनुरोध अभी पूरा नहीं हुआ है। लिंक से स्थिति जांचने और प्रक्रिया जारी रखने को कहा गया है।,Hindi,Devanagari,Phishing,OTP / Account Takeover,,Generic numeric sender,Synthetic,Generated for PhishDetect India research dataset,Strategy: refund; no real personal identifiers.
HIN-P-0075,आपके प्रोफाइल पर सुरक्षा पुष्टि की समय-सीमा नजदीक है। अनुरोध को खुला रखने के लिए अभी कार्रवाई करने को कहा गया है।,Hindi,Devanagari + English code-switching,Phishing,OTP / Account Takeover,,Short code,Synthetic,Generated for PhishDetect India research dataset,Strategy: curiosity; no real personal identifiers.
HIN-P-0076,एक नए डिवाइस से खाते तक पहुंच का प्रयास मिला है। सेवा सीमित होने से पहले खाते की पुष्टि करें।,Hindi,Devanagari,Phishing,OTP / Account Takeover,,Unknown sender,Synthetic,Generated for PhishDetect India research dataset,Strategy: authority impersonation; no real personal identifiers.
HIN-P-0077,"आपके लॉगिन सत्र के लिए अतिरिक्त पुष्टि मांगी गई है। यदि आपने यह गतिविधि शुरू नहीं की है, तो पहचान जांच पूरी करें। मांगी गई राशि ₹499 है।",Hindi,Devanagari,Phishing,OTP / Account Takeover,,Bank-like sender ID,Synthetic,Generated for PhishDetect India research dataset,Strategy: threat; no real personal identifiers.
HIN-P-0078,सूचना: खाता पुनर्प्राप्ति अनुरोध आपकी जानकारी से जोड़ा गया है। राशि/सेवा जारी करने के लिए खाते की जानकारी मांगी गई है।,Hindi,Devanagari,Phishing,OTP / Account Takeover,,Telecom-like sender ID,Synthetic,Generated for PhishDetect India research dataset,Strategy: social engineering; no real personal identifiers.
HIN-P-0079,आपके खाते में एक नया साइन-इन प्रयास दर्ज हुआ है। अभी दिए गए सत्यापन चरण को पूरा करें। आपके रिकॉर्ड में यह सूचना सुरक्षित रहेगी।,Hindi,Devanagari,Phishing,OTP / Account Takeover,,Courier-like sender ID,Synthetic,Generated for PhishDetect India research dataset,Strategy: job lure; no real personal identifiers.
HIN-P-0080,मोबाइल verification अनुरोध अभी पूरा नहीं हुआ है। यह प्रक्रिया आज की समीक्षा विंडो बंद होने से पहले पूरी करनी होगी। संदर्भ: [ORDER_ID] hxxp://secure-check.example/verify,Hindi,Devanagari + English code-switching,Phishing,OTP / Account Takeover,hxxp://secure-check.example/verify,Government-service-like sender ID,Synthetic,Generated for PhishDetect India research dataset,Strategy: delivery lure; no real personal identifiers.
HIN-P-0081,आपके प्रोफाइल पर सुरक्षा पुष्टि की समय-सीमा नजदीक है। विफल रहने पर अगली सेवा सुविधा रोकने की चेतावनी दी गई है। मांगी गई राशि ₹499 है। https://account-review.example/confirm,Hindi,Devanagari,Phishing,OTP / Account Takeover,https://account-review.example/confirm,Merchant-like sender ID,Synthetic,Generated for PhishDetect India research dataset,Strategy: urgency; no real personal identifiers.
HIN-P-0082,कृपया ध्यान दें — एक नए डिवाइस से खाते तक पहुंच का प्रयास मिला है। सुरक्षा टीम के नाम पर तुरंत प्रतिक्रिया देने का निर्देश दिया गया है। http://kyc-alert.example/update,Hindi,Devanagari,Phishing,OTP / Account Takeover,http://kyc-alert.example/update,Generic numeric sender,Synthetic,Generated for PhishDetect India research dataset,Strategy: fear; no real personal identifiers.
HIN-P-0083,सूचना: आपके लॉगिन सत्र के लिए अतिरिक्त पुष्टि मांगी गई है। निर्देशित पेज पर जाकर अनुरोधित जानकारी दर्ज करने को कहा गया है। https://upi-support.example/resolve,Hindi,Devanagari,Phishing,OTP / Account Takeover,https://upi-support.example/resolve,Short code,Synthetic,Generated for PhishDetect India research dataset,Strategy: reward; no real personal identifiers.
HIN-P-0084,खाता पुनर्प्राप्ति अनुरोध आपकी जानकारी से जोड़ा गया है। लिंक से स्थिति जांचने और प्रक्रिया जारी रखने को कहा गया है। https://parcel-status.example/address,Hindi,Devanagari,Phishing,OTP / Account Takeover,https://parcel-status.example/address,Unknown sender,Synthetic,Generated for PhishDetect India research dataset,Strategy: refund; no real personal identifiers.
HIN-P-0085,आपके खाते में एक नया साइन-इन प्रयास दर्ज हुआ है। अनुरोध को खुला रखने के लिए अभी कार्रवाई करने को कहा गया है। मांगी गई राशि ₹499 है। http://reward-center.example/claim,Hindi,Romanized Hindi / Hinglish,Phishing,OTP / Account Takeover,http://reward-center.example/claim,Bank-like sender ID,Synthetic,Generated for PhishDetect India research dataset,Strategy: curiosity; no real personal identifiers.
HIN-P-0086,मोबाइल सत्यापन अनुरोध अभी पूरा नहीं हुआ है। सेवा सीमित होने से पहले खाते की पुष्टि करें। https://job-selection.example/document संदर्भ उपलब्ध होने पर उसे सुरक्षित रखें।,Hindi,Devanagari,Phishing,OTP / Account Takeover,https://job-selection.example/document,Telecom-like sender ID,Synthetic,Generated for PhishDetect India research dataset,Strategy: authority impersonation; no real personal identifiers.
HIN-P-0087,"आपके प्रोफाइल पर सुरक्षा पुष्टि की समय-सीमा नजदीक है। यदि आपने यह गतिविधि शुरू नहीं की है, तो पहचान जांच पूरी करें। संदर्भ: [TXN_ID] https://card-security.example/review",Hindi,Devanagari,Phishing,OTP / Account Takeover,https://card-security.example/review,Courier-like sender ID,Synthetic,Generated for PhishDetect India research dataset,Strategy: threat; no real personal identifiers.
HIN-P-0088,सूचना: एक नए डिवाइस से खाते तक पहुंच का प्रयास मिला है। राशि/सेवा जारी करने के लिए खाते की जानकारी मांगी गई है। http://utility-notice.example/pay,Hindi,Devanagari,Phishing,OTP / Account Takeover,http://utility-notice.example/pay,Government-service-like sender ID,Synthetic,Generated for PhishDetect India research dataset,Strategy: social engineering; no real personal identifiers.
HIN-P-0089,आपके लॉगिन सत्र के लिए अतिरिक्त पुष्टि मांगी गई है। अभी दिए गए सत्यापन चरण को पूरा करें। मांगी गई राशि ₹499 है। https://profile-access.example/recover,Hindi,Devanagari,Phishing,OTP / Account Takeover,https://profile-access.example/recover,Merchant-like sender ID,Synthetic,Generated for PhishDetect India research dataset,Strategy: job lure; no real personal identifiers.
HIN-P-0090,account पुनर्प्राप्ति अनुरोध आपकी details से जोड़ा गया है। यह प्रक्रिया आज की समीक्षा विंडो बंद होने से पहले पूरी करनी होगी। hxxp://secure-check.example/verify,Hindi,Devanagari + English code-switching,Phishing,OTP / Account Takeover,hxxp://secure-check.example/verify,Generic numeric sender,Synthetic,Generated for PhishDetect India research dataset,Strategy: delivery lure; no real personal identifiers.
HIN-P-0091,कृपया ध्यान दें — आपके खाते में एक नया साइन-इन प्रयास दर्ज हुआ है। विफल रहने पर अगली सेवा सुविधा रोकने की चेतावनी दी गई है।,Hindi,Devanagari,Phishing,OTP / Account Takeover,,Short code,Synthetic,Generated for PhishDetect India research dataset,Strategy: urgency; no real personal identifiers.
HIN-P-0092,मोबाइल सत्यापन अनुरोध अभी पूरा नहीं हुआ है। सुरक्षा टीम के नाम पर तुरंत प्रतिक्रिया देने का निर्देश दिया गया है।,Hindi,Devanagari,Phishing,OTP / Account Takeover,,Unknown sender,Synthetic,Generated for PhishDetect India research dataset,Strategy: fear; no real personal identifiers.
HIN-P-0093,सूचना: आपके प्रोफाइल पर सुरक्षा पुष्टि की समय-सीमा नजदीक है। निर्देशित पेज पर जाकर अनुरोधित जानकारी दर्ज करने को कहा गया है। मांगी गई राशि ₹499 है।,Hindi,Devanagari,Phishing,OTP / Account Takeover,,Bank-like sender ID,Synthetic,Generated for PhishDetect India research dataset,Strategy: reward; no real personal identifiers.
HIN-P-0094,एक नए डिवाइस से खाते तक पहुंच का प्रयास मिला है। लिंक से स्थिति जांचने और प्रक्रिया जारी रखने को कहा गया है। संदर्भ: [REF_ID],Hindi,Devanagari,Phishing,OTP / Account Takeover,,Telecom-like sender ID,Synthetic,Generated for PhishDetect India research dataset,Strategy: refund; no real personal identifiers.
HIN-P-0095,आपके लॉगिन सत्र के लिए अतिरिक्त पुष्टि मांगी गई है। अनुरोध को खुला रखने के लिए अभी कार्रवाई करने को कहा गया है।,Hindi,Devanagari + English code-switching,Phishing,OTP / Account Takeover,,Courier-like sender ID,Synthetic,Generated for PhishDetect India research dataset,Strategy: curiosity; no real personal identifiers.
HIN-P-0096,खाता पुनर्प्राप्ति अनुरोध आपकी जानकारी से जोड़ा गया है। सेवा सीमित होने से पहले खाते की पुष्टि करें। संदर्भ उपलब्ध होने पर उसे सुरक्षित रखें।,Hindi,Devanagari,Phishing,OTP / Account Takeover,,Government-service-like sender ID,Synthetic,Generated for PhishDetect India research dataset,Strategy: authority impersonation; no real personal identifiers.
HIN-P-0097,"आपके खाते में एक नया साइन-इन प्रयास दर्ज हुआ है। यदि आपने यह गतिविधि शुरू नहीं की है, तो पहचान जांच पूरी करें। मांगी गई राशि ₹499 है।",Hindi,Devanagari,Phishing,OTP / Account Takeover,,Merchant-like sender ID,Synthetic,Generated for PhishDetect India research dataset,Strategy: threat; no real personal identifiers.
HIN-P-0098,सूचना: मोबाइल सत्यापन अनुरोध अभी पूरा नहीं हुआ है। राशि/सेवा जारी करने के लिए खाते की जानकारी मांगी गई है।,Hindi,Devanagari,Phishing,OTP / Account Takeover,,Generic numeric sender,Synthetic,Generated for PhishDetect India research dataset,Strategy: social engineering; no real personal identifiers.
HIN-P-0099,आपके प्रोफाइल पर सुरक्षा पुष्टि की समय-सीमा नजदीक है। अभी दिए गए सत्यापन चरण को पूरा करें। आपके रिकॉर्ड में यह सूचना सुरक्षित रहेगी।,Hindi,Devanagari,Phishing,OTP / Account Takeover,,Short code,Synthetic,Generated for PhishDetect India research dataset,Strategy: job lure; no real personal identifiers.
HIN-P-0100,"सूचना: आपके कार्ड रिकॉर्ड में सुरक्षा समीक्षा लंबित है। सुरक्षा टीम के नाम पर तुरंत प्रतिक्रिया देने का निर्देश दिया गया है। मांगी गई राशि ₹1,999 है। hxxp://secure-check.example/verify",Hindi,Devanagari + English code-switching,Phishing,Credit / Debit Card,hxxp://secure-check.example/verify,Unknown sender,Synthetic,Generated for PhishDetect India research dataset,Strategy: delivery lure; no real personal identifiers.
HIN-P-0101,कार्ड सेवा ने आपके प्रोफाइल में एक असामान्य बदलाव चिन्हित किया है। निर्देशित पेज पर जाकर अनुरोधित जानकारी दर्ज करने को कहा गया है। https://account-review.example/confirm,Hindi,Devanagari,Phishing,Credit / Debit Card,https://account-review.example/confirm,Bank-like sender ID,Synthetic,Generated for PhishDetect India research dataset,Strategy: urgency; no real personal identifiers.
HIN-P-0102,आपके डेबिट कार्ड की ऑनलाइन सुविधा के लिए पुनः पुष्टि मांगी गई है। लिंक से स्थिति जांचने और प्रक्रिया जारी रखने को कहा गया है। http://kyc-alert.example/update,Hindi,Romanized Hindi / Hinglish,Phishing,Credit / Debit Card,http://kyc-alert.example/update,Telecom-like sender ID,Synthetic,Generated for PhishDetect India research dataset,Strategy: fear; no real personal identifiers.
HIN-P-0103,कार्ड सत्यापन प्रक्रिया पूरी नहीं हुई है। अनुरोध को खुला रखने के लिए अभी कार्रवाई करने को कहा गया है। https://upi-support.example/resolve,Hindi,Devanagari,Phishing,Credit / Debit Card,https://upi-support.example/resolve,Courier-like sender ID,Synthetic,Generated for PhishDetect India research dataset,Strategy: reward; no real personal identifiers.
HIN-P-0104,"आपके कार्ड पर एक संदिग्ध भुगतान प्रयास दर्ज हुआ है। सेवा सीमित होने से पहले खाते की पुष्टि करें। मांगी गई राशि ₹1,999 है। https://parcel-status.example/address",Hindi,Devanagari,Phishing,Credit / Debit Card,https://parcel-status.example/address,Government-service-like sender ID,Synthetic,Generated for PhishDetect India research dataset,Strategy: refund; no real personal identifiers.
HIN-P-0105,"सूचना: आपकी कार्ड प्रोफाइल की सुरक्षा जांच बाकी है। यदि आपने यह गतिविधि शुरू नहीं की है, तो पहचान जांच पूरी करें। http://reward-center.example/claim",Hindi,Devanagari + English code-switching,Phishing,Credit / Debit Card,http://reward-center.example/claim,Merchant-like sender ID,Synthetic,Generated for PhishDetect India research dataset,Strategy: curiosity; no real personal identifiers.
HIN-P-0106,आपके कार्ड रिकॉर्ड में सुरक्षा समीक्षा लंबित है। राशि/सेवा जारी करने के लिए खाते की जानकारी मांगी गई है। https://job-selection.example/document,Hindi,Devanagari,Phishing,Credit / Debit Card,https://job-selection.example/document,Generic numeric sender,Synthetic,Generated for PhishDetect India research dataset,Strategy: authority impersonation; no real personal identifiers.
HIN-P-0107,कार्ड सेवा ने आपके प्रोफाइल में एक असामान्य बदलाव चिन्हित किया है। अभी दिए गए सत्यापन चरण को पूरा करें। संदर्भ: [APPLICATION_ID] https://card-security.example/review,Hindi,Devanagari,Phishing,Credit / Debit Card,https://card-security.example/review,Short code,Synthetic,Generated for PhishDetect India research dataset,Strategy: threat; no real personal identifiers.
HIN-P-0108,"आपके डेबिट कार्ड की ऑनलाइन सुविधा के लिए पुनः पुष्टि मांगी गई है। यह प्रक्रिया आज की समीक्षा विंडो बंद होने से पहले पूरी करनी होगी। मांगी गई राशि ₹1,999 है। http://utility-notice.example/pay",Hindi,Devanagari,Phishing,Credit / Debit Card,http://utility-notice.example/pay,Unknown sender,Synthetic,Generated for PhishDetect India research dataset,Strategy: social engineering; no real personal identifiers.
HIN-P-0109,कृपया ध्यान दें — कार्ड सत्यापन प्रक्रिया पूरी नहीं हुई है। विफल रहने पर अगली सेवा सुविधा रोकने की चेतावनी दी गई है। https://profile-access.example/recover,Hindi,Devanagari,Phishing,Credit / Debit Card,https://profile-access.example/recover,Bank-like sender ID,Synthetic,Generated for PhishDetect India research dataset,Strategy: job lure; no real personal identifiers.
HIN-P-0110,सूचना: आपके कार्ड पर एक संदिग्ध भुगतान प्रयास दर्ज हुआ है। सुरक्षा टीम के नाम पर तुरंत प्रतिक्रिया देने का निर्देश दिया गया है। hxxp://secure-check.example/verify,Hindi,Devanagari + English code-switching,Phishing,Credit / Debit Card,hxxp://secure-check.example/verify,Telecom-like sender ID,Synthetic,Generated for PhishDetect India research dataset,Strategy: delivery lure; no real personal identifiers.
HIN-P-0111,आपकी कार्ड प्रोफाइल की सुरक्षा जांच बाकी है। निर्देशित पेज पर जाकर अनुरोधित जानकारी दर्ज करने को कहा गया है।,Hindi,Devanagari,Phishing,Credit / Debit Card,,Courier-like sender ID,Synthetic,Generated for PhishDetect India research dataset,Strategy: urgency; no real personal identifiers.
HIN-P-0112,"आपके कार्ड रिकॉर्ड में सुरक्षा समीक्षा लंबित है। लिंक से स्थिति जांचने और प्रक्रिया जारी रखने को कहा गया है। मांगी गई राशि ₹1,999 है।",Hindi,Devanagari,Phishing,Credit / Debit Card,,Government-service-like sender ID,Synthetic,Generated for PhishDetect India research dataset,Strategy: fear; no real personal identifiers.
HIN-P-0113,कार्ड सेवा ने आपके प्रोफाइल में एक असामान्य बदलाव चिन्हित किया है। अनुरोध को खुला रखने के लिए अभी कार्रवाई करने को कहा गया है।,Hindi,Devanagari,Phishing,Credit / Debit Card,,Merchant-like sender ID,Synthetic,Generated for PhishDetect India research dataset,Strategy: reward; no real personal identifiers.
HIN-P-0114,आपके डेबिट कार्ड की ऑनलाइन सुविधा के लिए पुनः पुष्टि मांगी गई है। सेवा सीमित होने से पहले खाते की पुष्टि करें। संदर्भ: [CASE_ID],Hindi,Devanagari,Phishing,Credit / Debit Card,,Generic numeric sender,Synthetic,Generated for PhishDetect India research dataset,Strategy: refund; no real personal identifiers.
HIN-P-0115,"सूचना: कार्ड verification प्रक्रिया पूरी नहीं हुई है। यदि आपने यह गतिविधि शुरू नहीं की है, तो पहचान जांच पूरी करें।",Hindi,Devanagari + English code-switching,Phishing,Credit / Debit Card,,Short code,Synthetic,Generated for PhishDetect India research dataset,Strategy: curiosity; no real personal identifiers.
HIN-P-0116,"आपके कार्ड पर एक संदिग्ध भुगतान प्रयास दर्ज हुआ है। राशि/सेवा जारी करने के लिए खाते की जानकारी मांगी गई है। मांगी गई राशि ₹1,999 है।",Hindi,Devanagari,Phishing,Credit / Debit Card,,Unknown sender,Synthetic,Generated for PhishDetect India research dataset,Strategy: authority impersonation; no real personal identifiers.
HIN-P-0117,आपकी कार्ड प्रोफाइल की सुरक्षा जांच बाकी है। अभी दिए गए सत्यापन चरण को पूरा करें। अधिक जानकारी के लिए आधिकारिक सेवा चैनल देखें।,Hindi,Devanagari,Phishing,Credit / Debit Card,,Bank-like sender ID,Synthetic,Generated for PhishDetect India research dataset,Strategy: threat; no real personal identifiers.
HIN-P-0118,कृपया ध्यान दें — आपके कार्ड रिकॉर्ड में सुरक्षा समीक्षा लंबित है। यह प्रक्रिया आज की समीक्षा विंडो बंद होने से पहले पूरी करनी होगी।,Hindi,Devanagari,Phishing,Credit / Debit Card,,Telecom-like sender ID,Synthetic,Generated for PhishDetect India research dataset,Strategy: social engineering; no real personal identifiers.
HIN-P-0119,कार्ड सेवा ने आपके प्रोफाइल में एक असामान्य बदलाव चिन्हित किया है। विफल रहने पर अगली सेवा सुविधा रोकने की चेतावनी दी गई है।,Hindi,Romanized Hindi / Hinglish,Phishing,Credit / Debit Card,,Courier-like sender ID,Synthetic,Generated for PhishDetect India research dataset,Strategy: job lure; no real personal identifiers.
HIN-P-0120,"सूचना: आपके डेबिट कार्ड की ऑनलाइन सुविधा के लिए पुनः पुष्टि मांगी गई है। सुरक्षा टीम के नाम पर तुरंत प्रतिक्रिया देने का निर्देश दिया गया है। मांगी गई राशि ₹1,999 है। hxxp://secure-check.example/verify",Hindi,Devanagari + English code-switching,Phishing,Credit / Debit Card,hxxp://secure-check.example/verify,Government-service-like sender ID,Synthetic,Generated for PhishDetect India research dataset,Strategy: delivery lure; no real personal identifiers.
HIN-P-0121,कार्ड सत्यापन प्रक्रिया पूरी नहीं हुई है। निर्देशित पेज पर जाकर अनुरोधित जानकारी दर्ज करने को कहा गया है। संदर्भ: [ORDER_ID] https://account-review.example/confirm,Hindi,Devanagari,Phishing,Credit / Debit Card,https://account-review.example/confirm,Merchant-like sender ID,Synthetic,Generated for PhishDetect India research dataset,Strategy: urgency; no real personal identifiers.
HIN-P-0122,आपके कार्ड पर एक संदिग्ध भुगतान प्रयास दर्ज हुआ है। लिंक से स्थिति जांचने और प्रक्रिया जारी रखने को कहा गया है। http://kyc-alert.example/update,Hindi,Devanagari,Phishing,Credit / Debit Card,http://kyc-alert.example/update,Generic numeric sender,Synthetic,Generated for PhishDetect India research dataset,Strategy: fear; no real personal identifiers.
HIN-P-0123,"सूचना: आपकी आधार-लिंक सेवा के रिकॉर्ड में पुनः सत्यापन आवश्यक है। यह प्रक्रिया आज की समीक्षा विंडो बंद होने से पहले पूरी करनी होगी। मांगी गई राशि ₹1,240 है। https://upi-support.example/resolve",Hindi,Devanagari,Phishing,Aadhaar / DigiLocker / Government,https://upi-support.example/resolve,Short code,Synthetic,Generated for PhishDetect India research dataset,Strategy: refund; no real personal identifiers.
HIN-P-0124,DigiLocker प्रोफाइल पर पहचान जांच लंबित दिखाई गई है। विफल रहने पर अगली सेवा सुविधा रोकने की चेतावनी दी गई है। https://parcel-status.example/address,Hindi,Devanagari,Phishing,Aadhaar / DigiLocker / Government,https://parcel-status.example/address,Unknown sender,Synthetic,Generated for PhishDetect India research dataset,Strategy: curiosity; no real personal identifiers.
HIN-P-0125,सरकारी सेवा आवेदन के लिए अतिरिक्त पहचान पुष्टि मांगी गई है। सुरक्षा टीम के नाम पर तुरंत प्रतिक्रिया देने का निर्देश दिया गया है। http://reward-center.example/claim,Hindi,Devanagari + English code-switching,Phishing,Aadhaar / DigiLocker / Government,http://reward-center.example/claim,Bank-like sender ID,Synthetic,Generated for PhishDetect India research dataset,Strategy: authority impersonation; no real personal identifiers.
HIN-P-0126,आपके डिजिटल दस्तावेज खाते की स्थिति की समीक्षा जरूरी बताई गई है। निर्देशित पेज पर जाकर अनुरोधित जानकारी दर्ज करने को कहा गया है। https://job-selection.example/document,Hindi,Devanagari,Phishing,Aadhaar / DigiLocker / Government,https://job-selection.example/document,Telecom-like sender ID,Synthetic,Generated for PhishDetect India research dataset,Strategy: threat; no real personal identifiers.
HIN-P-0127,"आधिकारिक सेवा रिकॉर्ड में पहचान विवरण अपडेट मांगा गया है। लिंक से स्थिति जांचने और प्रक्रिया जारी रखने को कहा गया है। मांगी गई राशि ₹1,240 है। https://card-security.example/review",Hindi,Devanagari,Phishing,Aadhaar / DigiLocker / Government,https://card-security.example/review,Courier-like sender ID,Synthetic,Generated for PhishDetect India research dataset,Strategy: social engineering; no real personal identifiers.
HIN-P-0128,सूचना: आपकी सरकारी लाभ प्रोफाइल के सत्यापन की समय-सीमा नजदीक है। अनुरोध को खुला रखने के लिए अभी कार्रवाई करने को कहा गया है। http://utility-notice.example/pay,Hindi,Devanagari,Phishing,Aadhaar / DigiLocker / Government,http://utility-notice.example/pay,Government-service-like sender ID,Synthetic,Generated for PhishDetect India research dataset,Strategy: job lure; no real personal identifiers.
HIN-P-0129,आपकी आधार-लिंक सेवा के रिकॉर्ड में पुनः सत्यापन आवश्यक है। सेवा सीमित होने से पहले खाते की पुष्टि करें। https://profile-access.example/recover,Hindi,Devanagari,Phishing,Aadhaar / DigiLocker / Government,https://profile-access.example/recover,Merchant-like sender ID,Synthetic,Generated for PhishDetect India research dataset,Strategy: delivery lure; no real personal identifiers.
HIN-P-0130,"DigiLocker प्रोफाइल पर पहचान जांच लंबित दिखाई गई है। यदि आपने यह गतिविधि शुरू नहीं की है, तो पहचान जांच पूरी करें। संदर्भ: [ORDER_ID] hxxp://secure-check.example/verify",Hindi,Devanagari + English code-switching,Phishing,Aadhaar / DigiLocker / Government,hxxp://secure-check.example/verify,Generic numeric sender,Synthetic,Generated for PhishDetect India research dataset,Strategy: urgency; no real personal identifiers.
HIN-P-0131,"सरकारी सेवा आवेदन के लिए अतिरिक्त पहचान पुष्टि मांगी गई है। राशि/सेवा जारी करने के लिए खाते की जानकारी मांगी गई है। मांगी गई राशि ₹1,240 है।",Hindi,Devanagari,Phishing,Aadhaar / DigiLocker / Government,,Short code,Synthetic,Generated for PhishDetect India research dataset,Strategy: fear; no real personal identifiers.
HIN-P-0132,कृपया ध्यान दें — आपके डिजिटल दस्तावेज खाते की स्थिति की समीक्षा जरूरी बताई गई है। अभी दिए गए सत्यापन चरण को पूरा करें।,Hindi,Devanagari,Phishing,Aadhaar / DigiLocker / Government,,Unknown sender,Synthetic,Generated for PhishDetect India research dataset,Strategy: reward; no real personal identifiers.
HIN-P-0133,सूचना: आधिकारिक सेवा रिकॉर्ड में पहचान विवरण अपडेट मांगा गया है। यह प्रक्रिया आज की समीक्षा विंडो बंद होने से पहले पूरी करनी होगी।,Hindi,Devanagari,Phishing,Aadhaar / DigiLocker / Government,,Bank-like sender ID,Synthetic,Generated for PhishDetect India research dataset,Strategy: refund; no real personal identifiers.
HIN-P-0134,आपकी सरकारी लाभ प्रोफाइल के सत्यापन की समय-सीमा नजदीक है। विफल रहने पर अगली सेवा सुविधा रोकने की चेतावनी दी गई है।,Hindi,Devanagari,Phishing,Aadhaar / DigiLocker / Government,,Telecom-like sender ID,Synthetic,Generated for PhishDetect India research dataset,Strategy: curiosity; no real personal identifiers.
HIN-P-0135,"आपकी आधार-लिंक सेवा के रिकॉर्ड में पुनः verification आवश्यक है। सुरक्षा टीम के नाम पर तुरंत प्रतिक्रिया देने का निर्देश दिया गया है। मांगी गई राशि ₹1,240 है।",Hindi,Devanagari + English code-switching,Phishing,Aadhaar / DigiLocker / Government,,Courier-like sender ID,Synthetic,Generated for PhishDetect India research dataset,Strategy: authority impersonation; no real personal identifiers.
HIN-P-0136,DigiLocker प्रोफाइल पर पहचान जांच लंबित दिखाई गई है। निर्देशित पेज पर जाकर अनुरोधित जानकारी दर्ज करने को कहा गया है।,Hindi,Romanized Hindi / Hinglish,Phishing,Aadhaar / DigiLocker / Government,,Government-service-like sender ID,Synthetic,Generated for PhishDetect India research dataset,Strategy: threat; no real personal identifiers.
HIN-P-0137,सरकारी सेवा आवेदन के लिए अतिरिक्त पहचान पुष्टि मांगी गई है। लिंक से स्थिति जांचने और प्रक्रिया जारी रखने को कहा गया है। संदर्भ: [TXN_ID],Hindi,Devanagari,Phishing,Aadhaar / DigiLocker / Government,,Merchant-like sender ID,Synthetic,Generated for PhishDetect India research dataset,Strategy: social engineering; no real personal identifiers.
HIN-P-0138,सूचना: आपके डिजिटल दस्तावेज खाते की स्थिति की समीक्षा जरूरी बताई गई है। अनुरोध को खुला रखने के लिए अभी कार्रवाई करने को कहा गया है।,Hindi,Devanagari,Phishing,Aadhaar / DigiLocker / Government,,Generic numeric sender,Synthetic,Generated for PhishDetect India research dataset,Strategy: job lure; no real personal identifiers.
HIN-P-0139,"आधिकारिक सेवा रिकॉर्ड में पहचान विवरण अपडेट मांगा गया है। सेवा सीमित होने से पहले खाते की पुष्टि करें। मांगी गई राशि ₹1,240 है।",Hindi,Devanagari,Phishing,Aadhaar / DigiLocker / Government,,Short code,Synthetic,Generated for PhishDetect India research dataset,Strategy: delivery lure; no real personal identifiers.
HIN-P-0140,"आपकी सरकारी लाभ प्रोफाइल के verification की समय-सीमा नजदीक है। यदि आपने यह गतिविधि शुरू नहीं की है, तो पहचान जांच पूरी करें। hxxp://secure-check.example/verify",Hindi,Devanagari + English code-switching,Phishing,Aadhaar / DigiLocker / Government,hxxp://secure-check.example/verify,Unknown sender,Synthetic,Generated for PhishDetect India research dataset,Strategy: urgency; no real personal identifiers.
HIN-P-0141,कृपया ध्यान दें — आपकी आधार-लिंक सेवा के रिकॉर्ड में पुनः सत्यापन आवश्यक है। राशि/सेवा जारी करने के लिए खाते की जानकारी मांगी गई है। https://account-review.example/confirm,Hindi,Devanagari,Phishing,Aadhaar / DigiLocker / Government,https://account-review.example/confirm,Bank-like sender ID,Synthetic,Generated for PhishDetect India research dataset,Strategy: fear; no real personal identifiers.
HIN-P-0142,DigiLocker प्रोफाइल पर पहचान जांच लंबित दिखाई गई है। अभी दिए गए सत्यापन चरण को पूरा करें। http://kyc-alert.example/update अधिक जानकारी के लिए आधिकारिक सेवा चैनल देखें।,Hindi,Devanagari,Phishing,Aadhaar / DigiLocker / Government,http://kyc-alert.example/update,Telecom-like sender ID,Synthetic,Generated for PhishDetect India research dataset,Strategy: reward; no real personal identifiers.
HIN-P-0143,"सूचना: सरकारी सेवा आवेदन के लिए अतिरिक्त पहचान पुष्टि मांगी गई है। यह प्रक्रिया आज की समीक्षा विंडो बंद होने से पहले पूरी करनी होगी। मांगी गई राशि ₹1,240 है। https://upi-support.example/resolve",Hindi,Devanagari,Phishing,Aadhaar / DigiLocker / Government,https://upi-support.example/resolve,Courier-like sender ID,Synthetic,Generated for PhishDetect India research dataset,Strategy: refund; no real personal identifiers.
HIN-P-0144,आपके डिजिटल दस्तावेज खाते की स्थिति की समीक्षा जरूरी बताई गई है। विफल रहने पर अगली सेवा सुविधा रोकने की चेतावनी दी गई है। संदर्भ: [REF_ID] https://parcel-status.example/address,Hindi,Devanagari,Phishing,Aadhaar / DigiLocker / Government,https://parcel-status.example/address,Government-service-like sender ID,Synthetic,Generated for PhishDetect India research dataset,Strategy: curiosity; no real personal identifiers.
HIN-P-0145,आधिकारिक सेवा रिकॉर्ड में पहचान विवरण अपडेट मांगा गया है। सुरक्षा टीम के नाम पर तुरंत प्रतिक्रिया देने का निर्देश दिया गया है। http://reward-center.example/claim,Hindi,Devanagari + English code-switching,Phishing,Aadhaar / DigiLocker / Government,http://reward-center.example/claim,Merchant-like sender ID,Synthetic,Generated for PhishDetect India research dataset,Strategy: authority impersonation; no real personal identifiers.
HIN-P-0146,सूचना: आपके पार्सल की डिलीवरी जानकारी में एक समस्या दर्ज हुई है। विफल रहने पर अगली सेवा सुविधा रोकने की चेतावनी दी गई है। मांगी गई राशि ₹850 है। https://job-selection.example/document,Hindi,Devanagari,Phishing,Courier / Parcel,https://job-selection.example/document,Generic numeric sender,Synthetic,Generated for PhishDetect India research dataset,Strategy: threat; no real personal identifiers.
HIN-P-0147,कूरियर रिकॉर्ड में पते की पुष्टि बाकी दिखाई गई है। सुरक्षा टीम के नाम पर तुरंत प्रतिक्रिया देने का निर्देश दिया गया है। https://card-security.example/review,Hindi,Devanagari,Phishing,Courier / Parcel,https://card-security.example/review,Short code,Synthetic,Generated for PhishDetect India research dataset,Strategy: social engineering; no real personal identifiers.
HIN-P-0148,आपका पैकेज स्थानीय डिलीवरी केंद्र पर रोका गया है। निर्देशित पेज पर जाकर अनुरोधित जानकारी दर्ज करने को कहा गया है। http://utility-notice.example/pay,Hindi,Devanagari,Phishing,Courier / Parcel,http://utility-notice.example/pay,Unknown sender,Synthetic,Generated for PhishDetect India research dataset,Strategy: job lure; no real personal identifiers.
HIN-P-0149,डिलीवरी अनुरोध में अतिरिक्त पुष्टि की जरूरत बताई गई है। लिंक से स्थिति जांचने और प्रक्रिया जारी रखने को कहा गया है। https://profile-access.example/recover,Hindi,Devanagari,Phishing,Courier / Parcel,https://profile-access.example/recover,Bank-like sender ID,Synthetic,Generated for PhishDetect India research dataset,Strategy: delivery lure; no real personal identifiers.
HIN-P-0150,आपके शिपमेंट की अगली प्रक्रिया पता verification पर निर्भर है। अनुरोध को खुला रखने के लिए अभी कार्रवाई करने को कहा गया है। मांगी गई राशि ₹850 है। hxxp://secure-check.example/verify,Hindi,Devanagari + English code-switching,Phishing,Courier / Parcel,hxxp://secure-check.example/verify,Telecom-like sender ID,Synthetic,Generated for PhishDetect India research dataset,Strategy: urgency; no real personal identifiers.
HIN-P-0151,सूचना: कूरियर सिस्टम में आपके पार्सल का स्टेटस समीक्षा में है। सेवा सीमित होने से पहले खाते की पुष्टि करें।,Hindi,Devanagari,Phishing,Courier / Parcel,,Courier-like sender ID,Synthetic,Generated for PhishDetect India research dataset,Strategy: fear; no real personal identifiers.
HIN-P-0152,"आपके पार्सल की डिलीवरी जानकारी में एक समस्या दर्ज हुई है। यदि आपने यह गतिविधि शुरू नहीं की है, तो पहचान जांच पूरी करें।",Hindi,Devanagari,Phishing,Courier / Parcel,,Government-service-like sender ID,Synthetic,Generated for PhishDetect India research dataset,Strategy: reward; no real personal identifiers.
HIN-P-0153,कूरियर रिकॉर्ड में पते की पुष्टि बाकी दिखाई गई है। राशि/सेवा जारी करने के लिए खाते की जानकारी मांगी गई है। संदर्भ: [REF_ID],Hindi,Romanized Hindi / Hinglish,Phishing,Courier / Parcel,,Merchant-like sender ID,Synthetic,Generated for PhishDetect India research dataset,Strategy: refund; no real personal identifiers.
HIN-P-0154,आपका पैकेज स्थानीय डिलीवरी केंद्र पर रोका गया है। अभी दिए गए सत्यापन चरण को पूरा करें। मांगी गई राशि ₹850 है।,Hindi,Devanagari,Phishing,Courier / Parcel,,Generic numeric sender,Synthetic,Generated for PhishDetect India research dataset,Strategy: curiosity; no real personal identifiers.
HIN-P-0155,कृपया ध्यान दें — डिलीवरी अनुरोध में अतिरिक्त पुष्टि की जरूरत बताई गई है। यह प्रक्रिया आज की समीक्षा विंडो बंद होने से पहले पूरी करनी होगी।,Hindi,Devanagari + English code-switching,Phishing,Courier / Parcel,,Short code,Synthetic,Generated for PhishDetect India research dataset,Strategy: authority impersonation; no real personal identifiers.
HIN-P-0156,सूचना: आपके शिपमेंट की अगली प्रक्रिया पता सत्यापन पर निर्भर है। विफल रहने पर अगली सेवा सुविधा रोकने की चेतावनी दी गई है।,Hindi,Devanagari,Phishing,Courier / Parcel,,Unknown sender,Synthetic,Generated for PhishDetect India research dataset,Strategy: threat; no real personal identifiers.
HIN-P-0157,कूरियर सिस्टम में आपके पार्सल का स्टेटस समीक्षा में है। सुरक्षा टीम के नाम पर तुरंत प्रतिक्रिया देने का निर्देश दिया गया है।,Hindi,Devanagari,Phishing,Courier / Parcel,,Bank-like sender ID,Synthetic,Generated for PhishDetect India research dataset,Strategy: social engineering; no real personal identifiers.
HIN-P-0158,आपके पार्सल की डिलीवरी जानकारी में एक समस्या दर्ज हुई है। निर्देशित पेज पर जाकर अनुरोधित जानकारी दर्ज करने को कहा गया है। मांगी गई राशि ₹850 है।,Hindi,Devanagari,Phishing,Courier / Parcel,,Telecom-like sender ID,Synthetic,Generated for PhishDetect India research dataset,Strategy: job lure; no real personal identifiers.
HIN-P-0159,कूरियर रिकॉर्ड में पते की पुष्टि बाकी दिखाई गई है। लिंक से स्थिति जांचने और प्रक्रिया जारी रखने को कहा गया है।,Hindi,Devanagari,Phishing,Courier / Parcel,,Courier-like sender ID,Synthetic,Generated for PhishDetect India research dataset,Strategy: delivery lure; no real personal identifiers.
HIN-P-0160,आपका पैकेज स्थानीय डिलीवरी केंद्र पर रोका गया है। अनुरोध को खुला रखने के लिए अभी कार्रवाई करने को कहा गया है। संदर्भ: [APPLICATION_ID] hxxp://secure-check.example/verify,Hindi,Devanagari + English code-switching,Phishing,Courier / Parcel,hxxp://secure-check.example/verify,Government-service-like sender ID,Synthetic,Generated for PhishDetect India research dataset,Strategy: urgency; no real personal identifiers.
HIN-P-0161,सूचना: डिलीवरी अनुरोध में अतिरिक्त पुष्टि की जरूरत बताई गई है। सेवा सीमित होने से पहले खाते की पुष्टि करें। https://account-review.example/confirm,Hindi,Devanagari,Phishing,Courier / Parcel,https://account-review.example/confirm,Merchant-like sender ID,Synthetic,Generated for PhishDetect India research dataset,Strategy: fear; no real personal identifiers.
HIN-P-0162,"आपके शिपमेंट की अगली प्रक्रिया पता सत्यापन पर निर्भर है। यदि आपने यह गतिविधि शुरू नहीं की है, तो पहचान जांच पूरी करें। मांगी गई राशि ₹850 है। http://kyc-alert.example/update",Hindi,Devanagari,Phishing,Courier / Parcel,http://kyc-alert.example/update,Generic numeric sender,Synthetic,Generated for PhishDetect India research dataset,Strategy: reward; no real personal identifiers.
HIN-P-0163,कूरियर सिस्टम में आपके पार्सल का स्टेटस समीक्षा में है। राशि/सेवा जारी करने के लिए खाते की जानकारी मांगी गई है। https://upi-support.example/resolve,Hindi,Devanagari,Phishing,Courier / Parcel,https://upi-support.example/resolve,Short code,Synthetic,Generated for PhishDetect India research dataset,Strategy: refund; no real personal identifiers.
HIN-P-0164,कृपया ध्यान दें — आपके पार्सल की डिलीवरी जानकारी में एक समस्या दर्ज हुई है। अभी दिए गए सत्यापन चरण को पूरा करें। https://parcel-status.example/address,Hindi,Devanagari,Phishing,Courier / Parcel,https://parcel-status.example/address,Unknown sender,Synthetic,Generated for PhishDetect India research dataset,Strategy: curiosity; no real personal identifiers.
HIN-P-0165,कूरियर रिकॉर्ड में पते की पुष्टि बाकी दिखाई गई है। यह प्रक्रिया आज की समीक्षा विंडो बंद होने से पहले पूरी करनी होगी। http://reward-center.example/claim,Hindi,Devanagari + English code-switching,Phishing,Courier / Parcel,http://reward-center.example/claim,Bank-like sender ID,Synthetic,Generated for PhishDetect India research dataset,Strategy: authority impersonation; no real personal identifiers.
HIN-P-0166,सूचना: आपका पैकेज स्थानीय डिलीवरी केंद्र पर रोका गया है। विफल रहने पर अगली सेवा सुविधा रोकने की चेतावनी दी गई है। मांगी गई राशि ₹850 है। https://job-selection.example/document,Hindi,Devanagari,Phishing,Courier / Parcel,https://job-selection.example/document,Telecom-like sender ID,Synthetic,Generated for PhishDetect India research dataset,Strategy: threat; no real personal identifiers.
HIN-P-0167,डिलीवरी अनुरोध में अतिरिक्त पुष्टि की जरूरत बताई गई है। सुरक्षा टीम के नाम पर तुरंत प्रतिक्रिया देने का निर्देश दिया गया है। संदर्भ: [CASE_ID] https://card-security.example/review,Hindi,Devanagari,Phishing,Courier / Parcel,https://card-security.example/review,Courier-like sender ID,Synthetic,Generated for PhishDetect India research dataset,Strategy: social engineering; no real personal identifiers.
HIN-P-0168,आपके शिपमेंट की अगली प्रक्रिया पता सत्यापन पर निर्भर है। निर्देशित पेज पर जाकर अनुरोधित जानकारी दर्ज करने को कहा गया है। http://utility-notice.example/pay,Hindi,Devanagari,Phishing,Courier / Parcel,http://utility-notice.example/pay,Government-service-like sender ID,Synthetic,Generated for PhishDetect India research dataset,Strategy: job lure; no real personal identifiers.
HIN-P-0169,सूचना: आपकी प्रोफाइल एक त्वरित भर्ती प्रक्रिया के लिए चुनी गई बताई गई है। निर्देशित पेज पर जाकर अनुरोधित जानकारी दर्ज करने को कहा गया है। मांगी गई राशि ₹499 है। https://profile-access.example/recover,Hindi,Devanagari,Phishing,Job / Recruitment Scam,https://profile-access.example/recover,Merchant-like sender ID,Synthetic,Generated for PhishDetect India research dataset,Strategy: reward; no real personal identifiers.
HIN-P-0170,एक कंपनी की भर्ती टीम ने आपके आवेदन पर रुचि दिखाई है। लिंक से स्थिति जांचने और प्रक्रिया जारी रखने को कहा गया है। hxxp://secure-check.example/verify,Hindi,Romanized Hindi / Hinglish,Phishing,Job / Recruitment Scam,hxxp://secure-check.example/verify,Generic numeric sender,Synthetic,Generated for PhishDetect India research dataset,Strategy: refund; no real personal identifiers.
HIN-P-0171,आपके नंबर पर एक वर्क-फ्रॉम-होम अवसर के लिए चयन सूचना भेजी गई है। अनुरोध को खुला रखने के लिए अभी कार्रवाई करने को कहा गया है।,Hindi,Devanagari,Phishing,Job / Recruitment Scam,,Short code,Synthetic,Generated for PhishDetect India research dataset,Strategy: curiosity; no real personal identifiers.
HIN-P-0172,एक भर्ती स्लॉट आपके नाम से अस्थायी रूप से आरक्षित बताया गया है। सेवा सीमित होने से पहले खाते की पुष्टि करें।,Hindi,Devanagari,Phishing,Job / Recruitment Scam,,Unknown sender,Synthetic,Generated for PhishDetect India research dataset,Strategy: authority impersonation; no real personal identifiers.
HIN-P-0173,"आपका रिज्यूमे एक शॉर्टलिस्टिंग चरण में पहुंचने की सूचना दी गई है। यदि आपने यह गतिविधि शुरू नहीं की है, तो पहचान जांच पूरी करें। मांगी गई राशि ₹499 है।",Hindi,Devanagari,Phishing,Job / Recruitment Scam,,Bank-like sender ID,Synthetic,Generated for PhishDetect India research dataset,Strategy: threat; no real personal identifiers.
HIN-P-0174,सूचना: आपको तत्काल joining प्रक्रिया के लिए संपर्क करने को कहा गया है। राशि/सेवा जारी करने के लिए खाते की जानकारी मांगी गई है।,Hindi,Devanagari,Phishing,Job / Recruitment Scam,,Telecom-like sender ID,Synthetic,Generated for PhishDetect India research dataset,Strategy: social engineering; no real personal identifiers.
HIN-P-0175,आपकी प्रोफाइल एक त्वरित भर्ती प्रक्रिया के लिए चुनी गई बताई गई है। अभी दिए गए verification चरण को पूरा करें।,Hindi,Devanagari + English code-switching,Phishing,Job / Recruitment Scam,,Courier-like sender ID,Synthetic,Generated for PhishDetect India research dataset,Strategy: job lure; no real personal identifiers.
HIN-P-0176,एक कंपनी की भर्ती टीम ने आपके आवेदन पर रुचि दिखाई है। यह प्रक्रिया आज की समीक्षा विंडो बंद होने से पहले पूरी करनी होगी। संदर्भ: [CASE_ID],Hindi,Devanagari,Phishing,Job / Recruitment Scam,,Government-service-like sender ID,Synthetic,Generated for PhishDetect India research dataset,Strategy: delivery lure; no real personal identifiers.
HIN-P-0177,आपके नंबर पर एक वर्क-फ्रॉम-होम अवसर के लिए चयन सूचना भेजी गई है। विफल रहने पर अगली सेवा सुविधा रोकने की चेतावनी दी गई है। मांगी गई राशि ₹499 है।,Hindi,Devanagari,Phishing,Job / Recruitment Scam,,Merchant-like sender ID,Synthetic,Generated for PhishDetect India research dataset,Strategy: urgency; no real personal identifiers.
HIN-P-0178,कृपया ध्यान दें — एक भर्ती स्लॉट आपके नाम से अस्थायी रूप से आरक्षित बताया गया है। सुरक्षा टीम के नाम पर तुरंत प्रतिक्रिया देने का निर्देश दिया गया है।,Hindi,Devanagari,Phishing,Job / Recruitment Scam,,Generic numeric sender,Synthetic,Generated for PhishDetect India research dataset,Strategy: fear; no real personal identifiers.
HIN-P-0179,सूचना: आपका रिज्यूमे एक शॉर्टलिस्टिंग चरण में पहुंचने की सूचना दी गई है। निर्देशित पेज पर जाकर अनुरोधित जानकारी दर्ज करने को कहा गया है।,Hindi,Devanagari,Phishing,Job / Recruitment Scam,,Short code,Synthetic,Generated for PhishDetect India research dataset,Strategy: reward; no real personal identifiers.
HIN-P-0180,आपको तत्काल joining प्रक्रिया के लिए संपर्क करने को कहा गया है। लिंक से स्थिति जांचने और प्रक्रिया जारी रखने को कहा गया है। hxxp://secure-check.example/verify,Hindi,Devanagari + English code-switching,Phishing,Job / Recruitment Scam,hxxp://secure-check.example/verify,Unknown sender,Synthetic,Generated for PhishDetect India research dataset,Strategy: refund; no real personal identifiers.
HIN-P-0181,आपकी प्रोफाइल एक त्वरित भर्ती प्रक्रिया के लिए चुनी गई बताई गई है। अनुरोध को खुला रखने के लिए अभी कार्रवाई करने को कहा गया है। मांगी गई राशि ₹499 है। https://account-review.example/confirm,Hindi,Devanagari,Phishing,Job / Recruitment Scam,https://account-review.example/confirm,Bank-like sender ID,Synthetic,Generated for PhishDetect India research dataset,Strategy: curiosity; no real personal identifiers.
HIN-P-0182,एक कंपनी की भर्ती टीम ने आपके आवेदन पर रुचि दिखाई है। सेवा सीमित होने से पहले खाते की पुष्टि करें। http://kyc-alert.example/update,Hindi,Devanagari,Phishing,Job / Recruitment Scam,http://kyc-alert.example/update,Telecom-like sender ID,Synthetic,Generated for PhishDetect India research dataset,Strategy: authority impersonation; no real personal identifiers.
HIN-P-0183,"आपके नंबर पर एक वर्क-फ्रॉम-होम अवसर के लिए चयन सूचना भेजी गई है। यदि आपने यह गतिविधि शुरू नहीं की है, तो पहचान जांच पूरी करें। संदर्भ: [ORDER_ID] https://upi-support.example/resolve",Hindi,Devanagari,Phishing,Job / Recruitment Scam,https://upi-support.example/resolve,Courier-like sender ID,Synthetic,Generated for PhishDetect India research dataset,Strategy: threat; no real personal identifiers.
HIN-P-0184,सूचना: एक भर्ती स्लॉट आपके नाम से अस्थायी रूप से आरक्षित बताया गया है। राशि/सेवा जारी करने के लिए खाते की जानकारी मांगी गई है। https://parcel-status.example/address,Hindi,Devanagari,Phishing,Job / Recruitment Scam,https://parcel-status.example/address,Government-service-like sender ID,Synthetic,Generated for PhishDetect India research dataset,Strategy: social engineering; no real personal identifiers.
HIN-P-0185,आपका रिज्यूमे एक शॉर्टलिस्टिंग चरण में पहुंचने की सूचना दी गई है। अभी दिए गए verification चरण को पूरा करें। मांगी गई राशि ₹499 है। http://reward-center.example/claim,Hindi,Devanagari + English code-switching,Phishing,Job / Recruitment Scam,http://reward-center.example/claim,Merchant-like sender ID,Synthetic,Generated for PhishDetect India research dataset,Strategy: job lure; no real personal identifiers.
HIN-P-0186,आपको तत्काल joining प्रक्रिया के लिए संपर्क करने को कहा गया है। यह प्रक्रिया आज की समीक्षा विंडो बंद होने से पहले पूरी करनी होगी। https://job-selection.example/document,Hindi,Devanagari,Phishing,Job / Recruitment Scam,https://job-selection.example/document,Generic numeric sender,Synthetic,Generated for PhishDetect India research dataset,Strategy: delivery lure; no real personal identifiers.
HIN-P-0187,Kripya ध्यान दें — आपकी प्रोफाइल एक त्वरित भर्ती प्रक्रिया के लिए चुनी गई बताई गई है। विफल रहने पर अगली सेवा सुविधा रोकने की चेतावनी दी गई है। https://card-security.example/review,Hindi,Romanized Hindi / Hinglish,Phishing,Job / Recruitment Scam,https://card-security.example/review,Short code,Synthetic,Generated for PhishDetect India research dataset,Strategy: urgency; no real personal identifiers.
HIN-P-0188,एक कंपनी की भर्ती टीम ने आपके आवेदन पर रुचि दिखाई है। सुरक्षा टीम के नाम पर तुरंत प्रतिक्रिया देने का निर्देश दिया गया है। http://utility-notice.example/pay,Hindi,Devanagari,Phishing,Job / Recruitment Scam,http://utility-notice.example/pay,Unknown sender,Synthetic,Generated for PhishDetect India research dataset,Strategy: fear; no real personal identifiers.
HIN-P-0189,सूचना: आपके नंबर पर एक वर्क-फ्रॉम-होम अवसर के लिए चयन सूचना भेजी गई है। निर्देशित पेज पर जाकर अनुरोधित जानकारी दर्ज करने को कहा गया है। मांगी गई राशि ₹499 है। https://profile-access.example/recover,Hindi,Devanagari,Phishing,Job / Recruitment Scam,https://profile-access.example/recover,Bank-like sender ID,Synthetic,Generated for PhishDetect India research dataset,Strategy: reward; no real personal identifiers.
HIN-P-0190,एक भर्ती स्लॉट आपके नाम से अस्थायी रूप से आरक्षित बताया गया है। लिंक से स्थिति जांचने और प्रक्रिया जारी रखने को कहा गया है। संदर्भ: [TXN_ID] hxxp://secure-check.example/verify,Hindi,Devanagari + English code-switching,Phishing,Job / Recruitment Scam,hxxp://secure-check.example/verify,Telecom-like sender ID,Synthetic,Generated for PhishDetect India research dataset,Strategy: refund; no real personal identifiers.
HIN-P-0191,आपका रिज्यूमे एक शॉर्टलिस्टिंग चरण में पहुंचने की सूचना दी गई है। अनुरोध को खुला रखने के लिए अभी कार्रवाई करने को कहा गया है।,Hindi,Devanagari,Phishing,Job / Recruitment Scam,,Courier-like sender ID,Synthetic,Generated for PhishDetect India research dataset,Strategy: curiosity; no real personal identifiers.
HIN-P-0192,"सूचना: आपके लिए एक प्री-अप्रूव्ड वित्तीय ऑफर उपलब्ध बताया गया है। यदि आपने यह गतिविधि शुरू नहीं की है, तो पहचान जांच पूरी करें। मांगी गई राशि ₹249 है।",Hindi,Devanagari,Phishing,Loan / Finance,,Government-service-like sender ID,Synthetic,Generated for PhishDetect India research dataset,Strategy: curiosity; no real personal identifiers.
HIN-P-0193,लोन आवेदन की अगली प्रक्रिया के लिए दस्तावेज पुष्टि मांगी गई है। राशि/सेवा जारी करने के लिए खाते की जानकारी मांगी गई है।,Hindi,Devanagari,Phishing,Loan / Finance,,Merchant-like sender ID,Synthetic,Generated for PhishDetect India research dataset,Strategy: authority impersonation; no real personal identifiers.
HIN-P-0194,आपके नाम से एक त्वरित क्रेडिट सीमा तैयार होने की सूचना है। अभी दिए गए सत्यापन चरण को पूरा करें।,Hindi,Devanagari,Phishing,Loan / Finance,,Generic numeric sender,Synthetic,Generated for PhishDetect India research dataset,Strategy: threat; no real personal identifiers.
HIN-P-0195,वित्तीय सेवा ने आपके आवेदन को प्राथमिक समीक्षा में रखा है। यह प्रक्रिया आज की समीक्षा विंडो बंद होने से पहले पूरी करनी होगी।,Hindi,Devanagari + English code-switching,Phishing,Loan / Finance,,Short code,Synthetic,Generated for PhishDetect India research dataset,Strategy: social engineering; no real personal identifiers.
HIN-P-0196,आपका ऋण अनुरोध अतिरिक्त पहचान जांच की प्रतीक्षा में बताया गया है। विफल रहने पर अगली सेवा सुविधा रोकने की चेतावनी दी गई है। मांगी गई राशि ₹249 है।,Hindi,Devanagari,Phishing,Loan / Finance,,Unknown sender,Synthetic,Generated for PhishDetect India research dataset,Strategy: job lure; no real personal identifiers.
HIN-P-0197,सूचना: कम दस्तावेजों वाले लोन विकल्प के लिए आपकी पात्रता बताई गई है। सुरक्षा टीम के नाम पर तुरंत प्रतिक्रिया देने का निर्देश दिया गया है।,Hindi,Devanagari,Phishing,Loan / Finance,,Bank-like sender ID,Synthetic,Generated for PhishDetect India research dataset,Strategy: delivery lure; no real personal identifiers.
HIN-P-0198,आपके लिए एक प्री-अप्रूव्ड वित्तीय ऑफर उपलब्ध बताया गया है। निर्देशित पेज पर जाकर अनुरोधित जानकारी दर्ज करने को कहा गया है।,Hindi,Devanagari,Phishing,Loan / Finance,,Telecom-like sender ID,Synthetic,Generated for PhishDetect India research dataset,Strategy: urgency; no real personal identifiers.
HIN-P-0199,लोन आवेदन की अगली प्रक्रिया के लिए दस्तावेज पुष्टि मांगी गई है। लिंक से स्थिति जांचने और प्रक्रिया जारी रखने को कहा गया है। संदर्भ: [TXN_ID],Hindi,Devanagari,Phishing,Loan / Finance,,Courier-like sender ID,Synthetic,Generated for PhishDetect India research dataset,Strategy: fear; no real personal identifiers.
HIN-P-0200,आपके नाम से एक त्वरित क्रेडिट सीमा तैयार होने की सूचना है। अनुरोध को खुला रखने के लिए अभी कार्रवाई करने को कहा गया है। मांगी गई राशि ₹249 है। hxxp://secure-check.example/verify,Hindi,Devanagari + English code-switching,Phishing,Loan / Finance,hxxp://secure-check.example/verify,Government-service-like sender ID,Synthetic,Generated for PhishDetect India research dataset,Strategy: reward; no real personal identifiers.
HIN-P-0201,कृपया ध्यान दें — वित्तीय सेवा ने आपके आवेदन को प्राथमिक समीक्षा में रखा है। सेवा सीमित होने से पहले खाते की पुष्टि करें। https://account-review.example/confirm,Hindi,Devanagari,Phishing,Loan / Finance,https://account-review.example/confirm,Merchant-like sender ID,Synthetic,Generated for PhishDetect India research dataset,Strategy: refund; no real personal identifiers.
HIN-P-0202,"सूचना: आपका ऋण अनुरोध अतिरिक्त पहचान जांच की प्रतीक्षा में बताया गया है। यदि आपने यह गतिविधि शुरू नहीं की है, तो पहचान जांच पूरी करें। http://kyc-alert.example/update",Hindi,Devanagari,Phishing,Loan / Finance,http://kyc-alert.example/update,Generic numeric sender,Synthetic,Generated for PhishDetect India research dataset,Strategy: curiosity; no real personal identifiers.
HIN-P-0203,कम दस्तावेजों वाले लोन विकल्प के लिए आपकी पात्रता बताई गई है। राशि/सेवा जारी करने के लिए खाते की जानकारी मांगी गई है। https://upi-support.example/resolve,Hindi,Devanagari,Phishing,Loan / Finance,https://upi-support.example/resolve,Short code,Synthetic,Generated for PhishDetect India research dataset,Strategy: authority impersonation; no real personal identifiers.
HIN-P-0204,आपके लिए एक प्री-अप्रूव्ड वित्तीय ऑफर उपलब्ध बताया गया है। अभी दिए गए सत्यापन चरण को पूरा करें। मांगी गई राशि ₹249 है। https://parcel-status.example/address,Hindi,Romanized Hindi / Hinglish,Phishing,Loan / Finance,https://parcel-status.example/address,Unknown sender,Synthetic,Generated for PhishDetect India research dataset,Strategy: threat; no real personal identifiers.
HIN-P-0205,लोन आवेदन की अगली प्रक्रिया के लिए दस्तावेज पुष्टि मांगी गई है। यह प्रक्रिया आज की समीक्षा विंडो बंद होने से पहले पूरी करनी होगी। http://reward-center.example/claim,Hindi,Devanagari + English code-switching,Phishing,Loan / Finance,http://reward-center.example/claim,Bank-like sender ID,Synthetic,Generated for PhishDetect India research dataset,Strategy: social engineering; no real personal identifiers.
HIN-P-0206,आपके नाम से एक त्वरित क्रेडिट सीमा तैयार होने की सूचना है। विफल रहने पर अगली सेवा सुविधा रोकने की चेतावनी दी गई है। संदर्भ: [REF_ID] https://job-selection.example/document,Hindi,Devanagari,Phishing,Loan / Finance,https://job-selection.example/document,Telecom-like sender ID,Synthetic,Generated for PhishDetect India research dataset,Strategy: job lure; no real personal identifiers.
HIN-P-0207,सूचना: वित्तीय सेवा ने आपके आवेदन को प्राथमिक समीक्षा में रखा है। सुरक्षा टीम के नाम पर तुरंत प्रतिक्रिया देने का निर्देश दिया गया है। https://card-security.example/review,Hindi,Devanagari,Phishing,Loan / Finance,https://card-security.example/review,Courier-like sender ID,Synthetic,Generated for PhishDetect India research dataset,Strategy: delivery lure; no real personal identifiers.
HIN-P-0208,आपका ऋण अनुरोध अतिरिक्त पहचान जांच की प्रतीक्षा में बताया गया है। निर्देशित पेज पर जाकर अनुरोधित जानकारी दर्ज करने को कहा गया है। मांगी गई राशि ₹249 है। http://utility-notice.example/pay,Hindi,Devanagari,Phishing,Loan / Finance,http://utility-notice.example/pay,Government-service-like sender ID,Synthetic,Generated for PhishDetect India research dataset,Strategy: urgency; no real personal identifiers.
HIN-P-0209,कम दस्तावेजों वाले लोन विकल्प के लिए आपकी पात्रता बताई गई है। लिंक से स्थिति जांचने और प्रक्रिया जारी रखने को कहा गया है। https://profile-access.example/recover,Hindi,Devanagari,Phishing,Loan / Finance,https://profile-access.example/recover,Merchant-like sender ID,Synthetic,Generated for PhishDetect India research dataset,Strategy: fear; no real personal identifiers.
HIN-P-0210,सूचना: आपके नंबर के लिए एक विशेष कैशबैक लाभ चुना गया बताया गया है। राशि/सेवा जारी करने के लिए खाते की details मांगी गई है। मांगी गई राशि ₹850 है। hxxp://secure-check.example/verify,Hindi,Devanagari + English code-switching,Phishing,Cashback / Reward / Lottery,hxxp://secure-check.example/verify,Generic numeric sender,Synthetic,Generated for PhishDetect India research dataset,Strategy: social engineering; no real personal identifiers.
HIN-P-0211,एक डिजिटल रिवॉर्ड आपके नाम से लंबित होने की सूचना दी गई है। अभी दिए गए सत्यापन चरण को पूरा करें।,Hindi,Devanagari,Phishing,Cashback / Reward / Lottery,,Short code,Synthetic,Generated for PhishDetect India research dataset,Strategy: job lure; no real personal identifiers.
HIN-P-0212,आपका ग्राहक नंबर एक पुरस्कार सूची में चुना गया बताया गया है। यह प्रक्रिया आज की समीक्षा विंडो बंद होने से पहले पूरी करनी होगी।,Hindi,Devanagari,Phishing,Cashback / Reward / Lottery,,Unknown sender,Synthetic,Generated for PhishDetect India research dataset,Strategy: delivery lure; no real personal identifiers.
HIN-P-0213,आपके हाल के भुगतान पर अतिरिक्त लाभ उपलब्ध होने का संदेश आया है। विफल रहने पर अगली सेवा सुविधा रोकने की चेतावनी दी गई है।,Hindi,Devanagari,Phishing,Cashback / Reward / Lottery,,Bank-like sender ID,Synthetic,Generated for PhishDetect India research dataset,Strategy: urgency; no real personal identifiers.
HIN-P-0214,एक रिफंड राशि आपके प्रोफाइल में जारी होने की प्रतीक्षा में बताई गई है। सुरक्षा टीम के नाम पर तुरंत प्रतिक्रिया देने का निर्देश दिया गया है। मांगी गई राशि ₹850 है।,Hindi,Devanagari,Phishing,Cashback / Reward / Lottery,,Telecom-like sender ID,Synthetic,Generated for PhishDetect India research dataset,Strategy: fear; no real personal identifiers.
HIN-P-0215,सूचना: आपके लिए सीमित समय का बोनस क्रेडिट तैयार बताया गया है। निर्देशित पेज पर जाकर अनुरोधित details दर्ज करने को कहा गया है।,Hindi,Devanagari + English code-switching,Phishing,Cashback / Reward / Lottery,,Courier-like sender ID,Synthetic,Generated for PhishDetect India research dataset,Strategy: reward; no real personal identifiers.
HIN-P-0216,आपके नंबर के लिए एक विशेष कैशबैक लाभ चुना गया बताया गया है। लिंक से स्थिति जांचने और प्रक्रिया जारी रखने को कहा गया है।,Hindi,Devanagari,Phishing,Cashback / Reward / Lottery,,Government-service-like sender ID,Synthetic,Generated for PhishDetect India research dataset,Strategy: refund; no real personal identifiers.
HIN-P-0217,एक डिजिटल रिवॉर्ड आपके नाम से लंबित होने की सूचना दी गई है। अनुरोध को खुला रखने के लिए अभी कार्रवाई करने को कहा गया है। संदर्भ: [APPLICATION_ID],Hindi,Devanagari,Phishing,Cashback / Reward / Lottery,,Merchant-like sender ID,Synthetic,Generated for PhishDetect India research dataset,Strategy: curiosity; no real personal identifiers.
HIN-P-0218,आपका ग्राहक नंबर एक पुरस्कार सूची में चुना गया बताया गया है। सेवा सीमित होने से पहले खाते की पुष्टि करें। मांगी गई राशि ₹850 है।,Hindi,Devanagari,Phishing,Cashback / Reward / Lottery,,Generic numeric sender,Synthetic,Generated for PhishDetect India research dataset,Strategy: authority impersonation; no real personal identifiers.
HIN-P-0219,"कृपया ध्यान दें — आपके हाल के भुगतान पर अतिरिक्त लाभ उपलब्ध होने का संदेश आया है। यदि आपने यह गतिविधि शुरू नहीं की है, तो पहचान जांच पूरी करें।",Hindi,Devanagari,Phishing,Cashback / Reward / Lottery,,Short code,Synthetic,Generated for PhishDetect India research dataset,Strategy: threat; no real personal identifiers.
HIN-P-0220,सूचना: एक रिफंड राशि आपके प्रोफाइल में जारी होने की प्रतीक्षा में बताई गई है। राशि/सेवा जारी करने के लिए खाते की details मांगी गई है। hxxp://secure-check.example/verify,Hindi,Devanagari + English code-switching,Phishing,Cashback / Reward / Lottery,hxxp://secure-check.example/verify,Unknown sender,Synthetic,Generated for PhishDetect India research dataset,Strategy: social engineering; no real personal identifiers.
HIN-P-0221,आपके लिए सीमित समय का बोनस क्रेडिट तैयार बताया गया है। अभी दिए गए सत्यापन चरण को पूरा करें। https://account-review.example/confirm,Hindi,Romanized Hindi / Hinglish,Phishing,Cashback / Reward / Lottery,https://account-review.example/confirm,Bank-like sender ID,Synthetic,Generated for PhishDetect India research dataset,Strategy: job lure; no real personal identifiers.
HIN-P-0222,आपके नंबर के लिए एक विशेष कैशबैक लाभ चुना गया बताया गया है। यह प्रक्रिया आज की समीक्षा विंडो बंद होने से पहले पूरी करनी होगी। मांगी गई राशि ₹850 है। http://kyc-alert.example/update,Hindi,Devanagari,Phishing,Cashback / Reward / Lottery,http://kyc-alert.example/update,Telecom-like sender ID,Synthetic,Generated for PhishDetect India research dataset,Strategy: delivery lure; no real personal identifiers.
HIN-P-0223,एक डिजिटल रिवॉर्ड आपके नाम से लंबित होने की सूचना दी गई है। विफल रहने पर अगली सेवा सुविधा रोकने की चेतावनी दी गई है। https://upi-support.example/resolve,Hindi,Devanagari,Phishing,Cashback / Reward / Lottery,https://upi-support.example/resolve,Courier-like sender ID,Synthetic,Generated for PhishDetect India research dataset,Strategy: urgency; no real personal identifiers.
HIN-P-0224,आपका ग्राहक नंबर एक पुरस्कार सूची में चुना गया बताया गया है। सुरक्षा टीम के नाम पर तुरंत प्रतिक्रिया देने का निर्देश दिया गया है। संदर्भ: [CASE_ID] https://parcel-status.example/address,Hindi,Devanagari,Phishing,Cashback / Reward / Lottery,https://parcel-status.example/address,Government-service-like sender ID,Synthetic,Generated for PhishDetect India research dataset,Strategy: fear; no real personal identifiers.
HIN-P-0225,सूचना: आपके हाल के भुगतान पर अतिरिक्त लाभ उपलब्ध होने का संदेश आया है। निर्देशित पेज पर जाकर अनुरोधित details दर्ज करने को कहा गया है। http://reward-center.example/claim,Hindi,Devanagari + English code-switching,Phishing,Cashback / Reward / Lottery,http://reward-center.example/claim,Merchant-like sender ID,Synthetic,Generated for PhishDetect India research dataset,Strategy: reward; no real personal identifiers.
HIN-P-0226,एक रिफंड राशि आपके प्रोफाइल में जारी होने की प्रतीक्षा में बताई गई है। लिंक से स्थिति जांचने और प्रक्रिया जारी रखने को कहा गया है। मांगी गई राशि ₹850 है। https://job-selection.example/document,Hindi,Devanagari,Phishing,Cashback / Reward / Lottery,https://job-selection.example/document,Generic numeric sender,Synthetic,Generated for PhishDetect India research dataset,Strategy: refund; no real personal identifiers.
HIN-P-0227,आपके लिए सीमित समय का बोनस क्रेडिट तैयार बताया गया है। अनुरोध को खुला रखने के लिए अभी कार्रवाई करने को कहा गया है। https://card-security.example/review,Hindi,Devanagari,Phishing,Cashback / Reward / Lottery,https://card-security.example/review,Short code,Synthetic,Generated for PhishDetect India research dataset,Strategy: curiosity; no real personal identifiers.
HIN-P-0228,"सूचना: आपके ऑर्डर की पुष्टि के दौरान एक भुगतान समस्या दर्ज हुई है। सेवा सीमित होने से पहले खाते की पुष्टि करें। मांगी गई राशि ₹1,999 है। http://utility-notice.example/pay",Hindi,Devanagari,Phishing,Shopping / E-commerce,http://utility-notice.example/pay,Unknown sender,Synthetic,Generated for PhishDetect India research dataset,Strategy: fear; no real personal identifiers.
HIN-P-0229,"ऑनलाइन खरीदारी के लिए रिफंड प्रक्रिया में अतिरिक्त पुष्टि मांगी गई है। यदि आपने यह गतिविधि शुरू नहीं की है, तो पहचान जांच पूरी करें। https://profile-access.example/recover",Hindi,Devanagari,Phishing,Shopping / E-commerce,https://profile-access.example/recover,Bank-like sender ID,Synthetic,Generated for PhishDetect India research dataset,Strategy: reward; no real personal identifiers.
HIN-P-0230,आपका ऑर्डर डिलीवरी से पहले खाते की समीक्षा में रखा गया है। राशि/सेवा जारी करने के लिए खाते की details मांगी गई है। hxxp://secure-check.example/verify,Hindi,Devanagari + English code-switching,Phishing,Shopping / E-commerce,hxxp://secure-check.example/verify,Telecom-like sender ID,Synthetic,Generated for PhishDetect India research dataset,Strategy: refund; no real personal identifiers.
HIN-P-0231,रिटर्न अनुरोध में बैंक विवरण की दोबारा पुष्टि मांगी गई है। अभी दिए गए सत्यापन चरण को पूरा करें। संदर्भ उपलब्ध होने पर उसे सुरक्षित रखें।,Hindi,Devanagari,Phishing,Shopping / E-commerce,,Courier-like sender ID,Synthetic,Generated for PhishDetect India research dataset,Strategy: curiosity; no real personal identifiers.
HIN-P-0232,"आपकी खरीदारी से जुड़ी राशि वापस करने के लिए कार्रवाई आवश्यक बताई गई है। यह प्रक्रिया आज की समीक्षा विंडो बंद होने से पहले पूरी करनी होगी। मांगी गई राशि ₹1,999 है।",Hindi,Devanagari,Phishing,Shopping / E-commerce,,Government-service-like sender ID,Synthetic,Generated for PhishDetect India research dataset,Strategy: authority impersonation; no real personal identifiers.
HIN-P-0233,सूचना: एक ई-कॉमर्स सेवा ने आपके ऑर्डर को अस्थायी रूप से होल्ड किया है। विफल रहने पर अगली सेवा सुविधा रोकने की चेतावनी दी गई है।,Hindi,Devanagari,Phishing,Shopping / E-commerce,,Merchant-like sender ID,Synthetic,Generated for PhishDetect India research dataset,Strategy: threat; no real personal identifiers.
HIN-P-0234,आपके ऑर्डर की पुष्टि के दौरान एक भुगतान समस्या दर्ज हुई है। सुरक्षा टीम के नाम पर तुरंत प्रतिक्रिया देने का निर्देश दिया गया है।,Hindi,Devanagari,Phishing,Shopping / E-commerce,,Generic numeric sender,Synthetic,Generated for PhishDetect India research dataset,Strategy: social engineering; no real personal identifiers.
HIN-P-0235,ऑनलाइन खरीदारी के लिए रिफंड प्रक्रिया में अतिरिक्त पुष्टि मांगी गई है। निर्देशित पेज पर जाकर अनुरोधित details दर्ज करने को कहा गया है। संदर्भ: [ORDER_ID],Hindi,Devanagari + English code-switching,Phishing,Shopping / E-commerce,,Short code,Synthetic,Generated for PhishDetect India research dataset,Strategy: job lure; no real personal identifiers.
HIN-P-0236,"आपका ऑर्डर डिलीवरी से पहले खाते की समीक्षा में रखा गया है। लिंक से स्थिति जांचने और प्रक्रिया जारी रखने को कहा गया है। मांगी गई राशि ₹1,999 है।",Hindi,Devanagari,Phishing,Shopping / E-commerce,,Unknown sender,Synthetic,Generated for PhishDetect India research dataset,Strategy: delivery lure; no real personal identifiers.
HIN-P-0237,कृपया ध्यान दें — रिटर्न अनुरोध में बैंक विवरण की दोबारा पुष्टि मांगी गई है। अनुरोध को खुला रखने के लिए अभी कार्रवाई करने को कहा गया है।,Hindi,Devanagari,Phishing,Shopping / E-commerce,,Bank-like sender ID,Synthetic,Generated for PhishDetect India research dataset,Strategy: urgency; no real personal identifiers.
HIN-P-0238,सूचना: आपकी खरीदारी से जुड़ी राशि वापस करने के लिए कार्रवाई आवश्यक बताई गई है। सेवा सीमित होने से पहले खाते की पुष्टि करें।,Hindi,Romanized Hindi / Hinglish,Phishing,Shopping / E-commerce,,Telecom-like sender ID,Synthetic,Generated for PhishDetect India research dataset,Strategy: fear; no real personal identifiers.
HIN-P-0239,"एक ई-कॉमर्स सेवा ने आपके ऑर्डर को अस्थायी रूप से होल्ड किया है। यदि आपने यह गतिविधि शुरू नहीं की है, तो पहचान जांच पूरी करें।",Hindi,Devanagari,Phishing,Shopping / E-commerce,,Courier-like sender ID,Synthetic,Generated for PhishDetect India research dataset,Strategy: reward; no real personal identifiers.
HIN-P-0240,"आपके ऑर्डर की पुष्टि के दौरान एक भुगतान समस्या दर्ज हुई है। राशि/सेवा जारी करने के लिए खाते की details मांगी गई है। मांगी गई राशि ₹1,999 है। hxxp://secure-check.example/verify",Hindi,Devanagari + English code-switching,Phishing,Shopping / E-commerce,hxxp://secure-check.example/verify,Government-service-like sender ID,Synthetic,Generated for PhishDetect India research dataset,Strategy: refund; no real personal identifiers.
HIN-P-0241,ऑनलाइन खरीदारी के लिए रिफंड प्रक्रिया में अतिरिक्त पुष्टि मांगी गई है। अभी दिए गए सत्यापन चरण को पूरा करें। https://account-review.example/confirm,Hindi,Devanagari,Phishing,Shopping / E-commerce,https://account-review.example/confirm,Merchant-like sender ID,Synthetic,Generated for PhishDetect India research dataset,Strategy: curiosity; no real personal identifiers.
HIN-P-0242,आपका ऑर्डर डिलीवरी से पहले खाते की समीक्षा में रखा गया है। यह प्रक्रिया आज की समीक्षा विंडो बंद होने से पहले पूरी करनी होगी। संदर्भ: [TXN_ID] http://kyc-alert.example/update,Hindi,Devanagari,Phishing,Shopping / E-commerce,http://kyc-alert.example/update,Generic numeric sender,Synthetic,Generated for PhishDetect India research dataset,Strategy: authority impersonation; no real personal identifiers.
HIN-P-0243,सूचना: रिटर्न अनुरोध में बैंक विवरण की दोबारा पुष्टि मांगी गई है। विफल रहने पर अगली सेवा सुविधा रोकने की चेतावनी दी गई है। https://upi-support.example/resolve,Hindi,Devanagari,Phishing,Shopping / E-commerce,https://upi-support.example/resolve,Short code,Synthetic,Generated for PhishDetect India research dataset,Strategy: threat; no real personal identifiers.
HIN-P-0244,"आपकी खरीदारी से जुड़ी राशि वापस करने के लिए कार्रवाई आवश्यक बताई गई है। सुरक्षा टीम के नाम पर तुरंत प्रतिक्रिया देने का निर्देश दिया गया है। मांगी गई राशि ₹1,999 है। https://parcel-status.example/address",Hindi,Devanagari,Phishing,Shopping / E-commerce,https://parcel-status.example/address,Unknown sender,Synthetic,Generated for PhishDetect India research dataset,Strategy: social engineering; no real personal identifiers.
HIN-P-0245,एक ई-कॉमर्स सेवा ने आपके ऑर्डर को अस्थायी रूप से होल्ड किया है। निर्देशित पेज पर जाकर अनुरोधित details दर्ज करने को कहा गया है। http://reward-center.example/claim,Hindi,Devanagari + English code-switching,Phishing,Shopping / E-commerce,http://reward-center.example/claim,Bank-like sender ID,Synthetic,Generated for PhishDetect India research dataset,Strategy: job lure; no real personal identifiers.
HIN-P-0246,"सूचना: आपके बिजली खाते में बकाया राशि के कारण सेवा समीक्षा की सूचना है। सेवा सीमित होने से पहले खाते की पुष्टि करें। मांगी गई राशि ₹5,000 है। https://job-selection.example/document",Hindi,Devanagari,Phishing,Electricity / Utility,https://job-selection.example/document,Telecom-like sender ID,Synthetic,Generated for PhishDetect India research dataset,Strategy: fear; no real personal identifiers.
HIN-P-0247,"बिजली कनेक्शन के लिए भुगतान पुष्टि लंबित बताई गई है। यदि आपने यह गतिविधि शुरू नहीं की है, तो पहचान जांच पूरी करें। https://card-security.example/review",Hindi,Devanagari,Phishing,Electricity / Utility,https://card-security.example/review,Courier-like sender ID,Synthetic,Generated for PhishDetect India research dataset,Strategy: reward; no real personal identifiers.
HIN-P-0248,आपके उपयोगिता बिल में एक अंतिम भुगतान सूचना दर्ज हुई है। राशि/सेवा जारी करने के लिए खाते की जानकारी मांगी गई है। http://utility-notice.example/pay,Hindi,Devanagari,Phishing,Electricity / Utility,http://utility-notice.example/pay,Government-service-like sender ID,Synthetic,Generated for PhishDetect India research dataset,Strategy: refund; no real personal identifiers.
HIN-P-0249,मीटर सेवा अनुरोध के लिए खाता सत्यापन मांगा गया है। अभी दिए गए सत्यापन चरण को पूरा करें। https://profile-access.example/recover आपके रिकॉर्ड में यह सूचना सुरक्षित रहेगी।,Hindi,Devanagari,Phishing,Electricity / Utility,https://profile-access.example/recover,Merchant-like sender ID,Synthetic,Generated for PhishDetect India research dataset,Strategy: curiosity; no real personal identifiers.
HIN-P-0250,"आपकी बिजली सेवा पर भुगतान से जुड़ी चेतावनी भेजी गई है। यह प्रक्रिया आज की समीक्षा विंडो बंद होने से पहले पूरी करनी होगी। मांगी गई राशि ₹5,000 है। hxxp://secure-check.example/verify",Hindi,Devanagari + English code-switching,Phishing,Electricity / Utility,hxxp://secure-check.example/verify,Generic numeric sender,Synthetic,Generated for PhishDetect India research dataset,Strategy: authority impersonation; no real personal identifiers.
HIN-P-0251,सूचना: उपयोगिता खाते की स्थिति अपडेट करने के लिए कार्रवाई बताई गई है। विफल रहने पर अगली सेवा सुविधा रोकने की चेतावनी दी गई है।,Hindi,Devanagari,Phishing,Electricity / Utility,,Short code,Synthetic,Generated for PhishDetect India research dataset,Strategy: threat; no real personal identifiers.
HIN-P-0252,आपके बिजली खाते में बकाया राशि के कारण सेवा समीक्षा की सूचना है। सुरक्षा टीम के नाम पर तुरंत प्रतिक्रिया देने का निर्देश दिया गया है।,Hindi,Devanagari,Phishing,Electricity / Utility,,Unknown sender,Synthetic,Generated for PhishDetect India research dataset,Strategy: social engineering; no real personal identifiers.
HIN-P-0253,बिजली कनेक्शन के लिए भुगतान पुष्टि लंबित बताई गई है। निर्देशित पेज पर जाकर अनुरोधित जानकारी दर्ज करने को कहा गया है। संदर्भ: [REF_ID],Hindi,Devanagari,Phishing,Electricity / Utility,,Bank-like sender ID,Synthetic,Generated for PhishDetect India research dataset,Strategy: job lure; no real personal identifiers.
HIN-P-0254,"आपके उपयोगिता बिल में एक अंतिम भुगतान सूचना दर्ज हुई है। लिंक से स्थिति जांचने और प्रक्रिया जारी रखने को कहा गया है। मांगी गई राशि ₹5,000 है।",Hindi,Devanagari,Phishing,Electricity / Utility,,Telecom-like sender ID,Synthetic,Generated for PhishDetect India research dataset,Strategy: delivery lure; no real personal identifiers.
HIN-P-0255,Kripya ध्यान दें — मीटर सेवा अनुरोध के लिए account verification मांगा गया है। अनुरोध को खुला रखने के लिए अभी कार्रवाई करने को कहा गया है।,Hindi,Romanized Hindi / Hinglish,Phishing,Electricity / Utility,,Courier-like sender ID,Synthetic,Generated for PhishDetect India research dataset,Strategy: urgency; no real personal identifiers.
HIN-P-0256,सूचना: आपकी बिजली सेवा पर भुगतान से जुड़ी चेतावनी भेजी गई है। सेवा सीमित होने से पहले खाते की पुष्टि करें।,Hindi,Devanagari,Phishing,Electricity / Utility,,Government-service-like sender ID,Synthetic,Generated for PhishDetect India research dataset,Strategy: fear; no real personal identifiers.
HIN-P-0257,"उपयोगिता खाते की स्थिति अपडेट करने के लिए कार्रवाई बताई गई है। यदि आपने यह गतिविधि शुरू नहीं की है, तो पहचान जांच पूरी करें।",Hindi,Devanagari,Phishing,Electricity / Utility,,Merchant-like sender ID,Synthetic,Generated for PhishDetect India research dataset,Strategy: reward; no real personal identifiers.
HIN-P-0258,"आपके बिजली खाते में बकाया राशि के कारण सेवा समीक्षा की सूचना है। राशि/सेवा जारी करने के लिए खाते की जानकारी मांगी गई है। मांगी गई राशि ₹5,000 है।",Hindi,Devanagari,Phishing,Electricity / Utility,,Generic numeric sender,Synthetic,Generated for PhishDetect India research dataset,Strategy: refund; no real personal identifiers.
HIN-P-0259,बिजली कनेक्शन के लिए भुगतान पुष्टि लंबित बताई गई है। अभी दिए गए सत्यापन चरण को पूरा करें। आपके रिकॉर्ड में यह सूचना सुरक्षित रहेगी।,Hindi,Devanagari,Phishing,Electricity / Utility,,Short code,Synthetic,Generated for PhishDetect India research dataset,Strategy: curiosity; no real personal identifiers.
HIN-P-0260,"सूचना: आपके मोबाइल नंबर की सेवा प्रोफाइल में KYC समीक्षा लंबित है। यह प्रक्रिया आज की समीक्षा विंडो बंद होने से पहले पूरी करनी होगी। मांगी गई राशि ₹1,999 है। hxxp://secure-check.example/verify",Hindi,Devanagari + English code-switching,Phishing,SIM / Telecom,hxxp://secure-check.example/verify,Unknown sender,Synthetic,Generated for PhishDetect India research dataset,Strategy: refund; no real personal identifiers.
HIN-P-0261,SIM सेवा के लिए पहचान पुनः पुष्टि की आवश्यकता बताई गई है। विफल रहने पर अगली सेवा सुविधा रोकने की चेतावनी दी गई है। https://account-review.example/confirm,Hindi,Devanagari,Phishing,SIM / Telecom,https://account-review.example/confirm,Bank-like sender ID,Synthetic,Generated for PhishDetect India research dataset,Strategy: curiosity; no real personal identifiers.
HIN-P-0262,आपके नंबर पर नेटवर्क सेवा समीक्षा का अलर्ट आया है। सुरक्षा टीम के नाम पर तुरंत प्रतिक्रिया देने का निर्देश दिया गया है। http://kyc-alert.example/update,Hindi,Devanagari,Phishing,SIM / Telecom,http://kyc-alert.example/update,Telecom-like sender ID,Synthetic,Generated for PhishDetect India research dataset,Strategy: authority impersonation; no real personal identifiers.
HIN-P-0263,मोबाइल खाते में एक सुरक्षा बदलाव दर्ज हुआ है। निर्देशित पेज पर जाकर अनुरोधित जानकारी दर्ज करने को कहा गया है। https://upi-support.example/resolve,Hindi,Devanagari,Phishing,SIM / Telecom,https://upi-support.example/resolve,Courier-like sender ID,Synthetic,Generated for PhishDetect India research dataset,Strategy: threat; no real personal identifiers.
HIN-P-0264,"आपकी टेलीकॉम प्रोफाइल की समय-सीमा समाप्त होने वाली है। लिंक से स्थिति जांचने और प्रक्रिया जारी रखने को कहा गया है। मांगी गई राशि ₹1,999 है। https://parcel-status.example/address",Hindi,Devanagari,Phishing,SIM / Telecom,https://parcel-status.example/address,Government-service-like sender ID,Synthetic,Generated for PhishDetect India research dataset,Strategy: social engineering; no real personal identifiers.
HIN-P-0265,सूचना: रीचार्ज सेवा को दोबारा सक्रिय करने के लिए account जांच मांगी गई है। अनुरोध को खुला रखने के लिए अभी कार्रवाई करने को कहा गया है। http://reward-center.example/claim,Hindi,Devanagari + English code-switching,Phishing,SIM / Telecom,http://reward-center.example/claim,Merchant-like sender ID,Synthetic,Generated for PhishDetect India research dataset,Strategy: job lure; no real personal identifiers.
HIN-P-0266,आपके मोबाइल नंबर की सेवा प्रोफाइल में KYC समीक्षा लंबित है। सेवा सीमित होने से पहले खाते की पुष्टि करें। https://job-selection.example/document,Hindi,Devanagari,Phishing,SIM / Telecom,https://job-selection.example/document,Generic numeric sender,Synthetic,Generated for PhishDetect India research dataset,Strategy: delivery lure; no real personal identifiers.
HIN-P-0267,"SIM सेवा के लिए पहचान पुनः पुष्टि की आवश्यकता बताई गई है। यदि आपने यह गतिविधि शुरू नहीं की है, तो पहचान जांच पूरी करें। संदर्भ: [APPLICATION_ID] https://card-security.example/review",Hindi,Devanagari,Phishing,SIM / Telecom,https://card-security.example/review,Short code,Synthetic,Generated for PhishDetect India research dataset,Strategy: urgency; no real personal identifiers.
HIN-P-0268,"आपके नंबर पर नेटवर्क सेवा समीक्षा का अलर्ट आया है। राशि/सेवा जारी करने के लिए खाते की जानकारी मांगी गई है। मांगी गई राशि ₹1,999 है। http://utility-notice.example/pay",Hindi,Devanagari,Phishing,SIM / Telecom,http://utility-notice.example/pay,Unknown sender,Synthetic,Generated for PhishDetect India research dataset,Strategy: fear; no real personal identifiers.
HIN-P-0269,कृपया ध्यान दें — मोबाइल खाते में एक सुरक्षा बदलाव दर्ज हुआ है। अभी दिए गए सत्यापन चरण को पूरा करें। https://profile-access.example/recover,Hindi,Devanagari,Phishing,SIM / Telecom,https://profile-access.example/recover,Bank-like sender ID,Synthetic,Generated for PhishDetect India research dataset,Strategy: reward; no real personal identifiers.
HIN-P-0270,सूचना: आपकी टेलीकॉम प्रोफाइल की समय-सीमा समाप्त होने वाली है। यह प्रक्रिया आज की समीक्षा विंडो बंद होने से पहले पूरी करनी होगी। hxxp://secure-check.example/verify,Hindi,Devanagari + English code-switching,Phishing,SIM / Telecom,hxxp://secure-check.example/verify,Telecom-like sender ID,Synthetic,Generated for PhishDetect India research dataset,Strategy: refund; no real personal identifiers.
HIN-P-0271,रीचार्ज सेवा को दोबारा सक्रिय करने के लिए खाता जांच मांगी गई है। विफल रहने पर अगली सेवा सुविधा रोकने की चेतावनी दी गई है।,Hindi,Devanagari,Phishing,SIM / Telecom,,Courier-like sender ID,Synthetic,Generated for PhishDetect India research dataset,Strategy: curiosity; no real personal identifiers.
HIN-P-0272,"आपके मोबाइल नंबर की सेवा प्रोफाइल में KYC समीक्षा लंबित है। सुरक्षा टीम के नाम पर turant प्रतिक्रिया देने का निर्देश दिया गया है। मांगी गई राशि ₹1,999 है।",Hindi,Romanized Hindi / Hinglish,Phishing,SIM / Telecom,,Government-service-like sender ID,Synthetic,Generated for PhishDetect India research dataset,Strategy: authority impersonation; no real personal identifiers.
HIN-P-0273,SIM सेवा के लिए पहचान पुनः पुष्टि की आवश्यकता बताई गई है। निर्देशित पेज पर जाकर अनुरोधित जानकारी दर्ज करने को कहा गया है।,Hindi,Devanagari,Phishing,SIM / Telecom,,Merchant-like sender ID,Synthetic,Generated for PhishDetect India research dataset,Strategy: threat; no real personal identifiers.
HIN-P-0274,सूचना: आपकी बीमा पॉलिसी की प्रोफाइल समीक्षा लंबित बताई गई है। सुरक्षा टीम के नाम पर तुरंत प्रतिक्रिया देने का निर्देश दिया गया है। मांगी गई राशि ₹850 है।,Hindi,Devanagari,Phishing,Insurance,,Generic numeric sender,Synthetic,Generated for PhishDetect India research dataset,Strategy: delivery lure; no real personal identifiers.
HIN-P-0275,बीमा दावा प्रक्रिया में दस्तावेज पुष्टि की जरूरत बताई गई है। निर्देशित पेज पर जाकर अनुरोधित details दर्ज करने को कहा गया है।,Hindi,Devanagari + English code-switching,Phishing,Insurance,,Short code,Synthetic,Generated for PhishDetect India research dataset,Strategy: urgency; no real personal identifiers.
HIN-P-0276,आपकी पॉलिसी पर एक रिफंड/प्रीमियम समायोजन लंबित होने की सूचना है। लिंक से स्थिति जांचने और प्रक्रिया जारी रखने को कहा गया है।,Hindi,Devanagari,Phishing,Insurance,,Unknown sender,Synthetic,Generated for PhishDetect India research dataset,Strategy: fear; no real personal identifiers.
HIN-P-0277,बीमा सेवा ने पहचान विवरण दोबारा जमा करने को कहा है। अनुरोध को खुला रखने के लिए अभी कार्रवाई करने को कहा गया है।,Hindi,Devanagari,Phishing,Insurance,,Bank-like sender ID,Synthetic,Generated for PhishDetect India research dataset,Strategy: reward; no real personal identifiers.
HIN-P-0278,आपके दावे की अगली प्रक्रिया ऑनलाइन सत्यापन पर निर्भर बताई गई है। सेवा सीमित होने से पहले खाते की पुष्टि करें। मांगी गई राशि ₹850 है।,Hindi,Devanagari,Phishing,Insurance,,Telecom-like sender ID,Synthetic,Generated for PhishDetect India research dataset,Strategy: refund; no real personal identifiers.
HIN-P-0279,"सूचना: पॉलिसी नवीनीकरण के लिए एक अतिरिक्त पुष्टि मांगी गई है। यदि आपने यह गतिविधि शुरू नहीं की है, तो पहचान जांच पूरी करें।",Hindi,Devanagari,Phishing,Insurance,,Courier-like sender ID,Synthetic,Generated for PhishDetect India research dataset,Strategy: curiosity; no real personal identifiers.
HIN-P-0280,आपकी बीमा पॉलिसी की प्रोफाइल समीक्षा लंबित बताई गई है। राशि/सेवा जारी करने के लिए खाते की details मांगी गई है। hxxp://secure-check.example/verify,Hindi,Devanagari + English code-switching,Phishing,Insurance,hxxp://secure-check.example/verify,Government-service-like sender ID,Synthetic,Generated for PhishDetect India research dataset,Strategy: authority impersonation; no real personal identifiers.
HIN-P-0281,बीमा दावा प्रक्रिया में दस्तावेज पुष्टि की जरूरत बताई गई है। अभी दिए गए सत्यापन चरण को पूरा करें। संदर्भ: [CASE_ID] https://account-review.example/confirm,Hindi,Devanagari,Phishing,Insurance,https://account-review.example/confirm,Merchant-like sender ID,Synthetic,Generated for PhishDetect India research dataset,Strategy: threat; no real personal identifiers.
HIN-P-0282,आपकी पॉलिसी पर एक रिफंड/प्रीमियम समायोजन लंबित होने की सूचना है। यह प्रक्रिया आज की समीक्षा विंडो बंद होने से पहले पूरी करनी होगी। मांगी गई राशि ₹850 है। http://kyc-alert.example/update,Hindi,Devanagari,Phishing,Insurance,http://kyc-alert.example/update,Generic numeric sender,Synthetic,Generated for PhishDetect India research dataset,Strategy: social engineering; no real personal identifiers.
HIN-P-0283,"सूचना: आपके निवेश खाते में एक सुरक्षा समीक्षा शुरू होने की सूचना है। अभी दिए गए सत्यापन चरण को पूरा करें। मांगी गई राशि ₹1,240 है। https://upi-support.example/resolve",Hindi,Devanagari,Phishing,Investment / Trading,https://upi-support.example/resolve,Short code,Synthetic,Generated for PhishDetect India research dataset,Strategy: urgency; no real personal identifiers.
HIN-P-0284,ट्रेडिंग प्रोफाइल में एक नया अनुरोध लंबित दिखाया गया है। यह प्रक्रिया आज की समीक्षा विंडो बंद होने से पहले पूरी करनी होगी। https://parcel-status.example/address,Hindi,Devanagari,Phishing,Investment / Trading,https://parcel-status.example/address,Unknown sender,Synthetic,Generated for PhishDetect India research dataset,Strategy: fear; no real personal identifiers.
HIN-P-0285,आपके निवेश खाते की पहचान जांच दोबारा करने को कहा गया है। विफल रहने पर अगली सेवा सुविधा रोकने की चेतावनी दी गई है। http://reward-center.example/claim,Hindi,Devanagari + English code-switching,Phishing,Investment / Trading,http://reward-center.example/claim,Bank-like sender ID,Synthetic,Generated for PhishDetect India research dataset,Strategy: reward; no real personal identifiers.
HIN-P-0286,एक विशेष ट्रेडिंग अवसर आपके खाते से जुड़ा होने की सूचना है। सुरक्षा टीम के नाम पर तुरंत प्रतिक्रिया देने का निर्देश दिया गया है। https://job-selection.example/document,Hindi,Devanagari,Phishing,Investment / Trading,https://job-selection.example/document,Telecom-like sender ID,Synthetic,Generated for PhishDetect India research dataset,Strategy: refund; no real personal identifiers.
HIN-P-0287,"आपके निवेश रिफंड को जारी करने के लिए खाता पुष्टि मांगी गई है। निर्देशित पेज पर जाकर अनुरोधित जानकारी दर्ज करने को कहा गया है। मांगी गई राशि ₹1,240 है। https://card-security.example/review",Hindi,Devanagari,Phishing,Investment / Trading,https://card-security.example/review,Courier-like sender ID,Synthetic,Generated for PhishDetect India research dataset,Strategy: curiosity; no real personal identifiers.
HIN-P-0288,सूचना: ट्रेडिंग सेवा ने प्रोफाइल सक्रिय रखने के लिए कार्रवाई बताई है। लिंक से स्थिति जांचने और प्रक्रिया जारी रखने को कहा गया है। http://utility-notice.example/pay,Hindi,Devanagari,Phishing,Investment / Trading,http://utility-notice.example/pay,Government-service-like sender ID,Synthetic,Generated for PhishDetect India research dataset,Strategy: authority impersonation; no real personal identifiers.
HIN-P-0289,आपके निवेश खाते में एक सुरक्षा समीक्षा शुरू होने की सूचना है। अनुरोध को खुला रखने के लिए अभी कार्रवाई करने को कहा गया है। https://profile-access.example/recover,Hindi,Romanized Hindi / Hinglish,Phishing,Investment / Trading,https://profile-access.example/recover,Merchant-like sender ID,Synthetic,Generated for PhishDetect India research dataset,Strategy: threat; no real personal identifiers.
HIN-P-0290,ट्रेडिंग प्रोफाइल में एक नया अनुरोध लंबित दिखाया गया है। सेवा सीमित होने से पहले खाते की पुष्टि करें। संदर्भ: [ORDER_ID] hxxp://secure-check.example/verify,Hindi,Devanagari + English code-switching,Phishing,Investment / Trading,hxxp://secure-check.example/verify,Generic numeric sender,Synthetic,Generated for PhishDetect India research dataset,Strategy: social engineering; no real personal identifiers.
HIN-P-0291,"आपके निवेश खाते की पहचान जांच दोबारा करने को कहा गया है। यदि आपने यह गतिविधि शुरू नहीं की है, तो पहचान जांच पूरी करें। मांगी गई राशि ₹1,240 है।",Hindi,Devanagari,Phishing,Investment / Trading,,Short code,Synthetic,Generated for PhishDetect India research dataset,Strategy: job lure; no real personal identifiers.
HIN-P-0292,"सूचना: आपके सोशल प्रोफाइल में एक नए डिवाइस से प्रवेश दर्ज हुआ है। सेवा सीमित होने से पहले खाते की पुष्टि करें। मांगी गई राशि ₹1,999 है।",Hindi,Devanagari,Phishing,Social Media / Account Takeover,,Unknown sender,Synthetic,Generated for PhishDetect India research dataset,Strategy: fear; no real personal identifiers.
HIN-P-0293,"आपके खाते की सुरक्षा सेटिंग में बदलाव की सूचना मिली है। यदि आपने यह गतिविधि शुरू नहीं की है, तो पहचान जांच पूरी करें।",Hindi,Devanagari,Phishing,Social Media / Account Takeover,,Bank-like sender ID,Synthetic,Generated for PhishDetect India research dataset,Strategy: reward; no real personal identifiers.
HIN-P-0294,एक नया लॉगिन सत्र आपके प्रोफाइल से जुड़ा दिखाई दिया है। राशि/सेवा जारी करने के लिए खाते की जानकारी मांगी गई है।,Hindi,Devanagari,Phishing,Social Media / Account Takeover,,Telecom-like sender ID,Synthetic,Generated for PhishDetect India research dataset,Strategy: refund; no real personal identifiers.
HIN-P-0295,account पुनर्प्राप्ति अनुरोध आपके नंबर से शुरू होने की सूचना है। अभी दिए गए verification चरण को पूरा करें। सेवा अनुरोध की स्थिति बाद में भी देखी जा सकती है।,Hindi,Devanagari + English code-switching,Phishing,Social Media / Account Takeover,,Courier-like sender ID,Synthetic,Generated for PhishDetect India research dataset,Strategy: curiosity; no real personal identifiers.
HIN-P-0296,"आपके प्रोफाइल पर संदिग्ध गतिविधि की सुरक्षा सूचना आई है। यह प्रक्रिया आज की समीक्षा विंडो बंद होने से पहले पूरी करनी होगी। मांगी गई राशि ₹1,999 है।",Hindi,Devanagari,Phishing,Social Media / Account Takeover,,Government-service-like sender ID,Synthetic,Generated for PhishDetect India research dataset,Strategy: authority impersonation; no real personal identifiers.
HIN-P-0297,सूचना: सोशल खाते की पहचान पुष्टि लंबित बताई गई है। विफल रहने पर अगली सेवा सुविधा रोकने की चेतावनी दी गई है।,Hindi,Devanagari,Phishing,Social Media / Account Takeover,,Merchant-like sender ID,Synthetic,Generated for PhishDetect India research dataset,Strategy: threat; no real personal identifiers.
HIN-P-0298,आपके सोशल प्रोफाइल में एक नए डिवाइस से प्रवेश दर्ज हुआ है। सुरक्षा टीम के नाम पर तुरंत प्रतिक्रिया देने का निर्देश दिया गया है।,Hindi,Devanagari,Phishing,Social Media / Account Takeover,,Generic numeric sender,Synthetic,Generated for PhishDetect India research dataset,Strategy: social engineering; no real personal identifiers.
HIN-P-0299,आपके खाते की सुरक्षा सेटिंग में बदलाव की सूचना मिली है। निर्देशित पेज पर जाकर अनुरोधित जानकारी दर्ज करने को कहा गया है। संदर्भ: [TXN_ID],Hindi,Devanagari,Phishing,Social Media / Account Takeover,,Short code,Synthetic,Generated for PhishDetect India research dataset,Strategy: job lure; no real personal identifiers.
HIN-P-0300,"एक नया लॉगिन सत्र आपके प्रोफाइल से जुड़ा दिखाई दिया है। लिंक से स्थिति जांचने और प्रक्रिया जारी रखने को कहा गया है। मांगी गई राशि ₹1,999 है। hxxp://secure-check.example/verify",Hindi,Devanagari + English code-switching,Phishing,Social Media / Account Takeover,hxxp://secure-check.example/verify,Unknown sender,Synthetic,Generated for PhishDetect India research dataset,Strategy: delivery lure; no real personal identifiers.
HIN-L-0301,अपडेट: आपका बैंक प्रोफाइल अपडेट अनुरोध दर्ज हो गया है। संदर्भ संख्या [REF_ID] है। https://portal.example/status संदर्भ उपलब्ध होने पर उसे सुरक्षित रखें।,Hindi,Devanagari,Legitimate,Banking / KYC,https://portal.example/status,Short code,Synthetic,Generated for PhishDetect India research dataset,Hard-negative/transactional example; no real personal identifiers.
HIN-L-0302,मासिक स्टेटमेंट आपके बैंक के आधिकारिक ऐप में उपलब्ध है। https://service.example/receipt अधिक जानकारी के लिए आधिकारिक सेवा चैनल देखें।,Hindi,Devanagari,Legitimate,Banking / KYC,https://service.example/receipt,Unknown sender,Synthetic,Generated for PhishDetect India research dataset,Hard-negative/transactional example; no real personal identifiers.
HIN-L-0303,आपके पते में बदलाव का अनुरोध प्राप्त हो गया है और समीक्षा में है। किसी अनजान नंबर पर प्रतिक्रिया न दें।,Hindi,Devanagari,Legitimate,Banking / KYC,,Bank-like sender ID,Synthetic,Generated for PhishDetect India research dataset,Hard-negative/transactional example; no real personal identifiers.
HIN-L-0304,नई चेकबुक का अनुरोध सफलतापूर्वक दर्ज किया गया है। आपके रिकॉर्ड में यह सूचना सुरक्षित रहेगी।,Hindi,Devanagari,Legitimate,Banking / KYC,,Telecom-like sender ID,Synthetic,Generated for PhishDetect India research dataset,Hard-negative/transactional example; no real personal identifiers.
HIN-L-0305,आपके खाते में नामांकन संबंधी अनुरोध दर्ज हो गया है। सेवा अनुरोध की स्थिति बाद में भी देखी जा सकती है।,Hindi,Devanagari,Legitimate,Banking / KYC,,Courier-like sender ID,Synthetic,Generated for PhishDetect India research dataset,Hard-negative/transactional example; no real personal identifiers.
HIN-L-0306,बैंक शाखा में आपकी सेवा अपॉइंटमेंट [DATE] को [TIME] पर है। संदर्भ उपलब्ध होने पर उसे सुरक्षित रखें।,Hindi,Devanagari + English code-switching,Legitimate,Banking / KYC,,Government-service-like sender ID,Synthetic,Generated for PhishDetect India research dataset,Hard-negative/transactional example; no real personal identifiers.
HIN-L-0307,अपडेट: आपके डेबिट कार्ड के लिए डिलीवरी अनुरोध स्वीकार किया गया है। अधिक जानकारी के लिए आधिकारिक सेवा चैनल देखें।,Hindi,Devanagari,Legitimate,Banking / KYC,,Merchant-like sender ID,Synthetic,Generated for PhishDetect India research dataset,Hard-negative/transactional example; no real personal identifiers.
HIN-L-0308,आपके बैंक सेवा टिकट [REF_ID] को बंद कर दिया गया है। किसी अनजान नंबर पर प्रतिक्रिया न दें।,Hindi,Devanagari,Legitimate,Banking / KYC,,Generic numeric sender,Synthetic,Generated for PhishDetect India research dataset,Hard-negative/transactional example; no real personal identifiers.
HIN-L-0309,खाते की जानकारी में किया गया आपका अपडेट सफलतापूर्वक सेव हो गया है। धन्यवाद। आपके रिकॉर्ड में यह सूचना सुरक्षित रहेगी।,Hindi,Devanagari,Legitimate,Banking / KYC,,Short code,Synthetic,Generated for PhishDetect India research dataset,Hard-negative/transactional example; no real personal identifiers.
HIN-L-0310,आपकी बैंक स्टेटमेंट अवधि की जानकारी आधिकारिक चैनल पर उपलब्ध है। https://service.example/receipt सेवा अनुरोध की स्थिति बाद में भी देखी जा सकती है।,Hindi,Devanagari,Legitimate,Banking / KYC,https://service.example/receipt,Unknown sender,Synthetic,Generated for PhishDetect India research dataset,Hard-negative/transactional example; no real personal identifiers.
HIN-L-0311,आपका बैंक प्रोफाइल अपडेट अनुरोध दर्ज हो गया है। संदर्भ संख्या [REF_ID] है। https://track.example/order संदर्भ उपलब्ध होने पर उसे सुरक्षित रखें।,Hindi,Devanagari,Legitimate,Banking / KYC,https://track.example/order,Bank-like sender ID,Synthetic,Generated for PhishDetect India research dataset,Hard-negative/transactional example; no real personal identifiers.
HIN-L-0312,आपके अनुरोध के लिए सूचना: मासिक स्टेटमेंट आपके बैंक के आधिकारिक ऐप में उपलब्ध है। https://official.example/app अधिक जानकारी के लिए आधिकारिक सेवा चैनल देखें।,Hindi,Devanagari + English code-switching,Legitimate,Banking / KYC,https://official.example/app,Telecom-like sender ID,Synthetic,Generated for PhishDetect India research dataset,Hard-negative/transactional example; no real personal identifiers.
HIN-L-0313,अपडेट: आपके पते में बदलाव का अनुरोध प्राप्त हो गया है और समीक्षा में है। किसी अनजान नंबर पर प्रतिक्रिया न दें।,Hindi,Devanagari,Legitimate,Banking / KYC,,Courier-like sender ID,Synthetic,Generated for PhishDetect India research dataset,Hard-negative/transactional example; no real personal identifiers.
HIN-L-0314,नई चेकबुक का अनुरोध सफलतापूर्वक दर्ज किया गया है। यह सूचना आपके अनुरोध के संदर्भ में है. आपके रिकॉर्ड में यह सूचना सुरक्षित रहेगी।,Hindi,Devanagari,Legitimate,Banking / KYC,,Government-service-like sender ID,Synthetic,Generated for PhishDetect India research dataset,Hard-negative/transactional example; no real personal identifiers.
HIN-L-0315,आपके खाते में नामांकन संबंधी अनुरोध दर्ज हो गया है। सेवा स्थिति आपके आधिकारिक खाते में भी दिखाई दे सकती है.,Hindi,Devanagari,Legitimate,Banking / KYC,,Merchant-like sender ID,Synthetic,Generated for PhishDetect India research dataset,Hard-negative/transactional example; no real personal identifiers.
HIN-L-0316,बैंक शाखा में आपकी सेवा अपॉइंटमेंट [DATE] को [TIME] पर है। कृपया संदर्भ संख्या सुरक्षित रखें. संदर्भ उपलब्ध होने पर उसे सुरक्षित रखें।,Hindi,Devanagari,Legitimate,Banking / KYC,,Generic numeric sender,Synthetic,Generated for PhishDetect India research dataset,Hard-negative/transactional example; no real personal identifiers.
HIN-L-0317,आपके डेबिट कार्ड के लिए डिलीवरी अनुरोध स्वीकार किया गया है। धन्यवाद। अधिक जानकारी के लिए आधिकारिक सेवा चैनल देखें।,Hindi,Devanagari,Legitimate,Banking / KYC,,Short code,Synthetic,Generated for PhishDetect India research dataset,Hard-negative/transactional example; no real personal identifiers.
HIN-L-0318,आपके बैंक सेवा टिकट [REF_ID] को बंद कर दिया गया है। अनुरोध की स्थिति जांचने के लिए आधिकारिक चैनल का उपयोग करें.,Hindi,Devanagari + English code-switching,Legitimate,Banking / KYC,,Unknown sender,Synthetic,Generated for PhishDetect India research dataset,Hard-negative/transactional example; no real personal identifiers.
HIN-L-0319,अपडेट: खाते की जानकारी में किया गया आपका अपडेट सफलतापूर्वक सेव हो गया है। आपके रिकॉर्ड में यह सूचना सुरक्षित रहेगी।,Hindi,Devanagari,Legitimate,Banking / KYC,,Bank-like sender ID,Synthetic,Generated for PhishDetect India research dataset,Hard-negative/transactional example; no real personal identifiers.
HIN-L-0320,आपकी बैंक स्टेटमेंट अवधि की जानकारी आधिकारिक चैनल पर उपलब्ध है। https://official.example/app सेवा अनुरोध की स्थिति बाद में भी देखी जा सकती है।,Hindi,Romanized Hindi / Hinglish,Legitimate,Banking / KYC,https://official.example/app,Telecom-like sender ID,Synthetic,Generated for PhishDetect India research dataset,Hard-negative/transactional example; no real personal identifiers.
HIN-L-0321,आपका बैंक प्रोफाइल अपडेट अनुरोध दर्ज हो गया है। संदर्भ संख्या [REF_ID] है। https://portal.example/status संदर्भ उपलब्ध होने पर उसे सुरक्षित रखें।,Hindi,Devanagari,Legitimate,Banking / KYC,https://portal.example/status,Courier-like sender ID,Synthetic,Generated for PhishDetect India research dataset,Hard-negative/transactional example; no real personal identifiers.
HIN-L-0322,मासिक स्टेटमेंट आपके बैंक के आधिकारिक ऐप में उपलब्ध है। https://service.example/receipt यह सूचना आपके अनुरोध के संदर्भ में है. अधिक जानकारी के लिए आधिकारिक सेवा चैनल देखें।,Hindi,Devanagari,Legitimate,Banking / KYC,https://service.example/receipt,Government-service-like sender ID,Synthetic,Generated for PhishDetect India research dataset,Hard-negative/transactional example; no real personal identifiers.
HIN-L-0323,आपके अनुरोध के लिए सूचना: आपके पते में बदलाव का अनुरोध प्राप्त हो गया है और समीक्षा में है। किसी अनजान नंबर पर प्रतिक्रिया न दें।,Hindi,Devanagari,Legitimate,Banking / KYC,,Merchant-like sender ID,Synthetic,Generated for PhishDetect India research dataset,Hard-negative/transactional example; no real personal identifiers.
HIN-L-0324,नई चेकबुक का अनुरोध सफलतापूर्वक दर्ज किया गया है। कृपया संदर्भ संख्या सुरक्षित रखें. आपके रिकॉर्ड में यह सूचना सुरक्षित रहेगी।,Hindi,Devanagari + English code-switching,Legitimate,Banking / KYC,,Generic numeric sender,Synthetic,Generated for PhishDetect India research dataset,Hard-negative/transactional example; no real personal identifiers.
HIN-L-0325,"अपडेट: आपके खाते में नामांकन संबंधी अनुरोध दर्ज हो गया है। यह सूचना सेवा स्थिति और अगले चरण के संदर्भ में विवरण देती है। यदि कोई कार्रवाई आवश्यक हो, तो अपने बैंक, सेवा प्रदाता या सरकारी खाते में सीधे लॉगिन करके वही जानकारी जांचें। अनजान संपर्क माध्यम से संवेदनशील जानकारी साझा न करें। संदेश में दी गई राशि, समय और संदर्भ संख्या को अपने सामान्य लेनदेन रिकॉर्ड से मिलाया जा सकता है। किसी भुगतान, पहचान या खाते से जुड़ी कार्रवाई से पहले आधिकारिक ऐप या वेबसाइट पर स्वतंत्र रूप से स्थिति जांचना सुरक्षित तरीका है।",Hindi,Devanagari,Legitimate,Banking / KYC,,Short code,Synthetic,Generated for PhishDetect India research dataset,Hard-negative/transactional example; no real personal identifiers.
HIN-L-0326,बैंक शाखा में आपकी सेवा अपॉइंटमेंट [DATE] को [TIME] पर है। अनुरोध की स्थिति जांचने के लिए आधिकारिक चैनल का उपयोग करें.,Hindi,Devanagari,Legitimate,Banking / KYC,,Unknown sender,Synthetic,Generated for PhishDetect India research dataset,Hard-negative/transactional example; no real personal identifiers.
HIN-L-0327,"आपके डेबिट कार्ड के लिए डिलीवरी अनुरोध स्वीकार किया गया है। यदि यह सूचना किसी खाते, ऑर्डर या सेवा अनुरोध से संबंधित है, तो संबंधित आधिकारिक चैनल में लॉगिन करके अनुरोध की वास्तविक स्थिति देखें। अलग से प्राप्त फोन नंबर, लिंक या भुगतान निर्देशों पर निर्भर रहने के बजाय आधिकारिक सहायता माध्यम का उपयोग करें। यह संदेश किसी सेवा घटना, भुगतान, आवेदन या सुरक्षा स्थिति का संदर्भ दे सकता है। संवेदनशील विवरण साझा करने से पहले संबंधित संस्था के आधिकारिक पोर्टल, ऐप या ग्राहक सेवा से जानकारी सत्यापित करें और अनपेक्षित संपर्क को अलग से जांचें।",Hindi,Devanagari,Legitimate,Banking / KYC,,Bank-like sender ID,Synthetic,Generated for PhishDetect India research dataset,Hard-negative/transactional example; no real personal identifiers.
HIN-L-0328,आपके बैंक सेवा टिकट [REF_ID] को बंद कर दिया गया है। इस सूचना को रिकॉर्ड के लिए सुरक्षित रख सकते हैं.,Hindi,Devanagari,Legitimate,Banking / KYC,,Telecom-like sender ID,Synthetic,Generated for PhishDetect India research dataset,Hard-negative/transactional example; no real personal identifiers.
HIN-L-0329,"खाते की जानकारी में किया गया आपका अपडेट सफलतापूर्वक सेव हो गया है। यह सूचना सेवा स्थिति और अगले चरण के संदर्भ में विवरण देती है। यदि कोई कार्रवाई आवश्यक हो, तो अपने बैंक, सेवा प्रदाता या सरकारी खाते में सीधे लॉगिन करके वही जानकारी जांचें। अनजान संपर्क माध्यम से संवेदनशील जानकारी साझा न करें। संदेश में दी गई राशि, समय और संदर्भ संख्या को अपने सामान्य लेनदेन रिकॉर्ड से मिलाया जा सकता है। किसी भुगतान, पहचान या खाते से जुड़ी कार्रवाई से पहले आधिकारिक ऐप या वेबसाइट पर स्वतंत्र रूप से स्थिति जांचना सुरक्षित तरीका है।",Hindi,Devanagari,Legitimate,Banking / KYC,,Courier-like sender ID,Synthetic,Generated for PhishDetect India research dataset,Hard-negative/transactional example; no real personal identifiers.
HIN-L-0330,आपकी बैंक स्टेटमेंट अवधि की जानकारी आधिकारिक चैनल पर उपलब्ध है। https://service.example/receipt यह सूचना आपके अनुरोध के संदर्भ में है.,Hindi,Devanagari + English code-switching,Legitimate,Banking / KYC,https://service.example/receipt,Government-service-like sender ID,Synthetic,Generated for PhishDetect India research dataset,Hard-negative/transactional example; no real personal identifiers.
HIN-L-0331,"अपडेट: आपका बैंक प्रोफाइल अपडेट अनुरोध दर्ज हो गया है। संदर्भ संख्या [REF_ID] है। https://track.example/order यदि यह सूचना किसी खाते, ऑर्डर या सेवा अनुरोध से संबंधित है, तो संबंधित आधिकारिक चैनल में लॉगिन करके अनुरोध की वास्तविक स्थिति देखें। अलग से प्राप्त फोन नंबर, लिंक या भुगतान निर्देशों पर निर्भर रहने के बजाय आधिकारिक सहायता माध्यम का उपयोग करें। यह संदेश किसी सेवा घटना, भुगतान, आवेदन या सुरक्षा स्थिति का संदर्भ दे सकता है। संवेदनशील विवरण साझा करने से पहले संबंधित संस्था के आधिकारिक पोर्टल, ऐप या ग्राहक सेवा से जानकारी सत्यापित करें और अनपेक्षित संपर्क को अलग से जांचें।",Hindi,Devanagari,Legitimate,Banking / KYC,https://track.example/order,Merchant-like sender ID,Synthetic,Generated for PhishDetect India research dataset,Hard-negative/transactional example; no real personal identifiers.
HIN-L-0332,"मासिक स्टेटमेंट आपके बैंक के आधिकारिक ऐप में उपलब्ध है। https://official.example/app यह संदेश किसी सेवा घटना, भुगतान, आवेदन या सुरक्षा स्थिति का संदर्भ दे सकता है। संवेदनशील विवरण साझा करने से पहले संबंधित संस्था के आधिकारिक पोर्टल, ऐप या ग्राहक सेवा से जानकारी सत्यापित करें और अनपेक्षित संपर्क को अलग से जांचें। यह सूचना सेवा स्थिति और अगले चरण के संदर्भ में विवरण देती है। यदि कोई कार्रवाई आवश्यक हो, तो अपने बैंक, सेवा प्रदाता या सरकारी खाते में सीधे लॉगिन करके वही जानकारी जांचें। अनजान संपर्क माध्यम से संवेदनशील जानकारी साझा न करें।",Hindi,Devanagari,Legitimate,Banking / KYC,https://official.example/app,Generic numeric sender,Synthetic,Generated for PhishDetect India research dataset,Hard-negative/transactional example; no real personal identifiers.
HIN-L-0333,"आपके पते में बदलाव का अनुरोध प्राप्त हो गया है और समीक्षा में है। धन्यवाद। यह सूचना सेवा स्थिति और अगले चरण के संदर्भ में विवरण देती है। यदि कोई कार्रवाई आवश्यक हो, तो अपने बैंक, सेवा प्रदाता या सरकारी खाते में सीधे लॉगिन करके वही जानकारी जांचें। अनजान संपर्क माध्यम से संवेदनशील जानकारी साझा न करें। संदेश में दी गई राशि, समय और संदर्भ संख्या को अपने सामान्य लेनदेन रिकॉर्ड से मिलाया जा सकता है। किसी भुगतान, पहचान या खाते से जुड़ी कार्रवाई से पहले आधिकारिक ऐप या वेबसाइट पर स्वतंत्र रूप से स्थिति जांचना सुरक्षित तरीका है।",Hindi,Devanagari,Legitimate,Banking / KYC,,Short code,Synthetic,Generated for PhishDetect India research dataset,Hard-negative/transactional example; no real personal identifiers.
HIN-L-0334,"आपके अनुरोध के लिए सूचना: नई चेकबुक का अनुरोध सफलतापूर्वक दर्ज किया गया है। संदेश में दी गई राशि, समय और संदर्भ संख्या को अपने सामान्य लेनदेन रिकॉर्ड से मिलाया जा सकता है। किसी भुगतान, पहचान या खाते से जुड़ी कार्रवाई से पहले आधिकारिक ऐप या वेबसाइट पर स्वतंत्र रूप से स्थिति जांचना सुरक्षित तरीका है। यदि यह सूचना किसी खाते, ऑर्डर या सेवा अनुरोध से संबंधित है, तो संबंधित आधिकारिक चैनल में लॉगिन करके अनुरोध की वास्तविक स्थिति देखें। अलग से प्राप्त फोन नंबर, लिंक या भुगतान निर्देशों पर निर्भर रहने के बजाय आधिकारिक सहायता माध्यम का उपयोग करें।",Hindi,Devanagari,Legitimate,Banking / KYC,,Unknown sender,Synthetic,Generated for PhishDetect India research dataset,Hard-negative/transactional example; no real personal identifiers.
HIN-L-0335,"आपके खाते में नामांकन संबंधी अनुरोध दर्ज हो गया है। ग्राहक सेवा विवरण आपके खाते में उपलब्ध है. यदि यह सूचना किसी खाते, ऑर्डर या सेवा अनुरोध से संबंधित है, तो संबंधित आधिकारिक चैनल में लॉगिन करके अनुरोध की वास्तविक स्थिति देखें। अलग से प्राप्त फोन नंबर, लिंक या भुगतान निर्देशों पर निर्भर रहने के बजाय आधिकारिक सहायता माध्यम का उपयोग करें। यह संदेश किसी सेवा घटना, भुगतान, आवेदन या सुरक्षा स्थिति का संदर्भ दे सकता है। संवेदनशील विवरण साझा करने से पहले संबंधित संस्था के आधिकारिक पोर्टल, ऐप या ग्राहक सेवा से जानकारी सत्यापित करें और अनपेक्षित संपर्क को अलग से जांचें।",Hindi,Devanagari,Legitimate,Banking / KYC,,Bank-like sender ID,Synthetic,Generated for PhishDetect India research dataset,Hard-negative/transactional example; no real personal identifiers.
HIN-L-0336,बैंक शाखा में आपकी सेवा अपॉइंटमेंट [DATE] को [TIME] पर है। इस सूचना को रिकॉर्ड के लिए सुरक्षित रख सकते हैं.,Hindi,Devanagari + English code-switching,Legitimate,Banking / KYC,,Telecom-like sender ID,Synthetic,Generated for PhishDetect India research dataset,Hard-negative/transactional example; no real personal identifiers.
HIN-L-0337,"अपडेट: आपका UPI भुगतान ₹850 का XYZ को सफलतापूर्वक पूरा हुआ। ट्रांजैक्शन [TXN_ID] है। यह सूचना सेवा स्थिति और अगले चरण के संदर्भ में विवरण देती है। यदि कोई कार्रवाई आवश्यक हो, तो अपने बैंक, सेवा प्रदाता या सरकारी खाते में सीधे लॉगिन करके वही जानकारी जांचें। अनजान संपर्क माध्यम से संवेदनशील जानकारी साझा न करें। संदेश में दी गई राशि, समय और संदर्भ संख्या को अपने सामान्य लेनदेन रिकॉर्ड से मिलाया जा सकता है। किसी भुगतान, पहचान या खाते से जुड़ी कार्रवाई से पहले आधिकारिक ऐप या वेबसाइट पर स्वतंत्र रूप से स्थिति जांचना सुरक्षित तरीका है।",Hindi,Devanagari,Legitimate,UPI / Digital Payments,,Courier-like sender ID,Synthetic,Generated for PhishDetect India research dataset,Hard-negative/transactional example; no real personal identifiers.
HIN-L-0338,"₹1,240 की UPI राशि आपके खाते में प्राप्त हुई है। संदेश में दी गई राशि, समय और संदर्भ संख्या को अपने सामान्य लेनदेन रिकॉर्ड से मिलाया जा सकता है। किसी भुगतान, पहचान या खाते से जुड़ी कार्रवाई से पहले आधिकारिक ऐप या वेबसाइट पर स्वतंत्र रूप से स्थिति जांचना सुरक्षित तरीका है। यदि यह सूचना किसी खाते, ऑर्डर या सेवा अनुरोध से संबंधित है, तो संबंधित आधिकारिक चैनल में लॉगिन करके अनुरोध की वास्तविक स्थिति देखें। अलग से प्राप्त फोन नंबर, लिंक या भुगतान निर्देशों पर निर्भर रहने के बजाय आधिकारिक सहायता माध्यम का उपयोग करें।",Hindi,Devanagari,Legitimate,UPI / Digital Payments,,Government-service-like sender ID,Synthetic,Generated for PhishDetect India research dataset,Hard-negative/transactional example; no real personal identifiers.
HIN-L-0339,"UPI भुगतान असफल रहा; डेबिट हुई राशि बैंक प्रक्रिया के अनुसार वापस की जाएगी। यदि यह सूचना किसी खाते, ऑर्डर या सेवा अनुरोध से संबंधित है, तो संबंधित आधिकारिक चैनल में लॉगिन करके अनुरोध की वास्तविक स्थिति देखें। अलग से प्राप्त फोन नंबर, लिंक या भुगतान निर्देशों पर निर्भर रहने के बजाय आधिकारिक सहायता माध्यम का उपयोग करें। यह संदेश किसी सेवा घटना, भुगतान, आवेदन या सुरक्षा स्थिति का संदर्भ दे सकता है। संवेदनशील विवरण साझा करने से पहले संबंधित संस्था के आधिकारिक पोर्टल, ऐप या ग्राहक सेवा से जानकारी सत्यापित करें और अनपेक्षित संपर्क को अलग से जांचें।",Hindi,Devanagari,Legitimate,UPI / Digital Payments,,Merchant-like sender ID,Synthetic,Generated for PhishDetect India research dataset,Hard-negative/transactional example; no real personal identifiers.
HIN-L-0340,"Aapka UPI रिफंड ₹499 खाते में जमा कर दिया गया है। https://official.example/app यह संदेश किसी सेवा घटना, भुगतान, आवेदन या सुरक्षा स्थिति का संदर्भ दे सकता है। संवेदनशील विवरण साझा करने से पहले संबंधित संस्था के आधिकारिक पोर्टल, ऐप या ग्राहक सेवा से जानकारी सत्यापित करें और अनपेक्षित संपर्क को अलग से जांचें। यह सूचना सेवा स्थिति और अगले चरण के संदर्भ में विवरण देती है। यदि कोई कार्रवाई आवश्यक हो, तो अपने बैंक, सेवा प्रदाता या सरकारी खाते में सीधे लॉगिन करके वही जानकारी जांचें। अनजान संपर्क माध्यम से संवेदनशील जानकारी साझा न करें।",Hindi,Romanized Hindi / Hinglish,Legitimate,UPI / Digital Payments,https://official.example/app,Generic numeric sender,Synthetic,Generated for PhishDetect India research dataset,Hard-negative/transactional example; no real personal identifiers.
HIN-L-0341,"UPI ऑटो-पे से ₹349 का निर्धारित भुगतान पूरा हुआ। https://portal.example/status यह सूचना सेवा स्थिति और अगले चरण के संदर्भ में विवरण देती है। यदि कोई कार्रवाई आवश्यक हो, तो अपने बैंक, सेवा प्रदाता या सरकारी खाते में सीधे लॉगिन करके वही जानकारी जांचें। अनजान संपर्क माध्यम से संवेदनशील जानकारी साझा न करें। संदेश में दी गई राशि, समय और संदर्भ संख्या को अपने सामान्य लेनदेन रिकॉर्ड से मिलाया जा सकता है। किसी भुगतान, पहचान या खाते से जुड़ी कार्रवाई से पहले आधिकारिक ऐप या वेबसाइट पर स्वतंत्र रूप से स्थिति जांचना सुरक्षित तरीका है।",Hindi,Devanagari,Legitimate,UPI / Digital Payments,https://portal.example/status,Short code,Synthetic,Generated for PhishDetect India research dataset,Hard-negative/transactional example; no real personal identifiers.
HIN-L-0342,"आपका UPI ट्रांजैक्शन [TXN_ID] सफलतापूर्वक पूरा हो गया है। https://service.example/receipt संदेश में दी गई राशि, समय और संदर्भ संख्या को अपने सामान्य लेनदेन रिकॉर्ड से मिलाया जा सकता है। किसी भुगतान, पहचान या खाते से जुड़ी कार्रवाई से पहले आधिकारिक ऐप या वेबसाइट पर स्वतंत्र रूप से स्थिति जांचना सुरक्षित तरीका है। यदि यह सूचना किसी खाते, ऑर्डर या सेवा अनुरोध से संबंधित है, तो संबंधित आधिकारिक चैनल में लॉगिन करके अनुरोध की वास्तविक स्थिति देखें। अलग से प्राप्त फोन नंबर, लिंक या भुगतान निर्देशों पर निर्भर रहने के बजाय आधिकारिक सहायता माध्यम का उपयोग करें।",Hindi,Devanagari + English code-switching,Legitimate,UPI / Digital Payments,https://service.example/receipt,Unknown sender,Synthetic,Generated for PhishDetect India research dataset,Hard-negative/transactional example; no real personal identifiers.
HIN-L-0343,"अपडेट: मोबाइल रिचार्ज के लिए UPI से ₹249 का भुगतान सफल रहा। यदि यह सूचना किसी खाते, ऑर्डर या सेवा अनुरोध से संबंधित है, तो संबंधित आधिकारिक चैनल में लॉगिन करके अनुरोध की वास्तविक स्थिति देखें। अलग से प्राप्त फोन नंबर, लिंक या भुगतान निर्देशों पर निर्भर रहने के बजाय आधिकारिक सहायता माध्यम का उपयोग करें। यह संदेश किसी सेवा घटना, भुगतान, आवेदन या सुरक्षा स्थिति का संदर्भ दे सकता है। संवेदनशील विवरण साझा करने से पहले संबंधित संस्था के आधिकारिक पोर्टल, ऐप या ग्राहक सेवा से जानकारी सत्यापित करें और अनपेक्षित संपर्क को अलग से जांचें।",Hindi,Devanagari,Legitimate,UPI / Digital Payments,,Bank-like sender ID,Synthetic,Generated for PhishDetect India research dataset,Hard-negative/transactional example; no real personal identifiers.
HIN-L-0344,"बिजली बिल का ₹1,240 भुगतान UPI के माध्यम से प्राप्त हुआ। यह संदेश किसी सेवा घटना, भुगतान, आवेदन या सुरक्षा स्थिति का संदर्भ दे सकता है। संवेदनशील विवरण साझा करने से पहले संबंधित संस्था के आधिकारिक पोर्टल, ऐप या ग्राहक सेवा से जानकारी सत्यापित करें और अनपेक्षित संपर्क को अलग से जांचें। यह सूचना सेवा स्थिति और अगले चरण के संदर्भ में विवरण देती है। यदि कोई कार्रवाई आवश्यक हो, तो अपने बैंक, सेवा प्रदाता या सरकारी खाते में सीधे लॉगिन करके वही जानकारी जांचें। अनजान संपर्क माध्यम से संवेदनशील जानकारी साझा न करें।",Hindi,Devanagari,Legitimate,UPI / Digital Payments,,Telecom-like sender ID,Synthetic,Generated for PhishDetect India research dataset,Hard-negative/transactional example; no real personal identifiers.
HIN-L-0345,"आपकी UPI भुगतान रसीद आधिकारिक ऐप में उपलब्ध है। धन्यवाद। यह सूचना सेवा स्थिति और अगले चरण के संदर्भ में विवरण देती है। यदि कोई कार्रवाई आवश्यक हो, तो अपने बैंक, सेवा प्रदाता या सरकारी खाते में सीधे लॉगिन करके वही जानकारी जांचें। अनजान संपर्क माध्यम से संवेदनशील जानकारी साझा न करें। संदेश में दी गई राशि, समय और संदर्भ संख्या को अपने सामान्य लेनदेन रिकॉर्ड से मिलाया जा सकता है। किसी भुगतान, पहचान या खाते से जुड़ी कार्रवाई से पहले आधिकारिक ऐप या वेबसाइट पर स्वतंत्र रूप से स्थिति जांचना सुरक्षित तरीका है।",Hindi,Devanagari,Legitimate,UPI / Digital Payments,,Courier-like sender ID,Synthetic,Generated for PhishDetect India research dataset,Hard-negative/transactional example; no real personal identifiers.
HIN-L-0346,"नए UPI लाभार्थी के पंजीकरण का अनुरोध दर्ज हो गया है। संदेश में दी गई राशि, समय और संदर्भ संख्या को अपने सामान्य लेनदेन रिकॉर्ड से मिलाया जा सकता है। किसी भुगतान, पहचान या खाते से जुड़ी कार्रवाई से पहले आधिकारिक ऐप या वेबसाइट पर स्वतंत्र रूप से स्थिति जांचना सुरक्षित तरीका है। यदि यह सूचना किसी खाते, ऑर्डर या सेवा अनुरोध से संबंधित है, तो संबंधित आधिकारिक चैनल में लॉगिन करके अनुरोध की वास्तविक स्थिति देखें। अलग से प्राप्त फोन नंबर, लिंक या भुगतान निर्देशों पर निर्भर रहने के बजाय आधिकारिक सहायता माध्यम का उपयोग करें।",Hindi,Devanagari,Legitimate,UPI / Digital Payments,,Government-service-like sender ID,Synthetic,Generated for PhishDetect India research dataset,Hard-negative/transactional example; no real personal identifiers.
HIN-L-0347,"आपका UPI भुगतान ₹850 का XYZ को सफलतापूर्वक पूरा हुआ। ट्रांजैक्शन [TXN_ID] है। यदि यह सूचना किसी खाते, ऑर्डर या सेवा अनुरोध से संबंधित है, तो संबंधित आधिकारिक चैनल में लॉगिन करके अनुरोध की वास्तविक स्थिति देखें। अलग से प्राप्त फोन नंबर, लिंक या भुगतान निर्देशों पर निर्भर रहने के बजाय आधिकारिक सहायता माध्यम का उपयोग करें। यह संदेश किसी सेवा घटना, भुगतान, आवेदन या सुरक्षा स्थिति का संदर्भ दे सकता है। संवेदनशील विवरण साझा करने से पहले संबंधित संस्था के आधिकारिक पोर्टल, ऐप या ग्राहक सेवा से जानकारी सत्यापित करें और अनपेक्षित संपर्क को अलग से जांचें।",Hindi,Devanagari,Legitimate,UPI / Digital Payments,,Merchant-like sender ID,Synthetic,Generated for PhishDetect India research dataset,Hard-negative/transactional example; no real personal identifiers.
HIN-L-0348,"आपके अनुरोध के लिए सूचना: ₹1,240 की UPI राशि आपके खाते में प्राप्त हुई है। यह संदेश किसी सेवा घटना, भुगतान, आवेदन या सुरक्षा स्थिति का संदर्भ दे सकता है। संवेदनशील विवरण साझा करने से पहले संबंधित संस्था के आधिकारिक पोर्टल, ऐप या ग्राहक सेवा से जानकारी सत्यापित करें और अनपेक्षित संपर्क को अलग से जांचें। यह सूचना सेवा स्थिति और अगले चरण के संदर्भ में विवरण देती है। यदि कोई कार्रवाई आवश्यक हो, तो अपने बैंक, सेवा प्रदाता या सरकारी खाते में सीधे लॉगिन करके वही जानकारी जांचें। अनजान संपर्क माध्यम से संवेदनशील जानकारी साझा न करें।",Hindi,Devanagari + English code-switching,Legitimate,UPI / Digital Payments,,Generic numeric sender,Synthetic,Generated for PhishDetect India research dataset,Hard-negative/transactional example; no real personal identifiers.
HIN-L-0349,"अपडेट: UPI भुगतान असफल रहा; डेबिट हुई राशि बैंक प्रक्रिया के अनुसार वापस की जाएगी। यह सूचना सेवा स्थिति और अगले चरण के संदर्भ में विवरण देती है। यदि कोई कार्रवाई आवश्यक हो, तो अपने बैंक, सेवा प्रदाता या सरकारी खाते में सीधे लॉगिन करके वही जानकारी जांचें। अनजान संपर्क माध्यम से संवेदनशील जानकारी साझा न करें। संदेश में दी गई राशि, समय और संदर्भ संख्या को अपने सामान्य लेनदेन रिकॉर्ड से मिलाया जा सकता है। किसी भुगतान, पहचान या खाते से जुड़ी कार्रवाई से पहले आधिकारिक ऐप या वेबसाइट पर स्वतंत्र रूप से स्थिति जांचना सुरक्षित तरीका है।",Hindi,Devanagari,Legitimate,UPI / Digital Payments,,Short code,Synthetic,Generated for PhishDetect India research dataset,Hard-negative/transactional example; no real personal identifiers.
HIN-L-0350,"आपका UPI रिफंड ₹499 खाते में जमा कर दिया गया है। https://service.example/receipt संदेश में दी गई राशि, समय और संदर्भ संख्या को अपने सामान्य लेनदेन रिकॉर्ड से मिलाया जा सकता है। किसी भुगतान, पहचान या खाते से जुड़ी कार्रवाई से पहले आधिकारिक ऐप या वेबसाइट पर स्वतंत्र रूप से स्थिति जांचना सुरक्षित तरीका है। यदि यह सूचना किसी खाते, ऑर्डर या सेवा अनुरोध से संबंधित है, तो संबंधित आधिकारिक चैनल में लॉगिन करके अनुरोध की वास्तविक स्थिति देखें। अलग से प्राप्त फोन नंबर, लिंक या भुगतान निर्देशों पर निर्भर रहने के बजाय आधिकारिक सहायता माध्यम का उपयोग करें।",Hindi,Devanagari,Legitimate,UPI / Digital Payments,https://service.example/receipt,Unknown sender,Synthetic,Generated for PhishDetect India research dataset,Hard-negative/transactional example; no real personal identifiers.
HIN-L-0351,"UPI ऑटो-पे से ₹349 का निर्धारित भुगतान पूरा हुआ। https://track.example/order यदि यह सूचना किसी खाते, ऑर्डर या सेवा अनुरोध से संबंधित है, तो संबंधित आधिकारिक चैनल में लॉगिन करके अनुरोध की वास्तविक स्थिति देखें। अलग से प्राप्त फोन नंबर, लिंक या भुगतान निर्देशों पर निर्भर रहने के बजाय आधिकारिक सहायता माध्यम का उपयोग करें। यह संदेश किसी सेवा घटना, भुगतान, आवेदन या सुरक्षा स्थिति का संदर्भ दे सकता है। संवेदनशील विवरण साझा करने से पहले संबंधित संस्था के आधिकारिक पोर्टल, ऐप या ग्राहक सेवा से जानकारी सत्यापित करें और अनपेक्षित संपर्क को अलग से जांचें।",Hindi,Devanagari,Legitimate,UPI / Digital Payments,https://track.example/order,Bank-like sender ID,Synthetic,Generated for PhishDetect India research dataset,Hard-negative/transactional example; no real personal identifiers.
HIN-L-0352,"आपका UPI ट्रांजैक्शन [TXN_ID] सफलतापूर्वक पूरा हो गया है। https://official.example/app यह संदेश किसी सेवा घटना, भुगतान, आवेदन या सुरक्षा स्थिति का संदर्भ दे सकता है। संवेदनशील विवरण साझा करने से पहले संबंधित संस्था के आधिकारिक पोर्टल, ऐप या ग्राहक सेवा से जानकारी सत्यापित करें और अनपेक्षित संपर्क को अलग से जांचें। यह सूचना सेवा स्थिति और अगले चरण के संदर्भ में विवरण देती है। यदि कोई कार्रवाई आवश्यक हो, तो अपने बैंक, सेवा प्रदाता या सरकारी खाते में सीधे लॉगिन करके वही जानकारी जांचें। अनजान संपर्क माध्यम से संवेदनशील जानकारी साझा न करें।",Hindi,Devanagari,Legitimate,UPI / Digital Payments,https://official.example/app,Telecom-like sender ID,Synthetic,Generated for PhishDetect India research dataset,Hard-negative/transactional example; no real personal identifiers.
HIN-L-0353,"मोबाइल रिचार्ज के लिए UPI से ₹249 का भुगतान सफल रहा। धन्यवाद। यह सूचना सेवा स्थिति और अगले चरण के संदर्भ में विवरण देती है। यदि कोई कार्रवाई आवश्यक हो, तो अपने बैंक, सेवा प्रदाता या सरकारी खाते में सीधे लॉगिन करके वही जानकारी जांचें। अनजान संपर्क माध्यम से संवेदनशील जानकारी साझा न करें। संदेश में दी गई राशि, समय और संदर्भ संख्या को अपने सामान्य लेनदेन रिकॉर्ड से मिलाया जा सकता है। किसी भुगतान, पहचान या खाते से जुड़ी कार्रवाई से पहले आधिकारिक ऐप या वेबसाइट पर स्वतंत्र रूप से स्थिति जांचना सुरक्षित तरीका है।",Hindi,Devanagari,Legitimate,UPI / Digital Payments,,Courier-like sender ID,Synthetic,Generated for PhishDetect India research dataset,Hard-negative/transactional example; no real personal identifiers.
HIN-L-0354,"बिजली बिल का ₹1,240 भुगतान UPI के माध्यम से प्राप्त हुआ। यह सूचना आपके अनुरोध के संदर्भ में है. संदेश में दी गई राशि, समय और संदर्भ संख्या को अपने सामान्य लेनदेन रिकॉर्ड से मिलाया जा सकता है। किसी भुगतान, पहचान या खाते से जुड़ी कार्रवाई से पहले आधिकारिक ऐप या वेबसाइट पर स्वतंत्र रूप से स्थिति जांचना सुरक्षित तरीका है। यदि यह सूचना किसी खाते, ऑर्डर या सेवा अनुरोध से संबंधित है, तो संबंधित आधिकारिक चैनल में लॉगिन करके अनुरोध की वास्तविक स्थिति देखें। अलग से प्राप्त फोन नंबर, लिंक या भुगतान निर्देशों पर निर्भर रहने के बजाय आधिकारिक सहायता माध्यम का उपयोग करें।",Hindi,Devanagari + English code-switching,Legitimate,UPI / Digital Payments,,Government-service-like sender ID,Synthetic,Generated for PhishDetect India research dataset,Hard-negative/transactional example; no real personal identifiers.
HIN-L-0355,"अपडेट: आपकी UPI भुगतान रसीद आधिकारिक ऐप में उपलब्ध है। यदि यह सूचना किसी खाते, ऑर्डर या सेवा अनुरोध से संबंधित है, तो संबंधित आधिकारिक चैनल में लॉगिन करके अनुरोध की वास्तविक स्थिति देखें। अलग से प्राप्त फोन नंबर, लिंक या भुगतान निर्देशों पर निर्भर रहने के बजाय आधिकारिक सहायता माध्यम का उपयोग करें। यह संदेश किसी सेवा घटना, भुगतान, आवेदन या सुरक्षा स्थिति का संदर्भ दे सकता है। संवेदनशील विवरण साझा करने से पहले संबंधित संस्था के आधिकारिक पोर्टल, ऐप या ग्राहक सेवा से जानकारी सत्यापित करें और अनपेक्षित संपर्क को अलग से जांचें।",Hindi,Devanagari,Legitimate,UPI / Digital Payments,,Merchant-like sender ID,Synthetic,Generated for PhishDetect India research dataset,Hard-negative/transactional example; no real personal identifiers.
HIN-L-0356,"नए UPI लाभार्थी के पंजीकरण का अनुरोध दर्ज हो गया है। कृपया संदर्भ संख्या सुरक्षित रखें. यह संदेश किसी सेवा घटना, भुगतान, आवेदन या सुरक्षा स्थिति का संदर्भ दे सकता है। संवेदनशील विवरण साझा करने से पहले संबंधित संस्था के आधिकारिक पोर्टल, ऐप या ग्राहक सेवा से जानकारी सत्यापित करें और अनपेक्षित संपर्क को अलग से जांचें। यह सूचना सेवा स्थिति और अगले चरण के संदर्भ में विवरण देती है। यदि कोई कार्रवाई आवश्यक हो, तो अपने बैंक, सेवा प्रदाता या सरकारी खाते में सीधे लॉगिन करके वही जानकारी जांचें। अनजान संपर्क माध्यम से संवेदनशील जानकारी साझा न करें।",Hindi,Devanagari,Legitimate,UPI / Digital Payments,,Generic numeric sender,Synthetic,Generated for PhishDetect India research dataset,Hard-negative/transactional example; no real personal identifiers.
HIN-L-0357,आपका UPI भुगतान ₹850 का XYZ को सफलतापूर्वक पूरा हुआ। ट्रांजैक्शन [TXN_ID] है। यह संदेश सेवा प्रक्रिया की जानकारी देता है.,Hindi,Devanagari,Legitimate,UPI / Digital Payments,,Short code,Synthetic,Generated for PhishDetect India research dataset,Hard-negative/transactional example; no real personal identifiers.
HIN-L-0358,"₹1,240 की UPI राशि आपके खाते में प्राप्त हुई है। अनुरोध की स्थिति जांचने के लिए आधिकारिक चैनल का उपयोग करें.",Hindi,Devanagari,Legitimate,UPI / Digital Payments,,Unknown sender,Synthetic,Generated for PhishDetect India research dataset,Hard-negative/transactional example; no real personal identifiers.
HIN-L-0359,"आपके अनुरोध के लिए सूचना: UPI भुगतान असफल रहा; डेबिट हुई राशि बैंक प्रक्रिया के अनुसार वापस की जाएगी। यदि यह सूचना किसी खाते, ऑर्डर या सेवा अनुरोध से संबंधित है, तो संबंधित आधिकारिक चैनल में लॉगिन करके अनुरोध की वास्तविक स्थिति देखें। अलग से प्राप्त फोन नंबर, लिंक या भुगतान निर्देशों पर निर्भर रहने के बजाय आधिकारिक सहायता माध्यम का उपयोग करें। यह संदेश किसी सेवा घटना, भुगतान, आवेदन या सुरक्षा स्थिति का संदर्भ दे सकता है। संवेदनशील विवरण साझा करने से पहले संबंधित संस्था के आधिकारिक पोर्टल, ऐप या ग्राहक सेवा से जानकारी सत्यापित करें और अनपेक्षित संपर्क को अलग से जांचें।",Hindi,Devanagari,Legitimate,UPI / Digital Payments,,Bank-like sender ID,Synthetic,Generated for PhishDetect India research dataset,Hard-negative/transactional example; no real personal identifiers.
HIN-L-0360,"आपका UPI रिफंड ₹499 खाते में जमा कर दिया गया है। https://official.example/app यह संदेश किसी सेवा घटना, भुगतान, आवेदन या सुरक्षा स्थिति का संदर्भ दे सकता है। संवेदनशील विवरण साझा करने से पहले संबंधित संस्था के आधिकारिक पोर्टल, ऐप या ग्राहक सेवा से जानकारी सत्यापित करें और अनपेक्षित संपर्क को अलग से जांचें। यह सूचना सेवा स्थिति और अगले चरण के संदर्भ में विवरण देती है। यदि कोई कार्रवाई आवश्यक हो, तो अपने बैंक, सेवा प्रदाता या सरकारी खाते में सीधे लॉगिन करके वही जानकारी जांचें। अनजान संपर्क माध्यम से संवेदनशील जानकारी साझा न करें।",Hindi,Devanagari + English code-switching,Legitimate,UPI / Digital Payments,https://official.example/app,Telecom-like sender ID,Synthetic,Generated for PhishDetect India research dataset,Hard-negative/transactional example; no real personal identifiers.
HIN-L-0361,"अपडेट: UPI ऑटो-पे से ₹349 का निर्धारित भुगतान पूरा हुआ। https://portal.example/status यह सूचना सेवा स्थिति और अगले चरण के संदर्भ में विवरण देती है। यदि कोई कार्रवाई आवश्यक हो, तो अपने बैंक, सेवा प्रदाता या सरकारी खाते में सीधे लॉगिन करके वही जानकारी जांचें। अनजान संपर्क माध्यम से संवेदनशील जानकारी साझा न करें। संदेश में दी गई राशि, समय और संदर्भ संख्या को अपने सामान्य लेनदेन रिकॉर्ड से मिलाया जा सकता है। किसी भुगतान, पहचान या खाते से जुड़ी कार्रवाई से पहले आधिकारिक ऐप या वेबसाइट पर स्वतंत्र रूप से स्थिति जांचना सुरक्षित तरीका है।",Hindi,Devanagari,Legitimate,UPI / Digital Payments,https://portal.example/status,Courier-like sender ID,Synthetic,Generated for PhishDetect India research dataset,Hard-negative/transactional example; no real personal identifiers.
HIN-L-0362,"आपका UPI ट्रांजैक्शन [TXN_ID] सफलतापूर्वक पूरा हो गया है। https://service.example/receipt यह सूचना आपके अनुरोध के संदर्भ में है. संदेश में दी गई राशि, समय और संदर्भ संख्या को अपने सामान्य लेनदेन रिकॉर्ड से मिलाया जा सकता है। किसी भुगतान, पहचान या खाते से जुड़ी कार्रवाई से पहले आधिकारिक ऐप या वेबसाइट पर स्वतंत्र रूप से स्थिति जांचना सुरक्षित तरीका है। यदि यह सूचना किसी खाते, ऑर्डर या सेवा अनुरोध से संबंधित है, तो संबंधित आधिकारिक चैनल में लॉगिन करके अनुरोध की वास्तविक स्थिति देखें। अलग से प्राप्त फोन नंबर, लिंक या भुगतान निर्देशों पर निर्भर रहने के बजाय आधिकारिक सहायता माध्यम का उपयोग करें।",Hindi,Devanagari,Legitimate,UPI / Digital Payments,https://service.example/receipt,Government-service-like sender ID,Synthetic,Generated for PhishDetect India research dataset,Hard-negative/transactional example; no real personal identifiers.
HIN-L-0363,"मोबाइल रिचार्ज के लिए UPI से ₹249 का भुगतान सफल रहा। यदि यह सूचना किसी खाते, ऑर्डर या सेवा अनुरोध से संबंधित है, तो संबंधित आधिकारिक चैनल में लॉगिन करके अनुरोध की वास्तविक स्थिति देखें। अलग से प्राप्त फोन नंबर, लिंक या भुगतान निर्देशों पर निर्भर रहने के बजाय आधिकारिक सहायता माध्यम का उपयोग करें। यह संदेश किसी सेवा घटना, भुगतान, आवेदन या सुरक्षा स्थिति का संदर्भ दे सकता है। संवेदनशील विवरण साझा करने से पहले संबंधित संस्था के आधिकारिक पोर्टल, ऐप या ग्राहक सेवा से जानकारी सत्यापित करें और अनपेक्षित संपर्क को अलग से जांचें।",Hindi,Devanagari,Legitimate,UPI / Digital Payments,,Merchant-like sender ID,Synthetic,Generated for PhishDetect India research dataset,Hard-negative/transactional example; no real personal identifiers.
HIN-L-0364,"बिजली बिल का ₹1,240 भुगतान UPI के माध्यम से प्राप्त हुआ। कृपया संदर्भ संख्या सुरक्षित रखें. यह संदेश किसी सेवा घटना, भुगतान, आवेदन या सुरक्षा स्थिति का संदर्भ दे सकता है। संवेदनशील विवरण साझा करने से पहले संबंधित संस्था के आधिकारिक पोर्टल, ऐप या ग्राहक सेवा से जानकारी सत्यापित करें और अनपेक्षित संपर्क को अलग से जांचें। यह सूचना सेवा स्थिति और अगले चरण के संदर्भ में विवरण देती है। यदि कोई कार्रवाई आवश्यक हो, तो अपने बैंक, सेवा प्रदाता या सरकारी खाते में सीधे लॉगिन करके वही जानकारी जांचें। अनजान संपर्क माध्यम से संवेदनशील जानकारी साझा न करें।",Hindi,Devanagari,Legitimate,UPI / Digital Payments,,Generic numeric sender,Synthetic,Generated for PhishDetect India research dataset,Hard-negative/transactional example; no real personal identifiers.
HIN-L-0365,"आपकी UPI भुगतान रसीद आधिकारिक ऐप में उपलब्ध है। यह संदेश सेवा प्रक्रिया की जानकारी देता है. यह सूचना सेवा स्थिति और अगले चरण के संदर्भ में विवरण देती है। यदि कोई कार्रवाई आवश्यक हो, तो अपने बैंक, सेवा प्रदाता या सरकारी खाते में सीधे लॉगिन करके वही जानकारी जांचें। अनजान संपर्क माध्यम से संवेदनशील जानकारी साझा न करें। संदेश में दी गई राशि, समय और संदर्भ संख्या को अपने सामान्य लेनदेन रिकॉर्ड से मिलाया जा सकता है। किसी भुगतान, पहचान या खाते से जुड़ी कार्रवाई से पहले आधिकारिक ऐप या वेबसाइट पर स्वतंत्र रूप से स्थिति जांचना सुरक्षित तरीका है।",Hindi,Devanagari,Legitimate,UPI / Digital Payments,,Short code,Synthetic,Generated for PhishDetect India research dataset,Hard-negative/transactional example; no real personal identifiers.
HIN-L-0366,नए UPI लाभार्थी के पंजीकरण का अनुरोध दर्ज हो गया है। अनुरोध की स्थिति जांचने के लिए आधिकारिक चैनल का उपयोग करें.,Hindi,Devanagari + English code-switching,Legitimate,UPI / Digital Payments,,Unknown sender,Synthetic,Generated for PhishDetect India research dataset,Hard-negative/transactional example; no real personal identifiers.
HIN-L-0367,अपडेट: आपका UPI भुगतान ₹850 का XYZ को सफलतापूर्वक पूरा हुआ। ट्रांजैक्शन [TXN_ID] है। ग्राहक सेवा विवरण आपके खाते में उपलब्ध है.,Hindi,Devanagari,Legitimate,UPI / Digital Payments,,Bank-like sender ID,Synthetic,Generated for PhishDetect India research dataset,Hard-negative/transactional example; no real personal identifiers.
HIN-L-0368,"₹1,240 की UPI राशि आपके खाते में प्राप्त हुई है। इस सूचना को रिकॉर्ड के लिए सुरक्षित रख सकते हैं.",Hindi,Devanagari,Legitimate,UPI / Digital Payments,,Telecom-like sender ID,Synthetic,Generated for PhishDetect India research dataset,Hard-negative/transactional example; no real personal identifiers.
HIN-L-0369,"UPI भुगतान असफल रहा; डेबिट हुई राशि बैंक प्रक्रिया के अनुसार वापस की जाएगी। धन्यवाद। यह सूचना सेवा स्थिति और अगले चरण के संदर्भ में विवरण देती है। यदि कोई कार्रवाई आवश्यक हो, तो अपने बैंक, सेवा प्रदाता या सरकारी खाते में सीधे लॉगिन करके वही जानकारी जांचें। अनजान संपर्क माध्यम से संवेदनशील जानकारी साझा न करें। संदेश में दी गई राशि, समय और संदर्भ संख्या को अपने सामान्य लेनदेन रिकॉर्ड से मिलाया जा सकता है। किसी भुगतान, पहचान या खाते से जुड़ी कार्रवाई से पहले आधिकारिक ऐप या वेबसाइट पर स्वतंत्र रूप से स्थिति जांचना सुरक्षित तरीका है।",Hindi,Devanagari,Legitimate,UPI / Digital Payments,,Courier-like sender ID,Synthetic,Generated for PhishDetect India research dataset,Hard-negative/transactional example; no real personal identifiers.
HIN-L-0370,"आपके अनुरोध के लिए सूचना: आपका UPI रिफंड ₹499 खाते में जमा कर दिया गया है। https://service.example/receipt संदेश में दी गई राशि, समय और संदर्भ संख्या को अपने सामान्य लेनदेन रिकॉर्ड से मिलाया जा सकता है। किसी भुगतान, पहचान या खाते से जुड़ी कार्रवाई से पहले आधिकारिक ऐप या वेबसाइट पर स्वतंत्र रूप से स्थिति जांचना सुरक्षित तरीका है। यदि यह सूचना किसी खाते, ऑर्डर या सेवा अनुरोध से संबंधित है, तो संबंधित आधिकारिक चैनल में लॉगिन करके अनुरोध की वास्तविक स्थिति देखें। अलग से प्राप्त फोन नंबर, लिंक या भुगतान निर्देशों पर निर्भर रहने के बजाय आधिकारिक सहायता माध्यम का उपयोग करें।",Hindi,Devanagari,Legitimate,UPI / Digital Payments,https://service.example/receipt,Government-service-like sender ID,Synthetic,Generated for PhishDetect India research dataset,Hard-negative/transactional example; no real personal identifiers.
HIN-L-0371,UPI ऑटो-पे से ₹349 का निर्धारित भुगतान पूरा हुआ। https://track.example/order सेवा स्थिति आपके आधिकारिक खाते में भी दिखाई दे सकती है.,Hindi,Devanagari,Legitimate,UPI / Digital Payments,https://track.example/order,Merchant-like sender ID,Synthetic,Generated for PhishDetect India research dataset,Hard-negative/transactional example; no real personal identifiers.
HIN-L-0372,"आपका UPI ट्रांजैक्शन [TXN_ID] सफलतापूर्वक पूरा हो गया है। https://official.example/app कृपया संदर्भ संख्या सुरक्षित रखें. यह संदेश किसी सेवा घटना, भुगतान, आवेदन या सुरक्षा स्थिति का संदर्भ दे सकता है। संवेदनशील विवरण साझा करने से पहले संबंधित संस्था के आधिकारिक पोर्टल, ऐप या ग्राहक सेवा से जानकारी सत्यापित करें और अनपेक्षित संपर्क को अलग से जांचें। यह सूचना सेवा स्थिति और अगले चरण के संदर्भ में विवरण देती है। यदि कोई कार्रवाई आवश्यक हो, तो अपने बैंक, सेवा प्रदाता या सरकारी खाते में सीधे लॉगिन करके वही जानकारी जांचें। अनजान संपर्क माध्यम से संवेदनशील जानकारी साझा न करें।",Hindi,Devanagari + English code-switching,Legitimate,UPI / Digital Payments,https://official.example/app,Generic numeric sender,Synthetic,Generated for PhishDetect India research dataset,Hard-negative/transactional example; no real personal identifiers.
HIN-L-0373,"अपडेट: आपका लॉगिन OTP [OTP] है। इसे किसी के साथ साझा न करें। यह सूचना सेवा स्थिति और अगले चरण के संदर्भ में विवरण देती है। यदि कोई कार्रवाई आवश्यक हो, तो अपने बैंक, सेवा प्रदाता या सरकारी खाते में सीधे लॉगिन करके वही जानकारी जांचें। अनजान संपर्क माध्यम से संवेदनशील जानकारी साझा न करें। संदेश में दी गई राशि, समय और संदर्भ संख्या को अपने सामान्य लेनदेन रिकॉर्ड से मिलाया जा सकता है। किसी भुगतान, पहचान या खाते से जुड़ी कार्रवाई से पहले आधिकारिक ऐप या वेबसाइट पर स्वतंत्र रूप से स्थिति जांचना सुरक्षित तरीका है।",Hindi,Devanagari,Legitimate,OTP / Account Takeover,,Short code,Synthetic,Generated for PhishDetect India research dataset,Hard-negative/transactional example; no real personal identifiers.
HIN-L-0374,"मोबाइल नंबर सत्यापन के लिए OTP [OTP] है। संदेश में दी गई राशि, समय और संदर्भ संख्या को अपने सामान्य लेनदेन रिकॉर्ड से मिलाया जा सकता है। किसी भुगतान, पहचान या खाते से जुड़ी कार्रवाई से पहले आधिकारिक ऐप या वेबसाइट पर स्वतंत्र रूप से स्थिति जांचना सुरक्षित तरीका है। यदि यह सूचना किसी खाते, ऑर्डर या सेवा अनुरोध से संबंधित है, तो संबंधित आधिकारिक चैनल में लॉगिन करके अनुरोध की वास्तविक स्थिति देखें। अलग से प्राप्त फोन नंबर, लिंक या भुगतान निर्देशों पर निर्भर रहने के बजाय आधिकारिक सहायता माध्यम का उपयोग करें।",Hindi,Devanagari,Legitimate,OTP / Account Takeover,,Unknown sender,Synthetic,Generated for PhishDetect India research dataset,Hard-negative/transactional example; no real personal identifiers.
HIN-L-0375,"नए लाभार्थी को जोड़ने के लिए OTP [OTP] आवश्यक है। यदि यह सूचना किसी खाते, ऑर्डर या सेवा अनुरोध से संबंधित है, तो संबंधित आधिकारिक चैनल में लॉगिन करके अनुरोध की वास्तविक स्थिति देखें। अलग से प्राप्त फोन नंबर, लिंक या भुगतान निर्देशों पर निर्भर रहने के बजाय आधिकारिक सहायता माध्यम का उपयोग करें। यह संदेश किसी सेवा घटना, भुगतान, आवेदन या सुरक्षा स्थिति का संदर्भ दे सकता है। संवेदनशील विवरण साझा करने से पहले संबंधित संस्था के आधिकारिक पोर्टल, ऐप या ग्राहक सेवा से जानकारी सत्यापित करें और अनपेक्षित संपर्क को अलग से जांचें।",Hindi,Devanagari,Legitimate,OTP / Account Takeover,,Bank-like sender ID,Synthetic,Generated for PhishDetect India research dataset,Hard-negative/transactional example; no real personal identifiers.
HIN-L-0376,"आपके बैंक सेवा अनुरोध का सत्यापन OTP [OTP] है। यह संदेश किसी सेवा घटना, भुगतान, आवेदन या सुरक्षा स्थिति का संदर्भ दे सकता है। संवेदनशील विवरण साझा करने से पहले संबंधित संस्था के आधिकारिक पोर्टल, ऐप या ग्राहक सेवा से जानकारी सत्यापित करें और अनपेक्षित संपर्क को अलग से जांचें। यह सूचना सेवा स्थिति और अगले चरण के संदर्भ में विवरण देती है। यदि कोई कार्रवाई आवश्यक हो, तो अपने बैंक, सेवा प्रदाता या सरकारी खाते में सीधे लॉगिन करके वही जानकारी जांचें। अनजान संपर्क माध्यम से संवेदनशील जानकारी साझा न करें।",Hindi,Devanagari,Legitimate,OTP / Account Takeover,,Telecom-like sender ID,Synthetic,Generated for PhishDetect India research dataset,Hard-negative/transactional example; no real personal identifiers.
HIN-L-0377,"ऑनलाइन भुगतान की पुष्टि के लिए OTP [OTP] है। यह सूचना सेवा स्थिति और अगले चरण के संदर्भ में विवरण देती है। यदि कोई कार्रवाई आवश्यक हो, तो अपने बैंक, सेवा प्रदाता या सरकारी खाते में सीधे लॉगिन करके वही जानकारी जांचें। अनजान संपर्क माध्यम से संवेदनशील जानकारी साझा न करें। संदेश में दी गई राशि, समय और संदर्भ संख्या को अपने सामान्य लेनदेन रिकॉर्ड से मिलाया जा सकता है। किसी भुगतान, पहचान या खाते से जुड़ी कार्रवाई से पहले आधिकारिक ऐप या वेबसाइट पर स्वतंत्र रूप से स्थिति जांचना सुरक्षित तरीका है।",Hindi,Devanagari,Legitimate,OTP / Account Takeover,,Courier-like sender ID,Synthetic,Generated for PhishDetect India research dataset,Hard-negative/transactional example; no real personal identifiers.
HIN-L-0378,"आपके खाते का पासवर्ड सफलतापूर्वक बदला गया है। यह सूचना आपके अनुरोध के संदर्भ में है. संदेश में दी गई राशि, समय और संदर्भ संख्या को अपने सामान्य लेनदेन रिकॉर्ड से मिलाया जा सकता है। किसी भुगतान, पहचान या खाते से जुड़ी कार्रवाई से पहले आधिकारिक ऐप या वेबसाइट पर स्वतंत्र रूप से स्थिति जांचना सुरक्षित तरीका है। यदि यह सूचना किसी खाते, ऑर्डर या सेवा अनुरोध से संबंधित है, तो संबंधित आधिकारिक चैनल में लॉगिन करके अनुरोध की वास्तविक स्थिति देखें। अलग से प्राप्त फोन नंबर, लिंक या भुगतान निर्देशों पर निर्भर रहने के बजाय आधिकारिक सहायता माध्यम का उपयोग करें।",Hindi,Devanagari + English code-switching,Legitimate,OTP / Account Takeover,,Government-service-like sender ID,Synthetic,Generated for PhishDetect India research dataset,Hard-negative/transactional example; no real personal identifiers.
HIN-L-0379,"अपडेट: नया डिवाइस आपके खाते में सफलतापूर्वक जोड़ा गया है। यदि यह सूचना किसी खाते, ऑर्डर या सेवा अनुरोध से संबंधित है, तो संबंधित आधिकारिक चैनल में लॉगिन करके अनुरोध की वास्तविक स्थिति देखें। अलग से प्राप्त फोन नंबर, लिंक या भुगतान निर्देशों पर निर्भर रहने के बजाय आधिकारिक सहायता माध्यम का उपयोग करें। यह संदेश किसी सेवा घटना, भुगतान, आवेदन या सुरक्षा स्थिति का संदर्भ दे सकता है। संवेदनशील विवरण साझा करने से पहले संबंधित संस्था के आधिकारिक पोर्टल, ऐप या ग्राहक सेवा से जानकारी सत्यापित करें और अनपेक्षित संपर्क को अलग से जांचें।",Hindi,Devanagari,Legitimate,OTP / Account Takeover,,Merchant-like sender ID,Synthetic,Generated for PhishDetect India research dataset,Hard-negative/transactional example; no real personal identifiers.
HIN-L-0380,"Aapka खाता रिकवरी अनुरोध [REF_ID] के रूप में दर्ज हुआ है। https://official.example/app यह संदेश किसी सेवा घटना, भुगतान, आवेदन या सुरक्षा स्थिति का संदर्भ दे सकता है। संवेदनशील विवरण साझा करने से पहले संबंधित संस्था के आधिकारिक पोर्टल, ऐप या ग्राहक सेवा से जानकारी सत्यापित करें और अनपेक्षित संपर्क को अलग से जांचें। यह सूचना सेवा स्थिति और अगले चरण के संदर्भ में विवरण देती है। यदि कोई कार्रवाई आवश्यक हो, तो अपने बैंक, सेवा प्रदाता या सरकारी खाते में सीधे लॉगिन करके वही जानकारी जांचें। अनजान संपर्क माध्यम से संवेदनशील जानकारी साझा न करें।",Hindi,Romanized Hindi / Hinglish,Legitimate,OTP / Account Takeover,https://official.example/app,Generic numeric sender,Synthetic,Generated for PhishDetect India research dataset,Hard-negative/transactional example; no real personal identifiers.
HIN-L-0381,"सुरक्षा सेटिंग में बदलाव सफलतापूर्वक सेव हो गया है। धन्यवाद। https://portal.example/status यह सूचना सेवा स्थिति और अगले चरण के संदर्भ में विवरण देती है। यदि कोई कार्रवाई आवश्यक हो, तो अपने बैंक, सेवा प्रदाता या सरकारी खाते में सीधे लॉगिन करके वही जानकारी जांचें। अनजान संपर्क माध्यम से संवेदनशील जानकारी साझा न करें। संदेश में दी गई राशि, समय और संदर्भ संख्या को अपने सामान्य लेनदेन रिकॉर्ड से मिलाया जा सकता है। किसी भुगतान, पहचान या खाते से जुड़ी कार्रवाई से पहले आधिकारिक ऐप या वेबसाइट पर स्वतंत्र रूप से स्थिति जांचना सुरक्षित तरीका है।",Hindi,Devanagari,Legitimate,OTP / Account Takeover,https://portal.example/status,Short code,Synthetic,Generated for PhishDetect India research dataset,Hard-negative/transactional example; no real personal identifiers.
HIN-L-0382,आपका लॉगिन [TIME] पर सफल रहा। https://service.example/receipt,Hindi,Devanagari,Legitimate,OTP / Account Takeover,https://service.example/receipt,Unknown sender,Synthetic,Generated for PhishDetect India research dataset,Hard-negative/transactional example; no real personal identifiers.
HIN-L-0383,"आपका लॉगिन OTP [OTP] है। इसे किसी के साथ साझा न करें। यदि यह सूचना किसी खाते, ऑर्डर या सेवा अनुरोध से संबंधित है, तो संबंधित आधिकारिक चैनल में लॉगिन करके अनुरोध की वास्तविक स्थिति देखें। अलग से प्राप्त फोन नंबर, लिंक या भुगतान निर्देशों पर निर्भर रहने के बजाय आधिकारिक सहायता माध्यम का उपयोग करें। यह संदेश किसी सेवा घटना, भुगतान, आवेदन या सुरक्षा स्थिति का संदर्भ दे सकता है। संवेदनशील विवरण साझा करने से पहले संबंधित संस्था के आधिकारिक पोर्टल, ऐप या ग्राहक सेवा से जानकारी सत्यापित करें और अनपेक्षित संपर्क को अलग से जांचें।",Hindi,Devanagari,Legitimate,OTP / Account Takeover,,Bank-like sender ID,Synthetic,Generated for PhishDetect India research dataset,Hard-negative/transactional example; no real personal identifiers.
HIN-L-0384,"आपके अनुरोध के लिए सूचना: मोबाइल नंबर सत्यापन के लिए OTP [OTP] है। यह संदेश किसी सेवा घटना, भुगतान, आवेदन या सुरक्षा स्थिति का संदर्भ दे सकता है। संवेदनशील विवरण साझा करने से पहले संबंधित संस्था के आधिकारिक पोर्टल, ऐप या ग्राहक सेवा से जानकारी सत्यापित करें और अनपेक्षित संपर्क को अलग से जांचें। यह सूचना सेवा स्थिति और अगले चरण के संदर्भ में विवरण देती है। यदि कोई कार्रवाई आवश्यक हो, तो अपने बैंक, सेवा प्रदाता या सरकारी खाते में सीधे लॉगिन करके वही जानकारी जांचें। अनजान संपर्क माध्यम से संवेदनशील जानकारी साझा न करें।",Hindi,Devanagari + English code-switching,Legitimate,OTP / Account Takeover,,Telecom-like sender ID,Synthetic,Generated for PhishDetect India research dataset,Hard-negative/transactional example; no real personal identifiers.
HIN-L-0385,"अपडेट: नए लाभार्थी को जोड़ने के लिए OTP [OTP] आवश्यक है। यह सूचना सेवा स्थिति और अगले चरण के संदर्भ में विवरण देती है। यदि कोई कार्रवाई आवश्यक हो, तो अपने बैंक, सेवा प्रदाता या सरकारी खाते में सीधे लॉगिन करके वही जानकारी जांचें। अनजान संपर्क माध्यम से संवेदनशील जानकारी साझा न करें। संदेश में दी गई राशि, समय और संदर्भ संख्या को अपने सामान्य लेनदेन रिकॉर्ड से मिलाया जा सकता है। किसी भुगतान, पहचान या खाते से जुड़ी कार्रवाई से पहले आधिकारिक ऐप या वेबसाइट पर स्वतंत्र रूप से स्थिति जांचना सुरक्षित तरीका है।",Hindi,Devanagari,Legitimate,OTP / Account Takeover,,Courier-like sender ID,Synthetic,Generated for PhishDetect India research dataset,Hard-negative/transactional example; no real personal identifiers.
HIN-L-0386,"आपके बैंक सेवा अनुरोध का सत्यापन OTP [OTP] है। यह सूचना आपके अनुरोध के संदर्भ में है. संदेश में दी गई राशि, समय और संदर्भ संख्या को अपने सामान्य लेनदेन रिकॉर्ड से मिलाया जा सकता है। किसी भुगतान, पहचान या खाते से जुड़ी कार्रवाई से पहले आधिकारिक ऐप या वेबसाइट पर स्वतंत्र रूप से स्थिति जांचना सुरक्षित तरीका है। यदि यह सूचना किसी खाते, ऑर्डर या सेवा अनुरोध से संबंधित है, तो संबंधित आधिकारिक चैनल में लॉगिन करके अनुरोध की वास्तविक स्थिति देखें। अलग से प्राप्त फोन नंबर, लिंक या भुगतान निर्देशों पर निर्भर रहने के बजाय आधिकारिक सहायता माध्यम का उपयोग करें।",Hindi,Devanagari,Legitimate,OTP / Account Takeover,,Government-service-like sender ID,Synthetic,Generated for PhishDetect India research dataset,Hard-negative/transactional example; no real personal identifiers.
HIN-L-0387,ऑनलाइन भुगतान की पुष्टि के लिए OTP [OTP] है। सेवा स्थिति आपके आधिकारिक खाते में भी दिखाई दे सकती है.,Hindi,Devanagari,Legitimate,OTP / Account Takeover,,Merchant-like sender ID,Synthetic,Generated for PhishDetect India research dataset,Hard-negative/transactional example; no real personal identifiers.
HIN-L-0388,"आपके खाते का पासवर्ड सफलतापूर्वक बदला गया है। कृपया संदर्भ संख्या सुरक्षित रखें. यह संदेश किसी सेवा घटना, भुगतान, आवेदन या सुरक्षा स्थिति का संदर्भ दे सकता है। संवेदनशील विवरण साझा करने से पहले संबंधित संस्था के आधिकारिक पोर्टल, ऐप या ग्राहक सेवा से जानकारी सत्यापित करें और अनपेक्षित संपर्क को अलग से जांचें। यह सूचना सेवा स्थिति और अगले चरण के संदर्भ में विवरण देती है। यदि कोई कार्रवाई आवश्यक हो, तो अपने बैंक, सेवा प्रदाता या सरकारी खाते में सीधे लॉगिन करके वही जानकारी जांचें। अनजान संपर्क माध्यम से संवेदनशील जानकारी साझा न करें।",Hindi,Devanagari,Legitimate,OTP / Account Takeover,,Generic numeric sender,Synthetic,Generated for PhishDetect India research dataset,Hard-negative/transactional example; no real personal identifiers.
HIN-L-0389,"नया डिवाइस आपके खाते में सफलतापूर्वक जोड़ा गया है। धन्यवाद। यह सूचना सेवा स्थिति और अगले चरण के संदर्भ में विवरण देती है। यदि कोई कार्रवाई आवश्यक हो, तो अपने बैंक, सेवा प्रदाता या सरकारी खाते में सीधे लॉगिन करके वही जानकारी जांचें। अनजान संपर्क माध्यम से संवेदनशील जानकारी साझा न करें। संदेश में दी गई राशि, समय और संदर्भ संख्या को अपने सामान्य लेनदेन रिकॉर्ड से मिलाया जा सकता है। किसी भुगतान, पहचान या खाते से जुड़ी कार्रवाई से पहले आधिकारिक ऐप या वेबसाइट पर स्वतंत्र रूप से स्थिति जांचना सुरक्षित तरीका है।",Hindi,Devanagari,Legitimate,OTP / Account Takeover,,Short code,Synthetic,Generated for PhishDetect India research dataset,Hard-negative/transactional example; no real personal identifiers.
HIN-L-0390,"आपका खाता रिकवरी अनुरोध [REF_ID] के रूप में दर्ज हुआ है। https://service.example/receipt संदेश में दी गई राशि, समय और संदर्भ संख्या को अपने सामान्य लेनदेन रिकॉर्ड से मिलाया जा सकता है। किसी भुगतान, पहचान या खाते से जुड़ी कार्रवाई से पहले आधिकारिक ऐप या वेबसाइट पर स्वतंत्र रूप से स्थिति जांचना सुरक्षित तरीका है। यदि यह सूचना किसी खाते, ऑर्डर या सेवा अनुरोध से संबंधित है, तो संबंधित आधिकारिक चैनल में लॉगिन करके अनुरोध की वास्तविक स्थिति देखें। अलग से प्राप्त फोन नंबर, लिंक या भुगतान निर्देशों पर निर्भर रहने के बजाय आधिकारिक सहायता माध्यम का उपयोग करें।",Hindi,Devanagari + English code-switching,Legitimate,OTP / Account Takeover,https://service.example/receipt,Unknown sender,Synthetic,Generated for PhishDetect India research dataset,Hard-negative/transactional example; no real personal identifiers.
HIN-L-0391,"अपडेट: सुरक्षा सेटिंग में बदलाव सफलतापूर्वक सेव हो गया है। https://track.example/order यदि यह सूचना किसी खाते, ऑर्डर या सेवा अनुरोध से संबंधित है, तो संबंधित आधिकारिक चैनल में लॉगिन करके अनुरोध की वास्तविक स्थिति देखें। अलग से प्राप्त फोन नंबर, लिंक या भुगतान निर्देशों पर निर्भर रहने के बजाय आधिकारिक सहायता माध्यम का उपयोग करें। यह संदेश किसी सेवा घटना, भुगतान, आवेदन या सुरक्षा स्थिति का संदर्भ दे सकता है। संवेदनशील विवरण साझा करने से पहले संबंधित संस्था के आधिकारिक पोर्टल, ऐप या ग्राहक सेवा से जानकारी सत्यापित करें और अनपेक्षित संपर्क को अलग से जांचें।",Hindi,Devanagari,Legitimate,OTP / Account Takeover,https://track.example/order,Bank-like sender ID,Synthetic,Generated for PhishDetect India research dataset,Hard-negative/transactional example; no real personal identifiers.
HIN-L-0392,आपका लॉगिन [TIME] पर सफल रहा। https://official.example/app,Hindi,Devanagari,Legitimate,OTP / Account Takeover,https://official.example/app,Telecom-like sender ID,Synthetic,Generated for PhishDetect India research dataset,Hard-negative/transactional example; no real personal identifiers.
HIN-L-0393,"आपका लॉगिन OTP [OTP] है। इसे किसी के साथ साझा न करें। सूचना क्रमांक HIN-01. यह सूचना सेवा स्थिति और अगले चरण के संदर्भ में विवरण देती है। यदि कोई कार्रवाई आवश्यक हो, तो अपने बैंक, सेवा प्रदाता या सरकारी खाते में सीधे लॉगिन करके वही जानकारी जांचें। अनजान संपर्क माध्यम से संवेदनशील जानकारी साझा न करें। संदेश में दी गई राशि, समय और संदर्भ संख्या को अपने सामान्य लेनदेन रिकॉर्ड से मिलाया जा सकता है। किसी भुगतान, पहचान या खाते से जुड़ी कार्रवाई से पहले आधिकारिक ऐप या वेबसाइट पर स्वतंत्र रूप से स्थिति जांचना सुरक्षित तरीका है।",Hindi,Devanagari,Legitimate,OTP / Account Takeover,,Courier-like sender ID,Synthetic,Generated for PhishDetect India research dataset,Hard-negative/transactional example; no real personal identifiers.
HIN-L-0394,"मोबाइल नंबर सत्यापन के लिए OTP [OTP] है। यह सूचना आपके अनुरोध के संदर्भ में है. संदेश में दी गई राशि, समय और संदर्भ संख्या को अपने सामान्य लेनदेन रिकॉर्ड से मिलाया जा सकता है। किसी भुगतान, पहचान या खाते से जुड़ी कार्रवाई से पहले आधिकारिक ऐप या वेबसाइट पर स्वतंत्र रूप से स्थिति जांचना सुरक्षित तरीका है। यदि यह सूचना किसी खाते, ऑर्डर या सेवा अनुरोध से संबंधित है, तो संबंधित आधिकारिक चैनल में लॉगिन करके अनुरोध की वास्तविक स्थिति देखें। अलग से प्राप्त फोन नंबर, लिंक या भुगतान निर्देशों पर निर्भर रहने के बजाय आधिकारिक सहायता माध्यम का उपयोग करें।",Hindi,Devanagari,Legitimate,OTP / Account Takeover,,Government-service-like sender ID,Synthetic,Generated for PhishDetect India research dataset,Hard-negative/transactional example; no real personal identifiers.
HIN-L-0395,"आपके अनुरोध के लिए सूचना: नए लाभार्थी को जोड़ने के लिए OTP [OTP] आवश्यक है। यदि यह सूचना किसी खाते, ऑर्डर या सेवा अनुरोध से संबंधित है, तो संबंधित आधिकारिक चैनल में लॉगिन करके अनुरोध की वास्तविक स्थिति देखें। अलग से प्राप्त फोन नंबर, लिंक या भुगतान निर्देशों पर निर्भर रहने के बजाय आधिकारिक सहायता माध्यम का उपयोग करें। यह संदेश किसी सेवा घटना, भुगतान, आवेदन या सुरक्षा स्थिति का संदर्भ दे सकता है। संवेदनशील विवरण साझा करने से पहले संबंधित संस्था के आधिकारिक पोर्टल, ऐप या ग्राहक सेवा से जानकारी सत्यापित करें और अनपेक्षित संपर्क को अलग से जांचें।",Hindi,Devanagari,Legitimate,OTP / Account Takeover,,Merchant-like sender ID,Synthetic,Generated for PhishDetect India research dataset,Hard-negative/transactional example; no real personal identifiers.
HIN-L-0396,"आपके बैंक सेवा अनुरोध का सत्यापन OTP [OTP] है। कृपया संदर्भ संख्या सुरक्षित रखें. यह संदेश किसी सेवा घटना, भुगतान, आवेदन या सुरक्षा स्थिति का संदर्भ दे सकता है। संवेदनशील विवरण साझा करने से पहले संबंधित संस्था के आधिकारिक पोर्टल, ऐप या ग्राहक सेवा से जानकारी सत्यापित करें और अनपेक्षित संपर्क को अलग से जांचें। यह सूचना सेवा स्थिति और अगले चरण के संदर्भ में विवरण देती है। यदि कोई कार्रवाई आवश्यक हो, तो अपने बैंक, सेवा प्रदाता या सरकारी खाते में सीधे लॉगिन करके वही जानकारी जांचें। अनजान संपर्क माध्यम से संवेदनशील जानकारी साझा न करें।",Hindi,Devanagari + English code-switching,Legitimate,OTP / Account Takeover,,Generic numeric sender,Synthetic,Generated for PhishDetect India research dataset,Hard-negative/transactional example; no real personal identifiers.
HIN-L-0397,"अपडेट: ऑनलाइन भुगतान की पुष्टि के लिए OTP [OTP] है। यह सूचना सेवा स्थिति और अगले चरण के संदर्भ में विवरण देती है। यदि कोई कार्रवाई आवश्यक हो, तो अपने बैंक, सेवा प्रदाता या सरकारी खाते में सीधे लॉगिन करके वही जानकारी जांचें। अनजान संपर्क माध्यम से संवेदनशील जानकारी साझा न करें। संदेश में दी गई राशि, समय और संदर्भ संख्या को अपने सामान्य लेनदेन रिकॉर्ड से मिलाया जा सकता है। किसी भुगतान, पहचान या खाते से जुड़ी कार्रवाई से पहले आधिकारिक ऐप या वेबसाइट पर स्वतंत्र रूप से स्थिति जांचना सुरक्षित तरीका है।",Hindi,Devanagari,Legitimate,OTP / Account Takeover,,Short code,Synthetic,Generated for PhishDetect India research dataset,Hard-negative/transactional example; no real personal identifiers.
HIN-L-0398,"आपके खाते का पासवर्ड सफलतापूर्वक बदला गया है। अनुरोध की स्थिति जांचने के लिए आधिकारिक चैनल का उपयोग करें. संदेश में दी गई राशि, समय और संदर्भ संख्या को अपने सामान्य लेनदेन रिकॉर्ड से मिलाया जा सकता है। किसी भुगतान, पहचान या खाते से जुड़ी कार्रवाई से पहले आधिकारिक ऐप या वेबसाइट पर स्वतंत्र रूप से स्थिति जांचना सुरक्षित तरीका है। यदि यह सूचना किसी खाते, ऑर्डर या सेवा अनुरोध से संबंधित है, तो संबंधित आधिकारिक चैनल में लॉगिन करके अनुरोध की वास्तविक स्थिति देखें। अलग से प्राप्त फोन नंबर, लिंक या भुगतान निर्देशों पर निर्भर रहने के बजाय आधिकारिक सहायता माध्यम का उपयोग करें।",Hindi,Devanagari,Legitimate,OTP / Account Takeover,,Unknown sender,Synthetic,Generated for PhishDetect India research dataset,Hard-negative/transactional example; no real personal identifiers.
HIN-L-0399,"नया डिवाइस आपके खाते में सफलतापूर्वक जोड़ा गया है। यदि यह सूचना किसी खाते, ऑर्डर या सेवा अनुरोध से संबंधित है, तो संबंधित आधिकारिक चैनल में लॉगिन करके अनुरोध की वास्तविक स्थिति देखें। अलग से प्राप्त फोन नंबर, लिंक या भुगतान निर्देशों पर निर्भर रहने के बजाय आधिकारिक सहायता माध्यम का उपयोग करें। यह संदेश किसी सेवा घटना, भुगतान, आवेदन या सुरक्षा स्थिति का संदर्भ दे सकता है। संवेदनशील विवरण साझा करने से पहले संबंधित संस्था के आधिकारिक पोर्टल, ऐप या ग्राहक सेवा से जानकारी सत्यापित करें और अनपेक्षित संपर्क को अलग से जांचें।",Hindi,Devanagari,Legitimate,OTP / Account Takeover,,Bank-like sender ID,Synthetic,Generated for PhishDetect India research dataset,Hard-negative/transactional example; no real personal identifiers.
HIN-L-0400,"अपडेट: आपके कार्ड से ₹2,499 का भुगतान सफल रहा। https://official.example/app यह संदेश किसी सेवा घटना, भुगतान, आवेदन या सुरक्षा स्थिति का संदर्भ दे सकता है। संवेदनशील विवरण साझा करने से पहले संबंधित संस्था के आधिकारिक पोर्टल, ऐप या ग्राहक सेवा से जानकारी सत्यापित करें और अनपेक्षित संपर्क को अलग से जांचें। यह सूचना सेवा स्थिति और अगले चरण के संदर्भ में विवरण देती है। यदि कोई कार्रवाई आवश्यक हो, तो अपने बैंक, सेवा प्रदाता या सरकारी खाते में सीधे लॉगिन करके वही जानकारी जांचें। अनजान संपर्क माध्यम से संवेदनशील जानकारी साझा न करें।",Hindi,Romanized Hindi / Hinglish,Legitimate,Credit / Debit Card,https://official.example/app,Telecom-like sender ID,Synthetic,Generated for PhishDetect India research dataset,Hard-negative/transactional example; no real personal identifiers.
HIN-L-0401,"आपके डेबिट कार्ड की डिलीवरी के लिए अनुरोध स्वीकार किया गया है। https://portal.example/status यह सूचना सेवा स्थिति और अगले चरण के संदर्भ में विवरण देती है। यदि कोई कार्रवाई आवश्यक हो, तो अपने बैंक, सेवा प्रदाता या सरकारी खाते में सीधे लॉगिन करके वही जानकारी जांचें। अनजान संपर्क माध्यम से संवेदनशील जानकारी साझा न करें। संदेश में दी गई राशि, समय और संदर्भ संख्या को अपने सामान्य लेनदेन रिकॉर्ड से मिलाया जा सकता है। किसी भुगतान, पहचान या खाते से जुड़ी कार्रवाई से पहले आधिकारिक ऐप या वेबसाइट पर स्वतंत्र रूप से स्थिति जांचना सुरक्षित तरीका है।",Hindi,Devanagari,Legitimate,Credit / Debit Card,https://portal.example/status,Courier-like sender ID,Synthetic,Generated for PhishDetect India research dataset,Hard-negative/transactional example; no real personal identifiers.
HIN-L-0402,"कार्ड पिन बदलने का अनुरोध सफलतापूर्वक पूरा हुआ। https://service.example/receipt संदेश में दी गई राशि, समय और संदर्भ संख्या को अपने सामान्य लेनदेन रिकॉर्ड से मिलाया जा सकता है। किसी भुगतान, पहचान या खाते से जुड़ी कार्रवाई से पहले आधिकारिक ऐप या वेबसाइट पर स्वतंत्र रूप से स्थिति जांचना सुरक्षित तरीका है। यदि यह सूचना किसी खाते, ऑर्डर या सेवा अनुरोध से संबंधित है, तो संबंधित आधिकारिक चैनल में लॉगिन करके अनुरोध की वास्तविक स्थिति देखें। अलग से प्राप्त फोन नंबर, लिंक या भुगतान निर्देशों पर निर्भर रहने के बजाय आधिकारिक सहायता माध्यम का उपयोग करें।",Hindi,Devanagari + English code-switching,Legitimate,Credit / Debit Card,https://service.example/receipt,Government-service-like sender ID,Synthetic,Generated for PhishDetect India research dataset,Hard-negative/transactional example; no real personal identifiers.
HIN-L-0403,"आपके कार्ड का ऑनलाइन भुगतान ₹1,999 सफल रहा। यदि यह सूचना किसी खाते, ऑर्डर या सेवा अनुरोध से संबंधित है, तो संबंधित आधिकारिक चैनल में लॉगिन करके अनुरोध की वास्तविक स्थिति देखें। अलग से प्राप्त फोन नंबर, लिंक या भुगतान निर्देशों पर निर्भर रहने के बजाय आधिकारिक सहायता माध्यम का उपयोग करें। यह संदेश किसी सेवा घटना, भुगतान, आवेदन या सुरक्षा स्थिति का संदर्भ दे सकता है। संवेदनशील विवरण साझा करने से पहले संबंधित संस्था के आधिकारिक पोर्टल, ऐप या ग्राहक सेवा से जानकारी सत्यापित करें और अनपेक्षित संपर्क को अलग से जांचें।",Hindi,Devanagari,Legitimate,Credit / Debit Card,,Merchant-like sender ID,Synthetic,Generated for PhishDetect India research dataset,Hard-negative/transactional example; no real personal identifiers.
HIN-L-0404,"आपका कार्ड स्टेटमेंट आधिकारिक ऐप में उपलब्ध है। यह संदेश किसी सेवा घटना, भुगतान, आवेदन या सुरक्षा स्थिति का संदर्भ दे सकता है। संवेदनशील विवरण साझा करने से पहले संबंधित संस्था के आधिकारिक पोर्टल, ऐप या ग्राहक सेवा से जानकारी सत्यापित करें और अनपेक्षित संपर्क को अलग से जांचें। यह सूचना सेवा स्थिति और अगले चरण के संदर्भ में विवरण देती है। यदि कोई कार्रवाई आवश्यक हो, तो अपने बैंक, सेवा प्रदाता या सरकारी खाते में सीधे लॉगिन करके वही जानकारी जांचें। अनजान संपर्क माध्यम से संवेदनशील जानकारी साझा न करें।",Hindi,Devanagari,Legitimate,Credit / Debit Card,,Generic numeric sender,Synthetic,Generated for PhishDetect India research dataset,Hard-negative/transactional example; no real personal identifiers.
HIN-L-0405,"नए कार्ड के लिए आपका आवेदन प्राप्त हो गया है। यह सूचना सेवा स्थिति और अगले चरण के संदर्भ में विवरण देती है। यदि कोई कार्रवाई आवश्यक हो, तो अपने बैंक, सेवा प्रदाता या सरकारी खाते में सीधे लॉगिन करके वही जानकारी जांचें। अनजान संपर्क माध्यम से संवेदनशील जानकारी साझा न करें। संदेश में दी गई राशि, समय और संदर्भ संख्या को अपने सामान्य लेनदेन रिकॉर्ड से मिलाया जा सकता है। किसी भुगतान, पहचान या खाते से जुड़ी कार्रवाई से पहले आधिकारिक ऐप या वेबसाइट पर स्वतंत्र रूप से स्थिति जांचना सुरक्षित तरीका है।",Hindi,Devanagari,Legitimate,Credit / Debit Card,,Short code,Synthetic,Generated for PhishDetect India research dataset,Hard-negative/transactional example; no real personal identifiers.
HIN-L-0406,"अपडेट: कार्ड भुगतान रिवर्सल की ₹499 राशि खाते में जमा हुई है। संदेश में दी गई राशि, समय और संदर्भ संख्या को अपने सामान्य लेनदेन रिकॉर्ड से मिलाया जा सकता है। किसी भुगतान, पहचान या खाते से जुड़ी कार्रवाई से पहले आधिकारिक ऐप या वेबसाइट पर स्वतंत्र रूप से स्थिति जांचना सुरक्षित तरीका है। यदि यह सूचना किसी खाते, ऑर्डर या सेवा अनुरोध से संबंधित है, तो संबंधित आधिकारिक चैनल में लॉगिन करके अनुरोध की वास्तविक स्थिति देखें। अलग से प्राप्त फोन नंबर, लिंक या भुगतान निर्देशों पर निर्भर रहने के बजाय आधिकारिक सहायता माध्यम का उपयोग करें।",Hindi,Devanagari,Legitimate,Credit / Debit Card,,Unknown sender,Synthetic,Generated for PhishDetect India research dataset,Hard-negative/transactional example; no real personal identifiers.
HIN-L-0407,"आपके कार्ड की संपर्क रहित सुविधा सक्रिय हो गई है। यदि यह सूचना किसी खाते, ऑर्डर या सेवा अनुरोध से संबंधित है, तो संबंधित आधिकारिक चैनल में लॉगिन करके अनुरोध की वास्तविक स्थिति देखें। अलग से प्राप्त फोन नंबर, लिंक या भुगतान निर्देशों पर निर्भर रहने के बजाय आधिकारिक सहायता माध्यम का उपयोग करें। यह संदेश किसी सेवा घटना, भुगतान, आवेदन या सुरक्षा स्थिति का संदर्भ दे सकता है। संवेदनशील विवरण साझा करने से पहले संबंधित संस्था के आधिकारिक पोर्टल, ऐप या ग्राहक सेवा से जानकारी सत्यापित करें और अनपेक्षित संपर्क को अलग से जांचें।",Hindi,Devanagari,Legitimate,Credit / Debit Card,,Bank-like sender ID,Synthetic,Generated for PhishDetect India research dataset,Hard-negative/transactional example; no real personal identifiers.
HIN-L-0408,"आपके कार्ड सेवा अनुरोध [REF_ID] को दर्ज कर लिया गया है। धन्यवाद। यह संदेश किसी सेवा घटना, भुगतान, आवेदन या सुरक्षा स्थिति का संदर्भ दे सकता है। संवेदनशील विवरण साझा करने से पहले संबंधित संस्था के आधिकारिक पोर्टल, ऐप या ग्राहक सेवा से जानकारी सत्यापित करें और अनपेक्षित संपर्क को अलग से जांचें। यह सूचना सेवा स्थिति और अगले चरण के संदर्भ में विवरण देती है। यदि कोई कार्रवाई आवश्यक हो, तो अपने बैंक, सेवा प्रदाता या सरकारी खाते में सीधे लॉगिन करके वही जानकारी जांचें। अनजान संपर्क माध्यम से संवेदनशील जानकारी साझा न करें।",Hindi,Devanagari + English code-switching,Legitimate,Credit / Debit Card,,Telecom-like sender ID,Synthetic,Generated for PhishDetect India research dataset,Hard-negative/transactional example; no real personal identifiers.
HIN-L-0409,"आपके कार्ड की डिलीवरी [DATE] तक अपेक्षित है। यह सूचना सेवा स्थिति और अगले चरण के संदर्भ में विवरण देती है। यदि कोई कार्रवाई आवश्यक हो, तो अपने बैंक, सेवा प्रदाता या सरकारी खाते में सीधे लॉगिन करके वही जानकारी जांचें। अनजान संपर्क माध्यम से संवेदनशील जानकारी साझा न करें। संदेश में दी गई राशि, समय और संदर्भ संख्या को अपने सामान्य लेनदेन रिकॉर्ड से मिलाया जा सकता है। किसी भुगतान, पहचान या खाते से जुड़ी कार्रवाई से पहले आधिकारिक ऐप या वेबसाइट पर स्वतंत्र रूप से स्थिति जांचना सुरक्षित तरीका है।",Hindi,Devanagari,Legitimate,Credit / Debit Card,,Courier-like sender ID,Synthetic,Generated for PhishDetect India research dataset,Hard-negative/transactional example; no real personal identifiers.
HIN-L-0410,"आपके कार्ड से ₹2,499 का भुगतान सफल रहा। https://service.example/receipt संदेश में दी गई राशि, समय और संदर्भ संख्या को अपने सामान्य लेनदेन रिकॉर्ड से मिलाया जा सकता है। किसी भुगतान, पहचान या खाते से जुड़ी कार्रवाई से पहले आधिकारिक ऐप या वेबसाइट पर स्वतंत्र रूप से स्थिति जांचना सुरक्षित तरीका है। यदि यह सूचना किसी खाते, ऑर्डर या सेवा अनुरोध से संबंधित है, तो संबंधित आधिकारिक चैनल में लॉगिन करके अनुरोध की वास्तविक स्थिति देखें। अलग से प्राप्त फोन नंबर, लिंक या भुगतान निर्देशों पर निर्भर रहने के बजाय आधिकारिक सहायता माध्यम का उपयोग करें।",Hindi,Devanagari,Legitimate,Credit / Debit Card,https://service.example/receipt,Government-service-like sender ID,Synthetic,Generated for PhishDetect India research dataset,Hard-negative/transactional example; no real personal identifiers.
HIN-L-0411,"आपके अनुरोध के लिए सूचना: आपके डेबिट कार्ड की डिलीवरी के लिए अनुरोध स्वीकार किया गया है। https://track.example/order यदि यह सूचना किसी खाते, ऑर्डर या सेवा अनुरोध से संबंधित है, तो संबंधित आधिकारिक चैनल में लॉगिन करके अनुरोध की वास्तविक स्थिति देखें। अलग से प्राप्त फोन नंबर, लिंक या भुगतान निर्देशों पर निर्भर रहने के बजाय आधिकारिक सहायता माध्यम का उपयोग करें। यह संदेश किसी सेवा घटना, भुगतान, आवेदन या सुरक्षा स्थिति का संदर्भ दे सकता है। संवेदनशील विवरण साझा करने से पहले संबंधित संस्था के आधिकारिक पोर्टल, ऐप या ग्राहक सेवा से जानकारी सत्यापित करें और अनपेक्षित संपर्क को अलग से जांचें।",Hindi,Devanagari,Legitimate,Credit / Debit Card,https://track.example/order,Merchant-like sender ID,Synthetic,Generated for PhishDetect India research dataset,Hard-negative/transactional example; no real personal identifiers.
HIN-L-0412,"अपडेट: कार्ड पिन बदलने का अनुरोध सफलतापूर्वक पूरा हुआ। https://official.example/app यह संदेश किसी सेवा घटना, भुगतान, आवेदन या सुरक्षा स्थिति का संदर्भ दे सकता है। संवेदनशील विवरण साझा करने से पहले संबंधित संस्था के आधिकारिक पोर्टल, ऐप या ग्राहक सेवा से जानकारी सत्यापित करें और अनपेक्षित संपर्क को अलग से जांचें। यह सूचना सेवा स्थिति और अगले चरण के संदर्भ में विवरण देती है। यदि कोई कार्रवाई आवश्यक हो, तो अपने बैंक, सेवा प्रदाता या सरकारी खाते में सीधे लॉगिन करके वही जानकारी जांचें। अनजान संपर्क माध्यम से संवेदनशील जानकारी साझा न करें।",Hindi,Devanagari,Legitimate,Credit / Debit Card,https://official.example/app,Generic numeric sender,Synthetic,Generated for PhishDetect India research dataset,Hard-negative/transactional example; no real personal identifiers.
HIN-L-0413,"आपके कार्ड का ऑनलाइन भुगतान ₹1,999 सफल रहा। यह संदेश सेवा प्रक्रिया की जानकारी देता है. यह सूचना सेवा स्थिति और अगले चरण के संदर्भ में विवरण देती है। यदि कोई कार्रवाई आवश्यक हो, तो अपने बैंक, सेवा प्रदाता या सरकारी खाते में सीधे लॉगिन करके वही जानकारी जांचें। अनजान संपर्क माध्यम से संवेदनशील जानकारी साझा न करें। संदेश में दी गई राशि, समय और संदर्भ संख्या को अपने सामान्य लेनदेन रिकॉर्ड से मिलाया जा सकता है। किसी भुगतान, पहचान या खाते से जुड़ी कार्रवाई से पहले आधिकारिक ऐप या वेबसाइट पर स्वतंत्र रूप से स्थिति जांचना सुरक्षित तरीका है।",Hindi,Devanagari,Legitimate,Credit / Debit Card,,Short code,Synthetic,Generated for PhishDetect India research dataset,Hard-negative/transactional example; no real personal identifiers.
HIN-L-0414,"आपका कार्ड स्टेटमेंट आधिकारिक ऐप में उपलब्ध है। अनुरोध की स्थिति जांचने के लिए आधिकारिक चैनल का उपयोग करें. संदेश में दी गई राशि, समय और संदर्भ संख्या को अपने सामान्य लेनदेन रिकॉर्ड से मिलाया जा सकता है। किसी भुगतान, पहचान या खाते से जुड़ी कार्रवाई से पहले आधिकारिक ऐप या वेबसाइट पर स्वतंत्र रूप से स्थिति जांचना सुरक्षित तरीका है। यदि यह सूचना किसी खाते, ऑर्डर या सेवा अनुरोध से संबंधित है, तो संबंधित आधिकारिक चैनल में लॉगिन करके अनुरोध की वास्तविक स्थिति देखें। अलग से प्राप्त फोन नंबर, लिंक या भुगतान निर्देशों पर निर्भर रहने के बजाय आधिकारिक सहायता माध्यम का उपयोग करें।",Hindi,Devanagari + English code-switching,Legitimate,Credit / Debit Card,,Unknown sender,Synthetic,Generated for PhishDetect India research dataset,Hard-negative/transactional example; no real personal identifiers.
HIN-L-0415,"नए कार्ड के लिए आपका आवेदन प्राप्त हो गया है। ग्राहक सेवा विवरण आपके खाते में उपलब्ध है. यदि यह सूचना किसी खाते, ऑर्डर या सेवा अनुरोध से संबंधित है, तो संबंधित आधिकारिक चैनल में लॉगिन करके अनुरोध की वास्तविक स्थिति देखें। अलग से प्राप्त फोन नंबर, लिंक या भुगतान निर्देशों पर निर्भर रहने के बजाय आधिकारिक सहायता माध्यम का उपयोग करें। यह संदेश किसी सेवा घटना, भुगतान, आवेदन या सुरक्षा स्थिति का संदर्भ दे सकता है। संवेदनशील विवरण साझा करने से पहले संबंधित संस्था के आधिकारिक पोर्टल, ऐप या ग्राहक सेवा से जानकारी सत्यापित करें और अनपेक्षित संपर्क को अलग से जांचें।",Hindi,Devanagari,Legitimate,Credit / Debit Card,,Bank-like sender ID,Synthetic,Generated for PhishDetect India research dataset,Hard-negative/transactional example; no real personal identifiers.
HIN-L-0416,"कार्ड भुगतान रिवर्सल की ₹499 राशि खाते में जमा हुई है। धन्यवाद। यह संदेश किसी सेवा घटना, भुगतान, आवेदन या सुरक्षा स्थिति का संदर्भ दे सकता है। संवेदनशील विवरण साझा करने से पहले संबंधित संस्था के आधिकारिक पोर्टल, ऐप या ग्राहक सेवा से जानकारी सत्यापित करें और अनपेक्षित संपर्क को अलग से जांचें। यह सूचना सेवा स्थिति और अगले चरण के संदर्भ में विवरण देती है। यदि कोई कार्रवाई आवश्यक हो, तो अपने बैंक, सेवा प्रदाता या सरकारी खाते में सीधे लॉगिन करके वही जानकारी जांचें। अनजान संपर्क माध्यम से संवेदनशील जानकारी साझा न करें।",Hindi,Devanagari,Legitimate,Credit / Debit Card,,Telecom-like sender ID,Synthetic,Generated for PhishDetect India research dataset,Hard-negative/transactional example; no real personal identifiers.
HIN-L-0417,"आपके कार्ड की संपर्क रहित सुविधा सक्रिय हो गई है। सूचना क्रमांक HIN-01. यह सूचना सेवा स्थिति और अगले चरण के संदर्भ में विवरण देती है। यदि कोई कार्रवाई आवश्यक हो, तो अपने बैंक, सेवा प्रदाता या सरकारी खाते में सीधे लॉगिन करके वही जानकारी जांचें। अनजान संपर्क माध्यम से संवेदनशील जानकारी साझा न करें। संदेश में दी गई राशि, समय और संदर्भ संख्या को अपने सामान्य लेनदेन रिकॉर्ड से मिलाया जा सकता है। किसी भुगतान, पहचान या खाते से जुड़ी कार्रवाई से पहले आधिकारिक ऐप या वेबसाइट पर स्वतंत्र रूप से स्थिति जांचना सुरक्षित तरीका है।",Hindi,Devanagari,Legitimate,Credit / Debit Card,,Courier-like sender ID,Synthetic,Generated for PhishDetect India research dataset,Hard-negative/transactional example; no real personal identifiers.
HIN-L-0418,"अपडेट: आपके कार्ड सेवा अनुरोध [REF_ID] को दर्ज कर लिया गया है। संदेश में दी गई राशि, समय और संदर्भ संख्या को अपने सामान्य लेनदेन रिकॉर्ड से मिलाया जा सकता है। किसी भुगतान, पहचान या खाते से जुड़ी कार्रवाई से पहले आधिकारिक ऐप या वेबसाइट पर स्वतंत्र रूप से स्थिति जांचना सुरक्षित तरीका है। यदि यह सूचना किसी खाते, ऑर्डर या सेवा अनुरोध से संबंधित है, तो संबंधित आधिकारिक चैनल में लॉगिन करके अनुरोध की वास्तविक स्थिति देखें। अलग से प्राप्त फोन नंबर, लिंक या भुगतान निर्देशों पर निर्भर रहने के बजाय आधिकारिक सहायता माध्यम का उपयोग करें।",Hindi,Devanagari,Legitimate,Credit / Debit Card,,Government-service-like sender ID,Synthetic,Generated for PhishDetect India research dataset,Hard-negative/transactional example; no real personal identifiers.
HIN-L-0419,"आपके कार्ड की डिलीवरी [DATE] तक अपेक्षित है। सेवा स्थिति आपके आधिकारिक खाते में भी दिखाई दे सकती है. यदि यह सूचना किसी खाते, ऑर्डर या सेवा अनुरोध से संबंधित है, तो संबंधित आधिकारिक चैनल में लॉगिन करके अनुरोध की वास्तविक स्थिति देखें। अलग से प्राप्त फोन नंबर, लिंक या भुगतान निर्देशों पर निर्भर रहने के बजाय आधिकारिक सहायता माध्यम का उपयोग करें। यह संदेश किसी सेवा घटना, भुगतान, आवेदन या सुरक्षा स्थिति का संदर्भ दे सकता है। संवेदनशील विवरण साझा करने से पहले संबंधित संस्था के आधिकारिक पोर्टल, ऐप या ग्राहक सेवा से जानकारी सत्यापित करें और अनपेक्षित संपर्क को अलग से जांचें।",Hindi,Devanagari,Legitimate,Credit / Debit Card,,Merchant-like sender ID,Synthetic,Generated for PhishDetect India research dataset,Hard-negative/transactional example; no real personal identifiers.
HIN-L-0420,"आपके कार्ड से ₹2,499 का भुगतान सफल रहा। https://official.example/app यह संदेश किसी सेवा घटना, भुगतान, आवेदन या सुरक्षा स्थिति का संदर्भ दे सकता है। संवेदनशील विवरण साझा करने से पहले संबंधित संस्था के आधिकारिक पोर्टल, ऐप या ग्राहक सेवा से जानकारी सत्यापित करें और अनपेक्षित संपर्क को अलग से जांचें। यह सूचना सेवा स्थिति और अगले चरण के संदर्भ में विवरण देती है। यदि कोई कार्रवाई आवश्यक हो, तो अपने बैंक, सेवा प्रदाता या सरकारी खाते में सीधे लॉगिन करके वही जानकारी जांचें। अनजान संपर्क माध्यम से संवेदनशील जानकारी साझा न करें।",Hindi,Devanagari + English code-switching,Legitimate,Credit / Debit Card,https://official.example/app,Generic numeric sender,Synthetic,Generated for PhishDetect India research dataset,Hard-negative/transactional example; no real personal identifiers.
HIN-L-0421,आपके डेबिट कार्ड की डिलीवरी के लिए अनुरोध स्वीकार किया गया है। https://portal.example/status यह संदेश सेवा प्रक्रिया की जानकारी देता है.,Hindi,Devanagari,Legitimate,Credit / Debit Card,https://portal.example/status,Short code,Synthetic,Generated for PhishDetect India research dataset,Hard-negative/transactional example; no real personal identifiers.
HIN-L-0422,"आपके अनुरोध के लिए सूचना: कार्ड पिन बदलने का अनुरोध सफलतापूर्वक पूरा हुआ। https://service.example/receipt संदेश में दी गई राशि, समय और संदर्भ संख्या को अपने सामान्य लेनदेन रिकॉर्ड से मिलाया जा सकता है। किसी भुगतान, पहचान या खाते से जुड़ी कार्रवाई से पहले आधिकारिक ऐप या वेबसाइट पर स्वतंत्र रूप से स्थिति जांचना सुरक्षित तरीका है। यदि यह सूचना किसी खाते, ऑर्डर या सेवा अनुरोध से संबंधित है, तो संबंधित आधिकारिक चैनल में लॉगिन करके अनुरोध की वास्तविक स्थिति देखें। अलग से प्राप्त फोन नंबर, लिंक या भुगतान निर्देशों पर निर्भर रहने के बजाय आधिकारिक सहायता माध्यम का उपयोग करें।",Hindi,Devanagari,Legitimate,Credit / Debit Card,https://service.example/receipt,Unknown sender,Synthetic,Generated for PhishDetect India research dataset,Hard-negative/transactional example; no real personal identifiers.
HIN-L-0423,"अपडेट: आपका सरकारी सेवा आवेदन [APPLICATION_ID] प्राप्त हो गया है। यदि यह सूचना किसी खाते, ऑर्डर या सेवा अनुरोध से संबंधित है, तो संबंधित आधिकारिक चैनल में लॉगिन करके अनुरोध की वास्तविक स्थिति देखें। अलग से प्राप्त फोन नंबर, लिंक या भुगतान निर्देशों पर निर्भर रहने के बजाय आधिकारिक सहायता माध्यम का उपयोग करें। यह संदेश किसी सेवा घटना, भुगतान, आवेदन या सुरक्षा स्थिति का संदर्भ दे सकता है। संवेदनशील विवरण साझा करने से पहले संबंधित संस्था के आधिकारिक पोर्टल, ऐप या ग्राहक सेवा से जानकारी सत्यापित करें और अनपेक्षित संपर्क को अलग से जांचें।",Hindi,Devanagari,Legitimate,Aadhaar / DigiLocker / Government,,Bank-like sender ID,Synthetic,Generated for PhishDetect India research dataset,Hard-negative/transactional example; no real personal identifiers.
HIN-L-0424,"आपका प्रमाणपत्र आवेदन आधिकारिक पोर्टल पर दर्ज हो गया है। यह संदेश किसी सेवा घटना, भुगतान, आवेदन या सुरक्षा स्थिति का संदर्भ दे सकता है। संवेदनशील विवरण साझा करने से पहले संबंधित संस्था के आधिकारिक पोर्टल, ऐप या ग्राहक सेवा से जानकारी सत्यापित करें और अनपेक्षित संपर्क को अलग से जांचें। यह सूचना सेवा स्थिति और अगले चरण के संदर्भ में विवरण देती है। यदि कोई कार्रवाई आवश्यक हो, तो अपने बैंक, सेवा प्रदाता या सरकारी खाते में सीधे लॉगिन करके वही जानकारी जांचें। अनजान संपर्क माध्यम से संवेदनशील जानकारी साझा न करें।",Hindi,Devanagari,Legitimate,Aadhaar / DigiLocker / Government,,Telecom-like sender ID,Synthetic,Generated for PhishDetect India research dataset,Hard-negative/transactional example; no real personal identifiers.
HIN-L-0425,"आपके दस्तावेज जमा करने की रसीद उपलब्ध है। यह सूचना सेवा स्थिति और अगले चरण के संदर्भ में विवरण देती है। यदि कोई कार्रवाई आवश्यक हो, तो अपने बैंक, सेवा प्रदाता या सरकारी खाते में सीधे लॉगिन करके वही जानकारी जांचें। अनजान संपर्क माध्यम से संवेदनशील जानकारी साझा न करें। संदेश में दी गई राशि, समय और संदर्भ संख्या को अपने सामान्य लेनदेन रिकॉर्ड से मिलाया जा सकता है। किसी भुगतान, पहचान या खाते से जुड़ी कार्रवाई से पहले आधिकारिक ऐप या वेबसाइट पर स्वतंत्र रूप से स्थिति जांचना सुरक्षित तरीका है।",Hindi,Devanagari,Legitimate,Aadhaar / DigiLocker / Government,,Courier-like sender ID,Synthetic,Generated for PhishDetect India research dataset,Hard-negative/transactional example; no real personal identifiers.
HIN-L-0426,"आपकी सरकारी सेवा अपॉइंटमेंट [DATE] को [TIME] पर है। संदेश में दी गई राशि, समय और संदर्भ संख्या को अपने सामान्य लेनदेन रिकॉर्ड से मिलाया जा सकता है। किसी भुगतान, पहचान या खाते से जुड़ी कार्रवाई से पहले आधिकारिक ऐप या वेबसाइट पर स्वतंत्र रूप से स्थिति जांचना सुरक्षित तरीका है। यदि यह सूचना किसी खाते, ऑर्डर या सेवा अनुरोध से संबंधित है, तो संबंधित आधिकारिक चैनल में लॉगिन करके अनुरोध की वास्तविक स्थिति देखें। अलग से प्राप्त फोन नंबर, लिंक या भुगतान निर्देशों पर निर्भर रहने के बजाय आधिकारिक सहायता माध्यम का उपयोग करें।",Hindi,Devanagari + English code-switching,Legitimate,Aadhaar / DigiLocker / Government,,Government-service-like sender ID,Synthetic,Generated for PhishDetect India research dataset,Hard-negative/transactional example; no real personal identifiers.
HIN-L-0427,"आपके आवेदन की स्थिति आधिकारिक पोर्टल पर अपडेट हुई है। यदि यह सूचना किसी खाते, ऑर्डर या सेवा अनुरोध से संबंधित है, तो संबंधित आधिकारिक चैनल में लॉगिन करके अनुरोध की वास्तविक स्थिति देखें। अलग से प्राप्त फोन नंबर, लिंक या भुगतान निर्देशों पर निर्भर रहने के बजाय आधिकारिक सहायता माध्यम का उपयोग करें। यह संदेश किसी सेवा घटना, भुगतान, आवेदन या सुरक्षा स्थिति का संदर्भ दे सकता है। संवेदनशील विवरण साझा करने से पहले संबंधित संस्था के आधिकारिक पोर्टल, ऐप या ग्राहक सेवा से जानकारी सत्यापित करें और अनपेक्षित संपर्क को अलग से जांचें।",Hindi,Devanagari,Legitimate,Aadhaar / DigiLocker / Government,,Merchant-like sender ID,Synthetic,Generated for PhishDetect India research dataset,Hard-negative/transactional example; no real personal identifiers.
HIN-L-0428,आपका दस्तावेज डाउनलोड के लिए तैयार है।,Hindi,Devanagari,Legitimate,Aadhaar / DigiLocker / Government,,Generic numeric sender,Synthetic,Generated for PhishDetect India research dataset,Hard-negative/transactional example; no real personal identifiers.
HIN-L-0429,"अपडेट: आपका सेवा भुगतान ₹249 सफलतापूर्वक प्राप्त हुआ है। यह सूचना सेवा स्थिति और अगले चरण के संदर्भ में विवरण देती है। यदि कोई कार्रवाई आवश्यक हो, तो अपने बैंक, सेवा प्रदाता या सरकारी खाते में सीधे लॉगिन करके वही जानकारी जांचें। अनजान संपर्क माध्यम से संवेदनशील जानकारी साझा न करें। संदेश में दी गई राशि, समय और संदर्भ संख्या को अपने सामान्य लेनदेन रिकॉर्ड से मिलाया जा सकता है। किसी भुगतान, पहचान या खाते से जुड़ी कार्रवाई से पहले आधिकारिक ऐप या वेबसाइट पर स्वतंत्र रूप से स्थिति जांचना सुरक्षित तरीका है।",Hindi,Devanagari,Legitimate,Aadhaar / DigiLocker / Government,,Short code,Synthetic,Generated for PhishDetect India research dataset,Hard-negative/transactional example; no real personal identifiers.
HIN-L-0430,"आपका अनुरोध [REF_ID] के तहत पंजीकृत है। https://service.example/receipt संदेश में दी गई राशि, समय और संदर्भ संख्या को अपने सामान्य लेनदेन रिकॉर्ड से मिलाया जा सकता है। किसी भुगतान, पहचान या खाते से जुड़ी कार्रवाई से पहले आधिकारिक ऐप या वेबसाइट पर स्वतंत्र रूप से स्थिति जांचना सुरक्षित तरीका है। यदि यह सूचना किसी खाते, ऑर्डर या सेवा अनुरोध से संबंधित है, तो संबंधित आधिकारिक चैनल में लॉगिन करके अनुरोध की वास्तविक स्थिति देखें। अलग से प्राप्त फोन नंबर, लिंक या भुगतान निर्देशों पर निर्भर रहने के बजाय आधिकारिक सहायता माध्यम का उपयोग करें।",Hindi,Devanagari,Legitimate,Aadhaar / DigiLocker / Government,https://service.example/receipt,Unknown sender,Synthetic,Generated for PhishDetect India research dataset,Hard-negative/transactional example; no real personal identifiers.
HIN-L-0431,"आपके आवेदन का सत्यापन पूरा हो गया है। धन्यवाद। https://track.example/order यदि यह सूचना किसी खाते, ऑर्डर या सेवा अनुरोध से संबंधित है, तो संबंधित आधिकारिक चैनल में लॉगिन करके अनुरोध की वास्तविक स्थिति देखें। अलग से प्राप्त फोन नंबर, लिंक या भुगतान निर्देशों पर निर्भर रहने के बजाय आधिकारिक सहायता माध्यम का उपयोग करें। यह संदेश किसी सेवा घटना, भुगतान, आवेदन या सुरक्षा स्थिति का संदर्भ दे सकता है। संवेदनशील विवरण साझा करने से पहले संबंधित संस्था के आधिकारिक पोर्टल, ऐप या ग्राहक सेवा से जानकारी सत्यापित करें और अनपेक्षित संपर्क को अलग से जांचें।",Hindi,Devanagari,Legitimate,Aadhaar / DigiLocker / Government,https://track.example/order,Bank-like sender ID,Synthetic,Generated for PhishDetect India research dataset,Hard-negative/transactional example; no real personal identifiers.
HIN-L-0432,"आपके प्रमाणपत्र की डिजिटल प्रति आधिकारिक खाते में उपलब्ध है। https://official.example/app यह संदेश किसी सेवा घटना, भुगतान, आवेदन या सुरक्षा स्थिति का संदर्भ दे सकता है। संवेदनशील विवरण साझा करने से पहले संबंधित संस्था के आधिकारिक पोर्टल, ऐप या ग्राहक सेवा से जानकारी सत्यापित करें और अनपेक्षित संपर्क को अलग से जांचें। यह सूचना सेवा स्थिति और अगले चरण के संदर्भ में विवरण देती है। यदि कोई कार्रवाई आवश्यक हो, तो अपने बैंक, सेवा प्रदाता या सरकारी खाते में सीधे लॉगिन करके वही जानकारी जांचें। अनजान संपर्क माध्यम से संवेदनशील जानकारी साझा न करें।",Hindi,Devanagari + English code-switching,Legitimate,Aadhaar / DigiLocker / Government,https://official.example/app,Telecom-like sender ID,Synthetic,Generated for PhishDetect India research dataset,Hard-negative/transactional example; no real personal identifiers.
HIN-L-0433,"आपका सरकारी सेवा आवेदन [APPLICATION_ID] प्राप्त हो गया है। यह सूचना सेवा स्थिति और अगले चरण के संदर्भ में विवरण देती है। यदि कोई कार्रवाई आवश्यक हो, तो अपने बैंक, सेवा प्रदाता या सरकारी खाते में सीधे लॉगिन करके वही जानकारी जांचें। अनजान संपर्क माध्यम से संवेदनशील जानकारी साझा न करें। संदेश में दी गई राशि, समय और संदर्भ संख्या को अपने सामान्य लेनदेन रिकॉर्ड से मिलाया जा सकता है। किसी भुगतान, पहचान या खाते से जुड़ी कार्रवाई से पहले आधिकारिक ऐप या वेबसाइट पर स्वतंत्र रूप से स्थिति जांचना सुरक्षित तरीका है।",Hindi,Devanagari,Legitimate,Aadhaar / DigiLocker / Government,,Courier-like sender ID,Synthetic,Generated for PhishDetect India research dataset,Hard-negative/transactional example; no real personal identifiers.
HIN-L-0434,"आपके अनुरोध के लिए सूचना: आपका प्रमाणपत्र आवेदन आधिकारिक पोर्टल पर दर्ज हो गया है। संदेश में दी गई राशि, समय और संदर्भ संख्या को अपने सामान्य लेनदेन रिकॉर्ड से मिलाया जा सकता है। किसी भुगतान, पहचान या खाते से जुड़ी कार्रवाई से पहले आधिकारिक ऐप या वेबसाइट पर स्वतंत्र रूप से स्थिति जांचना सुरक्षित तरीका है। यदि यह सूचना किसी खाते, ऑर्डर या सेवा अनुरोध से संबंधित है, तो संबंधित आधिकारिक चैनल में लॉगिन करके अनुरोध की वास्तविक स्थिति देखें। अलग से प्राप्त फोन नंबर, लिंक या भुगतान निर्देशों पर निर्भर रहने के बजाय आधिकारिक सहायता माध्यम का उपयोग करें।",Hindi,Devanagari,Legitimate,Aadhaar / DigiLocker / Government,,Government-service-like sender ID,Synthetic,Generated for PhishDetect India research dataset,Hard-negative/transactional example; no real personal identifiers.
HIN-L-0435,"अपडेट: आपके दस्तावेज जमा करने की रसीद उपलब्ध है। यदि यह सूचना किसी खाते, ऑर्डर या सेवा अनुरोध से संबंधित है, तो संबंधित आधिकारिक चैनल में लॉगिन करके अनुरोध की वास्तविक स्थिति देखें। अलग से प्राप्त फोन नंबर, लिंक या भुगतान निर्देशों पर निर्भर रहने के बजाय आधिकारिक सहायता माध्यम का उपयोग करें। यह संदेश किसी सेवा घटना, भुगतान, आवेदन या सुरक्षा स्थिति का संदर्भ दे सकता है। संवेदनशील विवरण साझा करने से पहले संबंधित संस्था के आधिकारिक पोर्टल, ऐप या ग्राहक सेवा से जानकारी सत्यापित करें और अनपेक्षित संपर्क को अलग से जांचें।",Hindi,Devanagari,Legitimate,Aadhaar / DigiLocker / Government,,Merchant-like sender ID,Synthetic,Generated for PhishDetect India research dataset,Hard-negative/transactional example; no real personal identifiers.
HIN-L-0436,"आपकी सरकारी सेवा अपॉइंटमेंट [DATE] को [TIME] पर है। कृपया संदर्भ संख्या सुरक्षित रखें. यह संदेश किसी सेवा घटना, भुगतान, आवेदन या सुरक्षा स्थिति का संदर्भ दे सकता है। संवेदनशील विवरण साझा करने से पहले संबंधित संस्था के आधिकारिक पोर्टल, ऐप या ग्राहक सेवा से जानकारी सत्यापित करें और अनपेक्षित संपर्क को अलग से जांचें। यह सूचना सेवा स्थिति और अगले चरण के संदर्भ में विवरण देती है। यदि कोई कार्रवाई आवश्यक हो, तो अपने बैंक, सेवा प्रदाता या सरकारी खाते में सीधे लॉगिन करके वही जानकारी जांचें। अनजान संपर्क माध्यम से संवेदनशील जानकारी साझा न करें।",Hindi,Devanagari,Legitimate,Aadhaar / DigiLocker / Government,,Generic numeric sender,Synthetic,Generated for PhishDetect India research dataset,Hard-negative/transactional example; no real personal identifiers.
HIN-L-0437,"आपके आवेदन की स्थिति आधिकारिक पोर्टल पर अपडेट हुई है। यह संदेश सेवा प्रक्रिया की जानकारी देता है. यह सूचना सेवा स्थिति और अगले चरण के संदर्भ में विवरण देती है। यदि कोई कार्रवाई आवश्यक हो, तो अपने बैंक, सेवा प्रदाता या सरकारी खाते में सीधे लॉगिन करके वही जानकारी जांचें। अनजान संपर्क माध्यम से संवेदनशील जानकारी साझा न करें। संदेश में दी गई राशि, समय और संदर्भ संख्या को अपने सामान्य लेनदेन रिकॉर्ड से मिलाया जा सकता है। किसी भुगतान, पहचान या खाते से जुड़ी कार्रवाई से पहले आधिकारिक ऐप या वेबसाइट पर स्वतंत्र रूप से स्थिति जांचना सुरक्षित तरीका है।",Hindi,Devanagari,Legitimate,Aadhaar / DigiLocker / Government,,Short code,Synthetic,Generated for PhishDetect India research dataset,Hard-negative/transactional example; no real personal identifiers.
HIN-L-0438,"आपका दस्तावेज डाउनलोड के लिए तैयार है। अनुरोध की स्थिति जांचने के लिए आधिकारिक चैनल का उपयोग करें. संदेश में दी गई राशि, समय और संदर्भ संख्या को अपने सामान्य लेनदेन रिकॉर्ड से मिलाया जा सकता है। किसी भुगतान, पहचान या खाते से जुड़ी कार्रवाई से पहले आधिकारिक ऐप या वेबसाइट पर स्वतंत्र रूप से स्थिति जांचना सुरक्षित तरीका है। यदि यह सूचना किसी खाते, ऑर्डर या सेवा अनुरोध से संबंधित है, तो संबंधित आधिकारिक चैनल में लॉगिन करके अनुरोध की वास्तविक स्थिति देखें। अलग से प्राप्त फोन नंबर, लिंक या भुगतान निर्देशों पर निर्भर रहने के बजाय आधिकारिक सहायता माध्यम का उपयोग करें।",Hindi,Devanagari + English code-switching,Legitimate,Aadhaar / DigiLocker / Government,,Unknown sender,Synthetic,Generated for PhishDetect India research dataset,Hard-negative/transactional example; no real personal identifiers.
HIN-L-0439,"आपका सेवा भुगतान ₹249 सफलतापूर्वक प्राप्त हुआ है। धन्यवाद। यदि यह सूचना किसी खाते, ऑर्डर या सेवा अनुरोध से संबंधित है, तो संबंधित आधिकारिक चैनल में लॉगिन करके अनुरोध की वास्तविक स्थिति देखें। अलग से प्राप्त फोन नंबर, लिंक या भुगतान निर्देशों पर निर्भर रहने के बजाय आधिकारिक सहायता माध्यम का उपयोग करें। यह संदेश किसी सेवा घटना, भुगतान, आवेदन या सुरक्षा स्थिति का संदर्भ दे सकता है। संवेदनशील विवरण साझा करने से पहले संबंधित संस्था के आधिकारिक पोर्टल, ऐप या ग्राहक सेवा से जानकारी सत्यापित करें और अनपेक्षित संपर्क को अलग से जांचें।",Hindi,Devanagari,Legitimate,Aadhaar / DigiLocker / Government,,Bank-like sender ID,Synthetic,Generated for PhishDetect India research dataset,Hard-negative/transactional example; no real personal identifiers.
HIN-L-0440,"Aapka अनुरोध [REF_ID] के तहत पंजीकृत है। https://official.example/app यह संदेश किसी सेवा घटना, भुगतान, आवेदन या सुरक्षा स्थिति का संदर्भ दे सकता है। संवेदनशील विवरण साझा करने से पहले संबंधित संस्था के आधिकारिक पोर्टल, ऐप या ग्राहक सेवा से जानकारी सत्यापित करें और अनपेक्षित संपर्क को अलग से जांचें। यह सूचना सेवा स्थिति और अगले चरण के संदर्भ में विवरण देती है। यदि कोई कार्रवाई आवश्यक हो, तो अपने बैंक, सेवा प्रदाता या सरकारी खाते में सीधे लॉगिन करके वही जानकारी जांचें। अनजान संपर्क माध्यम से संवेदनशील जानकारी साझा न करें।",Hindi,Romanized Hindi / Hinglish,Legitimate,Aadhaar / DigiLocker / Government,https://official.example/app,Telecom-like sender ID,Synthetic,Generated for PhishDetect India research dataset,Hard-negative/transactional example; no real personal identifiers.
HIN-L-0441,"अपडेट: आपके आवेदन का सत्यापन पूरा हो गया है। https://portal.example/status यह सूचना सेवा स्थिति और अगले चरण के संदर्भ में विवरण देती है। यदि कोई कार्रवाई आवश्यक हो, तो अपने बैंक, सेवा प्रदाता या सरकारी खाते में सीधे लॉगिन करके वही जानकारी जांचें। अनजान संपर्क माध्यम से संवेदनशील जानकारी साझा न करें। संदेश में दी गई राशि, समय और संदर्भ संख्या को अपने सामान्य लेनदेन रिकॉर्ड से मिलाया जा सकता है। किसी भुगतान, पहचान या खाते से जुड़ी कार्रवाई से पहले आधिकारिक ऐप या वेबसाइट पर स्वतंत्र रूप से स्थिति जांचना सुरक्षित तरीका है।",Hindi,Devanagari,Legitimate,Aadhaar / DigiLocker / Government,https://portal.example/status,Courier-like sender ID,Synthetic,Generated for PhishDetect India research dataset,Hard-negative/transactional example; no real personal identifiers.
HIN-L-0442,"आपके प्रमाणपत्र की डिजिटल प्रति आधिकारिक खाते में उपलब्ध है। https://service.example/receipt संदेश में दी गई राशि, समय और संदर्भ संख्या को अपने सामान्य लेनदेन रिकॉर्ड से मिलाया जा सकता है। किसी भुगतान, पहचान या खाते से जुड़ी कार्रवाई से पहले आधिकारिक ऐप या वेबसाइट पर स्वतंत्र रूप से स्थिति जांचना सुरक्षित तरीका है। यदि यह सूचना किसी खाते, ऑर्डर या सेवा अनुरोध से संबंधित है, तो संबंधित आधिकारिक चैनल में लॉगिन करके अनुरोध की वास्तविक स्थिति देखें। अलग से प्राप्त फोन नंबर, लिंक या भुगतान निर्देशों पर निर्भर रहने के बजाय आधिकारिक सहायता माध्यम का उपयोग करें।",Hindi,Devanagari,Legitimate,Aadhaar / DigiLocker / Government,https://service.example/receipt,Government-service-like sender ID,Synthetic,Generated for PhishDetect India research dataset,Hard-negative/transactional example; no real personal identifiers.
HIN-L-0443,आपका सरकारी सेवा आवेदन [APPLICATION_ID] प्राप्त हो गया है। सेवा स्थिति आपके आधिकारिक खाते में भी दिखाई दे सकती है.,Hindi,Devanagari,Legitimate,Aadhaar / DigiLocker / Government,,Merchant-like sender ID,Synthetic,Generated for PhishDetect India research dataset,Hard-negative/transactional example; no real personal identifiers.
HIN-L-0444,"आपका प्रमाणपत्र आवेदन आधिकारिक पोर्टल पर दर्ज हो गया है। कृपया संदर्भ संख्या सुरक्षित रखें. यह संदेश किसी सेवा घटना, भुगतान, आवेदन या सुरक्षा स्थिति का संदर्भ दे सकता है। संवेदनशील विवरण साझा करने से पहले संबंधित संस्था के आधिकारिक पोर्टल, ऐप या ग्राहक सेवा से जानकारी सत्यापित करें और अनपेक्षित संपर्क को अलग से जांचें। यह सूचना सेवा स्थिति और अगले चरण के संदर्भ में विवरण देती है। यदि कोई कार्रवाई आवश्यक हो, तो अपने बैंक, सेवा प्रदाता या सरकारी खाते में सीधे लॉगिन करके वही जानकारी जांचें। अनजान संपर्क माध्यम से संवेदनशील जानकारी साझा न करें।",Hindi,Devanagari + English code-switching,Legitimate,Aadhaar / DigiLocker / Government,,Generic numeric sender,Synthetic,Generated for PhishDetect India research dataset,Hard-negative/transactional example; no real personal identifiers.
HIN-L-0445,"आपके अनुरोध के लिए सूचना: आपके दस्तावेज जमा करने की रसीद उपलब्ध है। यह सूचना सेवा स्थिति और अगले चरण के संदर्भ में विवरण देती है। यदि कोई कार्रवाई आवश्यक हो, तो अपने बैंक, सेवा प्रदाता या सरकारी खाते में सीधे लॉगिन करके वही जानकारी जांचें। अनजान संपर्क माध्यम से संवेदनशील जानकारी साझा न करें। संदेश में दी गई राशि, समय और संदर्भ संख्या को अपने सामान्य लेनदेन रिकॉर्ड से मिलाया जा सकता है। किसी भुगतान, पहचान या खाते से जुड़ी कार्रवाई से पहले आधिकारिक ऐप या वेबसाइट पर स्वतंत्र रूप से स्थिति जांचना सुरक्षित तरीका है।",Hindi,Devanagari,Legitimate,Aadhaar / DigiLocker / Government,,Short code,Synthetic,Generated for PhishDetect India research dataset,Hard-negative/transactional example; no real personal identifiers.
HIN-L-0446,"अपडेट: आपका पार्सल [REF_ID] डिलीवरी के लिए निकल चुका है। संदेश में दी गई राशि, समय और संदर्भ संख्या को अपने सामान्य लेनदेन रिकॉर्ड से मिलाया जा सकता है। किसी भुगतान, पहचान या खाते से जुड़ी कार्रवाई से पहले आधिकारिक ऐप या वेबसाइट पर स्वतंत्र रूप से स्थिति जांचना सुरक्षित तरीका है। यदि यह सूचना किसी खाते, ऑर्डर या सेवा अनुरोध से संबंधित है, तो संबंधित आधिकारिक चैनल में लॉगिन करके अनुरोध की वास्तविक स्थिति देखें। अलग से प्राप्त फोन नंबर, लिंक या भुगतान निर्देशों पर निर्भर रहने के बजाय आधिकारिक सहायता माध्यम का उपयोग करें।",Hindi,Devanagari,Legitimate,Courier / Parcel,,Unknown sender,Synthetic,Generated for PhishDetect India research dataset,Hard-negative/transactional example; no real personal identifiers.
HIN-L-0447,"आपका पैकेज स्थानीय डिलीवरी केंद्र पर पहुंच गया है। ग्राहक सेवा विवरण आपके खाते में उपलब्ध है. यदि यह सूचना किसी खाते, ऑर्डर या सेवा अनुरोध से संबंधित है, तो संबंधित आधिकारिक चैनल में लॉगिन करके अनुरोध की वास्तविक स्थिति देखें। अलग से प्राप्त फोन नंबर, लिंक या भुगतान निर्देशों पर निर्भर रहने के बजाय आधिकारिक सहायता माध्यम का उपयोग करें। यह संदेश किसी सेवा घटना, भुगतान, आवेदन या सुरक्षा स्थिति का संदर्भ दे सकता है। संवेदनशील विवरण साझा करने से पहले संबंधित संस्था के आधिकारिक पोर्टल, ऐप या ग्राहक सेवा से जानकारी सत्यापित करें और अनपेक्षित संपर्क को अलग से जांचें।",Hindi,Devanagari,Legitimate,Courier / Parcel,,Bank-like sender ID,Synthetic,Generated for PhishDetect India research dataset,Hard-negative/transactional example; no real personal identifiers.
HIN-L-0448,"आपका ऑर्डर आज डिलीवर होने की उम्मीद है। यह संदेश किसी सेवा घटना, भुगतान, आवेदन या सुरक्षा स्थिति का संदर्भ दे सकता है। संवेदनशील विवरण साझा करने से पहले संबंधित संस्था के आधिकारिक पोर्टल, ऐप या ग्राहक सेवा से जानकारी सत्यापित करें और अनपेक्षित संपर्क को अलग से जांचें। यह सूचना सेवा स्थिति और अगले चरण के संदर्भ में विवरण देती है। यदि कोई कार्रवाई आवश्यक हो, तो अपने बैंक, सेवा प्रदाता या सरकारी खाते में सीधे लॉगिन करके वही जानकारी जांचें। अनजान संपर्क माध्यम से संवेदनशील जानकारी साझा न करें।",Hindi,Devanagari,Legitimate,Courier / Parcel,,Telecom-like sender ID,Synthetic,Generated for PhishDetect India research dataset,Hard-negative/transactional example; no real personal identifiers.
HIN-L-0449,"आपका शिपमेंट ट्रांजिट में है। आधिकारिक कूरियर ऐप से स्थिति देखें। यह सूचना सेवा स्थिति और अगले चरण के संदर्भ में विवरण देती है। यदि कोई कार्रवाई आवश्यक हो, तो अपने बैंक, सेवा प्रदाता या सरकारी खाते में सीधे लॉगिन करके वही जानकारी जांचें। अनजान संपर्क माध्यम से संवेदनशील जानकारी साझा न करें। संदेश में दी गई राशि, समय और संदर्भ संख्या को अपने सामान्य लेनदेन रिकॉर्ड से मिलाया जा सकता है। किसी भुगतान, पहचान या खाते से जुड़ी कार्रवाई से पहले आधिकारिक ऐप या वेबसाइट पर स्वतंत्र रूप से स्थिति जांचना सुरक्षित तरीका है।",Hindi,Devanagari,Legitimate,Courier / Parcel,,Courier-like sender ID,Synthetic,Generated for PhishDetect India research dataset,Hard-negative/transactional example; no real personal identifiers.
HIN-L-0450,"आपका पार्सल सफलतापूर्वक डिलीवर हो गया है। https://service.example/receipt संदेश में दी गई राशि, समय और संदर्भ संख्या को अपने सामान्य लेनदेन रिकॉर्ड से मिलाया जा सकता है। किसी भुगतान, पहचान या खाते से जुड़ी कार्रवाई से पहले आधिकारिक ऐप या वेबसाइट पर स्वतंत्र रूप से स्थिति जांचना सुरक्षित तरीका है। यदि यह सूचना किसी खाते, ऑर्डर या सेवा अनुरोध से संबंधित है, तो संबंधित आधिकारिक चैनल में लॉगिन करके अनुरोध की वास्तविक स्थिति देखें। अलग से प्राप्त फोन नंबर, लिंक या भुगतान निर्देशों पर निर्भर रहने के बजाय आधिकारिक सहायता माध्यम का उपयोग करें।",Hindi,Devanagari + English code-switching,Legitimate,Courier / Parcel,https://service.example/receipt,Government-service-like sender ID,Synthetic,Generated for PhishDetect India research dataset,Hard-negative/transactional example; no real personal identifiers.
HIN-L-0451,"आपके रिटर्न पैकेज का पिकअप पूरा हो गया है। https://track.example/order यदि यह सूचना किसी खाते, ऑर्डर या सेवा अनुरोध से संबंधित है, तो संबंधित आधिकारिक चैनल में लॉगिन करके अनुरोध की वास्तविक स्थिति देखें। अलग से प्राप्त फोन नंबर, लिंक या भुगतान निर्देशों पर निर्भर रहने के बजाय आधिकारिक सहायता माध्यम का उपयोग करें। यह संदेश किसी सेवा घटना, भुगतान, आवेदन या सुरक्षा स्थिति का संदर्भ दे सकता है। संवेदनशील विवरण साझा करने से पहले संबंधित संस्था के आधिकारिक पोर्टल, ऐप या ग्राहक सेवा से जानकारी सत्यापित करें और अनपेक्षित संपर्क को अलग से जांचें।",Hindi,Devanagari,Legitimate,Courier / Parcel,https://track.example/order,Merchant-like sender ID,Synthetic,Generated for PhishDetect India research dataset,Hard-negative/transactional example; no real personal identifiers.
HIN-L-0452,"अपडेट: ऑर्डर पैक होकर डिस्पैच के लिए तैयार है। https://official.example/app यह संदेश किसी सेवा घटना, भुगतान, आवेदन या सुरक्षा स्थिति का संदर्भ दे सकता है। संवेदनशील विवरण साझा करने से पहले संबंधित संस्था के आधिकारिक पोर्टल, ऐप या ग्राहक सेवा से जानकारी सत्यापित करें और अनपेक्षित संपर्क को अलग से जांचें। यह सूचना सेवा स्थिति और अगले चरण के संदर्भ में विवरण देती है। यदि कोई कार्रवाई आवश्यक हो, तो अपने बैंक, सेवा प्रदाता या सरकारी खाते में सीधे लॉगिन करके वही जानकारी जांचें। अनजान संपर्क माध्यम से संवेदनशील जानकारी साझा न करें।",Hindi,Devanagari,Legitimate,Courier / Parcel,https://official.example/app,Generic numeric sender,Synthetic,Generated for PhishDetect India research dataset,Hard-negative/transactional example; no real personal identifiers.
HIN-L-0453,"आपकी डिलीवरी स्थिति [REF_ID] के लिए अपडेट की गई है। यह सूचना सेवा स्थिति और अगले चरण के संदर्भ में विवरण देती है। यदि कोई कार्रवाई आवश्यक हो, तो अपने बैंक, सेवा प्रदाता या सरकारी खाते में सीधे लॉगिन करके वही जानकारी जांचें। अनजान संपर्क माध्यम से संवेदनशील जानकारी साझा न करें। संदेश में दी गई राशि, समय और संदर्भ संख्या को अपने सामान्य लेनदेन रिकॉर्ड से मिलाया जा सकता है। किसी भुगतान, पहचान या खाते से जुड़ी कार्रवाई से पहले आधिकारिक ऐप या वेबसाइट पर स्वतंत्र रूप से स्थिति जांचना सुरक्षित तरीका है।",Hindi,Devanagari,Legitimate,Courier / Parcel,,Short code,Synthetic,Generated for PhishDetect India research dataset,Hard-negative/transactional example; no real personal identifiers.
HIN-L-0454,"आपके कूरियर पिकअप की पुष्टि हो गई है। धन्यवाद। संदेश में दी गई राशि, समय और संदर्भ संख्या को अपने सामान्य लेनदेन रिकॉर्ड से मिलाया जा सकता है। किसी भुगतान, पहचान या खाते से जुड़ी कार्रवाई से पहले आधिकारिक ऐप या वेबसाइट पर स्वतंत्र रूप से स्थिति जांचना सुरक्षित तरीका है। यदि यह सूचना किसी खाते, ऑर्डर या सेवा अनुरोध से संबंधित है, तो संबंधित आधिकारिक चैनल में लॉगिन करके अनुरोध की वास्तविक स्थिति देखें। अलग से प्राप्त फोन नंबर, लिंक या भुगतान निर्देशों पर निर्भर रहने के बजाय आधिकारिक सहायता माध्यम का उपयोग करें।",Hindi,Devanagari,Legitimate,Courier / Parcel,,Unknown sender,Synthetic,Generated for PhishDetect India research dataset,Hard-negative/transactional example; no real personal identifiers.
HIN-L-0455,"आपका रिटर्न पैकेज स्थानीय केंद्र को प्राप्त हो गया है। यदि यह सूचना किसी खाते, ऑर्डर या सेवा अनुरोध से संबंधित है, तो संबंधित आधिकारिक चैनल में लॉगिन करके अनुरोध की वास्तविक स्थिति देखें। अलग से प्राप्त फोन नंबर, लिंक या भुगतान निर्देशों पर निर्भर रहने के बजाय आधिकारिक सहायता माध्यम का उपयोग करें। यह संदेश किसी सेवा घटना, भुगतान, आवेदन या सुरक्षा स्थिति का संदर्भ दे सकता है। संवेदनशील विवरण साझा करने से पहले संबंधित संस्था के आधिकारिक पोर्टल, ऐप या ग्राहक सेवा से जानकारी सत्यापित करें और अनपेक्षित संपर्क को अलग से जांचें।",Hindi,Devanagari,Legitimate,Courier / Parcel,,Bank-like sender ID,Synthetic,Generated for PhishDetect India research dataset,Hard-negative/transactional example; no real personal identifiers.
HIN-L-0456,"आपका पार्सल [REF_ID] डिलीवरी के लिए निकल चुका है। यह संदेश किसी सेवा घटना, भुगतान, आवेदन या सुरक्षा स्थिति का संदर्भ दे सकता है। संवेदनशील विवरण साझा करने से पहले संबंधित संस्था के आधिकारिक पोर्टल, ऐप या ग्राहक सेवा से जानकारी सत्यापित करें और अनपेक्षित संपर्क को अलग से जांचें। यह सूचना सेवा स्थिति और अगले चरण के संदर्भ में विवरण देती है। यदि कोई कार्रवाई आवश्यक हो, तो अपने बैंक, सेवा प्रदाता या सरकारी खाते में सीधे लॉगिन करके वही जानकारी जांचें। अनजान संपर्क माध्यम से संवेदनशील जानकारी साझा न करें।",Hindi,Devanagari + English code-switching,Legitimate,Courier / Parcel,,Telecom-like sender ID,Synthetic,Generated for PhishDetect India research dataset,Hard-negative/transactional example; no real personal identifiers.
HIN-L-0457,"आपके अनुरोध के लिए सूचना: आपका पैकेज स्थानीय डिलीवरी केंद्र पर पहुंच गया है। यह सूचना सेवा स्थिति और अगले चरण के संदर्भ में विवरण देती है। यदि कोई कार्रवाई आवश्यक हो, तो अपने बैंक, सेवा प्रदाता या सरकारी खाते में सीधे लॉगिन करके वही जानकारी जांचें। अनजान संपर्क माध्यम से संवेदनशील जानकारी साझा न करें। संदेश में दी गई राशि, समय और संदर्भ संख्या को अपने सामान्य लेनदेन रिकॉर्ड से मिलाया जा सकता है। किसी भुगतान, पहचान या खाते से जुड़ी कार्रवाई से पहले आधिकारिक ऐप या वेबसाइट पर स्वतंत्र रूप से स्थिति जांचना सुरक्षित तरीका है।",Hindi,Devanagari,Legitimate,Courier / Parcel,,Courier-like sender ID,Synthetic,Generated for PhishDetect India research dataset,Hard-negative/transactional example; no real personal identifiers.
HIN-L-0458,"अपडेट: आपका ऑर्डर आज डिलीवर होने की उम्मीद है। संदेश में दी गई राशि, समय और संदर्भ संख्या को अपने सामान्य लेनदेन रिकॉर्ड से मिलाया जा सकता है। किसी भुगतान, पहचान या खाते से जुड़ी कार्रवाई से पहले आधिकारिक ऐप या वेबसाइट पर स्वतंत्र रूप से स्थिति जांचना सुरक्षित तरीका है। यदि यह सूचना किसी खाते, ऑर्डर या सेवा अनुरोध से संबंधित है, तो संबंधित आधिकारिक चैनल में लॉगिन करके अनुरोध की वास्तविक स्थिति देखें। अलग से प्राप्त फोन नंबर, लिंक या भुगतान निर्देशों पर निर्भर रहने के बजाय आधिकारिक सहायता माध्यम का उपयोग करें।",Hindi,Devanagari,Legitimate,Courier / Parcel,,Government-service-like sender ID,Synthetic,Generated for PhishDetect India research dataset,Hard-negative/transactional example; no real personal identifiers.
HIN-L-0459,आपका शिपमेंट ट्रांजिट में है। आधिकारिक कूरियर ऐप से स्थिति देखें। सेवा स्थिति आपके आधिकारिक खाते में भी दिखाई दे सकती है.,Hindi,Devanagari,Legitimate,Courier / Parcel,,Merchant-like sender ID,Synthetic,Generated for PhishDetect India research dataset,Hard-negative/transactional example; no real personal identifiers.
HIN-L-0460,"Aapka पार्सल सफलतापूर्वक डिलीवर हो गया है। https://official.example/app यह संदेश किसी सेवा घटना, भुगतान, आवेदन या सुरक्षा स्थिति का संदर्भ दे सकता है। संवेदनशील विवरण साझा करने से पहले संबंधित संस्था के आधिकारिक पोर्टल, ऐप या ग्राहक सेवा से जानकारी सत्यापित करें और अनपेक्षित संपर्क को अलग से जांचें। यह सूचना सेवा स्थिति और अगले चरण के संदर्भ में विवरण देती है। यदि कोई कार्रवाई आवश्यक हो, तो अपने बैंक, सेवा प्रदाता या सरकारी खाते में सीधे लॉगिन करके वही जानकारी जांचें। अनजान संपर्क माध्यम से संवेदनशील जानकारी साझा न करें।",Hindi,Romanized Hindi / Hinglish,Legitimate,Courier / Parcel,https://official.example/app,Generic numeric sender,Synthetic,Generated for PhishDetect India research dataset,Hard-negative/transactional example; no real personal identifiers.
HIN-L-0461,"आपके रिटर्न पैकेज का पिकअप पूरा हो गया है। https://portal.example/status यह सूचना सेवा स्थिति और अगले चरण के संदर्भ में विवरण देती है। यदि कोई कार्रवाई आवश्यक हो, तो अपने बैंक, सेवा प्रदाता या सरकारी खाते में सीधे लॉगिन करके वही जानकारी जांचें। अनजान संपर्क माध्यम से संवेदनशील जानकारी साझा न करें। संदेश में दी गई राशि, समय और संदर्भ संख्या को अपने सामान्य लेनदेन रिकॉर्ड से मिलाया जा सकता है। किसी भुगतान, पहचान या खाते से जुड़ी कार्रवाई से पहले आधिकारिक ऐप या वेबसाइट पर स्वतंत्र रूप से स्थिति जांचना सुरक्षित तरीका है।",Hindi,Devanagari,Legitimate,Courier / Parcel,https://portal.example/status,Short code,Synthetic,Generated for PhishDetect India research dataset,Hard-negative/transactional example; no real personal identifiers.
HIN-L-0462,"ऑर्डर पैक होकर डिस्पैच के लिए तैयार है। धन्यवाद। https://service.example/receipt संदेश में दी गई राशि, समय और संदर्भ संख्या को अपने सामान्य लेनदेन रिकॉर्ड से मिलाया जा सकता है। किसी भुगतान, पहचान या खाते से जुड़ी कार्रवाई से पहले आधिकारिक ऐप या वेबसाइट पर स्वतंत्र रूप से स्थिति जांचना सुरक्षित तरीका है। यदि यह सूचना किसी खाते, ऑर्डर या सेवा अनुरोध से संबंधित है, तो संबंधित आधिकारिक चैनल में लॉगिन करके अनुरोध की वास्तविक स्थिति देखें। अलग से प्राप्त फोन नंबर, लिंक या भुगतान निर्देशों पर निर्भर रहने के बजाय आधिकारिक सहायता माध्यम का उपयोग करें।",Hindi,Devanagari + English code-switching,Legitimate,Courier / Parcel,https://service.example/receipt,Unknown sender,Synthetic,Generated for PhishDetect India research dataset,Hard-negative/transactional example; no real personal identifiers.
HIN-L-0463,"आपकी डिलीवरी स्थिति [REF_ID] के लिए अपडेट की गई है। ग्राहक सेवा विवरण आपके खाते में उपलब्ध है. यदि यह सूचना किसी खाते, ऑर्डर या सेवा अनुरोध से संबंधित है, तो संबंधित आधिकारिक चैनल में लॉगिन करके अनुरोध की वास्तविक स्थिति देखें। अलग से प्राप्त फोन नंबर, लिंक या भुगतान निर्देशों पर निर्भर रहने के बजाय आधिकारिक सहायता माध्यम का उपयोग करें। यह संदेश किसी सेवा घटना, भुगतान, आवेदन या सुरक्षा स्थिति का संदर्भ दे सकता है। संवेदनशील विवरण साझा करने से पहले संबंधित संस्था के आधिकारिक पोर्टल, ऐप या ग्राहक सेवा से जानकारी सत्यापित करें और अनपेक्षित संपर्क को अलग से जांचें।",Hindi,Devanagari,Legitimate,Courier / Parcel,,Bank-like sender ID,Synthetic,Generated for PhishDetect India research dataset,Hard-negative/transactional example; no real personal identifiers.
HIN-L-0464,"अपडेट: आपके कूरियर पिकअप की पुष्टि हो गई है। यह संदेश किसी सेवा घटना, भुगतान, आवेदन या सुरक्षा स्थिति का संदर्भ दे सकता है। संवेदनशील विवरण साझा करने से पहले संबंधित संस्था के आधिकारिक पोर्टल, ऐप या ग्राहक सेवा से जानकारी सत्यापित करें और अनपेक्षित संपर्क को अलग से जांचें। यह सूचना सेवा स्थिति और अगले चरण के संदर्भ में विवरण देती है। यदि कोई कार्रवाई आवश्यक हो, तो अपने बैंक, सेवा प्रदाता या सरकारी खाते में सीधे लॉगिन करके वही जानकारी जांचें। अनजान संपर्क माध्यम से संवेदनशील जानकारी साझा न करें।",Hindi,Devanagari,Legitimate,Courier / Parcel,,Telecom-like sender ID,Synthetic,Generated for PhishDetect India research dataset,Hard-negative/transactional example; no real personal identifiers.
HIN-L-0465,"आपका रिटर्न पैकेज स्थानीय केंद्र को प्राप्त हो गया है। सूचना क्रमांक HIN-01. यह सूचना सेवा स्थिति और अगले चरण के संदर्भ में विवरण देती है। यदि कोई कार्रवाई आवश्यक हो, तो अपने बैंक, सेवा प्रदाता या सरकारी खाते में सीधे लॉगिन करके वही जानकारी जांचें। अनजान संपर्क माध्यम से संवेदनशील जानकारी साझा न करें। संदेश में दी गई राशि, समय और संदर्भ संख्या को अपने सामान्य लेनदेन रिकॉर्ड से मिलाया जा सकता है। किसी भुगतान, पहचान या खाते से जुड़ी कार्रवाई से पहले आधिकारिक ऐप या वेबसाइट पर स्वतंत्र रूप से स्थिति जांचना सुरक्षित तरीका है।",Hindi,Devanagari,Legitimate,Courier / Parcel,,Courier-like sender ID,Synthetic,Generated for PhishDetect India research dataset,Hard-negative/transactional example; no real personal identifiers.
HIN-L-0466,"आपका पार्सल [REF_ID] डिलीवरी के लिए निकल चुका है। यह सूचना आपके अनुरोध के संदर्भ में है. संदेश में दी गई राशि, समय और संदर्भ संख्या को अपने सामान्य लेनदेन रिकॉर्ड से मिलाया जा सकता है। किसी भुगतान, पहचान या खाते से जुड़ी कार्रवाई से पहले आधिकारिक ऐप या वेबसाइट पर स्वतंत्र रूप से स्थिति जांचना सुरक्षित तरीका है। यदि यह सूचना किसी खाते, ऑर्डर या सेवा अनुरोध से संबंधित है, तो संबंधित आधिकारिक चैनल में लॉगिन करके अनुरोध की वास्तविक स्थिति देखें। अलग से प्राप्त फोन नंबर, लिंक या भुगतान निर्देशों पर निर्भर रहने के बजाय आधिकारिक सहायता माध्यम का उपयोग करें।",Hindi,Devanagari,Legitimate,Courier / Parcel,,Government-service-like sender ID,Synthetic,Generated for PhishDetect India research dataset,Hard-negative/transactional example; no real personal identifiers.
HIN-L-0467,आपका पैकेज स्थानीय डिलीवरी केंद्र पर पहुंच गया है। सेवा स्थिति आपके आधिकारिक खाते में भी दिखाई दे सकती है.,Hindi,Devanagari,Legitimate,Courier / Parcel,,Merchant-like sender ID,Synthetic,Generated for PhishDetect India research dataset,Hard-negative/transactional example; no real personal identifiers.
HIN-L-0468,"आपके अनुरोध के लिए सूचना: आपका ऑर्डर आज डिलीवर होने की उम्मीद है। यह संदेश किसी सेवा घटना, भुगतान, आवेदन या सुरक्षा स्थिति का संदर्भ दे सकता है। संवेदनशील विवरण साझा करने से पहले संबंधित संस्था के आधिकारिक पोर्टल, ऐप या ग्राहक सेवा से जानकारी सत्यापित करें और अनपेक्षित संपर्क को अलग से जांचें। यह सूचना सेवा स्थिति और अगले चरण के संदर्भ में विवरण देती है। यदि कोई कार्रवाई आवश्यक हो, तो अपने बैंक, सेवा प्रदाता या सरकारी खाते में सीधे लॉगिन करके वही जानकारी जांचें। अनजान संपर्क माध्यम से संवेदनशील जानकारी साझा न करें।",Hindi,Devanagari + English code-switching,Legitimate,Courier / Parcel,,Generic numeric sender,Synthetic,Generated for PhishDetect India research dataset,Hard-negative/transactional example; no real personal identifiers.
HIN-L-0469,"अपडेट: आपके आवेदन [REF_ID] को भर्ती टीम ने प्राप्त कर लिया है। यह सूचना सेवा स्थिति और अगले चरण के संदर्भ में विवरण देती है। यदि कोई कार्रवाई आवश्यक हो, तो अपने बैंक, सेवा प्रदाता या सरकारी खाते में सीधे लॉगिन करके वही जानकारी जांचें। अनजान संपर्क माध्यम से संवेदनशील जानकारी साझा न करें। संदेश में दी गई राशि, समय और संदर्भ संख्या को अपने सामान्य लेनदेन रिकॉर्ड से मिलाया जा सकता है। किसी भुगतान, पहचान या खाते से जुड़ी कार्रवाई से पहले आधिकारिक ऐप या वेबसाइट पर स्वतंत्र रूप से स्थिति जांचना सुरक्षित तरीका है।",Hindi,Devanagari,Legitimate,Job / Recruitment Scam,,Short code,Synthetic,Generated for PhishDetect India research dataset,Hard-negative/transactional example; no real personal identifiers.
HIN-L-0470,"इंटरव्यू के लिए आपका स्लॉट [DATE] को [TIME] पर निर्धारित है। https://service.example/receipt संदेश में दी गई राशि, समय और संदर्भ संख्या को अपने सामान्य लेनदेन रिकॉर्ड से मिलाया जा सकता है। किसी भुगतान, पहचान या खाते से जुड़ी कार्रवाई से पहले आधिकारिक ऐप या वेबसाइट पर स्वतंत्र रूप से स्थिति जांचना सुरक्षित तरीका है। यदि यह सूचना किसी खाते, ऑर्डर या सेवा अनुरोध से संबंधित है, तो संबंधित आधिकारिक चैनल में लॉगिन करके अनुरोध की वास्तविक स्थिति देखें। अलग से प्राप्त फोन नंबर, लिंक या भुगतान निर्देशों पर निर्भर रहने के बजाय आधिकारिक सहायता माध्यम का उपयोग करें।",Hindi,Devanagari,Legitimate,Job / Recruitment Scam,https://service.example/receipt,Unknown sender,Synthetic,Generated for PhishDetect India research dataset,Hard-negative/transactional example; no real personal identifiers.
HIN-L-0471,"आपकी प्रोफाइल को अगले भर्ती चरण के लिए भेजा गया है। https://track.example/order यदि यह सूचना किसी खाते, ऑर्डर या सेवा अनुरोध से संबंधित है, तो संबंधित आधिकारिक चैनल में लॉगिन करके अनुरोध की वास्तविक स्थिति देखें। अलग से प्राप्त फोन नंबर, लिंक या भुगतान निर्देशों पर निर्भर रहने के बजाय आधिकारिक सहायता माध्यम का उपयोग करें। यह संदेश किसी सेवा घटना, भुगतान, आवेदन या सुरक्षा स्थिति का संदर्भ दे सकता है। संवेदनशील विवरण साझा करने से पहले संबंधित संस्था के आधिकारिक पोर्टल, ऐप या ग्राहक सेवा से जानकारी सत्यापित करें और अनपेक्षित संपर्क को अलग से जांचें।",Hindi,Devanagari,Legitimate,Job / Recruitment Scam,https://track.example/order,Bank-like sender ID,Synthetic,Generated for PhishDetect India research dataset,Hard-negative/transactional example; no real personal identifiers.
HIN-L-0472,"आपके आवेदन की स्थिति कंपनी के भर्ती पोर्टल पर अपडेट हुई है। https://official.example/app यह संदेश किसी सेवा घटना, भुगतान, आवेदन या सुरक्षा स्थिति का संदर्भ दे सकता है। संवेदनशील विवरण साझा करने से पहले संबंधित संस्था के आधिकारिक पोर्टल, ऐप या ग्राहक सेवा से जानकारी सत्यापित करें और अनपेक्षित संपर्क को अलग से जांचें। यह सूचना सेवा स्थिति और अगले चरण के संदर्भ में विवरण देती है। यदि कोई कार्रवाई आवश्यक हो, तो अपने बैंक, सेवा प्रदाता या सरकारी खाते में सीधे लॉगिन करके वही जानकारी जांचें। अनजान संपर्क माध्यम से संवेदनशील जानकारी साझा न करें।",Hindi,Devanagari,Legitimate,Job / Recruitment Scam,https://official.example/app,Telecom-like sender ID,Synthetic,Generated for PhishDetect India research dataset,Hard-negative/transactional example; no real personal identifiers.
HIN-L-0473,"आपका ऑनलाइन टेस्ट [DATE] तक पूरा किया जाना है। यह सूचना सेवा स्थिति और अगले चरण के संदर्भ में विवरण देती है। यदि कोई कार्रवाई आवश्यक हो, तो अपने बैंक, सेवा प्रदाता या सरकारी खाते में सीधे लॉगिन करके वही जानकारी जांचें। अनजान संपर्क माध्यम से संवेदनशील जानकारी साझा न करें। संदेश में दी गई राशि, समय और संदर्भ संख्या को अपने सामान्य लेनदेन रिकॉर्ड से मिलाया जा सकता है। किसी भुगतान, पहचान या खाते से जुड़ी कार्रवाई से पहले आधिकारिक ऐप या वेबसाइट पर स्वतंत्र रूप से स्थिति जांचना सुरक्षित तरीका है।",Hindi,Devanagari,Legitimate,Job / Recruitment Scam,,Courier-like sender ID,Synthetic,Generated for PhishDetect India research dataset,Hard-negative/transactional example; no real personal identifiers.
HIN-L-0474,"भर्ती टीम ने आपके रिज्यूमे की समीक्षा दर्ज की है। संदेश में दी गई राशि, समय और संदर्भ संख्या को अपने सामान्य लेनदेन रिकॉर्ड से मिलाया जा सकता है। किसी भुगतान, पहचान या खाते से जुड़ी कार्रवाई से पहले आधिकारिक ऐप या वेबसाइट पर स्वतंत्र रूप से स्थिति जांचना सुरक्षित तरीका है। यदि यह सूचना किसी खाते, ऑर्डर या सेवा अनुरोध से संबंधित है, तो संबंधित आधिकारिक चैनल में लॉगिन करके अनुरोध की वास्तविक स्थिति देखें। अलग से प्राप्त फोन नंबर, लिंक या भुगतान निर्देशों पर निर्भर रहने के बजाय आधिकारिक सहायता माध्यम का उपयोग करें।",Hindi,Devanagari + English code-switching,Legitimate,Job / Recruitment Scam,,Government-service-like sender ID,Synthetic,Generated for PhishDetect India research dataset,Hard-negative/transactional example; no real personal identifiers.
HIN-L-0475,"अपडेट: आपका इंटरव्यू आमंत्रण आधिकारिक भर्ती पोर्टल में उपलब्ध है। यदि यह सूचना किसी खाते, ऑर्डर या सेवा अनुरोध से संबंधित है, तो संबंधित आधिकारिक चैनल में लॉगिन करके अनुरोध की वास्तविक स्थिति देखें। अलग से प्राप्त फोन नंबर, लिंक या भुगतान निर्देशों पर निर्भर रहने के बजाय आधिकारिक सहायता माध्यम का उपयोग करें। यह संदेश किसी सेवा घटना, भुगतान, आवेदन या सुरक्षा स्थिति का संदर्भ दे सकता है। संवेदनशील विवरण साझा करने से पहले संबंधित संस्था के आधिकारिक पोर्टल, ऐप या ग्राहक सेवा से जानकारी सत्यापित करें और अनपेक्षित संपर्क को अलग से जांचें।",Hindi,Devanagari,Legitimate,Job / Recruitment Scam,,Merchant-like sender ID,Synthetic,Generated for PhishDetect India research dataset,Hard-negative/transactional example; no real personal identifiers.
HIN-L-0476,"आपके आवेदन के लिए दस्तावेज जमा करने की रसीद उपलब्ध है। यह संदेश किसी सेवा घटना, भुगतान, आवेदन या सुरक्षा स्थिति का संदर्भ दे सकता है। संवेदनशील विवरण साझा करने से पहले संबंधित संस्था के आधिकारिक पोर्टल, ऐप या ग्राहक सेवा से जानकारी सत्यापित करें और अनपेक्षित संपर्क को अलग से जांचें। यह सूचना सेवा स्थिति और अगले चरण के संदर्भ में विवरण देती है। यदि कोई कार्रवाई आवश्यक हो, तो अपने बैंक, सेवा प्रदाता या सरकारी खाते में सीधे लॉगिन करके वही जानकारी जांचें। अनजान संपर्क माध्यम से संवेदनशील जानकारी साझा न करें।",Hindi,Devanagari,Legitimate,Job / Recruitment Scam,,Generic numeric sender,Synthetic,Generated for PhishDetect India research dataset,Hard-negative/transactional example; no real personal identifiers.
HIN-L-0477,"आपकी जॉब एप्लीकेशन ID [APPLICATION_ID] सफलतापूर्वक बनाई गई है। धन्यवाद। यह सूचना सेवा स्थिति और अगले चरण के संदर्भ में विवरण देती है। यदि कोई कार्रवाई आवश्यक हो, तो अपने बैंक, सेवा प्रदाता या सरकारी खाते में सीधे लॉगिन करके वही जानकारी जांचें। अनजान संपर्क माध्यम से संवेदनशील जानकारी साझा न करें। संदेश में दी गई राशि, समय और संदर्भ संख्या को अपने सामान्य लेनदेन रिकॉर्ड से मिलाया जा सकता है। किसी भुगतान, पहचान या खाते से जुड़ी कार्रवाई से पहले आधिकारिक ऐप या वेबसाइट पर स्वतंत्र रूप से स्थिति जांचना सुरक्षित तरीका है।",Hindi,Devanagari,Legitimate,Job / Recruitment Scam,,Short code,Synthetic,Generated for PhishDetect India research dataset,Hard-negative/transactional example; no real personal identifiers.
HIN-L-0478,"आपकी भर्ती प्रक्रिया के अगले चरण की सूचना ईमेल पर भेजी गई है। संदेश में दी गई राशि, समय और संदर्भ संख्या को अपने सामान्य लेनदेन रिकॉर्ड से मिलाया जा सकता है। किसी भुगतान, पहचान या खाते से जुड़ी कार्रवाई से पहले आधिकारिक ऐप या वेबसाइट पर स्वतंत्र रूप से स्थिति जांचना सुरक्षित तरीका है। यदि यह सूचना किसी खाते, ऑर्डर या सेवा अनुरोध से संबंधित है, तो संबंधित आधिकारिक चैनल में लॉगिन करके अनुरोध की वास्तविक स्थिति देखें। अलग से प्राप्त फोन नंबर, लिंक या भुगतान निर्देशों पर निर्भर रहने के बजाय आधिकारिक सहायता माध्यम का उपयोग करें।",Hindi,Devanagari,Legitimate,Job / Recruitment Scam,,Unknown sender,Synthetic,Generated for PhishDetect India research dataset,Hard-negative/transactional example; no real personal identifiers.
HIN-L-0479,"आपके आवेदन [REF_ID] को भर्ती टीम ने प्राप्त कर लिया है। यदि यह सूचना किसी खाते, ऑर्डर या सेवा अनुरोध से संबंधित है, तो संबंधित आधिकारिक चैनल में लॉगिन करके अनुरोध की वास्तविक स्थिति देखें। अलग से प्राप्त फोन नंबर, लिंक या भुगतान निर्देशों पर निर्भर रहने के बजाय आधिकारिक सहायता माध्यम का उपयोग करें। यह संदेश किसी सेवा घटना, भुगतान, आवेदन या सुरक्षा स्थिति का संदर्भ दे सकता है। संवेदनशील विवरण साझा करने से पहले संबंधित संस्था के आधिकारिक पोर्टल, ऐप या ग्राहक सेवा से जानकारी सत्यापित करें और अनपेक्षित संपर्क को अलग से जांचें।",Hindi,Devanagari,Legitimate,Job / Recruitment Scam,,Bank-like sender ID,Synthetic,Generated for PhishDetect India research dataset,Hard-negative/transactional example; no real personal identifiers.
HIN-L-0480,"आपके अनुरोध के लिए सूचना: इंटरव्यू के लिए आपका स्लॉट [DATE] को [TIME] पर निर्धारित है। https://official.example/app यह संदेश किसी सेवा घटना, भुगतान, आवेदन या सुरक्षा स्थिति का संदर्भ दे सकता है। संवेदनशील विवरण साझा करने से पहले संबंधित संस्था के आधिकारिक पोर्टल, ऐप या ग्राहक सेवा से जानकारी सत्यापित करें और अनपेक्षित संपर्क को अलग से जांचें। यह सूचना सेवा स्थिति और अगले चरण के संदर्भ में विवरण देती है। यदि कोई कार्रवाई आवश्यक हो, तो अपने बैंक, सेवा प्रदाता या सरकारी खाते में सीधे लॉगिन करके वही जानकारी जांचें। अनजान संपर्क माध्यम से संवेदनशील जानकारी साझा न करें।",Hindi,Devanagari + English code-switching,Legitimate,Job / Recruitment Scam,https://official.example/app,Telecom-like sender ID,Synthetic,Generated for PhishDetect India research dataset,Hard-negative/transactional example; no real personal identifiers.
HIN-L-0481,"अपडेट: आपकी प्रोफाइल को अगले भर्ती चरण के लिए भेजा गया है। https://portal.example/status यह सूचना सेवा स्थिति और अगले चरण के संदर्भ में विवरण देती है। यदि कोई कार्रवाई आवश्यक हो, तो अपने बैंक, सेवा प्रदाता या सरकारी खाते में सीधे लॉगिन करके वही जानकारी जांचें। अनजान संपर्क माध्यम से संवेदनशील जानकारी साझा न करें। संदेश में दी गई राशि, समय और संदर्भ संख्या को अपने सामान्य लेनदेन रिकॉर्ड से मिलाया जा सकता है। किसी भुगतान, पहचान या खाते से जुड़ी कार्रवाई से पहले आधिकारिक ऐप या वेबसाइट पर स्वतंत्र रूप से स्थिति जांचना सुरक्षित तरीका है।",Hindi,Devanagari,Legitimate,Job / Recruitment Scam,https://portal.example/status,Courier-like sender ID,Synthetic,Generated for PhishDetect India research dataset,Hard-negative/transactional example; no real personal identifiers.
HIN-L-0482,"आपके आवेदन की स्थिति कंपनी के भर्ती पोर्टल पर अपडेट हुई है। https://service.example/receipt संदेश में दी गई राशि, समय और संदर्भ संख्या को अपने सामान्य लेनदेन रिकॉर्ड से मिलाया जा सकता है। किसी भुगतान, पहचान या खाते से जुड़ी कार्रवाई से पहले आधिकारिक ऐप या वेबसाइट पर स्वतंत्र रूप से स्थिति जांचना सुरक्षित तरीका है। यदि यह सूचना किसी खाते, ऑर्डर या सेवा अनुरोध से संबंधित है, तो संबंधित आधिकारिक चैनल में लॉगिन करके अनुरोध की वास्तविक स्थिति देखें। अलग से प्राप्त फोन नंबर, लिंक या भुगतान निर्देशों पर निर्भर रहने के बजाय आधिकारिक सहायता माध्यम का उपयोग करें।",Hindi,Devanagari,Legitimate,Job / Recruitment Scam,https://service.example/receipt,Government-service-like sender ID,Synthetic,Generated for PhishDetect India research dataset,Hard-negative/transactional example; no real personal identifiers.
HIN-L-0483,आपका ऑनलाइन टेस्ट [DATE] तक पूरा किया जाना है। सेवा स्थिति आपके आधिकारिक खाते में भी दिखाई दे सकती है.,Hindi,Devanagari,Legitimate,Job / Recruitment Scam,,Merchant-like sender ID,Synthetic,Generated for PhishDetect India research dataset,Hard-negative/transactional example; no real personal identifiers.
HIN-L-0484,"भर्ती टीम ने आपके रिज्यूमे की समीक्षा दर्ज की है। कृपया संदर्भ संख्या सुरक्षित रखें. यह संदेश किसी सेवा घटना, भुगतान, आवेदन या सुरक्षा स्थिति का संदर्भ दे सकता है। संवेदनशील विवरण साझा करने से पहले संबंधित संस्था के आधिकारिक पोर्टल, ऐप या ग्राहक सेवा से जानकारी सत्यापित करें और अनपेक्षित संपर्क को अलग से जांचें। यह सूचना सेवा स्थिति और अगले चरण के संदर्भ में विवरण देती है। यदि कोई कार्रवाई आवश्यक हो, तो अपने बैंक, सेवा प्रदाता या सरकारी खाते में सीधे लॉगिन करके वही जानकारी जांचें। अनजान संपर्क माध्यम से संवेदनशील जानकारी साझा न करें।",Hindi,Devanagari,Legitimate,Job / Recruitment Scam,,Generic numeric sender,Synthetic,Generated for PhishDetect India research dataset,Hard-negative/transactional example; no real personal identifiers.
HIN-L-0485,"आपका इंटरव्यू आमंत्रण आधिकारिक भर्ती पोर्टल में उपलब्ध है। धन्यवाद। यह सूचना सेवा स्थिति और अगले चरण के संदर्भ में विवरण देती है। यदि कोई कार्रवाई आवश्यक हो, तो अपने बैंक, सेवा प्रदाता या सरकारी खाते में सीधे लॉगिन करके वही जानकारी जांचें। अनजान संपर्क माध्यम से संवेदनशील जानकारी साझा न करें। संदेश में दी गई राशि, समय और संदर्भ संख्या को अपने सामान्य लेनदेन रिकॉर्ड से मिलाया जा सकता है। किसी भुगतान, पहचान या खाते से जुड़ी कार्रवाई से पहले आधिकारिक ऐप या वेबसाइट पर स्वतंत्र रूप से स्थिति जांचना सुरक्षित तरीका है।",Hindi,Devanagari,Legitimate,Job / Recruitment Scam,,Short code,Synthetic,Generated for PhishDetect India research dataset,Hard-negative/transactional example; no real personal identifiers.
HIN-L-0486,आपके आवेदन के लिए दस्तावेज जमा करने की रसीद उपलब्ध है। अनुरोध की स्थिति जांचने के लिए आधिकारिक चैनल का उपयोग करें.,Hindi,Devanagari + English code-switching,Legitimate,Job / Recruitment Scam,,Unknown sender,Synthetic,Generated for PhishDetect India research dataset,Hard-negative/transactional example; no real personal identifiers.
HIN-L-0487,"अपडेट: आपकी जॉब एप्लीकेशन ID [APPLICATION_ID] सफलतापूर्वक बनाई गई है। यदि यह सूचना किसी खाते, ऑर्डर या सेवा अनुरोध से संबंधित है, तो संबंधित आधिकारिक चैनल में लॉगिन करके अनुरोध की वास्तविक स्थिति देखें। अलग से प्राप्त फोन नंबर, लिंक या भुगतान निर्देशों पर निर्भर रहने के बजाय आधिकारिक सहायता माध्यम का उपयोग करें। यह संदेश किसी सेवा घटना, भुगतान, आवेदन या सुरक्षा स्थिति का संदर्भ दे सकता है। संवेदनशील विवरण साझा करने से पहले संबंधित संस्था के आधिकारिक पोर्टल, ऐप या ग्राहक सेवा से जानकारी सत्यापित करें और अनपेक्षित संपर्क को अलग से जांचें।",Hindi,Devanagari,Legitimate,Job / Recruitment Scam,,Bank-like sender ID,Synthetic,Generated for PhishDetect India research dataset,Hard-negative/transactional example; no real personal identifiers.
HIN-L-0488,आपकी भर्ती प्रक्रिया के अगले चरण की सूचना ईमेल पर भेजी गई है। इस सूचना को रिकॉर्ड के लिए सुरक्षित रख सकते हैं.,Hindi,Devanagari,Legitimate,Job / Recruitment Scam,,Telecom-like sender ID,Synthetic,Generated for PhishDetect India research dataset,Hard-negative/transactional example; no real personal identifiers.
HIN-L-0489,"आपके आवेदन [REF_ID] को भर्ती टीम ने प्राप्त कर लिया है। सूचना क्रमांक HIN-01. यह सूचना सेवा स्थिति और अगले चरण के संदर्भ में विवरण देती है। यदि कोई कार्रवाई आवश्यक हो, तो अपने बैंक, सेवा प्रदाता या सरकारी खाते में सीधे लॉगिन करके वही जानकारी जांचें। अनजान संपर्क माध्यम से संवेदनशील जानकारी साझा न करें। संदेश में दी गई राशि, समय और संदर्भ संख्या को अपने सामान्य लेनदेन रिकॉर्ड से मिलाया जा सकता है। किसी भुगतान, पहचान या खाते से जुड़ी कार्रवाई से पहले आधिकारिक ऐप या वेबसाइट पर स्वतंत्र रूप से स्थिति जांचना सुरक्षित तरीका है।",Hindi,Devanagari,Legitimate,Job / Recruitment Scam,,Courier-like sender ID,Synthetic,Generated for PhishDetect India research dataset,Hard-negative/transactional example; no real personal identifiers.
HIN-L-0490,इंटरव्यू के लिए आपका स्लॉट [DATE] को [TIME] पर निर्धारित है। https://service.example/receipt यह सूचना आपके अनुरोध के संदर्भ में है.,Hindi,Devanagari,Legitimate,Job / Recruitment Scam,https://service.example/receipt,Government-service-like sender ID,Synthetic,Generated for PhishDetect India research dataset,Hard-negative/transactional example; no real personal identifiers.
HIN-L-0491,"आपके अनुरोध के लिए सूचना: आपकी प्रोफाइल को अगले भर्ती चरण के लिए भेजा गया है। https://track.example/order यदि यह सूचना किसी खाते, ऑर्डर या सेवा अनुरोध से संबंधित है, तो संबंधित आधिकारिक चैनल में लॉगिन करके अनुरोध की वास्तविक स्थिति देखें। अलग से प्राप्त फोन नंबर, लिंक या भुगतान निर्देशों पर निर्भर रहने के बजाय आधिकारिक सहायता माध्यम का उपयोग करें। यह संदेश किसी सेवा घटना, भुगतान, आवेदन या सुरक्षा स्थिति का संदर्भ दे सकता है। संवेदनशील विवरण साझा करने से पहले संबंधित संस्था के आधिकारिक पोर्टल, ऐप या ग्राहक सेवा से जानकारी सत्यापित करें और अनपेक्षित संपर्क को अलग से जांचें।",Hindi,Devanagari,Legitimate,Job / Recruitment Scam,https://track.example/order,Merchant-like sender ID,Synthetic,Generated for PhishDetect India research dataset,Hard-negative/transactional example; no real personal identifiers.
HIN-L-0492,"अपडेट: आपका लोन आवेदन [APPLICATION_ID] प्राप्त हो गया है। https://official.example/app यह संदेश किसी सेवा घटना, भुगतान, आवेदन या सुरक्षा स्थिति का संदर्भ दे सकता है। संवेदनशील विवरण साझा करने से पहले संबंधित संस्था के आधिकारिक पोर्टल, ऐप या ग्राहक सेवा से जानकारी सत्यापित करें और अनपेक्षित संपर्क को अलग से जांचें। यह सूचना सेवा स्थिति और अगले चरण के संदर्भ में विवरण देती है। यदि कोई कार्रवाई आवश्यक हो, तो अपने बैंक, सेवा प्रदाता या सरकारी खाते में सीधे लॉगिन करके वही जानकारी जांचें। अनजान संपर्क माध्यम से संवेदनशील जानकारी साझा न करें।",Hindi,Devanagari + English code-switching,Legitimate,Loan / Finance,https://official.example/app,Generic numeric sender,Synthetic,Generated for PhishDetect India research dataset,Hard-negative/transactional example; no real personal identifiers.
HIN-L-0493,"आपके ऋण आवेदन की स्थिति आधिकारिक खाते में अपडेट हुई है। यह सूचना सेवा स्थिति और अगले चरण के संदर्भ में विवरण देती है। यदि कोई कार्रवाई आवश्यक हो, तो अपने बैंक, सेवा प्रदाता या सरकारी खाते में सीधे लॉगिन करके वही जानकारी जांचें। अनजान संपर्क माध्यम से संवेदनशील जानकारी साझा न करें। संदेश में दी गई राशि, समय और संदर्भ संख्या को अपने सामान्य लेनदेन रिकॉर्ड से मिलाया जा सकता है। किसी भुगतान, पहचान या खाते से जुड़ी कार्रवाई से पहले आधिकारिक ऐप या वेबसाइट पर स्वतंत्र रूप से स्थिति जांचना सुरक्षित तरीका है।",Hindi,Devanagari,Legitimate,Loan / Finance,,Short code,Synthetic,Generated for PhishDetect India research dataset,Hard-negative/transactional example; no real personal identifiers.
HIN-L-0494,"आपके वित्तीय सेवा अनुरोध की समीक्षा शुरू हो गई है। संदेश में दी गई राशि, समय और संदर्भ संख्या को अपने सामान्य लेनदेन रिकॉर्ड से मिलाया जा सकता है। किसी भुगतान, पहचान या खाते से जुड़ी कार्रवाई से पहले आधिकारिक ऐप या वेबसाइट पर स्वतंत्र रूप से स्थिति जांचना सुरक्षित तरीका है। यदि यह सूचना किसी खाते, ऑर्डर या सेवा अनुरोध से संबंधित है, तो संबंधित आधिकारिक चैनल में लॉगिन करके अनुरोध की वास्तविक स्थिति देखें। अलग से प्राप्त फोन नंबर, लिंक या भुगतान निर्देशों पर निर्भर रहने के बजाय आधिकारिक सहायता माध्यम का उपयोग करें।",Hindi,Devanagari,Legitimate,Loan / Finance,,Unknown sender,Synthetic,Generated for PhishDetect India research dataset,Hard-negative/transactional example; no real personal identifiers.
HIN-L-0495,"आपके लोन आवेदन के लिए दस्तावेज प्राप्त हो गए हैं। यदि यह सूचना किसी खाते, ऑर्डर या सेवा अनुरोध से संबंधित है, तो संबंधित आधिकारिक चैनल में लॉगिन करके अनुरोध की वास्तविक स्थिति देखें। अलग से प्राप्त फोन नंबर, लिंक या भुगतान निर्देशों पर निर्भर रहने के बजाय आधिकारिक सहायता माध्यम का उपयोग करें। यह संदेश किसी सेवा घटना, भुगतान, आवेदन या सुरक्षा स्थिति का संदर्भ दे सकता है। संवेदनशील विवरण साझा करने से पहले संबंधित संस्था के आधिकारिक पोर्टल, ऐप या ग्राहक सेवा से जानकारी सत्यापित करें और अनपेक्षित संपर्क को अलग से जांचें।",Hindi,Devanagari,Legitimate,Loan / Finance,,Bank-like sender ID,Synthetic,Generated for PhishDetect India research dataset,Hard-negative/transactional example; no real personal identifiers.
HIN-L-0496,"आपकी EMI राशि ₹7,500 की भुगतान रसीद उपलब्ध है। यह संदेश किसी सेवा घटना, भुगतान, आवेदन या सुरक्षा स्थिति का संदर्भ दे सकता है। संवेदनशील विवरण साझा करने से पहले संबंधित संस्था के आधिकारिक पोर्टल, ऐप या ग्राहक सेवा से जानकारी सत्यापित करें और अनपेक्षित संपर्क को अलग से जांचें। यह सूचना सेवा स्थिति और अगले चरण के संदर्भ में विवरण देती है। यदि कोई कार्रवाई आवश्यक हो, तो अपने बैंक, सेवा प्रदाता या सरकारी खाते में सीधे लॉगिन करके वही जानकारी जांचें। अनजान संपर्क माध्यम से संवेदनशील जानकारी साझा न करें।",Hindi,Devanagari,Legitimate,Loan / Finance,,Telecom-like sender ID,Synthetic,Generated for PhishDetect India research dataset,Hard-negative/transactional example; no real personal identifiers.
HIN-L-0497,"आपके ऋण खाते में ₹3,499 का भुगतान सफल रहा। यह सूचना सेवा स्थिति और अगले चरण के संदर्भ में विवरण देती है। यदि कोई कार्रवाई आवश्यक हो, तो अपने बैंक, सेवा प्रदाता या सरकारी खाते में सीधे लॉगिन करके वही जानकारी जांचें। अनजान संपर्क माध्यम से संवेदनशील जानकारी साझा न करें। संदेश में दी गई राशि, समय और संदर्भ संख्या को अपने सामान्य लेनदेन रिकॉर्ड से मिलाया जा सकता है। किसी भुगतान, पहचान या खाते से जुड़ी कार्रवाई से पहले आधिकारिक ऐप या वेबसाइट पर स्वतंत्र रूप से स्थिति जांचना सुरक्षित तरीका है।",Hindi,Devanagari,Legitimate,Loan / Finance,,Courier-like sender ID,Synthetic,Generated for PhishDetect India research dataset,Hard-negative/transactional example; no real personal identifiers.
HIN-L-0498,"अपडेट: आपका वित्तीय सेवा टिकट [REF_ID] दर्ज हो गया है। संदेश में दी गई राशि, समय और संदर्भ संख्या को अपने सामान्य लेनदेन रिकॉर्ड से मिलाया जा सकता है। किसी भुगतान, पहचान या खाते से जुड़ी कार्रवाई से पहले आधिकारिक ऐप या वेबसाइट पर स्वतंत्र रूप से स्थिति जांचना सुरक्षित तरीका है। यदि यह सूचना किसी खाते, ऑर्डर या सेवा अनुरोध से संबंधित है, तो संबंधित आधिकारिक चैनल में लॉगिन करके अनुरोध की वास्तविक स्थिति देखें। अलग से प्राप्त फोन नंबर, लिंक या भुगतान निर्देशों पर निर्भर रहने के बजाय आधिकारिक सहायता माध्यम का उपयोग करें।",Hindi,Devanagari + English code-switching,Legitimate,Loan / Finance,,Government-service-like sender ID,Synthetic,Generated for PhishDetect India research dataset,Hard-negative/transactional example; no real personal identifiers.
HIN-L-0499,आपकी क्रेडिट रिपोर्ट अनुरोध प्रक्रिया में है।,Hindi,Devanagari,Legitimate,Loan / Finance,,Merchant-like sender ID,Synthetic,Generated for PhishDetect India research dataset,Hard-negative/transactional example; no real personal identifiers.
HIN-L-0500,"आपके लोन खाते का स्टेटमेंट आधिकारिक पोर्टल पर उपलब्ध है। धन्यवाद। https://official.example/app यह संदेश किसी सेवा घटना, भुगतान, आवेदन या सुरक्षा स्थिति का संदर्भ दे सकता है। संवेदनशील विवरण साझा करने से पहले संबंधित संस्था के आधिकारिक पोर्टल, ऐप या ग्राहक सेवा से जानकारी सत्यापित करें और अनपेक्षित संपर्क को अलग से जांचें। यह सूचना सेवा स्थिति और अगले चरण के संदर्भ में विवरण देती है। यदि कोई कार्रवाई आवश्यक हो, तो अपने बैंक, सेवा प्रदाता या सरकारी खाते में सीधे लॉगिन करके वही जानकारी जांचें। अनजान संपर्क माध्यम से संवेदनशील जानकारी साझा न करें।",Hindi,Romanized Hindi / Hinglish,Legitimate,Loan / Finance,https://official.example/app,Generic numeric sender,Synthetic,Generated for PhishDetect India research dataset,Hard-negative/transactional example; no real personal identifiers.
HIN-L-0501,"आपका भुगतान शेड्यूल सफलतापूर्वक अपडेट हो गया है। https://portal.example/status यह सूचना सेवा स्थिति और अगले चरण के संदर्भ में विवरण देती है। यदि कोई कार्रवाई आवश्यक हो, तो अपने बैंक, सेवा प्रदाता या सरकारी खाते में सीधे लॉगिन करके वही जानकारी जांचें। अनजान संपर्क माध्यम से संवेदनशील जानकारी साझा न करें। संदेश में दी गई राशि, समय और संदर्भ संख्या को अपने सामान्य लेनदेन रिकॉर्ड से मिलाया जा सकता है। किसी भुगतान, पहचान या खाते से जुड़ी कार्रवाई से पहले आधिकारिक ऐप या वेबसाइट पर स्वतंत्र रूप से स्थिति जांचना सुरक्षित तरीका है।",Hindi,Devanagari,Legitimate,Loan / Finance,https://portal.example/status,Short code,Synthetic,Generated for PhishDetect India research dataset,Hard-negative/transactional example; no real personal identifiers.
HIN-L-0502,"आपका लोन आवेदन [APPLICATION_ID] प्राप्त हो गया है। https://service.example/receipt संदेश में दी गई राशि, समय और संदर्भ संख्या को अपने सामान्य लेनदेन रिकॉर्ड से मिलाया जा सकता है। किसी भुगतान, पहचान या खाते से जुड़ी कार्रवाई से पहले आधिकारिक ऐप या वेबसाइट पर स्वतंत्र रूप से स्थिति जांचना सुरक्षित तरीका है। यदि यह सूचना किसी खाते, ऑर्डर या सेवा अनुरोध से संबंधित है, तो संबंधित आधिकारिक चैनल में लॉगिन करके अनुरोध की वास्तविक स्थिति देखें। अलग से प्राप्त फोन नंबर, लिंक या भुगतान निर्देशों पर निर्भर रहने के बजाय आधिकारिक सहायता माध्यम का उपयोग करें।",Hindi,Devanagari,Legitimate,Loan / Finance,https://service.example/receipt,Unknown sender,Synthetic,Generated for PhishDetect India research dataset,Hard-negative/transactional example; no real personal identifiers.
HIN-L-0503,"आपके अनुरोध के लिए सूचना: आपके ऋण आवेदन की स्थिति आधिकारिक खाते में अपडेट हुई है। यदि यह सूचना किसी खाते, ऑर्डर या सेवा अनुरोध से संबंधित है, तो संबंधित आधिकारिक चैनल में लॉगिन करके अनुरोध की वास्तविक स्थिति देखें। अलग से प्राप्त फोन नंबर, लिंक या भुगतान निर्देशों पर निर्भर रहने के बजाय आधिकारिक सहायता माध्यम का उपयोग करें। यह संदेश किसी सेवा घटना, भुगतान, आवेदन या सुरक्षा स्थिति का संदर्भ दे सकता है। संवेदनशील विवरण साझा करने से पहले संबंधित संस्था के आधिकारिक पोर्टल, ऐप या ग्राहक सेवा से जानकारी सत्यापित करें और अनपेक्षित संपर्क को अलग से जांचें।",Hindi,Devanagari,Legitimate,Loan / Finance,,Bank-like sender ID,Synthetic,Generated for PhishDetect India research dataset,Hard-negative/transactional example; no real personal identifiers.
HIN-L-0504,"अपडेट: आपके वित्तीय सेवा अनुरोध की समीक्षा शुरू हो गई है। यह संदेश किसी सेवा घटना, भुगतान, आवेदन या सुरक्षा स्थिति का संदर्भ दे सकता है। संवेदनशील विवरण साझा करने से पहले संबंधित संस्था के आधिकारिक पोर्टल, ऐप या ग्राहक सेवा से जानकारी सत्यापित करें और अनपेक्षित संपर्क को अलग से जांचें। यह सूचना सेवा स्थिति और अगले चरण के संदर्भ में विवरण देती है। यदि कोई कार्रवाई आवश्यक हो, तो अपने बैंक, सेवा प्रदाता या सरकारी खाते में सीधे लॉगिन करके वही जानकारी जांचें। अनजान संपर्क माध्यम से संवेदनशील जानकारी साझा न करें।",Hindi,Devanagari + English code-switching,Legitimate,Loan / Finance,,Telecom-like sender ID,Synthetic,Generated for PhishDetect India research dataset,Hard-negative/transactional example; no real personal identifiers.
HIN-L-0505,"आपके लोन आवेदन के लिए दस्तावेज प्राप्त हो गए हैं। सूचना क्रमांक HIN-01. यह सूचना सेवा स्थिति और अगले चरण के संदर्भ में विवरण देती है। यदि कोई कार्रवाई आवश्यक हो, तो अपने बैंक, सेवा प्रदाता या सरकारी खाते में सीधे लॉगिन करके वही जानकारी जांचें। अनजान संपर्क माध्यम से संवेदनशील जानकारी साझा न करें। संदेश में दी गई राशि, समय और संदर्भ संख्या को अपने सामान्य लेनदेन रिकॉर्ड से मिलाया जा सकता है। किसी भुगतान, पहचान या खाते से जुड़ी कार्रवाई से पहले आधिकारिक ऐप या वेबसाइट पर स्वतंत्र रूप से स्थिति जांचना सुरक्षित तरीका है।",Hindi,Devanagari,Legitimate,Loan / Finance,,Courier-like sender ID,Synthetic,Generated for PhishDetect India research dataset,Hard-negative/transactional example; no real personal identifiers.
HIN-L-0506,"आपकी EMI राशि ₹7,500 की भुगतान रसीद उपलब्ध है। यह सूचना आपके अनुरोध के संदर्भ में है. संदेश में दी गई राशि, समय और संदर्भ संख्या को अपने सामान्य लेनदेन रिकॉर्ड से मिलाया जा सकता है। किसी भुगतान, पहचान या खाते से जुड़ी कार्रवाई से पहले आधिकारिक ऐप या वेबसाइट पर स्वतंत्र रूप से स्थिति जांचना सुरक्षित तरीका है। यदि यह सूचना किसी खाते, ऑर्डर या सेवा अनुरोध से संबंधित है, तो संबंधित आधिकारिक चैनल में लॉगिन करके अनुरोध की वास्तविक स्थिति देखें। अलग से प्राप्त फोन नंबर, लिंक या भुगतान निर्देशों पर निर्भर रहने के बजाय आधिकारिक सहायता माध्यम का उपयोग करें।",Hindi,Devanagari,Legitimate,Loan / Finance,,Government-service-like sender ID,Synthetic,Generated for PhishDetect India research dataset,Hard-negative/transactional example; no real personal identifiers.
HIN-L-0507,"आपके ऋण खाते में ₹3,499 का भुगतान सफल रहा। सेवा स्थिति आपके आधिकारिक खाते में भी दिखाई दे सकती है.",Hindi,Devanagari,Legitimate,Loan / Finance,,Merchant-like sender ID,Synthetic,Generated for PhishDetect India research dataset,Hard-negative/transactional example; no real personal identifiers.
HIN-L-0508,"आपका वित्तीय सेवा टिकट [REF_ID] दर्ज हो गया है। धन्यवाद। यह संदेश किसी सेवा घटना, भुगतान, आवेदन या सुरक्षा स्थिति का संदर्भ दे सकता है। संवेदनशील विवरण साझा करने से पहले संबंधित संस्था के आधिकारिक पोर्टल, ऐप या ग्राहक सेवा से जानकारी सत्यापित करें और अनपेक्षित संपर्क को अलग से जांचें। यह सूचना सेवा स्थिति और अगले चरण के संदर्भ में विवरण देती है। यदि कोई कार्रवाई आवश्यक हो, तो अपने बैंक, सेवा प्रदाता या सरकारी खाते में सीधे लॉगिन करके वही जानकारी जांचें। अनजान संपर्क माध्यम से संवेदनशील जानकारी साझा न करें।",Hindi,Devanagari,Legitimate,Loan / Finance,,Generic numeric sender,Synthetic,Generated for PhishDetect India research dataset,Hard-negative/transactional example; no real personal identifiers.
HIN-L-0509,"आपकी क्रेडिट रिपोर्ट अनुरोध प्रक्रिया में है। यह संदेश सेवा प्रक्रिया की जानकारी देता है. यह सूचना सेवा स्थिति और अगले चरण के संदर्भ में विवरण देती है। यदि कोई कार्रवाई आवश्यक हो, तो अपने बैंक, सेवा प्रदाता या सरकारी खाते में सीधे लॉगिन करके वही जानकारी जांचें। अनजान संपर्क माध्यम से संवेदनशील जानकारी साझा न करें। संदेश में दी गई राशि, समय और संदर्भ संख्या को अपने सामान्य लेनदेन रिकॉर्ड से मिलाया जा सकता है। किसी भुगतान, पहचान या खाते से जुड़ी कार्रवाई से पहले आधिकारिक ऐप या वेबसाइट पर स्वतंत्र रूप से स्थिति जांचना सुरक्षित तरीका है।",Hindi,Devanagari,Legitimate,Loan / Finance,,Short code,Synthetic,Generated for PhishDetect India research dataset,Hard-negative/transactional example; no real personal identifiers.
HIN-L-0510,"अपडेट: आपका ₹499 कैशबैक मूल भुगतान माध्यम में जमा हो गया है। https://service.example/receipt संदेश में दी गई राशि, समय और संदर्भ संख्या को अपने सामान्य लेनदेन रिकॉर्ड से मिलाया जा सकता है। किसी भुगतान, पहचान या खाते से जुड़ी कार्रवाई से पहले आधिकारिक ऐप या वेबसाइट पर स्वतंत्र रूप से स्थिति जांचना सुरक्षित तरीका है। यदि यह सूचना किसी खाते, ऑर्डर या सेवा अनुरोध से संबंधित है, तो संबंधित आधिकारिक चैनल में लॉगिन करके अनुरोध की वास्तविक स्थिति देखें। अलग से प्राप्त फोन नंबर, लिंक या भुगतान निर्देशों पर निर्भर रहने के बजाय आधिकारिक सहायता माध्यम का उपयोग करें।",Hindi,Devanagari + English code-switching,Legitimate,Cashback / Reward / Lottery,https://service.example/receipt,Unknown sender,Synthetic,Generated for PhishDetect India research dataset,Hard-negative/transactional example; no real personal identifiers.
HIN-L-0511,"आपकी खरीदारी का रिफंड ₹1,240 प्रोसेस हो गया है। https://track.example/order यदि यह सूचना किसी खाते, ऑर्डर या सेवा अनुरोध से संबंधित है, तो संबंधित आधिकारिक चैनल में लॉगिन करके अनुरोध की वास्तविक स्थिति देखें। अलग से प्राप्त फोन नंबर, लिंक या भुगतान निर्देशों पर निर्भर रहने के बजाय आधिकारिक सहायता माध्यम का उपयोग करें। यह संदेश किसी सेवा घटना, भुगतान, आवेदन या सुरक्षा स्थिति का संदर्भ दे सकता है। संवेदनशील विवरण साझा करने से पहले संबंधित संस्था के आधिकारिक पोर्टल, ऐप या ग्राहक सेवा से जानकारी सत्यापित करें और अनपेक्षित संपर्क को अलग से जांचें।",Hindi,Devanagari,Legitimate,Cashback / Reward / Lottery,https://track.example/order,Bank-like sender ID,Synthetic,Generated for PhishDetect India research dataset,Hard-negative/transactional example; no real personal identifiers.
HIN-L-0512,"आपका प्रमोशनल लाभ खाते में क्रेडिट हो गया है। https://official.example/app यह संदेश किसी सेवा घटना, भुगतान, आवेदन या सुरक्षा स्थिति का संदर्भ दे सकता है। संवेदनशील विवरण साझा करने से पहले संबंधित संस्था के आधिकारिक पोर्टल, ऐप या ग्राहक सेवा से जानकारी सत्यापित करें और अनपेक्षित संपर्क को अलग से जांचें। यह सूचना सेवा स्थिति और अगले चरण के संदर्भ में विवरण देती है। यदि कोई कार्रवाई आवश्यक हो, तो अपने बैंक, सेवा प्रदाता या सरकारी खाते में सीधे लॉगिन करके वही जानकारी जांचें। अनजान संपर्क माध्यम से संवेदनशील जानकारी साझा न करें।",Hindi,Devanagari,Legitimate,Cashback / Reward / Lottery,https://official.example/app,Telecom-like sender ID,Synthetic,Generated for PhishDetect India research dataset,Hard-negative/transactional example; no real personal identifiers.
HIN-L-0513,"आपका रिवॉर्ड पॉइंट बैलेंस आधिकारिक ऐप में अपडेट हुआ है। यह सूचना सेवा स्थिति और अगले चरण के संदर्भ में विवरण देती है। यदि कोई कार्रवाई आवश्यक हो, तो अपने बैंक, सेवा प्रदाता या सरकारी खाते में सीधे लॉगिन करके वही जानकारी जांचें। अनजान संपर्क माध्यम से संवेदनशील जानकारी साझा न करें। संदेश में दी गई राशि, समय और संदर्भ संख्या को अपने सामान्य लेनदेन रिकॉर्ड से मिलाया जा सकता है। किसी भुगतान, पहचान या खाते से जुड़ी कार्रवाई से पहले आधिकारिक ऐप या वेबसाइट पर स्वतंत्र रूप से स्थिति जांचना सुरक्षित तरीका है।",Hindi,Devanagari,Legitimate,Cashback / Reward / Lottery,,Courier-like sender ID,Synthetic,Generated for PhishDetect India research dataset,Hard-negative/transactional example; no real personal identifiers.
HIN-L-0514,"आपके रिफंड अनुरोध [REF_ID] की प्रक्रिया पूरी हो गई है। संदेश में दी गई राशि, समय और संदर्भ संख्या को अपने सामान्य लेनदेन रिकॉर्ड से मिलाया जा सकता है। किसी भुगतान, पहचान या खाते से जुड़ी कार्रवाई से पहले आधिकारिक ऐप या वेबसाइट पर स्वतंत्र रूप से स्थिति जांचना सुरक्षित तरीका है। यदि यह सूचना किसी खाते, ऑर्डर या सेवा अनुरोध से संबंधित है, तो संबंधित आधिकारिक चैनल में लॉगिन करके अनुरोध की वास्तविक स्थिति देखें। अलग से प्राप्त फोन नंबर, लिंक या भुगतान निर्देशों पर निर्भर रहने के बजाय आधिकारिक सहायता माध्यम का उपयोग करें।",Hindi,Devanagari,Legitimate,Cashback / Reward / Lottery,,Government-service-like sender ID,Synthetic,Generated for PhishDetect India research dataset,Hard-negative/transactional example; no real personal identifiers.
HIN-L-0515,"आपकी कैशबैक राशि ₹249 खाते में जमा हुई है। यदि यह सूचना किसी खाते, ऑर्डर या सेवा अनुरोध से संबंधित है, तो संबंधित आधिकारिक चैनल में लॉगिन करके अनुरोध की वास्तविक स्थिति देखें। अलग से प्राप्त फोन नंबर, लिंक या भुगतान निर्देशों पर निर्भर रहने के बजाय आधिकारिक सहायता माध्यम का उपयोग करें। यह संदेश किसी सेवा घटना, भुगतान, आवेदन या सुरक्षा स्थिति का संदर्भ दे सकता है। संवेदनशील विवरण साझा करने से पहले संबंधित संस्था के आधिकारिक पोर्टल, ऐप या ग्राहक सेवा से जानकारी सत्यापित करें और अनपेक्षित संपर्क को अलग से जांचें।",Hindi,Devanagari,Legitimate,Cashback / Reward / Lottery,,Merchant-like sender ID,Synthetic,Generated for PhishDetect India research dataset,Hard-negative/transactional example; no real personal identifiers.
HIN-L-0516,"अपडेट: ऑर्डर रद्द होने पर रिफंड प्रक्रिया शुरू कर दी गई है। यह संदेश किसी सेवा घटना, भुगतान, आवेदन या सुरक्षा स्थिति का संदर्भ दे सकता है। संवेदनशील विवरण साझा करने से पहले संबंधित संस्था के आधिकारिक पोर्टल, ऐप या ग्राहक सेवा से जानकारी सत्यापित करें और अनपेक्षित संपर्क को अलग से जांचें। यह सूचना सेवा स्थिति और अगले चरण के संदर्भ में विवरण देती है। यदि कोई कार्रवाई आवश्यक हो, तो अपने बैंक, सेवा प्रदाता या सरकारी खाते में सीधे लॉगिन करके वही जानकारी जांचें। अनजान संपर्क माध्यम से संवेदनशील जानकारी साझा न करें।",Hindi,Devanagari + English code-switching,Legitimate,Cashback / Reward / Lottery,,Generic numeric sender,Synthetic,Generated for PhishDetect India research dataset,Hard-negative/transactional example; no real personal identifiers.
HIN-L-0517,"आपके भुगतान का रिवर्सल सफलतापूर्वक पूरा हुआ है। यह सूचना सेवा स्थिति और अगले चरण के संदर्भ में विवरण देती है। यदि कोई कार्रवाई आवश्यक हो, तो अपने बैंक, सेवा प्रदाता या सरकारी खाते में सीधे लॉगिन करके वही जानकारी जांचें। अनजान संपर्क माध्यम से संवेदनशील जानकारी साझा न करें। संदेश में दी गई राशि, समय और संदर्भ संख्या को अपने सामान्य लेनदेन रिकॉर्ड से मिलाया जा सकता है। किसी भुगतान, पहचान या खाते से जुड़ी कार्रवाई से पहले आधिकारिक ऐप या वेबसाइट पर स्वतंत्र रूप से स्थिति जांचना सुरक्षित तरीका है।",Hindi,Devanagari,Legitimate,Cashback / Reward / Lottery,,Short code,Synthetic,Generated for PhishDetect India research dataset,Hard-negative/transactional example; no real personal identifiers.
HIN-L-0518,"रिफंड रसीद आपके आधिकारिक खाते में उपलब्ध है। धन्यवाद। संदेश में दी गई राशि, समय और संदर्भ संख्या को अपने सामान्य लेनदेन रिकॉर्ड से मिलाया जा सकता है। किसी भुगतान, पहचान या खाते से जुड़ी कार्रवाई से पहले आधिकारिक ऐप या वेबसाइट पर स्वतंत्र रूप से स्थिति जांचना सुरक्षित तरीका है। यदि यह सूचना किसी खाते, ऑर्डर या सेवा अनुरोध से संबंधित है, तो संबंधित आधिकारिक चैनल में लॉगिन करके अनुरोध की वास्तविक स्थिति देखें। अलग से प्राप्त फोन नंबर, लिंक या भुगतान निर्देशों पर निर्भर रहने के बजाय आधिकारिक सहायता माध्यम का उपयोग करें।",Hindi,Devanagari,Legitimate,Cashback / Reward / Lottery,,Unknown sender,Synthetic,Generated for PhishDetect India research dataset,Hard-negative/transactional example; no real personal identifiers.
HIN-L-0519,"आपके ऑफर लाभ का विवरण आधिकारिक ऐप में अपडेट हुआ है। यदि यह सूचना किसी खाते, ऑर्डर या सेवा अनुरोध से संबंधित है, तो संबंधित आधिकारिक चैनल में लॉगिन करके अनुरोध की वास्तविक स्थिति देखें। अलग से प्राप्त फोन नंबर, लिंक या भुगतान निर्देशों पर निर्भर रहने के बजाय आधिकारिक सहायता माध्यम का उपयोग करें। यह संदेश किसी सेवा घटना, भुगतान, आवेदन या सुरक्षा स्थिति का संदर्भ दे सकता है। संवेदनशील विवरण साझा करने से पहले संबंधित संस्था के आधिकारिक पोर्टल, ऐप या ग्राहक सेवा से जानकारी सत्यापित करें और अनपेक्षित संपर्क को अलग से जांचें।",Hindi,Devanagari,Legitimate,Cashback / Reward / Lottery,,Bank-like sender ID,Synthetic,Generated for PhishDetect India research dataset,Hard-negative/transactional example; no real personal identifiers.
HIN-L-0520,"Aapka ₹499 कैशबैक मूल भुगतान माध्यम में जमा हो गया है। https://official.example/app यह संदेश किसी सेवा घटना, भुगतान, आवेदन या सुरक्षा स्थिति का संदर्भ दे सकता है। संवेदनशील विवरण साझा करने से पहले संबंधित संस्था के आधिकारिक पोर्टल, ऐप या ग्राहक सेवा से जानकारी सत्यापित करें और अनपेक्षित संपर्क को अलग से जांचें। यह सूचना सेवा स्थिति और अगले चरण के संदर्भ में विवरण देती है। यदि कोई कार्रवाई आवश्यक हो, तो अपने बैंक, सेवा प्रदाता या सरकारी खाते में सीधे लॉगिन करके वही जानकारी जांचें। अनजान संपर्क माध्यम से संवेदनशील जानकारी साझा न करें।",Hindi,Romanized Hindi / Hinglish,Legitimate,Cashback / Reward / Lottery,https://official.example/app,Telecom-like sender ID,Synthetic,Generated for PhishDetect India research dataset,Hard-negative/transactional example; no real personal identifiers.
HIN-L-0521,"आपके अनुरोध के लिए सूचना: आपकी खरीदारी का रिफंड ₹1,240 प्रोसेस हो गया है। https://portal.example/status यह सूचना सेवा स्थिति और अगले चरण के संदर्भ में विवरण देती है। यदि कोई कार्रवाई आवश्यक हो, तो अपने बैंक, सेवा प्रदाता या सरकारी खाते में सीधे लॉगिन करके वही जानकारी जांचें। अनजान संपर्क माध्यम से संवेदनशील जानकारी साझा न करें। संदेश में दी गई राशि, समय और संदर्भ संख्या को अपने सामान्य लेनदेन रिकॉर्ड से मिलाया जा सकता है। किसी भुगतान, पहचान या खाते से जुड़ी कार्रवाई से पहले आधिकारिक ऐप या वेबसाइट पर स्वतंत्र रूप से स्थिति जांचना सुरक्षित तरीका है।",Hindi,Devanagari,Legitimate,Cashback / Reward / Lottery,https://portal.example/status,Courier-like sender ID,Synthetic,Generated for PhishDetect India research dataset,Hard-negative/transactional example; no real personal identifiers.
HIN-L-0522,"अपडेट: आपका प्रमोशनल लाभ खाते में क्रेडिट हो गया है। https://service.example/receipt संदेश में दी गई राशि, समय और संदर्भ संख्या को अपने सामान्य लेनदेन रिकॉर्ड से मिलाया जा सकता है। किसी भुगतान, पहचान या खाते से जुड़ी कार्रवाई से पहले आधिकारिक ऐप या वेबसाइट पर स्वतंत्र रूप से स्थिति जांचना सुरक्षित तरीका है। यदि यह सूचना किसी खाते, ऑर्डर या सेवा अनुरोध से संबंधित है, तो संबंधित आधिकारिक चैनल में लॉगिन करके अनुरोध की वास्तविक स्थिति देखें। अलग से प्राप्त फोन नंबर, लिंक या भुगतान निर्देशों पर निर्भर रहने के बजाय आधिकारिक सहायता माध्यम का उपयोग करें।",Hindi,Devanagari + English code-switching,Legitimate,Cashback / Reward / Lottery,https://service.example/receipt,Government-service-like sender ID,Synthetic,Generated for PhishDetect India research dataset,Hard-negative/transactional example; no real personal identifiers.
HIN-L-0523,आपका रिवॉर्ड पॉइंट बैलेंस आधिकारिक ऐप में अपडेट हुआ है। सेवा स्थिति आपके आधिकारिक खाते में भी दिखाई दे सकती है.,Hindi,Devanagari,Legitimate,Cashback / Reward / Lottery,,Merchant-like sender ID,Synthetic,Generated for PhishDetect India research dataset,Hard-negative/transactional example; no real personal identifiers.
HIN-L-0524,"आपके रिफंड अनुरोध [REF_ID] की प्रक्रिया पूरी हो गई है। कृपया संदर्भ संख्या सुरक्षित रखें. यह संदेश किसी सेवा घटना, भुगतान, आवेदन या सुरक्षा स्थिति का संदर्भ दे सकता है। संवेदनशील विवरण साझा करने से पहले संबंधित संस्था के आधिकारिक पोर्टल, ऐप या ग्राहक सेवा से जानकारी सत्यापित करें और अनपेक्षित संपर्क को अलग से जांचें। यह सूचना सेवा स्थिति और अगले चरण के संदर्भ में विवरण देती है। यदि कोई कार्रवाई आवश्यक हो, तो अपने बैंक, सेवा प्रदाता या सरकारी खाते में सीधे लॉगिन करके वही जानकारी जांचें। अनजान संपर्क माध्यम से संवेदनशील जानकारी साझा न करें।",Hindi,Devanagari,Legitimate,Cashback / Reward / Lottery,,Generic numeric sender,Synthetic,Generated for PhishDetect India research dataset,Hard-negative/transactional example; no real personal identifiers.
HIN-L-0525,"आपकी कैशबैक राशि ₹249 खाते में जमा हुई है। यह संदेश सेवा प्रक्रिया की जानकारी देता है. यह सूचना सेवा स्थिति और अगले चरण के संदर्भ में विवरण देती है। यदि कोई कार्रवाई आवश्यक हो, तो अपने बैंक, सेवा प्रदाता या सरकारी खाते में सीधे लॉगिन करके वही जानकारी जांचें। अनजान संपर्क माध्यम से संवेदनशील जानकारी साझा न करें। संदेश में दी गई राशि, समय और संदर्भ संख्या को अपने सामान्य लेनदेन रिकॉर्ड से मिलाया जा सकता है। किसी भुगतान, पहचान या खाते से जुड़ी कार्रवाई से पहले आधिकारिक ऐप या वेबसाइट पर स्वतंत्र रूप से स्थिति जांचना सुरक्षित तरीका है।",Hindi,Devanagari,Legitimate,Cashback / Reward / Lottery,,Short code,Synthetic,Generated for PhishDetect India research dataset,Hard-negative/transactional example; no real personal identifiers.
HIN-L-0526,"ऑर्डर रद्द होने पर रिफंड प्रक्रिया शुरू कर दी गई है। धन्यवाद। संदेश में दी गई राशि, समय और संदर्भ संख्या को अपने सामान्य लेनदेन रिकॉर्ड से मिलाया जा सकता है। किसी भुगतान, पहचान या खाते से जुड़ी कार्रवाई से पहले आधिकारिक ऐप या वेबसाइट पर स्वतंत्र रूप से स्थिति जांचना सुरक्षित तरीका है। यदि यह सूचना किसी खाते, ऑर्डर या सेवा अनुरोध से संबंधित है, तो संबंधित आधिकारिक चैनल में लॉगिन करके अनुरोध की वास्तविक स्थिति देखें। अलग से प्राप्त फोन नंबर, लिंक या भुगतान निर्देशों पर निर्भर रहने के बजाय आधिकारिक सहायता माध्यम का उपयोग करें।",Hindi,Devanagari,Legitimate,Cashback / Reward / Lottery,,Unknown sender,Synthetic,Generated for PhishDetect India research dataset,Hard-negative/transactional example; no real personal identifiers.
HIN-L-0527,"आपके भुगतान का रिवर्सल सफलतापूर्वक पूरा हुआ है। ग्राहक सेवा विवरण आपके खाते में उपलब्ध है. यदि यह सूचना किसी खाते, ऑर्डर या सेवा अनुरोध से संबंधित है, तो संबंधित आधिकारिक चैनल में लॉगिन करके अनुरोध की वास्तविक स्थिति देखें। अलग से प्राप्त फोन नंबर, लिंक या भुगतान निर्देशों पर निर्भर रहने के बजाय आधिकारिक सहायता माध्यम का उपयोग करें। यह संदेश किसी सेवा घटना, भुगतान, आवेदन या सुरक्षा स्थिति का संदर्भ दे सकता है। संवेदनशील विवरण साझा करने से पहले संबंधित संस्था के आधिकारिक पोर्टल, ऐप या ग्राहक सेवा से जानकारी सत्यापित करें और अनपेक्षित संपर्क को अलग से जांचें।",Hindi,Devanagari,Legitimate,Cashback / Reward / Lottery,,Bank-like sender ID,Synthetic,Generated for PhishDetect India research dataset,Hard-negative/transactional example; no real personal identifiers.
HIN-L-0528,"अपडेट: आपका ऑर्डर [ORDER_ID] कन्फर्म हो गया है। यह संदेश किसी सेवा घटना, भुगतान, आवेदन या सुरक्षा स्थिति का संदर्भ दे सकता है। संवेदनशील विवरण साझा करने से पहले संबंधित संस्था के आधिकारिक पोर्टल, ऐप या ग्राहक सेवा से जानकारी सत्यापित करें और अनपेक्षित संपर्क को अलग से जांचें। यह सूचना सेवा स्थिति और अगले चरण के संदर्भ में विवरण देती है। यदि कोई कार्रवाई आवश्यक हो, तो अपने बैंक, सेवा प्रदाता या सरकारी खाते में सीधे लॉगिन करके वही जानकारी जांचें। अनजान संपर्क माध्यम से संवेदनशील जानकारी साझा न करें।",Hindi,Devanagari + English code-switching,Legitimate,Shopping / E-commerce,,Telecom-like sender ID,Synthetic,Generated for PhishDetect India research dataset,Hard-negative/transactional example; no real personal identifiers.
HIN-L-0529,"आपके ऑर्डर का ₹1,999 भुगतान सफल रहा।",Hindi,Devanagari,Legitimate,Shopping / E-commerce,,Courier-like sender ID,Synthetic,Generated for PhishDetect India research dataset,Hard-negative/transactional example; no real personal identifiers.
HIN-L-0530,"आपका पैकेज पैक होकर डिस्पैच के लिए तैयार है। https://service.example/receipt संदेश में दी गई राशि, समय और संदर्भ संख्या को अपने सामान्य लेनदेन रिकॉर्ड से मिलाया जा सकता है। किसी भुगतान, पहचान या खाते से जुड़ी कार्रवाई से पहले आधिकारिक ऐप या वेबसाइट पर स्वतंत्र रूप से स्थिति जांचना सुरक्षित तरीका है। यदि यह सूचना किसी खाते, ऑर्डर या सेवा अनुरोध से संबंधित है, तो संबंधित आधिकारिक चैनल में लॉगिन करके अनुरोध की वास्तविक स्थिति देखें। अलग से प्राप्त फोन नंबर, लिंक या भुगतान निर्देशों पर निर्भर रहने के बजाय आधिकारिक सहायता माध्यम का उपयोग करें।",Hindi,Devanagari,Legitimate,Shopping / E-commerce,https://service.example/receipt,Government-service-like sender ID,Synthetic,Generated for PhishDetect India research dataset,Hard-negative/transactional example; no real personal identifiers.
HIN-L-0531,"आपका ऑर्डर डिलीवरी के लिए निकल चुका है। https://track.example/order किसी भुगतान या पहचान संबंधी निर्णय से पहले आधिकारिक जानकारी की तुलना करें। समय, राशि और संदर्भ जैसे विवरण आपके सेवा रिकॉर्ड में अलग से दिखाई दे सकते हैं। संबंधित सेवा का इतिहास आधिकारिक ऐप या पोर्टल में उपलब्ध हो सकता है।",Hindi,Devanagari,Legitimate,Shopping / E-commerce,https://track.example/order,Merchant-like sender ID,Synthetic,Generated for PhishDetect India research dataset,Hard-negative/transactional example; no real personal identifiers.
HIN-L-0532,"आपका रिटर्न अनुरोध दर्ज हो गया है। https://official.example/app समय, राशि और संदर्भ जैसे विवरण आपके सेवा रिकॉर्ड में अलग से दिखाई दे सकते हैं। संबंधित सेवा का इतिहास आधिकारिक ऐप या पोर्टल में उपलब्ध हो सकता है। संदेश को अपने सामान्य लेनदेन रिकॉर्ड के साथ मिलाकर देखना उपयोगी है।",Hindi,Devanagari,Legitimate,Shopping / E-commerce,https://official.example/app,Generic numeric sender,Synthetic,Generated for PhishDetect India research dataset,Hard-negative/transactional example; no real personal identifiers.
HIN-L-0533,रिटर्न पिकअप [DATE] को निर्धारित है।,Hindi,Devanagari,Legitimate,Shopping / E-commerce,,Short code,Synthetic,Generated for PhishDetect India research dataset,Hard-negative/transactional example; no real personal identifiers.
HIN-L-0534,अपडेट: आपका ऑर्डर रद्द कर दिया गया है और रिफंड प्रक्रिया शुरू है। संदेश को अपने सामान्य लेनदेन रिकॉर्ड के साथ मिलाकर देखना उपयोगी है। खाते से जुड़े अनुरोधों के लिए पहले से ज्ञात आधिकारिक संपर्क माध्यमों का उपयोग करें।,Hindi,Devanagari + English code-switching,Legitimate,Shopping / E-commerce,,Unknown sender,Synthetic,Generated for PhishDetect India research dataset,Hard-negative/transactional example; no real personal identifiers.
HIN-L-0535,आपकी खरीदारी की रसीद खाते में उपलब्ध है। ग्राहक सेवा विवरण आपके खाते में उपलब्ध है. खाते से जुड़े अनुरोधों के लिए पहले से ज्ञात आधिकारिक संपर्क माध्यमों का उपयोग करें। किसी समस्या की स्थिति में सेवा प्रदाता के आधिकारिक सहायता विकल्प से जानकारी लें।,Hindi,Devanagari,Legitimate,Shopping / E-commerce,,Bank-like sender ID,Synthetic,Generated for PhishDetect India research dataset,Hard-negative/transactional example; no real personal identifiers.
HIN-L-0536,आपके ऑर्डर [ORDER_ID] की डिलीवरी स्थिति अपडेट हुई है। धन्यवाद। किसी समस्या की स्थिति में सेवा प्रदाता के आधिकारिक सहायता विकल्प से जानकारी लें। संदेश में दी गई कार्रवाई आपके अनुरोध की अगली प्रक्रिया से संबंधित है। अपने नियमित आधिकारिक खाते में जाकर इस सेवा की स्थिति भी जांचें।,Hindi,Devanagari,Legitimate,Shopping / E-commerce,,Telecom-like sender ID,Synthetic,Generated for PhishDetect India research dataset,Hard-negative/transactional example; no real personal identifiers.
HIN-L-0537,आपका सेवा बुकिंग अनुरोध सफलतापूर्वक दर्ज हुआ है। संदेश में दी गई कार्रवाई आपके अनुरोध की अगली प्रक्रिया से संबंधित है। अपने नियमित आधिकारिक खाते में जाकर इस सेवा की स्थिति भी जांचें। किसी भुगतान या पहचान संबंधी निर्णय से पहले आधिकारिक जानकारी की तुलना करें।,Hindi,Devanagari,Legitimate,Shopping / E-commerce,,Courier-like sender ID,Synthetic,Generated for PhishDetect India research dataset,Hard-negative/transactional example; no real personal identifiers.
HIN-L-0538,आपका ऑर्डर [ORDER_ID] कन्फर्म हो गया है।,Hindi,Devanagari,Legitimate,Shopping / E-commerce,,Government-service-like sender ID,Synthetic,Generated for PhishDetect India research dataset,Hard-negative/transactional example; no real personal identifiers.
HIN-L-0539,"आपके अनुरोध के लिए सूचना: आपके ऑर्डर का ₹1,999 भुगतान सफल रहा। किसी भुगतान या पहचान संबंधी निर्णय से पहले आधिकारिक जानकारी की तुलना करें। समय, राशि और संदर्भ जैसे विवरण आपके सेवा रिकॉर्ड में अलग से दिखाई दे सकते हैं।",Hindi,Devanagari,Legitimate,Shopping / E-commerce,,Merchant-like sender ID,Synthetic,Generated for PhishDetect India research dataset,Hard-negative/transactional example; no real personal identifiers.
HIN-L-0540,"अपडेट: आपका पैकेज पैक होकर डिस्पैच के लिए तैयार है। https://official.example/app समय, राशि और संदर्भ जैसे विवरण आपके सेवा रिकॉर्ड में अलग से दिखाई दे सकते हैं। संबंधित सेवा का इतिहास आधिकारिक ऐप या पोर्टल में उपलब्ध हो सकता है।",Hindi,Devanagari + English code-switching,Legitimate,Shopping / E-commerce,https://official.example/app,Generic numeric sender,Synthetic,Generated for PhishDetect India research dataset,Hard-negative/transactional example; no real personal identifiers.
HIN-L-0541,आपका ऑर्डर डिलीवरी के लिए निकल चुका है। https://portal.example/status संबंधित सेवा का इतिहास आधिकारिक ऐप या पोर्टल में उपलब्ध हो सकता है। संदेश को अपने सामान्य लेनदेन रिकॉर्ड के साथ मिलाकर देखना उपयोगी है। खाते से जुड़े अनुरोधों के लिए पहले से ज्ञात आधिकारिक संपर्क माध्यमों का उपयोग करें।,Hindi,Devanagari,Legitimate,Shopping / E-commerce,https://portal.example/status,Short code,Synthetic,Generated for PhishDetect India research dataset,Hard-negative/transactional example; no real personal identifiers.
HIN-L-0542,आपका रिटर्न अनुरोध दर्ज हो गया है। https://service.example/receipt संदेश को अपने सामान्य लेनदेन रिकॉर्ड के साथ मिलाकर देखना उपयोगी है। खाते से जुड़े अनुरोधों के लिए पहले से ज्ञात आधिकारिक संपर्क माध्यमों का उपयोग करें। किसी समस्या की स्थिति में सेवा प्रदाता के आधिकारिक सहायता विकल्प से जानकारी लें।,Hindi,Devanagari,Legitimate,Shopping / E-commerce,https://service.example/receipt,Unknown sender,Synthetic,Generated for PhishDetect India research dataset,Hard-negative/transactional example; no real personal identifiers.
HIN-L-0543,रिटर्न पिकअप [DATE] को निर्धारित है। ग्राहक सेवा विवरण आपके खाते में उपलब्ध है. खाते से जुड़े अनुरोधों के लिए पहले से ज्ञात आधिकारिक संपर्क माध्यमों का उपयोग करें। किसी समस्या की स्थिति में सेवा प्रदाता के आधिकारिक सहायता विकल्प से जानकारी लें।,Hindi,Devanagari,Legitimate,Shopping / E-commerce,,Bank-like sender ID,Synthetic,Generated for PhishDetect India research dataset,Hard-negative/transactional example; no real personal identifiers.
HIN-L-0544,आपका ऑर्डर रद्द कर दिया गया है और रिफंड प्रक्रिया शुरू है। धन्यवाद। किसी समस्या की स्थिति में सेवा प्रदाता के आधिकारिक सहायता विकल्प से जानकारी लें। संदेश में दी गई कार्रवाई आपके अनुरोध की अगली प्रक्रिया से संबंधित है।,Hindi,Devanagari,Legitimate,Shopping / E-commerce,,Telecom-like sender ID,Synthetic,Generated for PhishDetect India research dataset,Hard-negative/transactional example; no real personal identifiers.
HIN-L-0545,आपकी खरीदारी की रसीद खाते में उपलब्ध है। सूचना क्रमांक HIN-01. संदेश में दी गई कार्रवाई आपके अनुरोध की अगली प्रक्रिया से संबंधित है। अपने नियमित आधिकारिक खाते में जाकर इस सेवा की स्थिति भी जांचें। किसी भुगतान या पहचान संबंधी निर्णय से पहले आधिकारिक जानकारी की तुलना करें।,Hindi,Devanagari,Legitimate,Shopping / E-commerce,,Courier-like sender ID,Synthetic,Generated for PhishDetect India research dataset,Hard-negative/transactional example; no real personal identifiers.
HIN-L-0546,"अपडेट: ₹1,240 बिजली बिल का भुगतान सफलतापूर्वक प्राप्त हुआ। रसीद [REF_ID] है। अपने नियमित आधिकारिक खाते में जाकर इस सेवा की स्थिति भी जांचें। किसी भुगतान या पहचान संबंधी निर्णय से पहले आधिकारिक जानकारी की तुलना करें। समय, राशि और संदर्भ जैसे विवरण आपके सेवा रिकॉर्ड में अलग से दिखाई दे सकते हैं।",Hindi,Devanagari + English code-switching,Legitimate,Electricity / Utility,,Government-service-like sender ID,Synthetic,Generated for PhishDetect India research dataset,Hard-negative/transactional example; no real personal identifiers.
HIN-L-0547,"आपका बिजली बिल आधिकारिक पोर्टल पर उपलब्ध है। किसी भुगतान या पहचान संबंधी निर्णय से पहले आधिकारिक जानकारी की तुलना करें। समय, राशि और संदर्भ जैसे विवरण आपके सेवा रिकॉर्ड में अलग से दिखाई दे सकते हैं। संबंधित सेवा का इतिहास आधिकारिक ऐप या पोर्टल में उपलब्ध हो सकता है।",Hindi,Devanagari,Legitimate,Electricity / Utility,,Merchant-like sender ID,Synthetic,Generated for PhishDetect India research dataset,Hard-negative/transactional example; no real personal identifiers.
HIN-L-0548,"मीटर रीडिंग [DATE] को दर्ज की गई है। समय, राशि और संदर्भ जैसे विवरण आपके सेवा रिकॉर्ड में अलग से दिखाई दे सकते हैं। संबंधित सेवा का इतिहास आधिकारिक ऐप या पोर्टल में उपलब्ध हो सकता है। संदेश को अपने सामान्य लेनदेन रिकॉर्ड के साथ मिलाकर देखना उपयोगी है।",Hindi,Devanagari,Legitimate,Electricity / Utility,,Generic numeric sender,Synthetic,Generated for PhishDetect India research dataset,Hard-negative/transactional example; no real personal identifiers.
HIN-L-0549,आपकी बिजली शिकायत [REF_ID] के रूप में दर्ज हुई है। संबंधित सेवा का इतिहास आधिकारिक ऐप या पोर्टल में उपलब्ध हो सकता है। संदेश को अपने सामान्य लेनदेन रिकॉर्ड के साथ मिलाकर देखना उपयोगी है। खाते से जुड़े अनुरोधों के लिए पहले से ज्ञात आधिकारिक संपर्क माध्यमों का उपयोग करें।,Hindi,Devanagari,Legitimate,Electricity / Utility,,Short code,Synthetic,Generated for PhishDetect India research dataset,Hard-negative/transactional example; no real personal identifiers.
HIN-L-0550,बिजली सेवा अनुरोध सफलतापूर्वक पंजीकृत है। https://service.example/receipt,Hindi,Devanagari,Legitimate,Electricity / Utility,https://service.example/receipt,Unknown sender,Synthetic,Generated for PhishDetect India research dataset,Hard-negative/transactional example; no real personal identifiers.
HIN-L-0551,आपका ₹850 उपयोगिता भुगतान सफल रहा। https://track.example/order,Hindi,Devanagari,Legitimate,Electricity / Utility,https://track.example/order,Bank-like sender ID,Synthetic,Generated for PhishDetect India research dataset,Hard-negative/transactional example; no real personal identifiers.
HIN-L-0552,अपडेट: आपकी बिजली सेवा अपॉइंटमेंट [DATE] को है। https://official.example/app किसी समस्या की स्थिति में सेवा प्रदाता के आधिकारिक सहायता विकल्प से जानकारी लें। संदेश में दी गई कार्रवाई आपके अनुरोध की अगली प्रक्रिया से संबंधित है। अपने नियमित आधिकारिक खाते में जाकर इस सेवा की स्थिति भी जांचें।,Hindi,Devanagari + English code-switching,Legitimate,Electricity / Utility,https://official.example/app,Telecom-like sender ID,Synthetic,Generated for PhishDetect India research dataset,Hard-negative/transactional example; no real personal identifiers.
HIN-L-0553,बिल भुगतान की रसीद आधिकारिक खाते में उपलब्ध है। संदेश में दी गई कार्रवाई आपके अनुरोध की अगली प्रक्रिया से संबंधित है। अपने नियमित आधिकारिक खाते में जाकर इस सेवा की स्थिति भी जांचें। किसी भुगतान या पहचान संबंधी निर्णय से पहले आधिकारिक जानकारी की तुलना करें।,Hindi,Devanagari,Legitimate,Electricity / Utility,,Courier-like sender ID,Synthetic,Generated for PhishDetect India research dataset,Hard-negative/transactional example; no real personal identifiers.
HIN-L-0554,"आपका मीटर सेवा अनुरोध समीक्षा में है। धन्यवाद। अपने नियमित आधिकारिक खाते में जाकर इस सेवा की स्थिति भी जांचें। किसी भुगतान या पहचान संबंधी निर्णय से पहले आधिकारिक जानकारी की तुलना करें। समय, राशि और संदर्भ जैसे विवरण आपके सेवा रिकॉर्ड में अलग से दिखाई दे सकते हैं।",Hindi,Devanagari,Legitimate,Electricity / Utility,,Government-service-like sender ID,Synthetic,Generated for PhishDetect India research dataset,Hard-negative/transactional example; no real personal identifiers.
HIN-L-0555,"आपकी बिजली भुगतान स्थिति अपडेट हो गई है। किसी भुगतान या पहचान संबंधी निर्णय से पहले आधिकारिक जानकारी की तुलना करें। समय, राशि और संदर्भ जैसे विवरण आपके सेवा रिकॉर्ड में अलग से दिखाई दे सकते हैं। संबंधित सेवा का इतिहास आधिकारिक ऐप या पोर्टल में उपलब्ध हो सकता है।",Hindi,Devanagari,Legitimate,Electricity / Utility,,Merchant-like sender ID,Synthetic,Generated for PhishDetect India research dataset,Hard-negative/transactional example; no real personal identifiers.
HIN-L-0556,"₹1,240 बिजली बिल का भुगतान सफलतापूर्वक प्राप्त हुआ। रसीद [REF_ID] है। समय, राशि और संदर्भ जैसे विवरण आपके सेवा रिकॉर्ड में अलग से दिखाई दे सकते हैं। संबंधित सेवा का इतिहास आधिकारिक ऐप या पोर्टल में उपलब्ध हो सकता है।",Hindi,Devanagari,Legitimate,Electricity / Utility,,Generic numeric sender,Synthetic,Generated for PhishDetect India research dataset,Hard-negative/transactional example; no real personal identifiers.
HIN-L-0557,आपके अनुरोध के लिए सूचना: आपका बिजली बिल आधिकारिक पोर्टल पर उपलब्ध है। संबंधित सेवा का इतिहास आधिकारिक ऐप या पोर्टल में उपलब्ध हो सकता है। संदेश को अपने सामान्य लेनदेन रिकॉर्ड के साथ मिलाकर देखना उपयोगी है। खाते से जुड़े अनुरोधों के लिए पहले से ज्ञात आधिकारिक संपर्क माध्यमों का उपयोग करें।,Hindi,Devanagari,Legitimate,Electricity / Utility,,Short code,Synthetic,Generated for PhishDetect India research dataset,Hard-negative/transactional example; no real personal identifiers.
HIN-L-0558,अपडेट: मीटर रीडिंग [DATE] को दर्ज की गई है। संदेश को अपने सामान्य लेनदेन रिकॉर्ड के साथ मिलाकर देखना उपयोगी है। खाते से जुड़े अनुरोधों के लिए पहले से ज्ञात आधिकारिक संपर्क माध्यमों का उपयोग करें। किसी समस्या की स्थिति में सेवा प्रदाता के आधिकारिक सहायता विकल्प से जानकारी लें।,Hindi,Devanagari + English code-switching,Legitimate,Electricity / Utility,,Unknown sender,Synthetic,Generated for PhishDetect India research dataset,Hard-negative/transactional example; no real personal identifiers.
HIN-L-0559,आपकी बिजली शिकायत [REF_ID] के रूप में दर्ज हुई है। ग्राहक सेवा विवरण आपके खाते में उपलब्ध है. खाते से जुड़े अनुरोधों के लिए पहले से ज्ञात आधिकारिक संपर्क माध्यमों का उपयोग करें। किसी समस्या की स्थिति में सेवा प्रदाता के आधिकारिक सहायता विकल्प से जानकारी लें।,Hindi,Devanagari,Legitimate,Electricity / Utility,,Bank-like sender ID,Synthetic,Generated for PhishDetect India research dataset,Hard-negative/transactional example; no real personal identifiers.
HIN-L-0560,अपडेट: ₹249 मोबाइल रिचार्ज सफल रहा। https://official.example/app,Hindi,Romanized Hindi / Hinglish,Legitimate,SIM / Telecom,https://official.example/app,Telecom-like sender ID,Synthetic,Generated for PhishDetect India research dataset,Hard-negative/transactional example; no real personal identifiers.
HIN-L-0561,आपका डेटा पैक सक्रिय हो गया है। https://portal.example/status संदेश में दी गई कार्रवाई आपके अनुरोध की अगली प्रक्रिया से संबंधित है। अपने नियमित आधिकारिक खाते में जाकर इस सेवा की स्थिति भी जांचें। किसी भुगतान या पहचान संबंधी निर्णय से पहले आधिकारिक जानकारी की तुलना करें।,Hindi,Devanagari,Legitimate,SIM / Telecom,https://portal.example/status,Courier-like sender ID,Synthetic,Generated for PhishDetect India research dataset,Hard-negative/transactional example; no real personal identifiers.
HIN-L-0562,"आपका प्रीपेड प्लान [DATE] तक वैध है। https://service.example/receipt अपने नियमित आधिकारिक खाते में जाकर इस सेवा की स्थिति भी जांचें। किसी भुगतान या पहचान संबंधी निर्णय से पहले आधिकारिक जानकारी की तुलना करें। समय, राशि और संदर्भ जैसे विवरण आपके सेवा रिकॉर्ड में अलग से दिखाई दे सकते हैं।",Hindi,Devanagari,Legitimate,SIM / Telecom,https://service.example/receipt,Government-service-like sender ID,Synthetic,Generated for PhishDetect India research dataset,Hard-negative/transactional example; no real personal identifiers.
HIN-L-0563,₹499 पोस्टपेड बिल भुगतान सफल रहा।,Hindi,Devanagari,Legitimate,SIM / Telecom,,Merchant-like sender ID,Synthetic,Generated for PhishDetect India research dataset,Hard-negative/transactional example; no real personal identifiers.
HIN-L-0564,"आपका मोबाइल सेवा अनुरोध [REF_ID] दर्ज हो गया है। समय, राशि और संदर्भ जैसे विवरण आपके सेवा रिकॉर्ड में अलग से दिखाई दे सकते हैं। संबंधित सेवा का इतिहास आधिकारिक ऐप या पोर्टल में उपलब्ध हो सकता है। संदेश को अपने सामान्य लेनदेन रिकॉर्ड के साथ मिलाकर देखना उपयोगी है।",Hindi,Devanagari + English code-switching,Legitimate,SIM / Telecom,,Generic numeric sender,Synthetic,Generated for PhishDetect India research dataset,Hard-negative/transactional example; no real personal identifiers.
HIN-L-0565,आपका ब्रॉडबैंड भुगतान प्राप्त हो गया है।,Hindi,Devanagari,Legitimate,SIM / Telecom,,Short code,Synthetic,Generated for PhishDetect India research dataset,Hard-negative/transactional example; no real personal identifiers.
HIN-L-0566,अपडेट: आपकी SIM replacement request दर्ज हो गई है। संदेश को अपने सामान्य लेनदेन रिकॉर्ड के साथ मिलाकर देखना उपयोगी है। खाते से जुड़े अनुरोधों के लिए पहले से ज्ञात आधिकारिक संपर्क माध्यमों का उपयोग करें। किसी समस्या की स्थिति में सेवा प्रदाता के आधिकारिक सहायता विकल्प से जानकारी लें।,Hindi,Devanagari,Legitimate,SIM / Telecom,,Unknown sender,Synthetic,Generated for PhishDetect India research dataset,Hard-negative/transactional example; no real personal identifiers.
HIN-L-0567,आपका डेटा ऐड-ऑन सफलतापूर्वक सक्रिय हुआ है।,Hindi,Devanagari,Legitimate,SIM / Telecom,,Bank-like sender ID,Synthetic,Generated for PhishDetect India research dataset,Hard-negative/transactional example; no real personal identifiers.
HIN-L-0568,रिचार्ज रसीद आधिकारिक ऐप में उपलब्ध है। धन्यवाद। किसी समस्या की स्थिति में सेवा प्रदाता के आधिकारिक सहायता विकल्प से जानकारी लें। संदेश में दी गई कार्रवाई आपके अनुरोध की अगली प्रक्रिया से संबंधित है। अपने नियमित आधिकारिक खाते में जाकर इस सेवा की स्थिति भी जांचें।,Hindi,Devanagari,Legitimate,SIM / Telecom,,Telecom-like sender ID,Synthetic,Generated for PhishDetect India research dataset,Hard-negative/transactional example; no real personal identifiers.
HIN-L-0569,आपके नंबर की सेवा योजना सफलतापूर्वक नवीनीकृत हुई है। संदेश में दी गई कार्रवाई आपके अनुरोध की अगली प्रक्रिया से संबंधित है। अपने नियमित आधिकारिक खाते में जाकर इस सेवा की स्थिति भी जांचें। किसी भुगतान या पहचान संबंधी निर्णय से पहले आधिकारिक जानकारी की तुलना करें।,Hindi,Devanagari,Legitimate,SIM / Telecom,,Courier-like sender ID,Synthetic,Generated for PhishDetect India research dataset,Hard-negative/transactional example; no real personal identifiers.
HIN-L-0570,₹249 मोबाइल रिचार्ज सफल रहा। https://service.example/receipt,Hindi,Devanagari + English code-switching,Legitimate,SIM / Telecom,https://service.example/receipt,Government-service-like sender ID,Synthetic,Generated for PhishDetect India research dataset,Hard-negative/transactional example; no real personal identifiers.
HIN-L-0571,"आपके अनुरोध के लिए सूचना: आपका डेटा पैक सक्रिय हो गया है। https://track.example/order किसी भुगतान या पहचान संबंधी निर्णय से पहले आधिकारिक जानकारी की तुलना करें। समय, राशि और संदर्भ जैसे विवरण आपके सेवा रिकॉर्ड में अलग से दिखाई दे सकते हैं।",Hindi,Devanagari,Legitimate,SIM / Telecom,https://track.example/order,Merchant-like sender ID,Synthetic,Generated for PhishDetect India research dataset,Hard-negative/transactional example; no real personal identifiers.
HIN-L-0572,"अपडेट: आपका प्रीपेड प्लान [DATE] तक वैध है। https://official.example/app समय, राशि और संदर्भ जैसे विवरण आपके सेवा रिकॉर्ड में अलग से दिखाई दे सकते हैं। संबंधित सेवा का इतिहास आधिकारिक ऐप या पोर्टल में उपलब्ध हो सकता है। संदेश को अपने सामान्य लेनदेन रिकॉर्ड के साथ मिलाकर देखना उपयोगी है।",Hindi,Devanagari,Legitimate,SIM / Telecom,https://official.example/app,Generic numeric sender,Synthetic,Generated for PhishDetect India research dataset,Hard-negative/transactional example; no real personal identifiers.
HIN-L-0573,₹499 पोस्टपेड बिल भुगतान सफल रहा। यह संदेश सेवा प्रक्रिया की जानकारी देता है. संबंधित सेवा का इतिहास आधिकारिक ऐप या पोर्टल में उपलब्ध हो सकता है। संदेश को अपने सामान्य लेनदेन रिकॉर्ड के साथ मिलाकर देखना उपयोगी है। खाते से जुड़े अनुरोधों के लिए पहले से ज्ञात आधिकारिक संपर्क माध्यमों का उपयोग करें।,Hindi,Devanagari,Legitimate,SIM / Telecom,,Short code,Synthetic,Generated for PhishDetect India research dataset,Hard-negative/transactional example; no real personal identifiers.
HIN-L-0574,"अपडेट: आपकी बीमा पॉलिसी का प्रीमियम ₹3,499 सफलतापूर्वक प्राप्त हुआ। संदेश को अपने सामान्य लेनदेन रिकॉर्ड के साथ मिलाकर देखना उपयोगी है। खाते से जुड़े अनुरोधों के लिए पहले से ज्ञात आधिकारिक संपर्क माध्यमों का उपयोग करें। किसी समस्या की स्थिति में सेवा प्रदाता के आधिकारिक सहायता विकल्प से जानकारी लें।",Hindi,Devanagari,Legitimate,Insurance,,Unknown sender,Synthetic,Generated for PhishDetect India research dataset,Hard-negative/transactional example; no real personal identifiers.
HIN-L-0575,आपका बीमा दावा [REF_ID] दर्ज हो गया है। खाते से जुड़े अनुरोधों के लिए पहले से ज्ञात आधिकारिक संपर्क माध्यमों का उपयोग करें। किसी समस्या की स्थिति में सेवा प्रदाता के आधिकारिक सहायता विकल्प से जानकारी लें। संदेश में दी गई कार्रवाई आपके अनुरोध की अगली प्रक्रिया से संबंधित है।,Hindi,Devanagari,Legitimate,Insurance,,Bank-like sender ID,Synthetic,Generated for PhishDetect India research dataset,Hard-negative/transactional example; no real personal identifiers.
HIN-L-0576,आपकी पॉलिसी नवीनीकरण रसीद उपलब्ध है।,Hindi,Devanagari + English code-switching,Legitimate,Insurance,,Telecom-like sender ID,Synthetic,Generated for PhishDetect India research dataset,Hard-negative/transactional example; no real personal identifiers.
HIN-L-0577,दावे के दस्तावेज सफलतापूर्वक प्राप्त हो गए हैं। संदेश में दी गई कार्रवाई आपके अनुरोध की अगली प्रक्रिया से संबंधित है। अपने नियमित आधिकारिक खाते में जाकर इस सेवा की स्थिति भी जांचें। किसी भुगतान या पहचान संबंधी निर्णय से पहले आधिकारिक जानकारी की तुलना करें।,Hindi,Devanagari,Legitimate,Insurance,,Courier-like sender ID,Synthetic,Generated for PhishDetect India research dataset,Hard-negative/transactional example; no real personal identifiers.
HIN-L-0578,"आपकी पॉलिसी स्टेटमेंट आधिकारिक खाते में उपलब्ध है। अपने नियमित आधिकारिक खाते में जाकर इस सेवा की स्थिति भी जांचें। किसी भुगतान या पहचान संबंधी निर्णय से पहले आधिकारिक जानकारी की तुलना करें। समय, राशि और संदर्भ जैसे विवरण आपके सेवा रिकॉर्ड में अलग से दिखाई दे सकते हैं।",Hindi,Devanagari,Legitimate,Insurance,,Government-service-like sender ID,Synthetic,Generated for PhishDetect India research dataset,Hard-negative/transactional example; no real personal identifiers.
HIN-L-0579,"आपका प्रीमियम भुगतान [TXN_ID] के तहत दर्ज हुआ है। किसी भुगतान या पहचान संबंधी निर्णय से पहले आधिकारिक जानकारी की तुलना करें। समय, राशि और संदर्भ जैसे विवरण आपके सेवा रिकॉर्ड में अलग से दिखाई दे सकते हैं। संबंधित सेवा का इतिहास आधिकारिक ऐप या पोर्टल में उपलब्ध हो सकता है।",Hindi,Devanagari,Legitimate,Insurance,,Merchant-like sender ID,Synthetic,Generated for PhishDetect India research dataset,Hard-negative/transactional example; no real personal identifiers.
HIN-L-0580,"अपडेट: आपके दावे की स्थिति अपडेट हुई है। https://official.example/app समय, राशि और संदर्भ जैसे विवरण आपके सेवा रिकॉर्ड में अलग से दिखाई दे सकते हैं। संबंधित सेवा का इतिहास आधिकारिक ऐप या पोर्टल में उपलब्ध हो सकता है। संदेश को अपने सामान्य लेनदेन रिकॉर्ड के साथ मिलाकर देखना उपयोगी है।",Hindi,Romanized Hindi / Hinglish,Legitimate,Insurance,https://official.example/app,Generic numeric sender,Synthetic,Generated for PhishDetect India research dataset,Hard-negative/transactional example; no real personal identifiers.
HIN-L-0581,आपका पॉलिसी सर्विस अनुरोध सफलतापूर्वक दर्ज है। https://portal.example/status संबंधित सेवा का इतिहास आधिकारिक ऐप या पोर्टल में उपलब्ध हो सकता है। संदेश को अपने सामान्य लेनदेन रिकॉर्ड के साथ मिलाकर देखना उपयोगी है। खाते से जुड़े अनुरोधों के लिए पहले से ज्ञात आधिकारिक संपर्क माध्यमों का उपयोग करें।,Hindi,Devanagari,Legitimate,Insurance,https://portal.example/status,Short code,Synthetic,Generated for PhishDetect India research dataset,Hard-negative/transactional example; no real personal identifiers.
HIN-L-0582,आपकी पॉलिसी की अगली किस्त की तारीख [DATE] है। धन्यवाद। https://service.example/receipt संदेश को अपने सामान्य लेनदेन रिकॉर्ड के साथ मिलाकर देखना उपयोगी है। खाते से जुड़े अनुरोधों के लिए पहले से ज्ञात आधिकारिक संपर्क माध्यमों का उपयोग करें। किसी समस्या की स्थिति में सेवा प्रदाता के आधिकारिक सहायता विकल्प से जानकारी लें।,Hindi,Devanagari + English code-switching,Legitimate,Insurance,https://service.example/receipt,Unknown sender,Synthetic,Generated for PhishDetect India research dataset,Hard-negative/transactional example; no real personal identifiers.
HIN-L-0583,अपडेट: आपके निवेश खाते का स्टेटमेंट उपलब्ध है। खाते से जुड़े अनुरोधों के लिए पहले से ज्ञात आधिकारिक संपर्क माध्यमों का उपयोग करें। किसी समस्या की स्थिति में सेवा प्रदाता के आधिकारिक सहायता विकल्प से जानकारी लें। संदेश में दी गई कार्रवाई आपके अनुरोध की अगली प्रक्रिया से संबंधित है।,Hindi,Devanagari,Legitimate,Investment / Trading,,Bank-like sender ID,Synthetic,Generated for PhishDetect India research dataset,Hard-negative/transactional example; no real personal identifiers.
HIN-L-0584,आपका म्यूचुअल फंड लेनदेन [TXN_ID] सफल रहा।,Hindi,Devanagari,Legitimate,Investment / Trading,,Telecom-like sender ID,Synthetic,Generated for PhishDetect India research dataset,Hard-negative/transactional example; no real personal identifiers.
HIN-L-0585,"आपके ट्रेडिंग खाते में ₹5,000 जमा हुए।",Hindi,Devanagari,Legitimate,Investment / Trading,,Courier-like sender ID,Synthetic,Generated for PhishDetect India research dataset,Hard-negative/transactional example; no real personal identifiers.
HIN-L-0586,आपका SIP भुगतान सफलतापूर्वक प्रोसेस हुआ।,Hindi,Devanagari,Legitimate,Investment / Trading,,Government-service-like sender ID,Synthetic,Generated for PhishDetect India research dataset,Hard-negative/transactional example; no real personal identifiers.
HIN-L-0587,"आपके निवेश रिडेम्पशन अनुरोध की रसीद उपलब्ध है। किसी भुगतान या पहचान संबंधी निर्णय से पहले आधिकारिक जानकारी की तुलना करें। समय, राशि और संदर्भ जैसे विवरण आपके सेवा रिकॉर्ड में अलग से दिखाई दे सकते हैं। संबंधित सेवा का इतिहास आधिकारिक ऐप या पोर्टल में उपलब्ध हो सकता है।",Hindi,Devanagari,Legitimate,Investment / Trading,,Merchant-like sender ID,Synthetic,Generated for PhishDetect India research dataset,Hard-negative/transactional example; no real personal identifiers.
HIN-L-0588,"आपके ट्रेडिंग खाते की प्रोफाइल अपडेट हुई है। समय, राशि और संदर्भ जैसे विवरण आपके सेवा रिकॉर्ड में अलग से दिखाई दे सकते हैं। संबंधित सेवा का इतिहास आधिकारिक ऐप या पोर्टल में उपलब्ध हो सकता है। संदेश को अपने सामान्य लेनदेन रिकॉर्ड के साथ मिलाकर देखना उपयोगी है।",Hindi,Devanagari + English code-switching,Legitimate,Investment / Trading,,Generic numeric sender,Synthetic,Generated for PhishDetect India research dataset,Hard-negative/transactional example; no real personal identifiers.
HIN-L-0589,अपडेट: आपका निवेश सेवा अनुरोध [REF_ID] दर्ज हुआ है। संबंधित सेवा का इतिहास आधिकारिक ऐप या पोर्टल में उपलब्ध हो सकता है। संदेश को अपने सामान्य लेनदेन रिकॉर्ड के साथ मिलाकर देखना उपयोगी है। खाते से जुड़े अनुरोधों के लिए पहले से ज्ञात आधिकारिक संपर्क माध्यमों का उपयोग करें।,Hindi,Devanagari,Legitimate,Investment / Trading,,Short code,Synthetic,Generated for PhishDetect India research dataset,Hard-negative/transactional example; no real personal identifiers.
HIN-L-0590,आपकी पोर्टफोलियो रिपोर्ट आधिकारिक खाते में उपलब्ध है। https://service.example/receipt संदेश को अपने सामान्य लेनदेन रिकॉर्ड के साथ मिलाकर देखना उपयोगी है। खाते से जुड़े अनुरोधों के लिए पहले से ज्ञात आधिकारिक संपर्क माध्यमों का उपयोग करें। किसी समस्या की स्थिति में सेवा प्रदाता के आधिकारिक सहायता विकल्प से जानकारी लें।,Hindi,Devanagari,Legitimate,Investment / Trading,https://service.example/receipt,Unknown sender,Synthetic,Generated for PhishDetect India research dataset,Hard-negative/transactional example; no real personal identifiers.
HIN-L-0591,आपका SIP अगली तारीख [DATE] को प्रोसेस होगा। धन्यवाद। https://track.example/order खाते से जुड़े अनुरोधों के लिए पहले से ज्ञात आधिकारिक संपर्क माध्यमों का उपयोग करें। किसी समस्या की स्थिति में सेवा प्रदाता के आधिकारिक सहायता विकल्प से जानकारी लें। संदेश में दी गई कार्रवाई आपके अनुरोध की अगली प्रक्रिया से संबंधित है।,Hindi,Devanagari,Legitimate,Investment / Trading,https://track.example/order,Bank-like sender ID,Synthetic,Generated for PhishDetect India research dataset,Hard-negative/transactional example; no real personal identifiers.
HIN-L-0592,अपडेट: आपके सोशल खाते में [TIME] पर सफल लॉगिन हुआ। https://official.example/app किसी समस्या की स्थिति में सेवा प्रदाता के आधिकारिक सहायता विकल्प से जानकारी लें। संदेश में दी गई कार्रवाई आपके अनुरोध की अगली प्रक्रिया से संबंधित है। अपने नियमित आधिकारिक खाते में जाकर इस सेवा की स्थिति भी जांचें।,Hindi,Devanagari,Legitimate,Social Media / Account Takeover,https://official.example/app,Telecom-like sender ID,Synthetic,Generated for PhishDetect India research dataset,Hard-negative/transactional example; no real personal identifiers.
HIN-L-0593,आपके खाते में नया डिवाइस सफलतापूर्वक जोड़ा गया है। संदेश में दी गई कार्रवाई आपके अनुरोध की अगली प्रक्रिया से संबंधित है। अपने नियमित आधिकारिक खाते में जाकर इस सेवा की स्थिति भी जांचें। किसी भुगतान या पहचान संबंधी निर्णय से पहले आधिकारिक जानकारी की तुलना करें।,Hindi,Devanagari,Legitimate,Social Media / Account Takeover,,Courier-like sender ID,Synthetic,Generated for PhishDetect India research dataset,Hard-negative/transactional example; no real personal identifiers.
HIN-L-0594,आपका पासवर्ड सफलतापूर्वक बदला गया है।,Hindi,Devanagari + English code-switching,Legitimate,Social Media / Account Takeover,,Government-service-like sender ID,Synthetic,Generated for PhishDetect India research dataset,Hard-negative/transactional example; no real personal identifiers.
HIN-L-0595,"आपका अकाउंट रिकवरी अनुरोध [REF_ID] दर्ज हुआ है। किसी भुगतान या पहचान संबंधी निर्णय से पहले आधिकारिक जानकारी की तुलना करें। समय, राशि और संदर्भ जैसे विवरण आपके सेवा रिकॉर्ड में अलग से दिखाई दे सकते हैं। संबंधित सेवा का इतिहास आधिकारिक ऐप या पोर्टल में उपलब्ध हो सकता है।",Hindi,Devanagari,Legitimate,Social Media / Account Takeover,,Merchant-like sender ID,Synthetic,Generated for PhishDetect India research dataset,Hard-negative/transactional example; no real personal identifiers.
HIN-L-0596,आपकी सुरक्षा सेटिंग अपडेट हो गई है।,Hindi,Devanagari,Legitimate,Social Media / Account Takeover,,Generic numeric sender,Synthetic,Generated for PhishDetect India research dataset,Hard-negative/transactional example; no real personal identifiers.
HIN-L-0597,आपके लॉगिन इतिहास में नया सत्र दर्ज हुआ है। संबंधित सेवा का इतिहास आधिकारिक ऐप या पोर्टल में उपलब्ध हो सकता है। संदेश को अपने सामान्य लेनदेन रिकॉर्ड के साथ मिलाकर देखना उपयोगी है। खाते से जुड़े अनुरोधों के लिए पहले से ज्ञात आधिकारिक संपर्क माध्यमों का उपयोग करें।,Hindi,Devanagari,Legitimate,Social Media / Account Takeover,,Short code,Synthetic,Generated for PhishDetect India research dataset,Hard-negative/transactional example; no real personal identifiers.
HIN-L-0598,अपडेट: आपकी प्रोफाइल ईमेल पुष्टि पूरी हो गई है। संदेश को अपने सामान्य लेनदेन रिकॉर्ड के साथ मिलाकर देखना उपयोगी है। खाते से जुड़े अनुरोधों के लिए पहले से ज्ञात आधिकारिक संपर्क माध्यमों का उपयोग करें। किसी समस्या की स्थिति में सेवा प्रदाता के आधिकारिक सहायता विकल्प से जानकारी लें।,Hindi,Devanagari,Legitimate,Social Media / Account Takeover,,Unknown sender,Synthetic,Generated for PhishDetect India research dataset,Hard-negative/transactional example; no real personal identifiers.
HIN-L-0599,आपका दो-चरणीय सत्यापन सक्रिय है।,Hindi,Devanagari,Legitimate,Social Media / Account Takeover,,Bank-like sender ID,Synthetic,Generated for PhishDetect India research dataset,Hard-negative/transactional example; no real personal identifiers.
HIN-L-0600,आपकी खाता सुरक्षा सूचना आधिकारिक ऐप में उपलब्ध है। धन्यवाद। https://official.example/app किसी समस्या की स्थिति में सेवा प्रदाता के आधिकारिक सहायता विकल्प से जानकारी लें। संदेश में दी गई कार्रवाई आपके अनुरोध की अगली प्रक्रिया से संबंधित है। अपने नियमित आधिकारिक खाते में जाकर इस सेवा की स्थिति भी जांचें।,Hindi,Devanagari + English code-switching,Legitimate,Social Media / Account Takeover,https://official.example/app,Telecom-like sender ID,Synthetic,Generated for PhishDetect India research dataset,Hard-negative/transactional example; no real personal identifiers.
KAN-P-0001,ಸೂಚನೆ: ನಿಮ್ಮ ಬ್ಯಾಂಕ್ ಗ್ರಾಹಕ ಮಾಹಿತಿಯ ಪರಿಶೀಲನೆ ಇನ್ನೂ ಪೂರ್ಣಗೊಂಡಿಲ್ಲ. ಇಂದಿನ review window ಮುಗಿಯುವ ಮೊದಲು ಈ ಪ್ರಕ್ರಿಯೆ ಪೂರ್ಣಗೊಳ್ಳಬೇಕು. ಕೇಳಲಾದ ಮೊತ್ತ ₹249. https://account-review.example/confirm,Kannada,Kannada script,Phishing,Banking / KYC,https://account-review.example/confirm,Generic numeric sender,Synthetic,Generated for PhishDetect India research dataset,Strategy: refund; no real personal identifiers.
KAN-P-0002,"ನಿಮ್ಮ ಬ್ಯಾಂಕ್ ಪ್ರೊಫೈಲ್‌ನಲ್ಲಿ ಒಂದು ಅಸಂಗತತೆ ಕಂಡುಬಂದಿದೆ. ಪರಿಶೀಲನೆ ವಿಫಲವಾದರೆ ಮುಂದಿನ ಸೇವೆಯನ್ನು ನಿಲ್ಲಿಸುವ ಎಚ್ಚರಿಕೆ ನೀಡಲಾಗಿದೆ. http://kyc-alert.example/update ಯಾವುದೇ payment ಅಥವಾ identity action ಮಾಡುವ ಮೊದಲು ಅಧಿಕೃತ ಮಾಹಿತಿಯನ್ನು ಹೋಲಿಸಿ ನೋಡಿ. ಸಂಬಂಧಿತ service history ನಿಮ್ಮ official app ಅಥವಾ portalನಲ್ಲಿ ಪ್ರತ್ಯೇಕವಾಗಿ ಕಾಣಬಹುದು. ಸಂದೇಶದಲ್ಲಿರುವ ಸಮಯ, ಮೊತ್ತ ಮತ್ತು reference ವಿವರಗಳು service recordನಲ್ಲಿ ಕಾಣಿಸಬಹುದು.",Kannada,Kannada script,Phishing,Banking / KYC,http://kyc-alert.example/update,Short code,Synthetic,Generated for PhishDetect India research dataset,Strategy: curiosity; no real personal identifiers.
KAN-P-0003,"ಡಿಜಿಟಲ್ ಬ್ಯಾಂಕಿಂಗ್ ಖಾತೆಗೆ ಗುರುತಿನ ಮರುಪರಿಶೀಲನೆ ಅಗತ್ಯವಿದೆ. Security team ಹೆಸರಿನಲ್ಲಿ ತಕ್ಷಣ ಪ್ರತಿಕ್ರಿಯಿಸಲು ಸೂಚಿಸಲಾಗಿದೆ. https://upi-support.example/resolve ಸಂಬಂಧಿತ service history ನಿಮ್ಮ official app ಅಥವಾ portalನಲ್ಲಿ ಪ್ರತ್ಯೇಕವಾಗಿ ಕಾಣಬಹುದು. ಸಂದೇಶದಲ್ಲಿರುವ ಸಮಯ, ಮೊತ್ತ ಮತ್ತು reference ವಿವರಗಳು service recordನಲ್ಲಿ ಕಾಣಿಸಬಹುದು. ನಿಮ್ಮ ಸಾಮಾನ್ಯ transaction record ಜೊತೆ ಈ ಸೂಚನೆಯನ್ನು ಪರಿಶೀಲಿಸುವುದು ಉಪಯುಕ್ತ.",Kannada,Kannada script,Phishing,Banking / KYC,https://upi-support.example/resolve,Unknown sender,Synthetic,Generated for PhishDetect India research dataset,Strategy: authority impersonation; no real personal identifiers.
KAN-P-0004,"ನಿಮ್ಮ ಖಾತೆಯ KYC ಹಂತ ಪೂರ್ಣಗೊಂಡಿಲ್ಲ ಎಂದು ತೋರಿಸಲಾಗಿದೆ. ಸೂಚಿಸಿದ page ತೆರೆಯಿ ಮತ್ತು ಕೇಳಲಾದ ಮಾಹಿತಿಯನ್ನು ನಮೂದಿಸಿ. https://parcel-status.example/address ಸಂದೇಶದಲ್ಲಿರುವ ಸಮಯ, ಮೊತ್ತ ಮತ್ತು reference ವಿವರಗಳು service recordನಲ್ಲಿ ಕಾಣಿಸಬಹುದು. ನಿಮ್ಮ ಸಾಮಾನ್ಯ transaction record ಜೊತೆ ಈ ಸೂಚನೆಯನ್ನು ಪರಿಶೀಲಿಸುವುದು ಉಪಯುಕ್ತ. Account ಸಂಬಂಧಿತ ವಿನಂತಿಗಳಿಗೆ ಈಗಾಗಲೇ ತಿಳಿದಿರುವ ಅಧಿಕೃತ contact channel ಮಾತ್ರ ಬಳಸಿ.",Kannada,Kannada script,Phishing,Banking / KYC,https://parcel-status.example/address,Bank-like sender ID,Synthetic,Generated for PhishDetect India research dataset,Strategy: threat; no real personal identifiers.
KAN-P-0005,ಬ್ಯಾಂಕ್ ಭದ್ರತಾ ಪರಿಶೀಲನೆಯಲ್ಲಿ ನಿಮ್ಮ ವಿವರಗಳು ಬಾಕಿಯಿವೆ. ಸ್ಥಿತಿಯನ್ನು ಪರಿಶೀಲಿಸಿ ಮುಂದುವರಿಯಲು link ಬಳಸಿ ಎಂದು ಸೂಚಿಸಲಾಗಿದೆ. ಕೇಳಲಾದ ಮೊತ್ತ ₹1999. http://reward-center.example/claim ನಿಮ್ಮ ಸಾಮಾನ್ಯ transaction record ಜೊತೆ ಈ ಸೂಚನೆಯನ್ನು ಪರಿಶೀಲಿಸುವುದು ಉಪಯುಕ್ತ. Account ಸಂಬಂಧಿತ ವಿನಂತಿಗಳಿಗೆ ಈಗಾಗಲೇ ತಿಳಿದಿರುವ ಅಧಿಕೃತ contact channel ಮಾತ್ರ ಬಳಸಿ. ಯಾವುದೇ ಸಮಸ್ಯೆಯಿದ್ದರೆ service providerನ ಅಧಿಕೃತ support option ಬಳಸಿ.,Kannada,Kannada script,Phishing,Banking / KYC,http://reward-center.example/claim,Telecom-like sender ID,Synthetic,Generated for PhishDetect India research dataset,Strategy: social engineering; no real personal identifiers.
KAN-P-0006,ಸೂಚನೆ: ನಿಮ್ಮ ಗ್ರಾಹಕ ಮಾಹಿತಿಯ ಮಾನ್ಯತಾ ಅವಧಿ ಮುಗಿಯುವ ಹಂತದಲ್ಲಿದೆ. ವಿನಂತಿಯನ್ನು active ಇರಿಸಲು ತಕ್ಷಣ action ತೆಗೆದುಕೊಳ್ಳಿ ಎಂದು ತಿಳಿಸಲಾಗಿದೆ. https://job-selection.example/document Account ಸಂಬಂಧಿತ ವಿನಂತಿಗಳಿಗೆ ಈಗಾಗಲೇ ತಿಳಿದಿರುವ ಅಧಿಕೃತ contact channel ಮಾತ್ರ ಬಳಸಿ. ಯಾವುದೇ ಸಮಸ್ಯೆಯಿದ್ದರೆ service providerನ ಅಧಿಕೃತ support option ಬಳಸಿ. ಸೇವೆಯ ಸ್ಥಿತಿಯನ್ನು ನಂತರ ಅಧಿಕೃತ portalನಲ್ಲಿ ಮತ್ತೆ ಪರಿಶೀಲಿಸಬಹುದು.,Kannada,Kannada script,Phishing,Banking / KYC,https://job-selection.example/document,Courier-like sender ID,Synthetic,Generated for PhishDetect India research dataset,Strategy: job lure; no real personal identifiers.
KAN-P-0007,ನಿಮ್ಮ ಬ್ಯಾಂಕ್ ಗ್ರಾಹಕ ಮಾಹಿತಿಯ verification ಇನ್ನೂ ಪೂರ್ಣಗೊಂಡಿಲ್ಲ. ಸೇವೆ ಸೀಮಿತಗೊಳ್ಳುವ ಮೊದಲು accountಯನ್ನು ದೃಢೀಕರಿಸಿ. https://card-security.example/review ಯಾವುದೇ ಸಮಸ್ಯೆಯಿದ್ದರೆ service providerನ ಅಧಿಕೃತ support option ಬಳಸಿ. ಸೇವೆಯ ಸ್ಥಿತಿಯನ್ನು ನಂತರ ಅಧಿಕೃತ portalನಲ್ಲಿ ಮತ್ತೆ ಪರಿಶೀಲಿಸಬಹುದು. ಈ ಮಾಹಿತಿಯಲ್ಲಿರುವ ಸೇವಾ ವಿವರಗಳನ್ನು ನಿಮ್ಮ ಅಧಿಕೃತ accountನಲ್ಲಿ ಪರಿಶೀಲಿಸಬಹುದು. ಯಾವುದೇ payment ಅಥವಾ identity action ಮಾಡುವ ಮೊದಲು ಅಧಿಕೃತ ಮಾಹಿತಿಯನ್ನು ಹೋಲಿಸಿ ನೋಡಿ.,Kannada,Kannada + English code-switching,Phishing,Banking / KYC,https://card-security.example/review,Government-service-like sender ID,Synthetic,Generated for PhishDetect India research dataset,Strategy: delivery lure; no real personal identifiers.
KAN-P-0008,ನಿಮ್ಮ ಬ್ಯಾಂಕ್ ಪ್ರೊಫೈಲ್‌ನಲ್ಲಿ ಒಂದು ಅಸಂಗತತೆ ಕಂಡುಬಂದಿದೆ. ಈ activity ನಿಮ್ಮದಾಗಿರದಿದ್ದರೆ identity check ಪೂರ್ಣಗೊಳಿಸಿ. ಉಲ್ಲೇಖ: [REF_ID]. http://utility-notice.example/pay ಸೇವೆಯ ಸ್ಥಿತಿಯನ್ನು ನಂತರ ಅಧಿಕೃತ portalನಲ್ಲಿ ಮತ್ತೆ ಪರಿಶೀಲಿಸಬಹುದು. ಈ ಮಾಹಿತಿಯಲ್ಲಿರುವ ಸೇವಾ ವಿವರಗಳನ್ನು ನಿಮ್ಮ ಅಧಿಕೃತ accountನಲ್ಲಿ ಪರಿಶೀಲಿಸಬಹುದು. ಯಾವುದೇ payment ಅಥವಾ identity action ಮಾಡುವ ಮೊದಲು ಅಧಿಕೃತ ಮಾಹಿತಿಯನ್ನು ಹೋಲಿಸಿ ನೋಡಿ.,Kannada,Kannada script,Phishing,Banking / KYC,http://utility-notice.example/pay,Merchant-like sender ID,Synthetic,Generated for PhishDetect India research dataset,Strategy: urgency; no real personal identifiers.
KAN-P-0009,ಡಿಜಿಟಲ್ ಬ್ಯಾಂಕಿಂಗ್ ಖಾತೆಗೆ ಗುರುತಿನ ಮರುಪರಿಶೀಲನೆ ಅಗತ್ಯವಿದೆ. ಮೊತ್ತ ಅಥವಾ ಸೇವೆ ಬಿಡುಗಡೆ ಮಾಡಲು account information ಕೇಳಲಾಗಿದೆ. ಕೇಳಲಾದ ಮೊತ್ತ ₹1240. https://profile-access.example/recover ಈ ಮಾಹಿತಿಯಲ್ಲಿರುವ ಸೇವಾ ವಿವರಗಳನ್ನು ನಿಮ್ಮ ಅಧಿಕೃತ accountನಲ್ಲಿ ಪರಿಶೀಲಿಸಬಹುದು. ಯಾವುದೇ payment ಅಥವಾ identity action ಮಾಡುವ ಮೊದಲು ಅಧಿಕೃತ ಮಾಹಿತಿಯನ್ನು ಹೋಲಿಸಿ ನೋಡಿ. ಸಂಬಂಧಿತ service history ನಿಮ್ಮ official app ಅಥವಾ portalನಲ್ಲಿ ಪ್ರತ್ಯೇಕವಾಗಿ ಕಾಣಬಹುದು.,Kannada,Kannada script,Phishing,Banking / KYC,https://profile-access.example/recover,Generic numeric sender,Synthetic,Generated for PhishDetect India research dataset,Strategy: fear; no real personal identifiers.
KAN-P-0010,"ದಯವಿಟ್ಟು ಗಮನಿಸಿ — ನಿಮ್ಮ ಖಾತೆಯ KYC ಹಂತ ಪೂರ್ಣಗೊಂಡಿಲ್ಲ ಎಂದು ತೋರಿಸಲಾಗಿದೆ. ಈಗ ನೀಡಿರುವ verification ಹಂತವನ್ನು ಪೂರ್ಣಗೊಳಿಸಿ. hxxp://secure-check.example/verify ಯಾವುದೇ payment ಅಥವಾ identity action ಮಾಡುವ ಮೊದಲು ಅಧಿಕೃತ ಮಾಹಿತಿಯನ್ನು ಹೋಲಿಸಿ ನೋಡಿ. ಸಂಬಂಧಿತ service history ನಿಮ್ಮ official app ಅಥವಾ portalನಲ್ಲಿ ಪ್ರತ್ಯೇಕವಾಗಿ ಕಾಣಬಹುದು. ಸಂದೇಶದಲ್ಲಿರುವ ಸಮಯ, ಮೊತ್ತ ಮತ್ತು reference ವಿವರಗಳು service recordನಲ್ಲಿ ಕಾಣಿಸಬಹುದು.",Kannada,Kannada script,Phishing,Banking / KYC,hxxp://secure-check.example/verify,Short code,Synthetic,Generated for PhishDetect India research dataset,Strategy: reward; no real personal identifiers.
KAN-P-0011,"ಸೂಚನೆ: ಬ್ಯಾಂಕ್ ಭದ್ರತಾ ಪರಿಶೀಲನೆಯಲ್ಲಿ ನಿಮ್ಮ ವಿವರಗಳು ಬಾಕಿಯಿವೆ. ಇಂದಿನ review window ಮುಗಿಯುವ ಮೊದಲು ಈ ಪ್ರಕ್ರಿಯೆ ಪೂರ್ಣಗೊಳ್ಳಬೇಕು. ಸಂಬಂಧಿತ service history ನಿಮ್ಮ official app ಅಥವಾ portalನಲ್ಲಿ ಪ್ರತ್ಯೇಕವಾಗಿ ಕಾಣಬಹುದು. ಸಂದೇಶದಲ್ಲಿರುವ ಸಮಯ, ಮೊತ್ತ ಮತ್ತು reference ವಿವರಗಳು service recordನಲ್ಲಿ ಕಾಣಿಸಬಹುದು. ನಿಮ್ಮ ಸಾಮಾನ್ಯ transaction record ಜೊತೆ ಈ ಸೂಚನೆಯನ್ನು ಪರಿಶೀಲಿಸುವುದು ಉಪಯುಕ್ತ.",Kannada,Kannada script,Phishing,Banking / KYC,,Unknown sender,Synthetic,Generated for PhishDetect India research dataset,Strategy: refund; no real personal identifiers.
KAN-P-0012,"ನಿಮ್ಮ ಗ್ರಾಹಕ ಮಾಹಿತಿಯ ಮಾನ್ಯತಾ ಅವಧಿ ಮುಗಿಯುವ ಹಂತದಲ್ಲಿದೆ. ಪರಿಶೀಲನೆ ವಿಫಲವಾದರೆ ಮುಂದಿನ ಸೇವೆಯನ್ನು ನಿಲ್ಲಿಸುವ ಎಚ್ಚರಿಕೆ ನೀಡಲಾಗಿದೆ. ಸಂದೇಶದಲ್ಲಿರುವ ಸಮಯ, ಮೊತ್ತ ಮತ್ತು reference ವಿವರಗಳು service recordನಲ್ಲಿ ಕಾಣಿಸಬಹುದು. ನಿಮ್ಮ ಸಾಮಾನ್ಯ transaction record ಜೊತೆ ಈ ಸೂಚನೆಯನ್ನು ಪರಿಶೀಲಿಸುವುದು ಉಪಯುಕ್ತ. Account ಸಂಬಂಧಿತ ವಿನಂತಿಗಳಿಗೆ ಈಗಾಗಲೇ ತಿಳಿದಿರುವ ಅಧಿಕೃತ contact channel ಮಾತ್ರ ಬಳಸಿ.",Kannada,Kannada script,Phishing,Banking / KYC,,Bank-like sender ID,Synthetic,Generated for PhishDetect India research dataset,Strategy: curiosity; no real personal identifiers.
KAN-P-0013,ನಿಮ್ಮ ಬ್ಯಾಂಕ್ ಗ್ರಾಹಕ ಮಾಹಿತಿಯ ಪರಿಶೀಲನೆ ಇನ್ನೂ ಪೂರ್ಣಗೊಂಡಿಲ್ಲ. Security team ಹೆಸರಿನಲ್ಲಿ ತಕ್ಷಣ ಪ್ರತಿಕ್ರಿಯಿಸಲು ಸೂಚಿಸಲಾಗಿದೆ. ಕೇಳಲಾದ ಮೊತ್ತ ₹850. ನಿಮ್ಮ ಸಾಮಾನ್ಯ transaction record ಜೊತೆ ಈ ಸೂಚನೆಯನ್ನು ಪರಿಶೀಲಿಸುವುದು ಉಪಯುಕ್ತ. Account ಸಂಬಂಧಿತ ವಿನಂತಿಗಳಿಗೆ ಈಗಾಗಲೇ ತಿಳಿದಿರುವ ಅಧಿಕೃತ contact channel ಮಾತ್ರ ಬಳಸಿ. ಯಾವುದೇ ಸಮಸ್ಯೆಯಿದ್ದರೆ service providerನ ಅಧಿಕೃತ support option ಬಳಸಿ.,Kannada,Kannada script,Phishing,Banking / KYC,,Telecom-like sender ID,Synthetic,Generated for PhishDetect India research dataset,Strategy: authority impersonation; no real personal identifiers.
KAN-P-0014,ನಿಮ್ಮ ಬ್ಯಾಂಕ್ ಪ್ರೊಫೈಲ್‌ನಲ್ಲಿ ಒಂದು ಅಸಂಗತತೆ ಕಂಡುಬಂದಿದೆ. ಸೂಚಿಸಿದ page ತೆರೆಯಿ ಮತ್ತು ಕೇಳಲಾದ ಮಾಹಿತಿಯನ್ನು ನಮೂದಿಸಿ. Account ಸಂಬಂಧಿತ ವಿನಂತಿಗಳಿಗೆ ಈಗಾಗಲೇ ತಿಳಿದಿರುವ ಅಧಿಕೃತ contact channel ಮಾತ್ರ ಬಳಸಿ. ಯಾವುದೇ ಸಮಸ್ಯೆಯಿದ್ದರೆ service providerನ ಅಧಿಕೃತ support option ಬಳಸಿ. ಸೇವೆಯ ಸ್ಥಿತಿಯನ್ನು ನಂತರ ಅಧಿಕೃತ portalನಲ್ಲಿ ಮತ್ತೆ ಪರಿಶೀಲಿಸಬಹುದು. ಈ ಮಾಹಿತಿಯಲ್ಲಿರುವ ಸೇವಾ ವಿವರಗಳನ್ನು ನಿಮ್ಮ ಅಧಿಕೃತ accountನಲ್ಲಿ ಪರಿಶೀಲಿಸಬಹುದು.,Kannada,Kannada + English code-switching,Phishing,Banking / KYC,,Courier-like sender ID,Synthetic,Generated for PhishDetect India research dataset,Strategy: threat; no real personal identifiers.
KAN-P-0015,ಡಿಜಿಟಲ್ ಬ್ಯಾಂಕಿಂಗ್ ಖಾತೆಗೆ ಗುರುತಿನ ಮರುಪರಿಶೀಲನೆ ಅಗತ್ಯವಿದೆ. ಸ್ಥಿತಿಯನ್ನು ಪರಿಶೀಲಿಸಿ ಮುಂದುವರಿಯಲು link ಬಳಸಿ ಎಂದು ಸೂಚಿಸಲಾಗಿದೆ. ಉಲ್ಲೇಖ: [REF_ID]. ಯಾವುದೇ ಸಮಸ್ಯೆಯಿದ್ದರೆ service providerನ ಅಧಿಕೃತ support option ಬಳಸಿ. ಸೇವೆಯ ಸ್ಥಿತಿಯನ್ನು ನಂತರ ಅಧಿಕೃತ portalನಲ್ಲಿ ಮತ್ತೆ ಪರಿಶೀಲಿಸಬಹುದು. ಈ ಮಾಹಿತಿಯಲ್ಲಿರುವ ಸೇವಾ ವಿವರಗಳನ್ನು ನಿಮ್ಮ ಅಧಿಕೃತ accountನಲ್ಲಿ ಪರಿಶೀಲಿಸಬಹುದು. ಯಾವುದೇ payment ಅಥವಾ identity action ಮಾಡುವ ಮೊದಲು ಅಧಿಕೃತ ಮಾಹಿತಿಯನ್ನು ಹೋಲಿಸಿ ನೋಡಿ.,Kannada,Kannada script,Phishing,Banking / KYC,,Government-service-like sender ID,Synthetic,Generated for PhishDetect India research dataset,Strategy: social engineering; no real personal identifiers.
KAN-P-0016,ಸೂಚನೆ: ನಿಮ್ಮ ಖಾತೆಯ KYC ಹಂತ ಪೂರ್ಣಗೊಂಡಿಲ್ಲ ಎಂದು ತೋರಿಸಲಾಗಿದೆ. ವಿನಂತಿಯನ್ನು active ಇರಿಸಲು ತಕ್ಷಣ action ತೆಗೆದುಕೊಳ್ಳಿ ಎಂದು ತಿಳಿಸಲಾಗಿದೆ. ಸೇವೆಯ ಸ್ಥಿತಿಯನ್ನು ನಂತರ ಅಧಿಕೃತ portalನಲ್ಲಿ ಮತ್ತೆ ಪರಿಶೀಲಿಸಬಹುದು. ಈ ಮಾಹಿತಿಯಲ್ಲಿರುವ ಸೇವಾ ವಿವರಗಳನ್ನು ನಿಮ್ಮ ಅಧಿಕೃತ accountನಲ್ಲಿ ಪರಿಶೀಲಿಸಬಹುದು. ಯಾವುದೇ payment ಅಥವಾ identity action ಮಾಡುವ ಮೊದಲು ಅಧಿಕೃತ ಮಾಹಿತಿಯನ್ನು ಹೋಲಿಸಿ ನೋಡಿ.,Kannada,Kannada script,Phishing,Banking / KYC,,Merchant-like sender ID,Synthetic,Generated for PhishDetect India research dataset,Strategy: job lure; no real personal identifiers.
KAN-P-0017,ಬ್ಯಾಂಕ್ ಭದ್ರತಾ ಪರಿಶೀಲನೆಯಲ್ಲಿ ನಿಮ್ಮ ವಿವರಗಳು ಬಾಕಿಯಿವೆ. ಸೇವೆ ಸೀಮಿತಗೊಳ್ಳುವ ಮೊದಲು ಖಾತೆಯನ್ನು ದೃಢೀಕರಿಸಿ. ಕೇಳಲಾದ ಮೊತ್ತ ₹499. ಈ ಮಾಹಿತಿಯಲ್ಲಿರುವ ಸೇವಾ ವಿವರಗಳನ್ನು ನಿಮ್ಮ ಅಧಿಕೃತ accountನಲ್ಲಿ ಪರಿಶೀಲಿಸಬಹುದು. ಯಾವುದೇ payment ಅಥವಾ identity action ಮಾಡುವ ಮೊದಲು ಅಧಿಕೃತ ಮಾಹಿತಿಯನ್ನು ಹೋಲಿಸಿ ನೋಡಿ. ಸಂಬಂಧಿತ service history ನಿಮ್ಮ official app ಅಥವಾ portalನಲ್ಲಿ ಪ್ರತ್ಯೇಕವಾಗಿ ಕಾಣಬಹುದು.,Kannada,Kannada script,Phishing,Banking / KYC,,Generic numeric sender,Synthetic,Generated for PhishDetect India research dataset,Strategy: delivery lure; no real personal identifiers.
KAN-P-0018,"ನಿಮ್ಮ ಗ್ರಾಹಕ ಮಾಹಿತಿಯ ಮಾನ್ಯತಾ ಅವಧಿ ಮುಗಿಯುವ ಹಂತದಲ್ಲಿದೆ. ಈ activity ನಿಮ್ಮದಾಗಿರದಿದ್ದರೆ identity check ಪೂರ್ಣಗೊಳಿಸಿ. ಯಾವುದೇ payment ಅಥವಾ identity action ಮಾಡುವ ಮೊದಲು ಅಧಿಕೃತ ಮಾಹಿತಿಯನ್ನು ಹೋಲಿಸಿ ನೋಡಿ. ಸಂಬಂಧಿತ service history ನಿಮ್ಮ official app ಅಥವಾ portalನಲ್ಲಿ ಪ್ರತ್ಯೇಕವಾಗಿ ಕಾಣಬಹುದು. ಸಂದೇಶದಲ್ಲಿರುವ ಸಮಯ, ಮೊತ್ತ ಮತ್ತು reference ವಿವರಗಳು service recordನಲ್ಲಿ ಕಾಣಿಸಬಹುದು.",Kannada,Kannada script,Phishing,Banking / KYC,,Short code,Synthetic,Generated for PhishDetect India research dataset,Strategy: urgency; no real personal identifiers.
KAN-P-0019,"ದಯವಿಟ್ಟು ಗಮನಿಸಿ — ನಿಮ್ಮ ಬ್ಯಾಂಕ್ ಗ್ರಾಹಕ ಮಾಹಿತಿಯ ಪರಿಶೀಲನೆ ಇನ್ನೂ ಪೂರ್ಣಗೊಂಡಿಲ್ಲ. ಮೊತ್ತ ಅಥವಾ ಸೇವೆ ಬಿಡುಗಡೆ ಮಾಡಲು account information ಕೇಳಲಾಗಿದೆ. ಸಂಬಂಧಿತ service history ನಿಮ್ಮ official app ಅಥವಾ portalನಲ್ಲಿ ಪ್ರತ್ಯೇಕವಾಗಿ ಕಾಣಬಹುದು. ಸಂದೇಶದಲ್ಲಿರುವ ಸಮಯ, ಮೊತ್ತ ಮತ್ತು reference ವಿವರಗಳು service recordನಲ್ಲಿ ಕಾಣಿಸಬಹುದು. ನಿಮ್ಮ ಸಾಮಾನ್ಯ transaction record ಜೊತೆ ಈ ಸೂಚನೆಯನ್ನು ಪರಿಶೀಲಿಸುವುದು ಉಪಯುಕ್ತ.",Kannada,Kannada script,Phishing,Banking / KYC,,Unknown sender,Synthetic,Generated for PhishDetect India research dataset,Strategy: fear; no real personal identifiers.
KAN-P-0020,"ನಿಮ್ಮ ಬ್ಯಾಂಕ್ ಪ್ರೊಫೈಲ್‌ನಲ್ಲಿ ಒಂದು ಅಸಂಗತತೆ ಕಂಡುಬಂದಿದೆ. ಈಗ ನೀಡಿರುವ verification ಹಂತವನ್ನು ಪೂರ್ಣಗೊಳಿಸಿ. hxxp://secure-check.example/verify ಸಂದೇಶದಲ್ಲಿರುವ ಸಮಯ, ಮೊತ್ತ ಮತ್ತು reference ವಿವರಗಳು service recordನಲ್ಲಿ ಕಾಣಿಸಬಹುದು. ನಿಮ್ಮ ಸಾಮಾನ್ಯ transaction record ಜೊತೆ ಈ ಸೂಚನೆಯನ್ನು ಪರಿಶೀಲಿಸುವುದು ಉಪಯುಕ್ತ. Account ಸಂಬಂಧಿತ ವಿನಂತಿಗಳಿಗೆ ಈಗಾಗಲೇ ತಿಳಿದಿರುವ ಅಧಿಕೃತ contact channel ಮಾತ್ರ ಬಳಸಿ.",Kannada,Kannada script,Phishing,Banking / KYC,hxxp://secure-check.example/verify,Bank-like sender ID,Synthetic,Generated for PhishDetect India research dataset,Strategy: reward; no real personal identifiers.
KAN-P-0021,ಸೂಚನೆ: ಡಿಜಿಟಲ್ ಬ್ಯಾಂಕಿಂಗ್ accountಗೆ ಗುರುತಿನ ಮರುverification ಅಗತ್ಯವಿದೆ. ಇಂದಿನ review window ಮುಗಿಯುವ ಮೊದಲು ಈ ಪ್ರಕ್ರಿಯೆ ಪೂರ್ಣಗೊಳ್ಳಬೇಕು. ಕೇಳಲಾದ ಮೊತ್ತ ₹249. https://account-review.example/confirm ನಿಮ್ಮ ಸಾಮಾನ್ಯ transaction record ಜೊತೆ ಈ ಸೂಚನೆಯನ್ನು ಪರಿಶೀಲಿಸುವುದು ಉಪಯುಕ್ತ. Account ಸಂಬಂಧಿತ ವಿನಂತಿಗಳಿಗೆ ಈಗಾಗಲೇ ತಿಳಿದಿರುವ ಅಧಿಕೃತ contact channel ಮಾತ್ರ ಬಳಸಿ. ಯಾವುದೇ ಸಮಸ್ಯೆಯಿದ್ದರೆ service providerನ ಅಧಿಕೃತ support option ಬಳಸಿ.,Kannada,Kannada + English code-switching,Phishing,Banking / KYC,https://account-review.example/confirm,Telecom-like sender ID,Synthetic,Generated for PhishDetect India research dataset,Strategy: refund; no real personal identifiers.
KAN-P-0022,ನಿಮ್ಮ ಖಾತೆಯ KYC ಹಂತ ಪೂರ್ಣಗೊಂಡಿಲ್ಲ ಎಂದು ತೋರಿಸಲಾಗಿದೆ. ಪರಿಶೀಲನೆ ವಿಫಲವಾದರೆ ಮುಂದಿನ ಸೇವೆಯನ್ನು ನಿಲ್ಲಿಸುವ ಎಚ್ಚರಿಕೆ ನೀಡಲಾಗಿದೆ. ಉಲ್ಲೇಖ: [REF_ID]. http://kyc-alert.example/update Account ಸಂಬಂಧಿತ ವಿನಂತಿಗಳಿಗೆ ಈಗಾಗಲೇ ತಿಳಿದಿರುವ ಅಧಿಕೃತ contact channel ಮಾತ್ರ ಬಳಸಿ. ಯಾವುದೇ ಸಮಸ್ಯೆಯಿದ್ದರೆ service providerನ ಅಧಿಕೃತ support option ಬಳಸಿ. ಸೇವೆಯ ಸ್ಥಿತಿಯನ್ನು ನಂತರ ಅಧಿಕೃತ portalನಲ್ಲಿ ಮತ್ತೆ ಪರಿಶೀಲಿಸಬಹುದು.,Kannada,Kannada script,Phishing,Banking / KYC,http://kyc-alert.example/update,Courier-like sender ID,Synthetic,Generated for PhishDetect India research dataset,Strategy: curiosity; no real personal identifiers.
KAN-P-0023,ಬ್ಯಾಂಕ್ ಭದ್ರತಾ ಪರಿಶೀಲನೆಯಲ್ಲಿ ನಿಮ್ಮ ವಿವರಗಳು ಬಾಕಿಯಿವೆ. Security team ಹೆಸರಿನಲ್ಲಿ ತಕ್ಷಣ ಪ್ರತಿಕ್ರಿಯಿಸಲು ಸೂಚಿಸಲಾಗಿದೆ. https://upi-support.example/resolve ಯಾವುದೇ ಸಮಸ್ಯೆಯಿದ್ದರೆ service providerನ ಅಧಿಕೃತ support option ಬಳಸಿ. ಸೇವೆಯ ಸ್ಥಿತಿಯನ್ನು ನಂತರ ಅಧಿಕೃತ portalನಲ್ಲಿ ಮತ್ತೆ ಪರಿಶೀಲಿಸಬಹುದು. ಈ ಮಾಹಿತಿಯಲ್ಲಿರುವ ಸೇವಾ ವಿವರಗಳನ್ನು ನಿಮ್ಮ ಅಧಿಕೃತ accountನಲ್ಲಿ ಪರಿಶೀಲಿಸಬಹುದು. ಯಾವುದೇ payment ಅಥವಾ identity action ಮಾಡುವ ಮೊದಲು ಅಧಿಕೃತ ಮಾಹಿತಿಯನ್ನು ಹೋಲಿಸಿ ನೋಡಿ.,Kannada,Kannada script,Phishing,Banking / KYC,https://upi-support.example/resolve,Government-service-like sender ID,Synthetic,Generated for PhishDetect India research dataset,Strategy: authority impersonation; no real personal identifiers.
KAN-P-0024,ನಿಮ್ಮ ಗ್ರಾಹಕ ಮಾಹಿತಿಯ ಮಾನ್ಯತಾ ಅವಧಿ ಮುಗಿಯುವ ಹಂತದಲ್ಲಿದೆ. ಸೂಚಿಸಿದ page ತೆರೆಯಿ ಮತ್ತು ಕೇಳಲಾದ ಮಾಹಿತಿಯನ್ನು ನಮೂದಿಸಿ. https://parcel-status.example/address ಸೇವೆಯ ಸ್ಥಿತಿಯನ್ನು ನಂತರ ಅಧಿಕೃತ portalನಲ್ಲಿ ಮತ್ತೆ ಪರಿಶೀಲಿಸಬಹುದು. ಈ ಮಾಹಿತಿಯಲ್ಲಿರುವ ಸೇವಾ ವಿವರಗಳನ್ನು ನಿಮ್ಮ ಅಧಿಕೃತ accountನಲ್ಲಿ ಪರಿಶೀಲಿಸಬಹುದು. ಯಾವುದೇ payment ಅಥವಾ identity action ಮಾಡುವ ಮೊದಲು ಅಧಿಕೃತ ಮಾಹಿತಿಯನ್ನು ಹೋಲಿಸಿ ನೋಡಿ.,Kannada,Kannada script,Phishing,Banking / KYC,https://parcel-status.example/address,Merchant-like sender ID,Synthetic,Generated for PhishDetect India research dataset,Strategy: threat; no real personal identifiers.
KAN-P-0025,ನಿಮ್ಮ ಬ್ಯಾಂಕ್ ಗ್ರಾಹಕ ಮಾಹಿತಿಯ ಪರಿಶೀಲನೆ ಇನ್ನೂ ಪೂರ್ಣಗೊಂಡಿಲ್ಲ. ಸ್ಥಿತಿಯನ್ನು ಪರಿಶೀಲಿಸಿ ಮುಂದುವರಿಯಲು link ಬಳಸಿ ಎಂದು ಸೂಚಿಸಲಾಗಿದೆ. ಕೇಳಲಾದ ಮೊತ್ತ ₹1999. http://reward-center.example/claim ಈ ಮಾಹಿತಿಯಲ್ಲಿರುವ ಸೇವಾ ವಿವರಗಳನ್ನು ನಿಮ್ಮ ಅಧಿಕೃತ accountನಲ್ಲಿ ಪರಿಶೀಲಿಸಬಹುದು. ಯಾವುದೇ payment ಅಥವಾ identity action ಮಾಡುವ ಮೊದಲು ಅಧಿಕೃತ ಮಾಹಿತಿಯನ್ನು ಹೋಲಿಸಿ ನೋಡಿ. ಸಂಬಂಧಿತ service history ನಿಮ್ಮ official app ಅಥವಾ portalನಲ್ಲಿ ಪ್ರತ್ಯೇಕವಾಗಿ ಕಾಣಬಹುದು.,Kannada,Kannada script,Phishing,Banking / KYC,http://reward-center.example/claim,Generic numeric sender,Synthetic,Generated for PhishDetect India research dataset,Strategy: social engineering; no real personal identifiers.
KAN-P-0026,"ಸೂಚನೆ: ನಿಮ್ಮ ಬ್ಯಾಂಕ್ ಪ್ರೊಫೈಲ್‌ನಲ್ಲಿ ಒಂದು ಅಸಂಗತತೆ ಕಂಡುಬಂದಿದೆ. ವಿನಂತಿಯನ್ನು active ಇರಿಸಲು ತಕ್ಷಣ action ತೆಗೆದುಕೊಳ್ಳಿ ಎಂದು ತಿಳಿಸಲಾಗಿದೆ. https://job-selection.example/document ಯಾವುದೇ payment ಅಥವಾ identity action ಮಾಡುವ ಮೊದಲು ಅಧಿಕೃತ ಮಾಹಿತಿಯನ್ನು ಹೋಲಿಸಿ ನೋಡಿ. ಸಂಬಂಧಿತ service history ನಿಮ್ಮ official app ಅಥವಾ portalನಲ್ಲಿ ಪ್ರತ್ಯೇಕವಾಗಿ ಕಾಣಬಹುದು. ಸಂದೇಶದಲ್ಲಿರುವ ಸಮಯ, ಮೊತ್ತ ಮತ್ತು reference ವಿವರಗಳು service recordನಲ್ಲಿ ಕಾಣಿಸಬಹುದು.",Kannada,Kannada script,Phishing,Banking / KYC,https://job-selection.example/document,Short code,Synthetic,Generated for PhishDetect India research dataset,Strategy: job lure; no real personal identifiers.
KAN-P-0027,"ಡಿಜಿಟಲ್ ಬ್ಯಾಂಕಿಂಗ್ ಖಾತೆಗೆ ಗುರುತಿನ ಮರುಪರಿಶೀಲನೆ ಅಗತ್ಯವಿದೆ. ಸೇವೆ ಸೀಮಿತಗೊಳ್ಳುವ ಮೊದಲು ಖಾತೆಯನ್ನು ದೃಢೀಕರಿಸಿ. https://card-security.example/review ಸಂಬಂಧಿತ service history ನಿಮ್ಮ official app ಅಥವಾ portalನಲ್ಲಿ ಪ್ರತ್ಯೇಕವಾಗಿ ಕಾಣಬಹುದು. ಸಂದೇಶದಲ್ಲಿರುವ ಸಮಯ, ಮೊತ್ತ ಮತ್ತು reference ವಿವರಗಳು service recordನಲ್ಲಿ ಕಾಣಿಸಬಹುದು. ನಿಮ್ಮ ಸಾಮಾನ್ಯ transaction record ಜೊತೆ ಈ ಸೂಚನೆಯನ್ನು ಪರಿಶೀಲಿಸುವುದು ಉಪಯುಕ್ತ.",Kannada,Kannada script,Phishing,Banking / KYC,https://card-security.example/review,Unknown sender,Synthetic,Generated for PhishDetect India research dataset,Strategy: delivery lure; no real personal identifiers.
KAN-P-0028,"ದಯವಿಟ್ಟು ಗಮನಿಸಿ — ನಿಮ್ಮ accountಯ KYC ಹಂತ ಪೂರ್ಣಗೊಂಡಿಲ್ಲ ಎಂದು ತೋರಿಸಲಾಗಿದೆ. ಈ activity ನಿಮ್ಮದಾಗಿರದಿದ್ದರೆ identity check ಪೂರ್ಣಗೊಳಿಸಿ. http://utility-notice.example/pay ಸಂದೇಶದಲ್ಲಿರುವ ಸಮಯ, ಮೊತ್ತ ಮತ್ತು reference ವಿವರಗಳು service recordನಲ್ಲಿ ಕಾಣಿಸಬಹುದು. ನಿಮ್ಮ ಸಾಮಾನ್ಯ transaction record ಜೊತೆ ಈ ಸೂಚನೆಯನ್ನು ಪರಿಶೀಲಿಸುವುದು ಉಪಯುಕ್ತ. Account ಸಂಬಂಧಿತ ವಿನಂತಿಗಳಿಗೆ ಈಗಾಗಲೇ ತಿಳಿದಿರುವ ಅಧಿಕೃತ contact channel ಮಾತ್ರ ಬಳಸಿ.",Kannada,Kannada + English code-switching,Phishing,Banking / KYC,http://utility-notice.example/pay,Bank-like sender ID,Synthetic,Generated for PhishDetect India research dataset,Strategy: urgency; no real personal identifiers.
KAN-P-0029,ಬ್ಯಾಂಕ್ ಭದ್ರತಾ ಪರಿಶೀಲನೆಯಲ್ಲಿ Nimma ವಿವರಗಳು ಬಾಕಿಯಿವೆ. ಮೊತ್ತ ಅಥವಾ ಸೇವೆ ಬಿಡುಗಡೆ ಮಾಡಲು account information ಕೇಳಲಾಗಿದೆ. ಉಲ್ಲೇಖ: [REF_ID]. ಕೇಳಲಾದ ಮೊತ್ತ ₹1240. https://profile-access.example/recover,Kannada,Romanized Kannada (small minority),Phishing,Banking / KYC,https://profile-access.example/recover,Telecom-like sender ID,Synthetic,Generated for PhishDetect India research dataset,Strategy: fear; no real personal identifiers.
KAN-P-0030,ನಿಮ್ಮ ಗ್ರಾಹಕ ಮಾಹಿತಿಯ ಮಾನ್ಯತಾ ಅವಧಿ ಮುಗಿಯುವ ಹಂತದಲ್ಲಿದೆ. ಈಗ ನೀಡಿರುವ verification ಹಂತವನ್ನು ಪೂರ್ಣಗೊಳಿಸಿ. hxxp://secure-check.example/verify Account ಸಂಬಂಧಿತ ವಿನಂತಿಗಳಿಗೆ ಈಗಾಗಲೇ ತಿಳಿದಿರುವ ಅಧಿಕೃತ contact channel ಮಾತ್ರ ಬಳಸಿ. ಯಾವುದೇ ಸಮಸ್ಯೆಯಿದ್ದರೆ service providerನ ಅಧಿಕೃತ support option ಬಳಸಿ. ಸೇವೆಯ ಸ್ಥಿತಿಯನ್ನು ನಂತರ ಅಧಿಕೃತ portalನಲ್ಲಿ ಮತ್ತೆ ಪರಿಶೀಲಿಸಬಹುದು. ಈ ಮಾಹಿತಿಯಲ್ಲಿರುವ ಸೇವಾ ವಿವರಗಳನ್ನು ನಿಮ್ಮ ಅಧಿಕೃತ accountನಲ್ಲಿ ಪರಿಶೀಲಿಸಬಹುದು.,Kannada,Kannada script,Phishing,Banking / KYC,hxxp://secure-check.example/verify,Courier-like sender ID,Synthetic,Generated for PhishDetect India research dataset,Strategy: reward; no real personal identifiers.
KAN-P-0031,ಸೂಚನೆ: ನಿಮ್ಮ ಬ್ಯಾಂಕ್ ಗ್ರಾಹಕ ಮಾಹಿತಿಯ ಪರಿಶೀಲನೆ ಇನ್ನೂ ಪೂರ್ಣಗೊಂಡಿಲ್ಲ. ಇಂದಿನ review window ಮುಗಿಯುವ ಮೊದಲು ಈ ಪ್ರಕ್ರಿಯೆ ಪೂರ್ಣಗೊಳ್ಳಬೇಕು. ಯಾವುದೇ ಸಮಸ್ಯೆಯಿದ್ದರೆ service providerನ ಅಧಿಕೃತ support option ಬಳಸಿ. ಸೇವೆಯ ಸ್ಥಿತಿಯನ್ನು ನಂತರ ಅಧಿಕೃತ portalನಲ್ಲಿ ಮತ್ತೆ ಪರಿಶೀಲಿಸಬಹುದು. ಈ ಮಾಹಿತಿಯಲ್ಲಿರುವ ಸೇವಾ ವಿವರಗಳನ್ನು ನಿಮ್ಮ ಅಧಿಕೃತ accountನಲ್ಲಿ ಪರಿಶೀಲಿಸಬಹುದು. ಯಾವುದೇ payment ಅಥವಾ identity action ಮಾಡುವ ಮೊದಲು ಅಧಿಕೃತ ಮಾಹಿತಿಯನ್ನು ಹೋಲಿಸಿ ನೋಡಿ.,Kannada,Kannada script,Phishing,Banking / KYC,,Government-service-like sender ID,Synthetic,Generated for PhishDetect India research dataset,Strategy: refund; no real personal identifiers.
KAN-P-0032,ನಿಮ್ಮ ಬ್ಯಾಂಕ್ ಪ್ರೊಫೈಲ್‌ನಲ್ಲಿ ಒಂದು ಅಸಂಗತತೆ ಕಂಡುಬಂದಿದೆ. ಪರಿಶೀಲನೆ ವಿಫಲವಾದರೆ ಮುಂದಿನ ಸೇವೆಯನ್ನು ನಿಲ್ಲಿಸುವ ಎಚ್ಚರಿಕೆ ನೀಡಲಾಗಿದೆ. ಸೇವೆಯ ಸ್ಥಿತಿಯನ್ನು ನಂತರ ಅಧಿಕೃತ portalನಲ್ಲಿ ಮತ್ತೆ ಪರಿಶೀಲಿಸಬಹುದು. ಈ ಮಾಹಿತಿಯಲ್ಲಿರುವ ಸೇವಾ ವಿವರಗಳನ್ನು ನಿಮ್ಮ ಅಧಿಕೃತ accountನಲ್ಲಿ ಪರಿಶೀಲಿಸಬಹುದು. ಯಾವುದೇ payment ಅಥವಾ identity action ಮಾಡುವ ಮೊದಲು ಅಧಿಕೃತ ಮಾಹಿತಿಯನ್ನು ಹೋಲಿಸಿ ನೋಡಿ. ಸಂಬಂಧಿತ service history ನಿಮ್ಮ official app ಅಥವಾ portalನಲ್ಲಿ ಪ್ರತ್ಯೇಕವಾಗಿ ಕಾಣಬಹುದು.,Kannada,Kannada script,Phishing,Banking / KYC,,Merchant-like sender ID,Synthetic,Generated for PhishDetect India research dataset,Strategy: curiosity; no real personal identifiers.
KAN-P-0033,ಡಿಜಿಟಲ್ ಬ್ಯಾಂಕಿಂಗ್ ಖಾತೆಗೆ ಗುರುತಿನ ಮರುಪರಿಶೀಲನೆ ಅಗತ್ಯವಿದೆ. Security team ಹೆಸರಿನಲ್ಲಿ ತಕ್ಷಣ ಪ್ರತಿಕ್ರಿಯಿಸಲು ಸೂಚಿಸಲಾಗಿದೆ. ಕೇಳಲಾದ ಮೊತ್ತ ₹850. ಈ ಮಾಹಿತಿಯಲ್ಲಿರುವ ಸೇವಾ ವಿವರಗಳನ್ನು ನಿಮ್ಮ ಅಧಿಕೃತ accountನಲ್ಲಿ ಪರಿಶೀಲಿಸಬಹುದು. ಯಾವುದೇ payment ಅಥವಾ identity action ಮಾಡುವ ಮೊದಲು ಅಧಿಕೃತ ಮಾಹಿತಿಯನ್ನು ಹೋಲಿಸಿ ನೋಡಿ. ಸಂಬಂಧಿತ service history ನಿಮ್ಮ official app ಅಥವಾ portalನಲ್ಲಿ ಪ್ರತ್ಯೇಕವಾಗಿ ಕಾಣಬಹುದು.,Kannada,Kannada script,Phishing,Banking / KYC,,Generic numeric sender,Synthetic,Generated for PhishDetect India research dataset,Strategy: authority impersonation; no real personal identifiers.
KAN-P-0034,"ನಿಮ್ಮ ಖಾತೆಯ KYC ಹಂತ ಪೂರ್ಣಗೊಂಡಿಲ್ಲ ಎಂದು ತೋರಿಸಲಾಗಿದೆ. ಸೂಚಿಸಿದ page ತೆರೆಯಿ ಮತ್ತು ಕೇಳಲಾದ ಮಾಹಿತಿಯನ್ನು ನಮೂದಿಸಿ. ಯಾವುದೇ payment ಅಥವಾ identity action ಮಾಡುವ ಮೊದಲು ಅಧಿಕೃತ ಮಾಹಿತಿಯನ್ನು ಹೋಲಿಸಿ ನೋಡಿ. ಸಂಬಂಧಿತ service history ನಿಮ್ಮ official app ಅಥವಾ portalನಲ್ಲಿ ಪ್ರತ್ಯೇಕವಾಗಿ ಕಾಣಬಹುದು. ಸಂದೇಶದಲ್ಲಿರುವ ಸಮಯ, ಮೊತ್ತ ಮತ್ತು reference ವಿವರಗಳು service recordನಲ್ಲಿ ಕಾಣಿಸಬಹುದು.",Kannada,Kannada script,Phishing,Banking / KYC,,Short code,Synthetic,Generated for PhishDetect India research dataset,Strategy: threat; no real personal identifiers.
KAN-P-0035,"ಬ್ಯಾಂಕ್ ಭದ್ರತಾ verificationಯಲ್ಲಿ ನಿಮ್ಮ ವಿವರಗಳು ಬಾಕಿಯಿವೆ. ಸ್ಥಿತಿಯನ್ನು ಪರಿಶೀಲಿಸಿ ಮುಂದುವರಿಯಲು link ಬಳಸಿ ಎಂದು ಸೂಚಿಸಲಾಗಿದೆ. ಸಂಬಂಧಿತ service history ನಿಮ್ಮ official app ಅಥವಾ portalನಲ್ಲಿ ಪ್ರತ್ಯೇಕವಾಗಿ ಕಾಣಬಹುದು. ಸಂದೇಶದಲ್ಲಿರುವ ಸಮಯ, ಮೊತ್ತ ಮತ್ತು reference ವಿವರಗಳು service recordನಲ್ಲಿ ಕಾಣಿಸಬಹುದು. ನಿಮ್ಮ ಸಾಮಾನ್ಯ transaction record ಜೊತೆ ಈ ಸೂಚನೆಯನ್ನು ಪರಿಶೀಲಿಸುವುದು ಉಪಯುಕ್ತ.",Kannada,Kannada + English code-switching,Phishing,Banking / KYC,,Unknown sender,Synthetic,Generated for PhishDetect India research dataset,Strategy: social engineering; no real personal identifiers.
KAN-P-0036,"ಸೂಚನೆ: ನಿಮ್ಮ ಗ್ರಾಹಕ ಮಾಹಿತಿಯ ಮಾನ್ಯತಾ ಅವಧಿ ಮುಗಿಯುವ ಹಂತದಲ್ಲಿದೆ. ವಿನಂತಿಯನ್ನು active ಇರಿಸಲು ತಕ್ಷಣ action ತೆಗೆದುಕೊಳ್ಳಿ ಎಂದು ತಿಳಿಸಲಾಗಿದೆ. ಸಂದೇಶದಲ್ಲಿರುವ ಸಮಯ, ಮೊತ್ತ ಮತ್ತು reference ವಿವರಗಳು service recordನಲ್ಲಿ ಕಾಣಿಸಬಹುದು. ನಿಮ್ಮ ಸಾಮಾನ್ಯ transaction record ಜೊತೆ ಈ ಸೂಚನೆಯನ್ನು ಪರಿಶೀಲಿಸುವುದು ಉಪಯುಕ್ತ. Account ಸಂಬಂಧಿತ ವಿನಂತಿಗಳಿಗೆ ಈಗಾಗಲೇ ತಿಳಿದಿರುವ ಅಧಿಕೃತ contact channel ಮಾತ್ರ ಬಳಸಿ.",Kannada,Kannada script,Phishing,Banking / KYC,,Bank-like sender ID,Synthetic,Generated for PhishDetect India research dataset,Strategy: job lure; no real personal identifiers.
KAN-P-0037,ಸೂಚನೆ: ನಿಮ್ಮ UPI ಪ್ರೊಫೈಲ್‌ನಲ್ಲಿ ಭದ್ರತಾ ಪರಿಶೀಲನೆ ಆರಂಭವಾಗಿದೆ. ಸೂಚಿಸಿದ page ತೆರೆಯಿ ಮತ್ತು ಕೇಳಲಾದ ಮಾಹಿತಿಯನ್ನು ನಮೂದಿಸಿ. ಕೇಳಲಾದ ಮೊತ್ತ ₹249. ನಿಮ್ಮ ಸಾಮಾನ್ಯ transaction record ಜೊತೆ ಈ ಸೂಚನೆಯನ್ನು ಪರಿಶೀಲಿಸುವುದು ಉಪಯುಕ್ತ. Account ಸಂಬಂಧಿತ ವಿನಂತಿಗಳಿಗೆ ಈಗಾಗಲೇ ತಿಳಿದಿರುವ ಅಧಿಕೃತ contact channel ಮಾತ್ರ ಬಳಸಿ. ಯಾವುದೇ ಸಮಸ್ಯೆಯಿದ್ದರೆ service providerನ ಅಧಿಕೃತ support option ಬಳಸಿ.,Kannada,Kannada script,Phishing,UPI / Digital Payments,,Telecom-like sender ID,Synthetic,Generated for PhishDetect India research dataset,Strategy: reward; no real personal identifiers.
KAN-P-0038,ಒಂದು UPI ವ್ಯವಹಾರಕ್ಕೆ ಹೆಚ್ಚುವರಿ ದೃಢೀಕರಣ ಅಗತ್ಯವಿದೆ. ಸ್ಥಿತಿಯನ್ನು ಪರಿಶೀಲಿಸಿ ಮುಂದುವರಿಯಲು link ಬಳಸಿ ಎಂದು ಸೂಚಿಸಲಾಗಿದೆ. Account ಸಂಬಂಧಿತ ವಿನಂತಿಗಳಿಗೆ ಈಗಾಗಲೇ ತಿಳಿದಿರುವ ಅಧಿಕೃತ contact channel ಮಾತ್ರ ಬಳಸಿ. ಯಾವುದೇ ಸಮಸ್ಯೆಯಿದ್ದರೆ service providerನ ಅಧಿಕೃತ support option ಬಳಸಿ. ಸೇವೆಯ ಸ್ಥಿತಿಯನ್ನು ನಂತರ ಅಧಿಕೃತ portalನಲ್ಲಿ ಮತ್ತೆ ಪರಿಶೀಲಿಸಬಹುದು. ಈ ಮಾಹಿತಿಯಲ್ಲಿರುವ ಸೇವಾ ವಿವರಗಳನ್ನು ನಿಮ್ಮ ಅಧಿಕೃತ accountನಲ್ಲಿ ಪರಿಶೀಲಿಸಬಹುದು.,Kannada,Kannada script,Phishing,UPI / Digital Payments,,Courier-like sender ID,Synthetic,Generated for PhishDetect India research dataset,Strategy: refund; no real personal identifiers.
KAN-P-0039,ನಿಮ್ಮ UPI ಸೇವೆಯಲ್ಲಿ ಅನುಮಾನಾಸ್ಪದ ಚಟುವಟಿಕೆ ದಾಖಲಾಗಿದೆ. ವಿನಂತಿಯನ್ನು active ಇರಿಸಲು ತಕ್ಷಣ action ತೆಗೆದುಕೊಳ್ಳಿ ಎಂದು ತಿಳಿಸಲಾಗಿದೆ. ಯಾವುದೇ ಸಮಸ್ಯೆಯಿದ್ದರೆ service providerನ ಅಧಿಕೃತ support option ಬಳಸಿ. ಸೇವೆಯ ಸ್ಥಿತಿಯನ್ನು ನಂತರ ಅಧಿಕೃತ portalನಲ್ಲಿ ಮತ್ತೆ ಪರಿಶೀಲಿಸಬಹುದು. ಈ ಮಾಹಿತಿಯಲ್ಲಿರುವ ಸೇವಾ ವಿವರಗಳನ್ನು ನಿಮ್ಮ ಅಧಿಕೃತ accountನಲ್ಲಿ ಪರಿಶೀಲಿಸಬಹುದು. ಯಾವುದೇ payment ಅಥವಾ identity action ಮಾಡುವ ಮೊದಲು ಅಧಿಕೃತ ಮಾಹಿತಿಯನ್ನು ಹೋಲಿಸಿ ನೋಡಿ.,Kannada,Kannada script,Phishing,UPI / Digital Payments,,Government-service-like sender ID,Synthetic,Generated for PhishDetect India research dataset,Strategy: curiosity; no real personal identifiers.
KAN-P-0040,ನಿಮ್ಮ ಹೆಸರಿನ ಡಿಜಿಟಲ್ ಪಾವತಿ ವಿನಂತಿಯೊಂದು ಬಾಕಿಯಿದೆ. ಸೇವೆ ಸೀಮಿತಗೊಳ್ಳುವ ಮೊದಲು ಖಾತೆಯನ್ನು ದೃಢೀಕರಿಸಿ. hxxp://secure-check.example/verify ಸೇವೆಯ ಸ್ಥಿತಿಯನ್ನು ನಂತರ ಅಧಿಕೃತ portalನಲ್ಲಿ ಮತ್ತೆ ಪರಿಶೀಲಿಸಬಹುದು. ಈ ಮಾಹಿತಿಯಲ್ಲಿರುವ ಸೇವಾ ವಿವರಗಳನ್ನು ನಿಮ್ಮ ಅಧಿಕೃತ accountನಲ್ಲಿ ಪರಿಶೀಲಿಸಬಹುದು. ಯಾವುದೇ payment ಅಥವಾ identity action ಮಾಡುವ ಮೊದಲು ಅಧಿಕೃತ ಮಾಹಿತಿಯನ್ನು ಹೋಲಿಸಿ ನೋಡಿ. ಸಂಬಂಧಿತ service history ನಿಮ್ಮ official app ಅಥವಾ portalನಲ್ಲಿ ಪ್ರತ್ಯೇಕವಾಗಿ ಕಾಣಬಹುದು.,Kannada,Kannada script,Phishing,UPI / Digital Payments,hxxp://secure-check.example/verify,Merchant-like sender ID,Synthetic,Generated for PhishDetect India research dataset,Strategy: authority impersonation; no real personal identifiers.
KAN-P-0041,ನಿಮ್ಮ UPI refund ಬಿಡುಗಡೆಗೆ ಮುನ್ನ ಖಾತೆ ದೃಢೀಕರಣ ಕೇಳಲಾಗಿದೆ. ಈ activity ನಿಮ್ಮದಾಗಿರದಿದ್ದರೆ identity check ಪೂರ್ಣಗೊಳಿಸಿ. ಕೇಳಲಾದ ಮೊತ್ತ ₹1999. https://account-review.example/confirm ಈ ಮಾಹಿತಿಯಲ್ಲಿರುವ ಸೇವಾ ವಿವರಗಳನ್ನು ನಿಮ್ಮ ಅಧಿಕೃತ accountನಲ್ಲಿ ಪರಿಶೀಲಿಸಬಹುದು. ಯಾವುದೇ payment ಅಥವಾ identity action ಮಾಡುವ ಮೊದಲು ಅಧಿಕೃತ ಮಾಹಿತಿಯನ್ನು ಹೋಲಿಸಿ ನೋಡಿ. ಸಂಬಂಧಿತ service history ನಿಮ್ಮ official app ಅಥವಾ portalನಲ್ಲಿ ಪ್ರತ್ಯೇಕವಾಗಿ ಕಾಣಬಹುದು.,Kannada,Kannada script,Phishing,UPI / Digital Payments,https://account-review.example/confirm,Generic numeric sender,Synthetic,Generated for PhishDetect India research dataset,Strategy: threat; no real personal identifiers.
KAN-P-0042,"ಸೂಚನೆ: ಪಾವತಿ ಸೇವೆಯು ನಿಮ್ಮ UPI accountಯನ್ನು verificationಗೆ ಗುರುತಿಸಿದೆ. ಮೊತ್ತ ಅಥವಾ ಸೇವೆ ಬಿಡುಗಡೆ ಮಾಡಲು account information ಕೇಳಲಾಗಿದೆ. http://kyc-alert.example/update ಯಾವುದೇ payment ಅಥವಾ identity action ಮಾಡುವ ಮೊದಲು ಅಧಿಕೃತ ಮಾಹಿತಿಯನ್ನು ಹೋಲಿಸಿ ನೋಡಿ. ಸಂಬಂಧಿತ service history ನಿಮ್ಮ official app ಅಥವಾ portalನಲ್ಲಿ ಪ್ರತ್ಯೇಕವಾಗಿ ಕಾಣಬಹುದು. ಸಂದೇಶದಲ್ಲಿರುವ ಸಮಯ, ಮೊತ್ತ ಮತ್ತು reference ವಿವರಗಳು service recordನಲ್ಲಿ ಕಾಣಿಸಬಹುದು.",Kannada,Kannada + English code-switching,Phishing,UPI / Digital Payments,http://kyc-alert.example/update,Short code,Synthetic,Generated for PhishDetect India research dataset,Strategy: social engineering; no real personal identifiers.
KAN-P-0043,"ನಿಮ್ಮ UPI ಪ್ರೊಫೈಲ್‌ನಲ್ಲಿ ಭದ್ರತಾ ಪರಿಶೀಲನೆ ಆರಂಭವಾಗಿದೆ. ಈಗ ನೀಡಿರುವ verification ಹಂತವನ್ನು ಪೂರ್ಣಗೊಳಿಸಿ. https://upi-support.example/resolve ಸಂಬಂಧಿತ service history ನಿಮ್ಮ official app ಅಥವಾ portalನಲ್ಲಿ ಪ್ರತ್ಯೇಕವಾಗಿ ಕಾಣಬಹುದು. ಸಂದೇಶದಲ್ಲಿರುವ ಸಮಯ, ಮೊತ್ತ ಮತ್ತು reference ವಿವರಗಳು service recordನಲ್ಲಿ ಕಾಣಿಸಬಹುದು. ನಿಮ್ಮ ಸಾಮಾನ್ಯ transaction record ಜೊತೆ ಈ ಸೂಚನೆಯನ್ನು ಪರಿಶೀಲಿಸುವುದು ಉಪಯುಕ್ತ.",Kannada,Kannada script,Phishing,UPI / Digital Payments,https://upi-support.example/resolve,Unknown sender,Synthetic,Generated for PhishDetect India research dataset,Strategy: job lure; no real personal identifiers.
KAN-P-0044,"ಒಂದು UPI ವ್ಯವಹಾರಕ್ಕೆ ಹೆಚ್ಚುವರಿ ದೃಢೀಕರಣ ಅಗತ್ಯವಿದೆ. ಇಂದಿನ review window ಮುಗಿಯುವ ಮೊದಲು ಈ ಪ್ರಕ್ರಿಯೆ ಪೂರ್ಣಗೊಳ್ಳಬೇಕು. ಉಲ್ಲೇಖ: [REF_ID]. https://parcel-status.example/address ಸಂದೇಶದಲ್ಲಿರುವ ಸಮಯ, ಮೊತ್ತ ಮತ್ತು reference ವಿವರಗಳು service recordನಲ್ಲಿ ಕಾಣಿಸಬಹುದು. ನಿಮ್ಮ ಸಾಮಾನ್ಯ transaction record ಜೊತೆ ಈ ಸೂಚನೆಯನ್ನು ಪರಿಶೀಲಿಸುವುದು ಉಪಯುಕ್ತ. Account ಸಂಬಂಧಿತ ವಿನಂತಿಗಳಿಗೆ ಈಗಾಗಲೇ ತಿಳಿದಿರುವ ಅಧಿಕೃತ contact channel ಮಾತ್ರ ಬಳಸಿ.",Kannada,Kannada script,Phishing,UPI / Digital Payments,https://parcel-status.example/address,Bank-like sender ID,Synthetic,Generated for PhishDetect India research dataset,Strategy: delivery lure; no real personal identifiers.
KAN-P-0045,ನಿಮ್ಮ UPI ಸೇವೆಯಲ್ಲಿ ಅನುಮಾನಾಸ್ಪದ ಚಟುವಟಿಕೆ ದಾಖಲಾಗಿದೆ. ಪರಿಶೀಲನೆ ವಿಫಲವಾದರೆ ಮುಂದಿನ ಸೇವೆಯನ್ನು ನಿಲ್ಲಿಸುವ ಎಚ್ಚರಿಕೆ ನೀಡಲಾಗಿದೆ. ಕೇಳಲಾದ ಮೊತ್ತ ₹1240. http://reward-center.example/claim ನಿಮ್ಮ ಸಾಮಾನ್ಯ transaction record ಜೊತೆ ಈ ಸೂಚನೆಯನ್ನು ಪರಿಶೀಲಿಸುವುದು ಉಪಯುಕ್ತ. Account ಸಂಬಂಧಿತ ವಿನಂತಿಗಳಿಗೆ ಈಗಾಗಲೇ ತಿಳಿದಿರುವ ಅಧಿಕೃತ contact channel ಮಾತ್ರ ಬಳಸಿ. ಯಾವುದೇ ಸಮಸ್ಯೆಯಿದ್ದರೆ service providerನ ಅಧಿಕೃತ support option ಬಳಸಿ.,Kannada,Kannada script,Phishing,UPI / Digital Payments,http://reward-center.example/claim,Telecom-like sender ID,Synthetic,Generated for PhishDetect India research dataset,Strategy: urgency; no real personal identifiers.
KAN-P-0046,ದಯವಿಟ್ಟು ಗಮನಿಸಿ — ನಿಮ್ಮ ಹೆಸರಿನ ಡಿಜಿಟಲ್ ಪಾವತಿ ವಿನಂತಿಯೊಂದು ಬಾಕಿಯಿದೆ. Security team ಹೆಸರಿನಲ್ಲಿ ತಕ್ಷಣ ಪ್ರತಿಕ್ರಿಯಿಸಲು ಸೂಚಿಸಲಾಗಿದೆ. https://job-selection.example/document Account ಸಂಬಂಧಿತ ವಿನಂತಿಗಳಿಗೆ ಈಗಾಗಲೇ ತಿಳಿದಿರುವ ಅಧಿಕೃತ contact channel ಮಾತ್ರ ಬಳಸಿ. ಯಾವುದೇ ಸಮಸ್ಯೆಯಿದ್ದರೆ service providerನ ಅಧಿಕೃತ support option ಬಳಸಿ. ಸೇವೆಯ ಸ್ಥಿತಿಯನ್ನು ನಂತರ ಅಧಿಕೃತ portalನಲ್ಲಿ ಮತ್ತೆ ಪರಿಶೀಲಿಸಬಹುದು.,Kannada,Kannada script,Phishing,UPI / Digital Payments,https://job-selection.example/document,Courier-like sender ID,Synthetic,Generated for PhishDetect India research dataset,Strategy: fear; no real personal identifiers.
KAN-P-0047,ಸೂಚನೆ: ನಿಮ್ಮ UPI refund ಬಿಡುಗಡೆಗೆ ಮುನ್ನ ಖಾತೆ ದೃಢೀಕರಣ ಕೇಳಲಾಗಿದೆ. ಸೂಚಿಸಿದ page ತೆರೆಯಿ ಮತ್ತು ಕೇಳಲಾದ ಮಾಹಿತಿಯನ್ನು ನಮೂದಿಸಿ. https://card-security.example/review ಯಾವುದೇ ಸಮಸ್ಯೆಯಿದ್ದರೆ service providerನ ಅಧಿಕೃತ support option ಬಳಸಿ. ಸೇವೆಯ ಸ್ಥಿತಿಯನ್ನು ನಂತರ ಅಧಿಕೃತ portalನಲ್ಲಿ ಮತ್ತೆ ಪರಿಶೀಲಿಸಬಹುದು. ಈ ಮಾಹಿತಿಯಲ್ಲಿರುವ ಸೇವಾ ವಿವರಗಳನ್ನು ನಿಮ್ಮ ಅಧಿಕೃತ accountನಲ್ಲಿ ಪರಿಶೀಲಿಸಬಹುದು.,Kannada,Kannada script,Phishing,UPI / Digital Payments,https://card-security.example/review,Government-service-like sender ID,Synthetic,Generated for PhishDetect India research dataset,Strategy: reward; no real personal identifiers.
KAN-P-0048,ಪಾವತಿ ಸೇವೆಯು ನಿಮ್ಮ UPI ಖಾತೆಯನ್ನು ಪರಿಶೀಲನೆಗೆ ಗುರುತಿಸಿದೆ. ಸ್ಥಿತಿಯನ್ನು ಪರಿಶೀಲಿಸಿ ಮುಂದುವರಿಯಲು link ಬಳಸಿ ಎಂದು ಸೂಚಿಸಲಾಗಿದೆ. http://utility-notice.example/pay ಸೇವೆಯ ಸ್ಥಿತಿಯನ್ನು ನಂತರ ಅಧಿಕೃತ portalನಲ್ಲಿ ಮತ್ತೆ ಪರಿಶೀಲಿಸಬಹುದು. ಈ ಮಾಹಿತಿಯಲ್ಲಿರುವ ಸೇವಾ ವಿವರಗಳನ್ನು ನಿಮ್ಮ ಅಧಿಕೃತ accountನಲ್ಲಿ ಪರಿಶೀಲಿಸಬಹುದು. ಯಾವುದೇ payment ಅಥವಾ identity action ಮಾಡುವ ಮೊದಲು ಅಧಿಕೃತ ಮಾಹಿತಿಯನ್ನು ಹೋಲಿಸಿ ನೋಡಿ.,Kannada,Kannada script,Phishing,UPI / Digital Payments,http://utility-notice.example/pay,Merchant-like sender ID,Synthetic,Generated for PhishDetect India research dataset,Strategy: refund; no real personal identifiers.
KAN-P-0049,ನಿಮ್ಮ UPI ಪ್ರೊಫೈಲ್‌ನಲ್ಲಿ ಭದ್ರತಾ verification ಆರಂಭವಾಗಿದೆ. ವಿನಂತಿಯನ್ನು active ಇರಿಸಲು ತಕ್ಷಣ action ತೆಗೆದುಕೊಳ್ಳಿ ಎಂದು ತಿಳಿಸಲಾಗಿದೆ. ಕೇಳಲಾದ ಮೊತ್ತ ₹850. https://profile-access.example/recover ಈ ಮಾಹಿತಿಯಲ್ಲಿರುವ ಸೇವಾ ವಿವರಗಳನ್ನು ನಿಮ್ಮ ಅಧಿಕೃತ accountನಲ್ಲಿ ಪರಿಶೀಲಿಸಬಹುದು. ಯಾವುದೇ payment ಅಥವಾ identity action ಮಾಡುವ ಮೊದಲು ಅಧಿಕೃತ ಮಾಹಿತಿಯನ್ನು ಹೋಲಿಸಿ ನೋಡಿ. ಸಂಬಂಧಿತ service history ನಿಮ್ಮ official app ಅಥವಾ portalನಲ್ಲಿ ಪ್ರತ್ಯೇಕವಾಗಿ ಕಾಣಬಹುದು.,Kannada,Kannada + English code-switching,Phishing,UPI / Digital Payments,https://profile-access.example/recover,Generic numeric sender,Synthetic,Generated for PhishDetect India research dataset,Strategy: curiosity; no real personal identifiers.
KAN-P-0050,"ಒಂದು UPI ವ್ಯವಹಾರಕ್ಕೆ ಹೆಚ್ಚುವರಿ ದೃಢೀಕರಣ ಅಗತ್ಯವಿದೆ. ಸೇವೆ ಸೀಮಿತಗೊಳ್ಳುವ ಮೊದಲು ಖಾತೆಯನ್ನು ದೃಢೀಕರಿಸಿ. hxxp://secure-check.example/verify ಯಾವುದೇ payment ಅಥವಾ identity action ಮಾಡುವ ಮೊದಲು ಅಧಿಕೃತ ಮಾಹಿತಿಯನ್ನು ಹೋಲಿಸಿ ನೋಡಿ. ಸಂಬಂಧಿತ service history ನಿಮ್ಮ official app ಅಥವಾ portalನಲ್ಲಿ ಪ್ರತ್ಯೇಕವಾಗಿ ಕಾಣಬಹುದು. ಸಂದೇಶದಲ್ಲಿರುವ ಸಮಯ, ಮೊತ್ತ ಮತ್ತು reference ವಿವರಗಳು service recordನಲ್ಲಿ ಕಾಣಿಸಬಹುದು.",Kannada,Kannada script,Phishing,UPI / Digital Payments,hxxp://secure-check.example/verify,Short code,Synthetic,Generated for PhishDetect India research dataset,Strategy: authority impersonation; no real personal identifiers.
KAN-P-0051,"ನಿಮ್ಮ UPI ಸೇವೆಯಲ್ಲಿ ಅನುಮಾನಾಸ್ಪದ ಚಟುವಟಿಕೆ ದಾಖಲಾಗಿದೆ. ಈ activity ನಿಮ್ಮದಾಗಿರದಿದ್ದರೆ identity check ಪೂರ್ಣಗೊಳಿಸಿ. ಉಲ್ಲೇಖ: [REF_ID]. ಸಂಬಂಧಿತ service history ನಿಮ್ಮ official app ಅಥವಾ portalನಲ್ಲಿ ಪ್ರತ್ಯೇಕವಾಗಿ ಕಾಣಬಹುದು. ಸಂದೇಶದಲ್ಲಿರುವ ಸಮಯ, ಮೊತ್ತ ಮತ್ತು reference ವಿವರಗಳು service recordನಲ್ಲಿ ಕಾಣಿಸಬಹುದು. ನಿಮ್ಮ ಸಾಮಾನ್ಯ transaction record ಜೊತೆ ಈ ಸೂಚನೆಯನ್ನು ಪರಿಶೀಲಿಸುವುದು ಉಪಯುಕ್ತ.",Kannada,Kannada script,Phishing,UPI / Digital Payments,,Unknown sender,Synthetic,Generated for PhishDetect India research dataset,Strategy: threat; no real personal identifiers.
KAN-P-0052,"ಸೂಚನೆ: ನಿಮ್ಮ ಹೆಸರಿನ ಡಿಜಿಟಲ್ ಪಾವತಿ ವಿನಂತಿಯೊಂದು ಬಾಕಿಯಿದೆ. ಮೊತ್ತ ಅಥವಾ ಸೇವೆ ಬಿಡುಗಡೆ ಮಾಡಲು account information ಕೇಳಲಾಗಿದೆ. ಸಂದೇಶದಲ್ಲಿರುವ ಸಮಯ, ಮೊತ್ತ ಮತ್ತು reference ವಿವರಗಳು service recordನಲ್ಲಿ ಕಾಣಿಸಬಹುದು. ನಿಮ್ಮ ಸಾಮಾನ್ಯ transaction record ಜೊತೆ ಈ ಸೂಚನೆಯನ್ನು ಪರಿಶೀಲಿಸುವುದು ಉಪಯುಕ್ತ. Account ಸಂಬಂಧಿತ ವಿನಂತಿಗಳಿಗೆ ಈಗಾಗಲೇ ತಿಳಿದಿರುವ ಅಧಿಕೃತ contact channel ಮಾತ್ರ ಬಳಸಿ.",Kannada,Kannada script,Phishing,UPI / Digital Payments,,Bank-like sender ID,Synthetic,Generated for PhishDetect India research dataset,Strategy: social engineering; no real personal identifiers.
KAN-P-0053,ನಿಮ್ಮ UPI refund ಬಿಡುಗಡೆಗೆ ಮುನ್ನ ಖಾತೆ ದೃಢೀಕರಣ ಕೇಳಲಾಗಿದೆ. ಈಗ ನೀಡಿರುವ verification ಹಂತವನ್ನು ಪೂರ್ಣಗೊಳಿಸಿ. ಕೇಳಲಾದ ಮೊತ್ತ ₹499. ನಿಮ್ಮ ಸಾಮಾನ್ಯ transaction record ಜೊತೆ ಈ ಸೂಚನೆಯನ್ನು ಪರಿಶೀಲಿಸುವುದು ಉಪಯುಕ್ತ. Account ಸಂಬಂಧಿತ ವಿನಂತಿಗಳಿಗೆ ಈಗಾಗಲೇ ತಿಳಿದಿರುವ ಅಧಿಕೃತ contact channel ಮಾತ್ರ ಬಳಸಿ. ಯಾವುದೇ ಸಮಸ್ಯೆಯಿದ್ದರೆ service providerನ ಅಧಿಕೃತ support option ಬಳಸಿ.,Kannada,Kannada script,Phishing,UPI / Digital Payments,,Telecom-like sender ID,Synthetic,Generated for PhishDetect India research dataset,Strategy: job lure; no real personal identifiers.
KAN-P-0054,ಪಾವತಿ ಸೇವೆಯು ನಿಮ್ಮ UPI ಖಾತೆಯನ್ನು ಪರಿಶೀಲನೆಗೆ ಗುರುತಿಸಿದೆ. ಇಂದಿನ review window ಮುಗಿಯುವ ಮೊದಲು ಈ ಪ್ರಕ್ರಿಯೆ ಪೂರ್ಣಗೊಳ್ಳಬೇಕು. Account ಸಂಬಂಧಿತ ವಿನಂತಿಗಳಿಗೆ ಈಗಾಗಲೇ ತಿಳಿದಿರುವ ಅಧಿಕೃತ contact channel ಮಾತ್ರ ಬಳಸಿ. ಯಾವುದೇ ಸಮಸ್ಯೆಯಿದ್ದರೆ service providerನ ಅಧಿಕೃತ support option ಬಳಸಿ. ಸೇವೆಯ ಸ್ಥಿತಿಯನ್ನು ನಂತರ ಅಧಿಕೃತ portalನಲ್ಲಿ ಮತ್ತೆ ಪರಿಶೀಲಿಸಬಹುದು.,Kannada,Kannada script,Phishing,UPI / Digital Payments,,Courier-like sender ID,Synthetic,Generated for PhishDetect India research dataset,Strategy: delivery lure; no real personal identifiers.
KAN-P-0055,ದಯವಿಟ್ಟು ಗಮನಿಸಿ — ನಿಮ್ಮ UPI ಪ್ರೊಫೈಲ್‌ನಲ್ಲಿ ಭದ್ರತಾ ಪರಿಶೀಲನೆ ಆರಂಭವಾಗಿದೆ. ಪರಿಶೀಲನೆ ವಿಫಲವಾದರೆ ಮುಂದಿನ ಸೇವೆಯನ್ನು ನಿಲ್ಲಿಸುವ ಎಚ್ಚರಿಕೆ ನೀಡಲಾಗಿದೆ. ಯಾವುದೇ ಸಮಸ್ಯೆಯಿದ್ದರೆ service providerನ ಅಧಿಕೃತ support option ಬಳಸಿ. ಸೇವೆಯ ಸ್ಥಿತಿಯನ್ನು ನಂತರ ಅಧಿಕೃತ portalನಲ್ಲಿ ಮತ್ತೆ ಪರಿಶೀಲಿಸಬಹುದು. ಈ ಮಾಹಿತಿಯಲ್ಲಿರುವ ಸೇವಾ ವಿವರಗಳನ್ನು ನಿಮ್ಮ ಅಧಿಕೃತ accountನಲ್ಲಿ ಪರಿಶೀಲಿಸಬಹುದು. ಯಾವುದೇ payment ಅಥವಾ identity action ಮಾಡುವ ಮೊದಲು ಅಧಿಕೃತ ಮಾಹಿತಿಯನ್ನು ಹೋಲಿಸಿ ನೋಡಿ.,Kannada,Kannada script,Phishing,UPI / Digital Payments,,Government-service-like sender ID,Synthetic,Generated for PhishDetect India research dataset,Strategy: urgency; no real personal identifiers.
KAN-P-0056,ಒಂದು UPI ವ್ಯವಹಾರಕ್ಕೆ ಹೆಚ್ಚುವರಿ ದೃಢೀಕರಣ ಅಗತ್ಯವಿದೆ. Security team ಹೆಸರಿನಲ್ಲಿ ತಕ್ಷಣ ಪ್ರತಿಕ್ರಿಯಿಸಲು ಸೂಚಿಸಲಾಗಿದೆ. ಸೇವೆಯ ಸ್ಥಿತಿಯನ್ನು ನಂತರ ಅಧಿಕೃತ portalನಲ್ಲಿ ಮತ್ತೆ ಪರಿಶೀಲಿಸಬಹುದು. ಈ ಮಾಹಿತಿಯಲ್ಲಿರುವ ಸೇವಾ ವಿವರಗಳನ್ನು ನಿಮ್ಮ ಅಧಿಕೃತ accountನಲ್ಲಿ ಪರಿಶೀಲಿಸಬಹುದು. ಯಾವುದೇ payment ಅಥವಾ identity action ಮಾಡುವ ಮೊದಲು ಅಧಿಕೃತ ಮಾಹಿತಿಯನ್ನು ಹೋಲಿಸಿ ನೋಡಿ. ಸಂಬಂಧಿತ service history ನಿಮ್ಮ official app ಅಥವಾ portalನಲ್ಲಿ ಪ್ರತ್ಯೇಕವಾಗಿ ಕಾಣಬಹುದು.,Kannada,Kannada + English code-switching,Phishing,UPI / Digital Payments,,Merchant-like sender ID,Synthetic,Generated for PhishDetect India research dataset,Strategy: fear; no real personal identifiers.
KAN-P-0057,ಸೂಚನೆ: ನಿಮ್ಮ UPI ಸೇವೆಯಲ್ಲಿ ಅನುಮಾನಾಸ್ಪದ ಚಟುವಟಿಕೆ ದಾಖಲಾಗಿದೆ. ಸೂಚಿಸಿದ page ತೆರೆಯಿ ಮತ್ತು ಕೇಳಲಾದ ಮಾಹಿತಿಯನ್ನು ನಮೂದಿಸಿ. ಕೇಳಲಾದ ಮೊತ್ತ ₹249. ಈ ಮಾಹಿತಿಯಲ್ಲಿರುವ ಸೇವಾ ವಿವರಗಳನ್ನು ನಿಮ್ಮ ಅಧಿಕೃತ accountನಲ್ಲಿ ಪರಿಶೀಲಿಸಬಹುದು. ಯಾವುದೇ payment ಅಥವಾ identity action ಮಾಡುವ ಮೊದಲು ಅಧಿಕೃತ ಮಾಹಿತಿಯನ್ನು ಹೋಲಿಸಿ ನೋಡಿ. ಸಂಬಂಧಿತ service history ನಿಮ್ಮ official app ಅಥವಾ portalನಲ್ಲಿ ಪ್ರತ್ಯೇಕವಾಗಿ ಕಾಣಬಹುದು.,Kannada,Kannada script,Phishing,UPI / Digital Payments,,Generic numeric sender,Synthetic,Generated for PhishDetect India research dataset,Strategy: reward; no real personal identifiers.
KAN-P-0058,"Nimma ಹೆಸರಿನ ಡಿಜಿಟಲ್ ಪಾವತಿ ವಿನಂತಿಯೊಂದು ಬಾಕಿಯಿದೆ. ಸ್ಥಿತಿಯನ್ನು ಪರಿಶೀಲಿಸಿ ಮುಂದುವರಿಯಲು link ಬಳಸಿ ಎಂದು ಸೂಚಿಸಲಾಗಿದೆ. ಉಲ್ಲೇಖ: [REF_ID]. ಯಾವುದೇ payment ಅಥವಾ identity action ಮಾಡುವ ಮೊದಲು ಅಧಿಕೃತ ಮಾಹಿತಿಯನ್ನು ಹೋಲಿಸಿ ನೋಡಿ. ಸಂಬಂಧಿತ service history ನಿಮ್ಮ official app ಅಥವಾ portalನಲ್ಲಿ ಪ್ರತ್ಯೇಕವಾಗಿ ಕಾಣಬಹುದು. ಸಂದೇಶದಲ್ಲಿರುವ ಸಮಯ, ಮೊತ್ತ ಮತ್ತು reference ವಿವರಗಳು service recordನಲ್ಲಿ ಕಾಣಿಸಬಹುದು.",Kannada,Romanized Kannada (small minority),Phishing,UPI / Digital Payments,,Short code,Synthetic,Generated for PhishDetect India research dataset,Strategy: refund; no real personal identifiers.
KAN-P-0059,"ನಿಮ್ಮ UPI refund ಬಿಡುಗಡೆಗೆ ಮುನ್ನ ಖಾತೆ ದೃಢೀಕರಣ ಕೇಳಲಾಗಿದೆ. ವಿನಂತಿಯನ್ನು active ಇರಿಸಲು ತಕ್ಷಣ action ತೆಗೆದುಕೊಳ್ಳಿ ಎಂದು ತಿಳಿಸಲಾಗಿದೆ. ಸಂಬಂಧಿತ service history ನಿಮ್ಮ official app ಅಥವಾ portalನಲ್ಲಿ ಪ್ರತ್ಯೇಕವಾಗಿ ಕಾಣಬಹುದು. ಸಂದೇಶದಲ್ಲಿರುವ ಸಮಯ, ಮೊತ್ತ ಮತ್ತು reference ವಿವರಗಳು service recordನಲ್ಲಿ ಕಾಣಿಸಬಹುದು. ನಿಮ್ಮ ಸಾಮಾನ್ಯ transaction record ಜೊತೆ ಈ ಸೂಚನೆಯನ್ನು ಪರಿಶೀಲಿಸುವುದು ಉಪಯುಕ್ತ.",Kannada,Kannada script,Phishing,UPI / Digital Payments,,Unknown sender,Synthetic,Generated for PhishDetect India research dataset,Strategy: curiosity; no real personal identifiers.
KAN-P-0060,"ಪಾವತಿ ಸೇವೆಯು ನಿಮ್ಮ UPI ಖಾತೆಯನ್ನು ಪರಿಶೀಲನೆಗೆ ಗುರುತಿಸಿದೆ. ಸೇವೆ ಸೀಮಿತಗೊಳ್ಳುವ ಮೊದಲು ಖಾತೆಯನ್ನು ದೃಢೀಕರಿಸಿ. hxxp://secure-check.example/verify ಸಂದೇಶದಲ್ಲಿರುವ ಸಮಯ, ಮೊತ್ತ ಮತ್ತು reference ವಿವರಗಳು service recordನಲ್ಲಿ ಕಾಣಿಸಬಹುದು. ನಿಮ್ಮ ಸಾಮಾನ್ಯ transaction record ಜೊತೆ ಈ ಸೂಚನೆಯನ್ನು ಪರಿಶೀಲಿಸುವುದು ಉಪಯುಕ್ತ. Account ಸಂಬಂಧಿತ ವಿನಂತಿಗಳಿಗೆ ಈಗಾಗಲೇ ತಿಳಿದಿರುವ ಅಧಿಕೃತ contact channel ಮಾತ್ರ ಬಳಸಿ.",Kannada,Kannada script,Phishing,UPI / Digital Payments,hxxp://secure-check.example/verify,Bank-like sender ID,Synthetic,Generated for PhishDetect India research dataset,Strategy: authority impersonation; no real personal identifiers.
KAN-P-0061,ನಿಮ್ಮ UPI ಪ್ರೊಫೈಲ್‌ನಲ್ಲಿ ಭದ್ರತಾ ಪರಿಶೀಲನೆ ಆರಂಭವಾಗಿದೆ. ಈ activity ನಿಮ್ಮದಾಗಿರದಿದ್ದರೆ identity check ಪೂರ್ಣಗೊಳಿಸಿ. ಕೇಳಲಾದ ಮೊತ್ತ ₹1999. https://account-review.example/confirm ನಿಮ್ಮ ಸಾಮಾನ್ಯ transaction record ಜೊತೆ ಈ ಸೂಚನೆಯನ್ನು ಪರಿಶೀಲಿಸುವುದು ಉಪಯುಕ್ತ. Account ಸಂಬಂಧಿತ ವಿನಂತಿಗಳಿಗೆ ಈಗಾಗಲೇ ತಿಳಿದಿರುವ ಅಧಿಕೃತ contact channel ಮಾತ್ರ ಬಳಸಿ. ಯಾವುದೇ ಸಮಸ್ಯೆಯಿದ್ದರೆ service providerನ ಅಧಿಕೃತ support option ಬಳಸಿ.,Kannada,Kannada script,Phishing,UPI / Digital Payments,https://account-review.example/confirm,Telecom-like sender ID,Synthetic,Generated for PhishDetect India research dataset,Strategy: threat; no real personal identifiers.
KAN-P-0062,ಸೂಚನೆ: ಒಂದು UPI ವ್ಯವಹಾರಕ್ಕೆ ಹೆಚ್ಚುವರಿ ದೃಢೀಕರಣ ಅಗತ್ಯವಿದೆ. ಮೊತ್ತ ಅಥವಾ ಸೇವೆ ಬಿಡುಗಡೆ ಮಾಡಲು account information ಕೇಳಲಾಗಿದೆ. http://kyc-alert.example/update Account ಸಂಬಂಧಿತ ವಿನಂತಿಗಳಿಗೆ ಈಗಾಗಲೇ ತಿಳಿದಿರುವ ಅಧಿಕೃತ contact channel ಮಾತ್ರ ಬಳಸಿ. ಯಾವುದೇ ಸಮಸ್ಯೆಯಿದ್ದರೆ service providerನ ಅಧಿಕೃತ support option ಬಳಸಿ. ಸೇವೆಯ ಸ್ಥಿತಿಯನ್ನು ನಂತರ ಅಧಿಕೃತ portalನಲ್ಲಿ ಮತ್ತೆ ಪರಿಶೀಲಿಸಬಹುದು.,Kannada,Kannada script,Phishing,UPI / Digital Payments,http://kyc-alert.example/update,Courier-like sender ID,Synthetic,Generated for PhishDetect India research dataset,Strategy: social engineering; no real personal identifiers.
KAN-P-0063,ನಿಮ್ಮ UPI ಸೇವೆಯಲ್ಲಿ ಅನುಮಾನಾಸ್ಪದ ಚಟುವಟಿಕೆ ದಾಖಲಾಗಿದೆ. ಈಗ ನೀಡಿರುವ verification ಹಂತವನ್ನು ಪೂರ್ಣಗೊಳಿಸಿ. https://upi-support.example/resolve ಯಾವುದೇ ಸಮಸ್ಯೆಯಿದ್ದರೆ service providerನ ಅಧಿಕೃತ support option ಬಳಸಿ. ಸೇವೆಯ ಸ್ಥಿತಿಯನ್ನು ನಂತರ ಅಧಿಕೃತ portalನಲ್ಲಿ ಮತ್ತೆ ಪರಿಶೀಲಿಸಬಹುದು. ಈ ಮಾಹಿತಿಯಲ್ಲಿರುವ ಸೇವಾ ವಿವರಗಳನ್ನು ನಿಮ್ಮ ಅಧಿಕೃತ accountನಲ್ಲಿ ಪರಿಶೀಲಿಸಬಹುದು. ಯಾವುದೇ payment ಅಥವಾ identity action ಮಾಡುವ ಮೊದಲು ಅಧಿಕೃತ ಮಾಹಿತಿಯನ್ನು ಹೋಲಿಸಿ ನೋಡಿ.,Kannada,Kannada + English code-switching,Phishing,UPI / Digital Payments,https://upi-support.example/resolve,Government-service-like sender ID,Synthetic,Generated for PhishDetect India research dataset,Strategy: job lure; no real personal identifiers.
KAN-P-0064,ದಯವಿಟ್ಟು ಗಮನಿಸಿ — ನಿಮ್ಮ ಹೆಸರಿನ ಡಿಜಿಟಲ್ ಪಾವತಿ ವಿನಂತಿಯೊಂದು ಬಾಕಿಯಿದೆ. ಇಂದಿನ review window ಮುಗಿಯುವ ಮೊದಲು ಈ ಪ್ರಕ್ರಿಯೆ ಪೂರ್ಣಗೊಳ್ಳಬೇಕು. https://parcel-status.example/address ಸೇವೆಯ ಸ್ಥಿತಿಯನ್ನು ನಂತರ ಅಧಿಕೃತ portalನಲ್ಲಿ ಮತ್ತೆ ಪರಿಶೀಲಿಸಬಹುದು. ಈ ಮಾಹಿತಿಯಲ್ಲಿರುವ ಸೇವಾ ವಿವರಗಳನ್ನು ನಿಮ್ಮ ಅಧಿಕೃತ accountನಲ್ಲಿ ಪರಿಶೀಲಿಸಬಹುದು. ಯಾವುದೇ payment ಅಥವಾ identity action ಮಾಡುವ ಮೊದಲು ಅಧಿಕೃತ ಮಾಹಿತಿಯನ್ನು ಹೋಲಿಸಿ ನೋಡಿ.,Kannada,Kannada script,Phishing,UPI / Digital Payments,https://parcel-status.example/address,Merchant-like sender ID,Synthetic,Generated for PhishDetect India research dataset,Strategy: delivery lure; no real personal identifiers.
KAN-P-0065,ನಿಮ್ಮ UPI refund ಬಿಡುಗಡೆಗೆ ಮುನ್ನ ಖಾತೆ ದೃಢೀಕರಣ ಕೇಳಲಾಗಿದೆ. ಪರಿಶೀಲನೆ ವಿಫಲವಾದರೆ ಮುಂದಿನ ಸೇವೆಯನ್ನು ನಿಲ್ಲಿಸುವ ಎಚ್ಚರಿಕೆ ನೀಡಲಾಗಿದೆ. ಉಲ್ಲೇಖ: [REF_ID]. ಕೇಳಲಾದ ಮೊತ್ತ ₹1240. http://reward-center.example/claim,Kannada,Kannada script,Phishing,UPI / Digital Payments,http://reward-center.example/claim,Generic numeric sender,Synthetic,Generated for PhishDetect India research dataset,Strategy: urgency; no real personal identifiers.
KAN-P-0066,"ಪಾವತಿ ಸೇವೆಯು ನಿಮ್ಮ UPI ಖಾತೆಯನ್ನು ಪರಿಶೀಲನೆಗೆ ಗುರುತಿಸಿದೆ. Security team ಹೆಸರಿನಲ್ಲಿ ತಕ್ಷಣ ಪ್ರತಿಕ್ರಿಯಿಸಲು ಸೂಚಿಸಲಾಗಿದೆ. https://job-selection.example/document ಯಾವುದೇ payment ಅಥವಾ identity action ಮಾಡುವ ಮೊದಲು ಅಧಿಕೃತ ಮಾಹಿತಿಯನ್ನು ಹೋಲಿಸಿ ನೋಡಿ. ಸಂಬಂಧಿತ service history ನಿಮ್ಮ official app ಅಥವಾ portalನಲ್ಲಿ ಪ್ರತ್ಯೇಕವಾಗಿ ಕಾಣಬಹುದು. ಸಂದೇಶದಲ್ಲಿರುವ ಸಮಯ, ಮೊತ್ತ ಮತ್ತು reference ವಿವರಗಳು service recordನಲ್ಲಿ ಕಾಣಿಸಬಹುದು.",Kannada,Kannada script,Phishing,UPI / Digital Payments,https://job-selection.example/document,Short code,Synthetic,Generated for PhishDetect India research dataset,Strategy: fear; no real personal identifiers.
KAN-P-0067,"ಸೂಚನೆ: ನಿಮ್ಮ UPI ಪ್ರೊಫೈಲ್‌ನಲ್ಲಿ ಭದ್ರತಾ ಪರಿಶೀಲನೆ ಆರಂಭವಾಗಿದೆ. ಸೂಚಿಸಿದ page ತೆರೆಯಿ ಮತ್ತು ಕೇಳಲಾದ ಮಾಹಿತಿಯನ್ನು ನಮೂದಿಸಿ. https://card-security.example/review ಸಂಬಂಧಿತ service history ನಿಮ್ಮ official app ಅಥವಾ portalನಲ್ಲಿ ಪ್ರತ್ಯೇಕವಾಗಿ ಕಾಣಬಹುದು. ಸಂದೇಶದಲ್ಲಿರುವ ಸಮಯ, ಮೊತ್ತ ಮತ್ತು reference ವಿವರಗಳು service recordನಲ್ಲಿ ಕಾಣಿಸಬಹುದು. ನಿಮ್ಮ ಸಾಮಾನ್ಯ transaction record ಜೊತೆ ಈ ಸೂಚನೆಯನ್ನು ಪರಿಶೀಲಿಸುವುದು ಉಪಯುಕ್ತ.",Kannada,Kannada script,Phishing,UPI / Digital Payments,https://card-security.example/review,Unknown sender,Synthetic,Generated for PhishDetect India research dataset,Strategy: reward; no real personal identifiers.
KAN-P-0068,"ಒಂದು UPI ವ್ಯವಹಾರಕ್ಕೆ ಹೆಚ್ಚುವರಿ ದೃಢೀಕರಣ ಅಗತ್ಯವಿದೆ. ಸ್ಥಿತಿಯನ್ನು ಪರಿಶೀಲಿಸಿ ಮುಂದುವರಿಯಲು link ಬಳಸಿ ಎಂದು ಸೂಚಿಸಲಾಗಿದೆ. http://utility-notice.example/pay ಸಂದೇಶದಲ್ಲಿರುವ ಸಮಯ, ಮೊತ್ತ ಮತ್ತು reference ವಿವರಗಳು service recordನಲ್ಲಿ ಕಾಣಿಸಬಹುದು. ನಿಮ್ಮ ಸಾಮಾನ್ಯ transaction record ಜೊತೆ ಈ ಸೂಚನೆಯನ್ನು ಪರಿಶೀಲಿಸುವುದು ಉಪಯುಕ್ತ. Account ಸಂಬಂಧಿತ ವಿನಂತಿಗಳಿಗೆ ಈಗಾಗಲೇ ತಿಳಿದಿರುವ ಅಧಿಕೃತ contact channel ಮಾತ್ರ ಬಳಸಿ.",Kannada,Kannada script,Phishing,UPI / Digital Payments,http://utility-notice.example/pay,Bank-like sender ID,Synthetic,Generated for PhishDetect India research dataset,Strategy: refund; no real personal identifiers.
KAN-P-0069,ನಿಮ್ಮ UPI ಸೇವೆಯಲ್ಲಿ ಅನುಮಾನಾಸ್ಪದ ಚಟುವಟಿಕೆ ದಾಖಲಾಗಿದೆ. ವಿನಂತಿಯನ್ನು active ಇರಿಸಲು ತಕ್ಷಣ action ತೆಗೆದುಕೊಳ್ಳಿ ಎಂದು ತಿಳಿಸಲಾಗಿದೆ. ಕೇಳಲಾದ ಮೊತ್ತ ₹850. https://profile-access.example/recover ನಿಮ್ಮ ಸಾಮಾನ್ಯ transaction record ಜೊತೆ ಈ ಸೂಚನೆಯನ್ನು ಪರಿಶೀಲಿಸುವುದು ಉಪಯುಕ್ತ. Account ಸಂಬಂಧಿತ ವಿನಂತಿಗಳಿಗೆ ಈಗಾಗಲೇ ತಿಳಿದಿರುವ ಅಧಿಕೃತ contact channel ಮಾತ್ರ ಬಳಸಿ. ಯಾವುದೇ ಸಮಸ್ಯೆಯಿದ್ದರೆ service providerನ ಅಧಿಕೃತ support option ಬಳಸಿ.,Kannada,Kannada script,Phishing,UPI / Digital Payments,https://profile-access.example/recover,Telecom-like sender ID,Synthetic,Generated for PhishDetect India research dataset,Strategy: curiosity; no real personal identifiers.
KAN-P-0070,ನಿಮ್ಮ ಹೆಸರಿನ ಡಿಜಿಟಲ್ ಪಾವತಿ ವಿನಂತಿಯೊಂದು ಬಾಕಿಯಿದೆ. ಸೇವೆ ಸೀಮಿತಗೊಳ್ಳುವ ಮೊದಲು accountಯನ್ನು ದೃಢೀಕರಿಸಿ. hxxp://secure-check.example/verify Account ಸಂಬಂಧಿತ ವಿನಂತಿಗಳಿಗೆ ಈಗಾಗಲೇ ತಿಳಿದಿರುವ ಅಧಿಕೃತ contact channel ಮಾತ್ರ ಬಳಸಿ. ಯಾವುದೇ ಸಮಸ್ಯೆಯಿದ್ದರೆ service providerನ ಅಧಿಕೃತ support option ಬಳಸಿ. ಸೇವೆಯ ಸ್ಥಿತಿಯನ್ನು ನಂತರ ಅಧಿಕೃತ portalನಲ್ಲಿ ಮತ್ತೆ ಪರಿಶೀಲಿಸಬಹುದು. ಈ ಮಾಹಿತಿಯಲ್ಲಿರುವ ಸೇವಾ ವಿವರಗಳನ್ನು ನಿಮ್ಮ ಅಧಿಕೃತ accountನಲ್ಲಿ ಪರಿಶೀಲಿಸಬಹುದು.,Kannada,Kannada + English code-switching,Phishing,UPI / Digital Payments,hxxp://secure-check.example/verify,Courier-like sender ID,Synthetic,Generated for PhishDetect India research dataset,Strategy: authority impersonation; no real personal identifiers.
KAN-P-0071,ನಿಮ್ಮ UPI refund ಬಿಡುಗಡೆಗೆ ಮುನ್ನ ಖಾತೆ ದೃಢೀಕರಣ ಕೇಳಲಾಗಿದೆ. ಈ activity ನಿಮ್ಮದಾಗಿರದಿದ್ದರೆ identity check ಪೂರ್ಣಗೊಳಿಸಿ. ಯಾವುದೇ ಸಮಸ್ಯೆಯಿದ್ದರೆ service providerನ ಅಧಿಕೃತ support option ಬಳಸಿ. ಸೇವೆಯ ಸ್ಥಿತಿಯನ್ನು ನಂತರ ಅಧಿಕೃತ portalನಲ್ಲಿ ಮತ್ತೆ ಪರಿಶೀಲಿಸಬಹುದು. ಈ ಮಾಹಿತಿಯಲ್ಲಿರುವ ಸೇವಾ ವಿವರಗಳನ್ನು ನಿಮ್ಮ ಅಧಿಕೃತ accountನಲ್ಲಿ ಪರಿಶೀಲಿಸಬಹುದು. ಯಾವುದೇ payment ಅಥವಾ identity action ಮಾಡುವ ಮೊದಲು ಅಧಿಕೃತ ಮಾಹಿತಿಯನ್ನು ಹೋಲಿಸಿ ನೋಡಿ.,Kannada,Kannada script,Phishing,UPI / Digital Payments,,Government-service-like sender ID,Synthetic,Generated for PhishDetect India research dataset,Strategy: threat; no real personal identifiers.
KAN-P-0072,ಸೂಚನೆ: ಪಾವತಿ ಸೇವೆಯು ನಿಮ್ಮ UPI ಖಾತೆಯನ್ನು ಪರಿಶೀಲನೆಗೆ ಗುರುತಿಸಿದೆ. ಮೊತ್ತ ಅಥವಾ ಸೇವೆ ಬಿಡುಗಡೆ ಮಾಡಲು account information ಕೇಳಲಾಗಿದೆ. ಸೇವೆಯ ಸ್ಥಿತಿಯನ್ನು ನಂತರ ಅಧಿಕೃತ portalನಲ್ಲಿ ಮತ್ತೆ ಪರಿಶೀಲಿಸಬಹುದು. ಈ ಮಾಹಿತಿಯಲ್ಲಿರುವ ಸೇವಾ ವಿವರಗಳನ್ನು ನಿಮ್ಮ ಅಧಿಕೃತ accountನಲ್ಲಿ ಪರಿಶೀಲಿಸಬಹುದು. ಯಾವುದೇ payment ಅಥವಾ identity action ಮಾಡುವ ಮೊದಲು ಅಧಿಕೃತ ಮಾಹಿತಿಯನ್ನು ಹೋಲಿಸಿ ನೋಡಿ.,Kannada,Kannada script,Phishing,UPI / Digital Payments,,Merchant-like sender ID,Synthetic,Generated for PhishDetect India research dataset,Strategy: social engineering; no real personal identifiers.
KAN-P-0073,ಸೂಚನೆ: ನಿಮ್ಮ ಖಾತೆಗೆ ಹೊಸ device ಮೂಲಕ login ಪ್ರಯತ್ನ ದಾಖಲಾಗಿದೆ. ಸೂಚಿಸಿದ page ತೆರೆಯಿ ಮತ್ತು ಕೇಳಲಾದ ಮಾಹಿತಿಯನ್ನು ನಮೂದಿಸಿ. ಕೇಳಲಾದ ಮೊತ್ತ ₹249. ಈ ಮಾಹಿತಿಯಲ್ಲಿರುವ ಸೇವಾ ವಿವರಗಳನ್ನು ನಿಮ್ಮ ಅಧಿಕೃತ accountನಲ್ಲಿ ಪರಿಶೀಲಿಸಬಹುದು. ಯಾವುದೇ payment ಅಥವಾ identity action ಮಾಡುವ ಮೊದಲು ಅಧಿಕೃತ ಮಾಹಿತಿಯನ್ನು ಹೋಲಿಸಿ ನೋಡಿ. ಸಂಬಂಧಿತ service history ನಿಮ್ಮ official app ಅಥವಾ portalನಲ್ಲಿ ಪ್ರತ್ಯೇಕವಾಗಿ ಕಾಣಬಹುದು.,Kannada,Kannada script,Phishing,OTP / Account Takeover,,Generic numeric sender,Synthetic,Generated for PhishDetect India research dataset,Strategy: reward; no real personal identifiers.
KAN-P-0074,"ಮೊಬೈಲ್ ಪರಿಶೀಲನೆ ವಿನಂತಿ ಇನ್ನೂ ಪೂರ್ಣಗೊಂಡಿಲ್ಲ. ಸ್ಥಿತಿಯನ್ನು ಪರಿಶೀಲಿಸಿ ಮುಂದುವರಿಯಲು link ಬಳಸಿ ಎಂದು ಸೂಚಿಸಲಾಗಿದೆ. ಯಾವುದೇ payment ಅಥವಾ identity action ಮಾಡುವ ಮೊದಲು ಅಧಿಕೃತ ಮಾಹಿತಿಯನ್ನು ಹೋಲಿಸಿ ನೋಡಿ. ಸಂಬಂಧಿತ service history ನಿಮ್ಮ official app ಅಥವಾ portalನಲ್ಲಿ ಪ್ರತ್ಯೇಕವಾಗಿ ಕಾಣಬಹುದು. ಸಂದೇಶದಲ್ಲಿರುವ ಸಮಯ, ಮೊತ್ತ ಮತ್ತು reference ವಿವರಗಳು service recordನಲ್ಲಿ ಕಾಣಿಸಬಹುದು.",Kannada,Kannada script,Phishing,OTP / Account Takeover,,Short code,Synthetic,Generated for PhishDetect India research dataset,Strategy: refund; no real personal identifiers.
KAN-P-0075,"ನಿಮ್ಮ profileಗೆ security confirmation ಬೇಕಾಗಿದೆ. ವಿನಂತಿಯನ್ನು active ಇರಿಸಲು ತಕ್ಷಣ action ತೆಗೆದುಕೊಳ್ಳಿ ಎಂದು ತಿಳಿಸಲಾಗಿದೆ. ಸಂಬಂಧಿತ service history ನಿಮ್ಮ official app ಅಥವಾ portalನಲ್ಲಿ ಪ್ರತ್ಯೇಕವಾಗಿ ಕಾಣಬಹುದು. ಸಂದೇಶದಲ್ಲಿರುವ ಸಮಯ, ಮೊತ್ತ ಮತ್ತು reference ವಿವರಗಳು service recordನಲ್ಲಿ ಕಾಣಿಸಬಹುದು. ನಿಮ್ಮ ಸಾಮಾನ್ಯ transaction record ಜೊತೆ ಈ ಸೂಚನೆಯನ್ನು ಪರಿಶೀಲಿಸುವುದು ಉಪಯುಕ್ತ.",Kannada,Kannada script,Phishing,OTP / Account Takeover,,Unknown sender,Synthetic,Generated for PhishDetect India research dataset,Strategy: curiosity; no real personal identifiers.
KAN-P-0076,"ಹೊಸ ಸಾಧನದಿಂದ ಖಾತೆ ಪ್ರವೇಶಿಸುವ ಪ್ರಯತ್ನ ಕಂಡುಬಂದಿದೆ. ಸೇವೆ ಸೀಮಿತಗೊಳ್ಳುವ ಮೊದಲು ಖಾತೆಯನ್ನು ದೃಢೀಕರಿಸಿ. ಸಂದೇಶದಲ್ಲಿರುವ ಸಮಯ, ಮೊತ್ತ ಮತ್ತು reference ವಿವರಗಳು service recordನಲ್ಲಿ ಕಾಣಿಸಬಹುದು. ನಿಮ್ಮ ಸಾಮಾನ್ಯ transaction record ಜೊತೆ ಈ ಸೂಚನೆಯನ್ನು ಪರಿಶೀಲಿಸುವುದು ಉಪಯುಕ್ತ. Account ಸಂಬಂಧಿತ ವಿನಂತಿಗಳಿಗೆ ಈಗಾಗಲೇ ತಿಳಿದಿರುವ ಅಧಿಕೃತ contact channel ಮಾತ್ರ ಬಳಸಿ. ಯಾವುದೇ ಸಮಸ್ಯೆಯಿದ್ದರೆ service providerನ ಅಧಿಕೃತ support option ಬಳಸಿ.",Kannada,Kannada script,Phishing,OTP / Account Takeover,,Bank-like sender ID,Synthetic,Generated for PhishDetect India research dataset,Strategy: authority impersonation; no real personal identifiers.
KAN-P-0077,ನಿಮ್ಮ login sessionಗೆ ಹೆಚ್ಚುವರಿ ದೃಢೀಕರಣ ಕೇಳಲಾಗಿದೆ. ಈ activity ನಿಮ್ಮದಾಗಿರದಿದ್ದರೆ identity check ಪೂರ್ಣಗೊಳಿಸಿ. ಕೇಳಲಾದ ಮೊತ್ತ ₹1999. ನಿಮ್ಮ ಸಾಮಾನ್ಯ transaction record ಜೊತೆ ಈ ಸೂಚನೆಯನ್ನು ಪರಿಶೀಲಿಸುವುದು ಉಪಯುಕ್ತ. Account ಸಂಬಂಧಿತ ವಿನಂತಿಗಳಿಗೆ ಈಗಾಗಲೇ ತಿಳಿದಿರುವ ಅಧಿಕೃತ contact channel ಮಾತ್ರ ಬಳಸಿ. ಯಾವುದೇ ಸಮಸ್ಯೆಯಿದ್ದರೆ service providerನ ಅಧಿಕೃತ support option ಬಳಸಿ.,Kannada,Kannada + English code-switching,Phishing,OTP / Account Takeover,,Telecom-like sender ID,Synthetic,Generated for PhishDetect India research dataset,Strategy: threat; no real personal identifiers.
KAN-P-0078,ಸೂಚನೆ: ಖಾತೆ recovery ವಿನಂತಿಯೊಂದು ನಿಮ್ಮ ಸಂಖ್ಯೆಗೆ ಸಂಬಂಧಿಸಿದೆ. ಮೊತ್ತ ಅಥವಾ ಸೇವೆ ಬಿಡುಗಡೆ ಮಾಡಲು account information ಕೇಳಲಾಗಿದೆ. Account ಸಂಬಂಧಿತ ವಿನಂತಿಗಳಿಗೆ ಈಗಾಗಲೇ ತಿಳಿದಿರುವ ಅಧಿಕೃತ contact channel ಮಾತ್ರ ಬಳಸಿ. ಯಾವುದೇ ಸಮಸ್ಯೆಯಿದ್ದರೆ service providerನ ಅಧಿಕೃತ support option ಬಳಸಿ. ಸೇವೆಯ ಸ್ಥಿತಿಯನ್ನು ನಂತರ ಅಧಿಕೃತ portalನಲ್ಲಿ ಮತ್ತೆ ಪರಿಶೀಲಿಸಬಹುದು.,Kannada,Kannada script,Phishing,OTP / Account Takeover,,Courier-like sender ID,Synthetic,Generated for PhishDetect India research dataset,Strategy: social engineering; no real personal identifiers.
KAN-P-0079,ನಿಮ್ಮ ಖಾತೆಗೆ ಹೊಸ device ಮೂಲಕ login ಪ್ರಯತ್ನ ದಾಖಲಾಗಿದೆ. ಈಗ ನೀಡಿರುವ verification ಹಂತವನ್ನು ಪೂರ್ಣಗೊಳಿಸಿ. ಯಾವುದೇ ಸಮಸ್ಯೆಯಿದ್ದರೆ service providerನ ಅಧಿಕೃತ support option ಬಳಸಿ. ಸೇವೆಯ ಸ್ಥಿತಿಯನ್ನು ನಂತರ ಅಧಿಕೃತ portalನಲ್ಲಿ ಮತ್ತೆ ಪರಿಶೀಲಿಸಬಹುದು. ಈ ಮಾಹಿತಿಯಲ್ಲಿರುವ ಸೇವಾ ವಿವರಗಳನ್ನು ನಿಮ್ಮ ಅಧಿಕೃತ accountನಲ್ಲಿ ಪರಿಶೀಲಿಸಬಹುದು. ಯಾವುದೇ payment ಅಥವಾ identity action ಮಾಡುವ ಮೊದಲು ಅಧಿಕೃತ ಮಾಹಿತಿಯನ್ನು ಹೋಲಿಸಿ ನೋಡಿ.,Kannada,Kannada script,Phishing,OTP / Account Takeover,,Government-service-like sender ID,Synthetic,Generated for PhishDetect India research dataset,Strategy: job lure; no real personal identifiers.
KAN-P-0080,ಮೊಬೈಲ್ ಪರಿಶೀಲನೆ ವಿನಂತಿ ಇನ್ನೂ ಪೂರ್ಣಗೊಂಡಿಲ್ಲ. ಇಂದಿನ review window ಮುಗಿಯುವ ಮೊದಲು ಈ ಪ್ರಕ್ರಿಯೆ ಪೂರ್ಣಗೊಳ್ಳಬೇಕು. ಉಲ್ಲೇಖ: [REF_ID]. hxxp://secure-check.example/verify ಸೇವೆಯ ಸ್ಥಿತಿಯನ್ನು ನಂತರ ಅಧಿಕೃತ portalನಲ್ಲಿ ಮತ್ತೆ ಪರಿಶೀಲಿಸಬಹುದು. ಈ ಮಾಹಿತಿಯಲ್ಲಿರುವ ಸೇವಾ ವಿವರಗಳನ್ನು ನಿಮ್ಮ ಅಧಿಕೃತ accountನಲ್ಲಿ ಪರಿಶೀಲಿಸಬಹುದು. ಯಾವುದೇ payment ಅಥವಾ identity action ಮಾಡುವ ಮೊದಲು ಅಧಿಕೃತ ಮಾಹಿತಿಯನ್ನು ಹೋಲಿಸಿ ನೋಡಿ.,Kannada,Kannada script,Phishing,OTP / Account Takeover,hxxp://secure-check.example/verify,Merchant-like sender ID,Synthetic,Generated for PhishDetect India research dataset,Strategy: delivery lure; no real personal identifiers.
KAN-P-0081,ನಿಮ್ಮ profileಗೆ security confirmation ಬೇಕಾಗಿದೆ. ಪರಿಶೀಲನೆ ವಿಫಲವಾದರೆ ಮುಂದಿನ ಸೇವೆಯನ್ನು ನಿಲ್ಲಿಸುವ ಎಚ್ಚರಿಕೆ ನೀಡಲಾಗಿದೆ. ಕೇಳಲಾದ ಮೊತ್ತ ₹1240. https://account-review.example/confirm ಈ ಮಾಹಿತಿಯಲ್ಲಿರುವ ಸೇವಾ ವಿವರಗಳನ್ನು ನಿಮ್ಮ ಅಧಿಕೃತ accountನಲ್ಲಿ ಪರಿಶೀಲಿಸಬಹುದು. ಯಾವುದೇ payment ಅಥವಾ identity action ಮಾಡುವ ಮೊದಲು ಅಧಿಕೃತ ಮಾಹಿತಿಯನ್ನು ಹೋಲಿಸಿ ನೋಡಿ. ಸಂಬಂಧಿತ service history ನಿಮ್ಮ official app ಅಥವಾ portalನಲ್ಲಿ ಪ್ರತ್ಯೇಕವಾಗಿ ಕಾಣಬಹುದು.,Kannada,Kannada script,Phishing,OTP / Account Takeover,https://account-review.example/confirm,Generic numeric sender,Synthetic,Generated for PhishDetect India research dataset,Strategy: urgency; no real personal identifiers.
KAN-P-0082,"ದಯವಿಟ್ಟು ಗಮನಿಸಿ — ಹೊಸ ಸಾಧನದಿಂದ ಖಾತೆ ಪ್ರವೇಶಿಸುವ ಪ್ರಯತ್ನ ಕಂಡುಬಂದಿದೆ. Security team ಹೆಸರಿನಲ್ಲಿ ತಕ್ಷಣ ಪ್ರತಿಕ್ರಿಯಿಸಲು ಸೂಚಿಸಲಾಗಿದೆ. http://kyc-alert.example/update ಯಾವುದೇ payment ಅಥವಾ identity action ಮಾಡುವ ಮೊದಲು ಅಧಿಕೃತ ಮಾಹಿತಿಯನ್ನು ಹೋಲಿಸಿ ನೋಡಿ. ಸಂಬಂಧಿತ service history ನಿಮ್ಮ official app ಅಥವಾ portalನಲ್ಲಿ ಪ್ರತ್ಯೇಕವಾಗಿ ಕಾಣಬಹುದು. ಸಂದೇಶದಲ್ಲಿರುವ ಸಮಯ, ಮೊತ್ತ ಮತ್ತು reference ವಿವರಗಳು service recordನಲ್ಲಿ ಕಾಣಿಸಬಹುದು.",Kannada,Kannada script,Phishing,OTP / Account Takeover,http://kyc-alert.example/update,Short code,Synthetic,Generated for PhishDetect India research dataset,Strategy: fear; no real personal identifiers.
KAN-P-0083,"ಸೂಚನೆ: ನಿಮ್ಮ login sessionಗೆ ಹೆಚ್ಚುವರಿ ದೃಢೀಕರಣ ಕೇಳಲಾಗಿದೆ. ಸೂಚಿಸಿದ page ತೆರೆಯಿ ಮತ್ತು ಕೇಳಲಾದ ಮಾಹಿತಿಯನ್ನು ನಮೂದಿಸಿ. https://upi-support.example/resolve ಸಂಬಂಧಿತ service history ನಿಮ್ಮ official app ಅಥವಾ portalನಲ್ಲಿ ಪ್ರತ್ಯೇಕವಾಗಿ ಕಾಣಬಹುದು. ಸಂದೇಶದಲ್ಲಿರುವ ಸಮಯ, ಮೊತ್ತ ಮತ್ತು reference ವಿವರಗಳು service recordನಲ್ಲಿ ಕಾಣಿಸಬಹುದು. ನಿಮ್ಮ ಸಾಮಾನ್ಯ transaction record ಜೊತೆ ಈ ಸೂಚನೆಯನ್ನು ಪರಿಶೀಲಿಸುವುದು ಉಪಯುಕ್ತ.",Kannada,Kannada script,Phishing,OTP / Account Takeover,https://upi-support.example/resolve,Unknown sender,Synthetic,Generated for PhishDetect India research dataset,Strategy: reward; no real personal identifiers.
KAN-P-0084,"account recovery ವಿನಂತಿಯೊಂದು ನಿಮ್ಮ ಸಂಖ್ಯೆಗೆ ಸಂಬಂಧಿಸಿದೆ. ಸ್ಥಿತಿಯನ್ನು ಪರಿಶೀಲಿಸಿ ಮುಂದುವರಿಯಲು link ಬಳಸಿ ಎಂದು ಸೂಚಿಸಲಾಗಿದೆ. https://parcel-status.example/address ಸಂದೇಶದಲ್ಲಿರುವ ಸಮಯ, ಮೊತ್ತ ಮತ್ತು reference ವಿವರಗಳು service recordನಲ್ಲಿ ಕಾಣಿಸಬಹುದು. ನಿಮ್ಮ ಸಾಮಾನ್ಯ transaction record ಜೊತೆ ಈ ಸೂಚನೆಯನ್ನು ಪರಿಶೀಲಿಸುವುದು ಉಪಯುಕ್ತ. Account ಸಂಬಂಧಿತ ವಿನಂತಿಗಳಿಗೆ ಈಗಾಗಲೇ ತಿಳಿದಿರುವ ಅಧಿಕೃತ contact channel ಮಾತ್ರ ಬಳಸಿ.",Kannada,Kannada + English code-switching,Phishing,OTP / Account Takeover,https://parcel-status.example/address,Bank-like sender ID,Synthetic,Generated for PhishDetect India research dataset,Strategy: refund; no real personal identifiers.
KAN-P-0085,ನಿಮ್ಮ ಖಾತೆಗೆ ಹೊಸ device ಮೂಲಕ login ಪ್ರಯತ್ನ ದಾಖಲಾಗಿದೆ. ವಿನಂತಿಯನ್ನು active ಇರಿಸಲು ತಕ್ಷಣ action ತೆಗೆದುಕೊಳ್ಳಿ ಎಂದು ತಿಳಿಸಲಾಗಿದೆ. ಕೇಳಲಾದ ಮೊತ್ತ ₹850. http://reward-center.example/claim,Kannada,Kannada script,Phishing,OTP / Account Takeover,http://reward-center.example/claim,Telecom-like sender ID,Synthetic,Generated for PhishDetect India research dataset,Strategy: curiosity; no real personal identifiers.
KAN-P-0086,ಮೊಬೈಲ್ ಪರಿಶೀಲನೆ ವಿನಂತಿ ಇನ್ನೂ ಪೂರ್ಣಗೊಂಡಿಲ್ಲ. ಸೇವೆ ಸೀಮಿತಗೊಳ್ಳುವ ಮೊದಲು ಖಾತೆಯನ್ನು ದೃಢೀಕರಿಸಿ. https://job-selection.example/document Account ಸಂಬಂಧಿತ ವಿನಂತಿಗಳಿಗೆ ಈಗಾಗಲೇ ತಿಳಿದಿರುವ ಅಧಿಕೃತ contact channel ಮಾತ್ರ ಬಳಸಿ. ಯಾವುದೇ ಸಮಸ್ಯೆಯಿದ್ದರೆ service providerನ ಅಧಿಕೃತ support option ಬಳಸಿ. ಸೇವೆಯ ಸ್ಥಿತಿಯನ್ನು ನಂತರ ಅಧಿಕೃತ portalನಲ್ಲಿ ಮತ್ತೆ ಪರಿಶೀಲಿಸಬಹುದು. ಈ ಮಾಹಿತಿಯಲ್ಲಿರುವ ಸೇವಾ ವಿವರಗಳನ್ನು ನಿಮ್ಮ ಅಧಿಕೃತ accountನಲ್ಲಿ ಪರಿಶೀಲಿಸಬಹುದು.,Kannada,Kannada script,Phishing,OTP / Account Takeover,https://job-selection.example/document,Courier-like sender ID,Synthetic,Generated for PhishDetect India research dataset,Strategy: authority impersonation; no real personal identifiers.
KAN-P-0087,Nimma profileಗೆ security confirmation ಬೇಕಾಗಿದೆ. ಈ activity ನಿಮ್ಮದಾಗಿರದಿದ್ದರೆ identity check ಪೂರ್ಣಗೊಳಿಸಿ. ಉಲ್ಲೇಖ: [REF_ID]. https://card-security.example/review ಯಾವುದೇ ಸಮಸ್ಯೆಯಿದ್ದರೆ service providerನ ಅಧಿಕೃತ support option ಬಳಸಿ. ಸೇವೆಯ ಸ್ಥಿತಿಯನ್ನು ನಂತರ ಅಧಿಕೃತ portalನಲ್ಲಿ ಮತ್ತೆ ಪರಿಶೀಲಿಸಬಹುದು. ಈ ಮಾಹಿತಿಯಲ್ಲಿರುವ ಸೇವಾ ವಿವರಗಳನ್ನು ನಿಮ್ಮ ಅಧಿಕೃತ accountನಲ್ಲಿ ಪರಿಶೀಲಿಸಬಹುದು. ಯಾವುದೇ payment ಅಥವಾ identity action ಮಾಡುವ ಮೊದಲು ಅಧಿಕೃತ ಮಾಹಿತಿಯನ್ನು ಹೋಲಿಸಿ ನೋಡಿ.,Kannada,Romanized Kannada (small minority),Phishing,OTP / Account Takeover,https://card-security.example/review,Government-service-like sender ID,Synthetic,Generated for PhishDetect India research dataset,Strategy: threat; no real personal identifiers.
KAN-P-0088,ಸೂಚನೆ: ಹೊಸ ಸಾಧನದಿಂದ ಖಾತೆ ಪ್ರವೇಶಿಸುವ ಪ್ರಯತ್ನ ಕಂಡುಬಂದಿದೆ. ಮೊತ್ತ ಅಥವಾ ಸೇವೆ ಬಿಡುಗಡೆ ಮಾಡಲು account information ಕೇಳಲಾಗಿದೆ. http://utility-notice.example/pay ಸೇವೆಯ ಸ್ಥಿತಿಯನ್ನು ನಂತರ ಅಧಿಕೃತ portalನಲ್ಲಿ ಮತ್ತೆ ಪರಿಶೀಲಿಸಬಹುದು. ಈ ಮಾಹಿತಿಯಲ್ಲಿರುವ ಸೇವಾ ವಿವರಗಳನ್ನು ನಿಮ್ಮ ಅಧಿಕೃತ accountನಲ್ಲಿ ಪರಿಶೀಲಿಸಬಹುದು. ಯಾವುದೇ payment ಅಥವಾ identity action ಮಾಡುವ ಮೊದಲು ಅಧಿಕೃತ ಮಾಹಿತಿಯನ್ನು ಹೋಲಿಸಿ ನೋಡಿ.,Kannada,Kannada script,Phishing,OTP / Account Takeover,http://utility-notice.example/pay,Merchant-like sender ID,Synthetic,Generated for PhishDetect India research dataset,Strategy: social engineering; no real personal identifiers.
KAN-P-0089,ನಿಮ್ಮ login sessionಗೆ ಹೆಚ್ಚುವರಿ ದೃಢೀಕರಣ ಕೇಳಲಾಗಿದೆ. ಈಗ ನೀಡಿರುವ verification ಹಂತವನ್ನು ಪೂರ್ಣಗೊಳಿಸಿ. ಕೇಳಲಾದ ಮೊತ್ತ ₹499. https://profile-access.example/recover ಈ ಮಾಹಿತಿಯಲ್ಲಿರುವ ಸೇವಾ ವಿವರಗಳನ್ನು ನಿಮ್ಮ ಅಧಿಕೃತ accountನಲ್ಲಿ ಪರಿಶೀಲಿಸಬಹುದು. ಯಾವುದೇ payment ಅಥವಾ identity action ಮಾಡುವ ಮೊದಲು ಅಧಿಕೃತ ಮಾಹಿತಿಯನ್ನು ಹೋಲಿಸಿ ನೋಡಿ. ಸಂಬಂಧಿತ service history ನಿಮ್ಮ official app ಅಥವಾ portalನಲ್ಲಿ ಪ್ರತ್ಯೇಕವಾಗಿ ಕಾಣಬಹುದು.,Kannada,Kannada script,Phishing,OTP / Account Takeover,https://profile-access.example/recover,Generic numeric sender,Synthetic,Generated for PhishDetect India research dataset,Strategy: job lure; no real personal identifiers.
KAN-P-0090,"ಖಾತೆ recovery ವಿನಂತಿಯೊಂದು ನಿಮ್ಮ ಸಂಖ್ಯೆಗೆ ಸಂಬಂಧಿಸಿದೆ. ಇಂದಿನ review window ಮುಗಿಯುವ ಮೊದಲು ಈ ಪ್ರಕ್ರಿಯೆ ಪೂರ್ಣಗೊಳ್ಳಬೇಕು. hxxp://secure-check.example/verify ಯಾವುದೇ payment ಅಥವಾ identity action ಮಾಡುವ ಮೊದಲು ಅಧಿಕೃತ ಮಾಹಿತಿಯನ್ನು ಹೋಲಿಸಿ ನೋಡಿ. ಸಂಬಂಧಿತ service history ನಿಮ್ಮ official app ಅಥವಾ portalನಲ್ಲಿ ಪ್ರತ್ಯೇಕವಾಗಿ ಕಾಣಬಹುದು. ಸಂದೇಶದಲ್ಲಿರುವ ಸಮಯ, ಮೊತ್ತ ಮತ್ತು reference ವಿವರಗಳು service recordನಲ್ಲಿ ಕಾಣಿಸಬಹುದು.",Kannada,Kannada script,Phishing,OTP / Account Takeover,hxxp://secure-check.example/verify,Short code,Synthetic,Generated for PhishDetect India research dataset,Strategy: delivery lure; no real personal identifiers.
KAN-P-0091,"ದಯವಿಟ್ಟು ಗಮನಿಸಿ — ನಿಮ್ಮ accountಗೆ ಹೊಸ device ಮೂಲಕ login ಪ್ರಯತ್ನ ದಾಖಲಾಗಿದೆ. verification ವಿಫಲವಾದರೆ ಮುಂದಿನ ಸೇವೆಯನ್ನು ನಿಲ್ಲಿಸುವ ಎಚ್ಚರಿಕೆ ನೀಡಲಾಗಿದೆ. ಸಂಬಂಧಿತ service history ನಿಮ್ಮ official app ಅಥವಾ portalನಲ್ಲಿ ಪ್ರತ್ಯೇಕವಾಗಿ ಕಾಣಬಹುದು. ಸಂದೇಶದಲ್ಲಿರುವ ಸಮಯ, ಮೊತ್ತ ಮತ್ತು reference ವಿವರಗಳು service recordನಲ್ಲಿ ಕಾಣಿಸಬಹುದು. ನಿಮ್ಮ ಸಾಮಾನ್ಯ transaction record ಜೊತೆ ಈ ಸೂಚನೆಯನ್ನು ಪರಿಶೀಲಿಸುವುದು ಉಪಯುಕ್ತ.",Kannada,Kannada + English code-switching,Phishing,OTP / Account Takeover,,Unknown sender,Synthetic,Generated for PhishDetect India research dataset,Strategy: urgency; no real personal identifiers.
KAN-P-0092,"ಮೊಬೈಲ್ ಪರಿಶೀಲನೆ ವಿನಂತಿ ಇನ್ನೂ ಪೂರ್ಣಗೊಂಡಿಲ್ಲ. Security team ಹೆಸರಿನಲ್ಲಿ ತಕ್ಷಣ ಪ್ರತಿಕ್ರಿಯಿಸಲು ಸೂಚಿಸಲಾಗಿದೆ. ಸಂದೇಶದಲ್ಲಿರುವ ಸಮಯ, ಮೊತ್ತ ಮತ್ತು reference ವಿವರಗಳು service recordನಲ್ಲಿ ಕಾಣಿಸಬಹುದು. ನಿಮ್ಮ ಸಾಮಾನ್ಯ transaction record ಜೊತೆ ಈ ಸೂಚನೆಯನ್ನು ಪರಿಶೀಲಿಸುವುದು ಉಪಯುಕ್ತ. Account ಸಂಬಂಧಿತ ವಿನಂತಿಗಳಿಗೆ ಈಗಾಗಲೇ ತಿಳಿದಿರುವ ಅಧಿಕೃತ contact channel ಮಾತ್ರ ಬಳಸಿ. ಯಾವುದೇ ಸಮಸ್ಯೆಯಿದ್ದರೆ service providerನ ಅಧಿಕೃತ support option ಬಳಸಿ.",Kannada,Kannada script,Phishing,OTP / Account Takeover,,Bank-like sender ID,Synthetic,Generated for PhishDetect India research dataset,Strategy: fear; no real personal identifiers.
KAN-P-0093,ಸೂಚನೆ: ನಿಮ್ಮ profileಗೆ security confirmation ಬೇಕಾಗಿದೆ. ಸೂಚಿಸಿದ page ತೆರೆಯಿ ಮತ್ತು ಕೇಳಲಾದ ಮಾಹಿತಿಯನ್ನು ನಮೂದಿಸಿ. ಕೇಳಲಾದ ಮೊತ್ತ ₹249. ನಿಮ್ಮ ಸಾಮಾನ್ಯ transaction record ಜೊತೆ ಈ ಸೂಚನೆಯನ್ನು ಪರಿಶೀಲಿಸುವುದು ಉಪಯುಕ್ತ. Account ಸಂಬಂಧಿತ ವಿನಂತಿಗಳಿಗೆ ಈಗಾಗಲೇ ತಿಳಿದಿರುವ ಅಧಿಕೃತ contact channel ಮಾತ್ರ ಬಳಸಿ. ಯಾವುದೇ ಸಮಸ್ಯೆಯಿದ್ದರೆ service providerನ ಅಧಿಕೃತ support option ಬಳಸಿ.,Kannada,Kannada script,Phishing,OTP / Account Takeover,,Telecom-like sender ID,Synthetic,Generated for PhishDetect India research dataset,Strategy: reward; no real personal identifiers.
KAN-P-0094,ಹೊಸ ಸಾಧನದಿಂದ ಖಾತೆ ಪ್ರವೇಶಿಸುವ ಪ್ರಯತ್ನ ಕಂಡುಬಂದಿದೆ. ಸ್ಥಿತಿಯನ್ನು ಪರಿಶೀಲಿಸಿ ಮುಂದುವರಿಯಲು link ಬಳಸಿ ಎಂದು ಸೂಚಿಸಲಾಗಿದೆ. ಉಲ್ಲೇಖ: [REF_ID]. Account ಸಂಬಂಧಿತ ವಿನಂತಿಗಳಿಗೆ ಈಗಾಗಲೇ ತಿಳಿದಿರುವ ಅಧಿಕೃತ contact channel ಮಾತ್ರ ಬಳಸಿ. ಯಾವುದೇ ಸಮಸ್ಯೆಯಿದ್ದರೆ service providerನ ಅಧಿಕೃತ support option ಬಳಸಿ. ಸೇವೆಯ ಸ್ಥಿತಿಯನ್ನು ನಂತರ ಅಧಿಕೃತ portalನಲ್ಲಿ ಮತ್ತೆ ಪರಿಶೀಲಿಸಬಹುದು.,Kannada,Kannada script,Phishing,OTP / Account Takeover,,Courier-like sender ID,Synthetic,Generated for PhishDetect India research dataset,Strategy: refund; no real personal identifiers.
KAN-P-0095,ನಿಮ್ಮ login sessionಗೆ ಹೆಚ್ಚುವರಿ ದೃಢೀಕರಣ ಕೇಳಲಾಗಿದೆ. ವಿನಂತಿಯನ್ನು active ಇರಿಸಲು ತಕ್ಷಣ action ತೆಗೆದುಕೊಳ್ಳಿ ಎಂದು ತಿಳಿಸಲಾಗಿದೆ. ಯಾವುದೇ ಸಮಸ್ಯೆಯಿದ್ದರೆ service providerನ ಅಧಿಕೃತ support option ಬಳಸಿ. ಸೇವೆಯ ಸ್ಥಿತಿಯನ್ನು ನಂತರ ಅಧಿಕೃತ portalನಲ್ಲಿ ಮತ್ತೆ ಪರಿಶೀಲಿಸಬಹುದು. ಈ ಮಾಹಿತಿಯಲ್ಲಿರುವ ಸೇವಾ ವಿವರಗಳನ್ನು ನಿಮ್ಮ ಅಧಿಕೃತ accountನಲ್ಲಿ ಪರಿಶೀಲಿಸಬಹುದು. ಯಾವುದೇ payment ಅಥವಾ identity action ಮಾಡುವ ಮೊದಲು ಅಧಿಕೃತ ಮಾಹಿತಿಯನ್ನು ಹೋಲಿಸಿ ನೋಡಿ.,Kannada,Kannada script,Phishing,OTP / Account Takeover,,Government-service-like sender ID,Synthetic,Generated for PhishDetect India research dataset,Strategy: curiosity; no real personal identifiers.
KAN-P-0096,ಖಾತೆ recovery ವಿನಂತಿಯೊಂದು ನಿಮ್ಮ ಸಂಖ್ಯೆಗೆ ಸಂಬಂಧಿಸಿದೆ. ಸೇವೆ ಸೀಮಿತಗೊಳ್ಳುವ ಮೊದಲು ಖಾತೆಯನ್ನು ದೃಢೀಕರಿಸಿ. ಸೇವೆಯ ಸ್ಥಿತಿಯನ್ನು ನಂತರ ಅಧಿಕೃತ portalನಲ್ಲಿ ಮತ್ತೆ ಪರಿಶೀಲಿಸಬಹುದು. ಈ ಮಾಹಿತಿಯಲ್ಲಿರುವ ಸೇವಾ ವಿವರಗಳನ್ನು ನಿಮ್ಮ ಅಧಿಕೃತ accountನಲ್ಲಿ ಪರಿಶೀಲಿಸಬಹುದು. ಯಾವುದೇ payment ಅಥವಾ identity action ಮಾಡುವ ಮೊದಲು ಅಧಿಕೃತ ಮಾಹಿತಿಯನ್ನು ಹೋಲಿಸಿ ನೋಡಿ. ಸಂಬಂಧಿತ service history ನಿಮ್ಮ official app ಅಥವಾ portalನಲ್ಲಿ ಪ್ರತ್ಯೇಕವಾಗಿ ಕಾಣಬಹುದು.,Kannada,Kannada script,Phishing,OTP / Account Takeover,,Merchant-like sender ID,Synthetic,Generated for PhishDetect India research dataset,Strategy: authority impersonation; no real personal identifiers.
KAN-P-0097,ನಿಮ್ಮ ಖಾತೆಗೆ ಹೊಸ device ಮೂಲಕ login ಪ್ರಯತ್ನ ದಾಖಲಾಗಿದೆ. ಈ activity ನಿಮ್ಮದಾಗಿರದಿದ್ದರೆ identity check ಪೂರ್ಣಗೊಳಿಸಿ. ಕೇಳಲಾದ ಮೊತ್ತ ₹1999. ಈ ಮಾಹಿತಿಯಲ್ಲಿರುವ ಸೇವಾ ವಿವರಗಳನ್ನು ನಿಮ್ಮ ಅಧಿಕೃತ accountನಲ್ಲಿ ಪರಿಶೀಲಿಸಬಹುದು. ಯಾವುದೇ payment ಅಥವಾ identity action ಮಾಡುವ ಮೊದಲು ಅಧಿಕೃತ ಮಾಹಿತಿಯನ್ನು ಹೋಲಿಸಿ ನೋಡಿ. ಸಂಬಂಧಿತ service history ನಿಮ್ಮ official app ಅಥವಾ portalನಲ್ಲಿ ಪ್ರತ್ಯೇಕವಾಗಿ ಕಾಣಬಹುದು.,Kannada,Kannada script,Phishing,OTP / Account Takeover,,Generic numeric sender,Synthetic,Generated for PhishDetect India research dataset,Strategy: threat; no real personal identifiers.
KAN-P-0098,"ಸೂಚನೆ: ಮೊಬೈಲ್ verification ವಿನಂತಿ ಇನ್ನೂ ಪೂರ್ಣಗೊಂಡಿಲ್ಲ. ಮೊತ್ತ ಅಥವಾ ಸೇವೆ ಬಿಡುಗಡೆ ಮಾಡಲು account information ಕೇಳಲಾಗಿದೆ. ಯಾವುದೇ payment ಅಥವಾ identity action ಮಾಡುವ ಮೊದಲು ಅಧಿಕೃತ ಮಾಹಿತಿಯನ್ನು ಹೋಲಿಸಿ ನೋಡಿ. ಸಂಬಂಧಿತ service history ನಿಮ್ಮ official app ಅಥವಾ portalನಲ್ಲಿ ಪ್ರತ್ಯೇಕವಾಗಿ ಕಾಣಬಹುದು. ಸಂದೇಶದಲ್ಲಿರುವ ಸಮಯ, ಮೊತ್ತ ಮತ್ತು reference ವಿವರಗಳು service recordನಲ್ಲಿ ಕಾಣಿಸಬಹುದು.",Kannada,Kannada + English code-switching,Phishing,OTP / Account Takeover,,Short code,Synthetic,Generated for PhishDetect India research dataset,Strategy: social engineering; no real personal identifiers.
KAN-P-0099,"ನಿಮ್ಮ profileಗೆ security confirmation ಬೇಕಾಗಿದೆ. ಈಗ ನೀಡಿರುವ verification ಹಂತವನ್ನು ಪೂರ್ಣಗೊಳಿಸಿ. ಸಂಬಂಧಿತ service history ನಿಮ್ಮ official app ಅಥವಾ portalನಲ್ಲಿ ಪ್ರತ್ಯೇಕವಾಗಿ ಕಾಣಬಹುದು. ಸಂದೇಶದಲ್ಲಿರುವ ಸಮಯ, ಮೊತ್ತ ಮತ್ತು reference ವಿವರಗಳು service recordನಲ್ಲಿ ಕಾಣಿಸಬಹುದು. ನಿಮ್ಮ ಸಾಮಾನ್ಯ transaction record ಜೊತೆ ಈ ಸೂಚನೆಯನ್ನು ಪರಿಶೀಲಿಸುವುದು ಉಪಯುಕ್ತ. Account ಸಂಬಂಧಿತ ವಿನಂತಿಗಳಿಗೆ ಈಗಾಗಲೇ ತಿಳಿದಿರುವ ಅಧಿಕೃತ contact channel ಮಾತ್ರ ಬಳಸಿ.",Kannada,Kannada script,Phishing,OTP / Account Takeover,,Unknown sender,Synthetic,Generated for PhishDetect India research dataset,Strategy: job lure; no real personal identifiers.
KAN-P-0100,"ಸೂಚನೆ: ನಿಮ್ಮ ಕಾರ್ಡ್ ದಾಖಲೆಗಳಲ್ಲಿ security review ಬಾಕಿಯಿದೆ. Security team ಹೆಸರಿನಲ್ಲಿ ತಕ್ಷಣ ಪ್ರತಿಕ್ರಿಯಿಸಲು ಸೂಚಿಸಲಾಗಿದೆ. ಕೇಳಲಾದ ಮೊತ್ತ ₹249. hxxp://secure-check.example/verify ಸಂದೇಶದಲ್ಲಿರುವ ಸಮಯ, ಮೊತ್ತ ಮತ್ತು reference ವಿವರಗಳು service recordನಲ್ಲಿ ಕಾಣಿಸಬಹುದು. ನಿಮ್ಮ ಸಾಮಾನ್ಯ transaction record ಜೊತೆ ಈ ಸೂಚನೆಯನ್ನು ಪರಿಶೀಲಿಸುವುದು ಉಪಯುಕ್ತ. Account ಸಂಬಂಧಿತ ವಿನಂತಿಗಳಿಗೆ ಈಗಾಗಲೇ ತಿಳಿದಿರುವ ಅಧಿಕೃತ contact channel ಮಾತ್ರ ಬಳಸಿ.",Kannada,Kannada script,Phishing,Credit / Debit Card,hxxp://secure-check.example/verify,Bank-like sender ID,Synthetic,Generated for PhishDetect India research dataset,Strategy: delivery lure; no real personal identifiers.
KAN-P-0101,ನಿಮ್ಮ ಕಾರ್ಡ್ profileನಲ್ಲಿ ಅಸಾಮಾನ್ಯ ಬದಲಾವಣೆ ಗುರುತಿಸಲಾಗಿದೆ. ಸೂಚಿಸಿದ page ತೆರೆಯಿ ಮತ್ತು ಕೇಳಲಾದ ಮಾಹಿತಿಯನ್ನು ನಮೂದಿಸಿ. https://account-review.example/confirm ನಿಮ್ಮ ಸಾಮಾನ್ಯ transaction record ಜೊತೆ ಈ ಸೂಚನೆಯನ್ನು ಪರಿಶೀಲಿಸುವುದು ಉಪಯುಕ್ತ. Account ಸಂಬಂಧಿತ ವಿನಂತಿಗಳಿಗೆ ಈಗಾಗಲೇ ತಿಳಿದಿರುವ ಅಧಿಕೃತ contact channel ಮಾತ್ರ ಬಳಸಿ. ಯಾವುದೇ ಸಮಸ್ಯೆಯಿದ್ದರೆ service providerನ ಅಧಿಕೃತ support option ಬಳಸಿ.,Kannada,Kannada script,Phishing,Credit / Debit Card,https://account-review.example/confirm,Telecom-like sender ID,Synthetic,Generated for PhishDetect India research dataset,Strategy: urgency; no real personal identifiers.
KAN-P-0102,ಡೆಬಿಟ್ ಕಾರ್ಡ್‌ನ online ಸೇವೆಗೆ ಮರುದೃಢೀಕರಣ ಅಗತ್ಯವಿದೆ. ಸ್ಥಿತಿಯನ್ನು ಪರಿಶೀಲಿಸಿ ಮುಂದುವರಿಯಲು link ಬಳಸಿ ಎಂದು ಸೂಚಿಸಲಾಗಿದೆ. http://kyc-alert.example/update Account ಸಂಬಂಧಿತ ವಿನಂತಿಗಳಿಗೆ ಈಗಾಗಲೇ ತಿಳಿದಿರುವ ಅಧಿಕೃತ contact channel ಮಾತ್ರ ಬಳಸಿ. ಯಾವುದೇ ಸಮಸ್ಯೆಯಿದ್ದರೆ service providerನ ಅಧಿಕೃತ support option ಬಳಸಿ. ಸೇವೆಯ ಸ್ಥಿತಿಯನ್ನು ನಂತರ ಅಧಿಕೃತ portalನಲ್ಲಿ ಮತ್ತೆ ಪರಿಶೀಲಿಸಬಹುದು. ಈ ಮಾಹಿತಿಯಲ್ಲಿರುವ ಸೇವಾ ವಿವರಗಳನ್ನು ನಿಮ್ಮ ಅಧಿಕೃತ accountನಲ್ಲಿ ಪರಿಶೀಲಿಸಬಹುದು.,Kannada,Kannada script,Phishing,Credit / Debit Card,http://kyc-alert.example/update,Courier-like sender ID,Synthetic,Generated for PhishDetect India research dataset,Strategy: fear; no real personal identifiers.
KAN-P-0103,ಕಾರ್ಡ್ verification ಪ್ರಕ್ರಿಯೆ ಪೂರ್ಣಗೊಂಡಿಲ್ಲ. ವಿನಂತಿಯನ್ನು active ಇರಿಸಲು ತಕ್ಷಣ action ತೆಗೆದುಕೊಳ್ಳಿ ಎಂದು ತಿಳಿಸಲಾಗಿದೆ. https://upi-support.example/resolve ಯಾವುದೇ ಸಮಸ್ಯೆಯಿದ್ದರೆ service providerನ ಅಧಿಕೃತ support option ಬಳಸಿ. ಸೇವೆಯ ಸ್ಥಿತಿಯನ್ನು ನಂತರ ಅಧಿಕೃತ portalನಲ್ಲಿ ಮತ್ತೆ ಪರಿಶೀಲಿಸಬಹುದು. ಈ ಮಾಹಿತಿಯಲ್ಲಿರುವ ಸೇವಾ ವಿವರಗಳನ್ನು ನಿಮ್ಮ ಅಧಿಕೃತ accountನಲ್ಲಿ ಪರಿಶೀಲಿಸಬಹುದು. ಯಾವುದೇ payment ಅಥವಾ identity action ಮಾಡುವ ಮೊದಲು ಅಧಿಕೃತ ಮಾಹಿತಿಯನ್ನು ಹೋಲಿಸಿ ನೋಡಿ.,Kannada,Kannada script,Phishing,Credit / Debit Card,https://upi-support.example/resolve,Government-service-like sender ID,Synthetic,Generated for PhishDetect India research dataset,Strategy: reward; no real personal identifiers.
KAN-P-0104,ನಿಮ್ಮ ಕಾರ್ಡ್‌ನಲ್ಲಿ ಅನುಮಾನಾಸ್ಪದ payment ಪ್ರಯತ್ನ ದಾಖಲಾಗಿದೆ. ಸೇವೆ ಸೀಮಿತಗೊಳ್ಳುವ ಮೊದಲು ಖಾತೆಯನ್ನು ದೃಢೀಕರಿಸಿ. ಕೇಳಲಾದ ಮೊತ್ತ ₹1999. https://parcel-status.example/address ಸೇವೆಯ ಸ್ಥಿತಿಯನ್ನು ನಂತರ ಅಧಿಕೃತ portalನಲ್ಲಿ ಮತ್ತೆ ಪರಿಶೀಲಿಸಬಹುದು. ಈ ಮಾಹಿತಿಯಲ್ಲಿರುವ ಸೇವಾ ವಿವರಗಳನ್ನು ನಿಮ್ಮ ಅಧಿಕೃತ accountನಲ್ಲಿ ಪರಿಶೀಲಿಸಬಹುದು. ಯಾವುದೇ payment ಅಥವಾ identity action ಮಾಡುವ ಮೊದಲು ಅಧಿಕೃತ ಮಾಹಿತಿಯನ್ನು ಹೋಲಿಸಿ ನೋಡಿ.,Kannada,Kannada script,Phishing,Credit / Debit Card,https://parcel-status.example/address,Merchant-like sender ID,Synthetic,Generated for PhishDetect India research dataset,Strategy: refund; no real personal identifiers.
KAN-P-0105,ಸೂಚನೆ: ನಿಮ್ಮ ಕಾರ್ಡ್ profileಗೆ security check ಬಾಕಿಯಿದೆ. ಈ activity ನಿಮ್ಮದಾಗಿರದಿದ್ದರೆ identity check ಪೂರ್ಣಗೊಳಿಸಿ. http://reward-center.example/claim ಈ ಮಾಹಿತಿಯಲ್ಲಿರುವ ಸೇವಾ ವಿವರಗಳನ್ನು ನಿಮ್ಮ ಅಧಿಕೃತ accountನಲ್ಲಿ ಪರಿಶೀಲಿಸಬಹುದು. ಯಾವುದೇ payment ಅಥವಾ identity action ಮಾಡುವ ಮೊದಲು ಅಧಿಕೃತ ಮಾಹಿತಿಯನ್ನು ಹೋಲಿಸಿ ನೋಡಿ. ಸಂಬಂಧಿತ service history ನಿಮ್ಮ official app ಅಥವಾ portalನಲ್ಲಿ ಪ್ರತ್ಯೇಕವಾಗಿ ಕಾಣಬಹುದು.,Kannada,Kannada + English code-switching,Phishing,Credit / Debit Card,http://reward-center.example/claim,Generic numeric sender,Synthetic,Generated for PhishDetect India research dataset,Strategy: curiosity; no real personal identifiers.
KAN-P-0106,"ನಿಮ್ಮ ಕಾರ್ಡ್ ದಾಖಲೆಗಳಲ್ಲಿ security review ಬಾಕಿಯಿದೆ. ಮೊತ್ತ ಅಥವಾ ಸೇವೆ ಬಿಡುಗಡೆ ಮಾಡಲು account information ಕೇಳಲಾಗಿದೆ. https://job-selection.example/document ಯಾವುದೇ payment ಅಥವಾ identity action ಮಾಡುವ ಮೊದಲು ಅಧಿಕೃತ ಮಾಹಿತಿಯನ್ನು ಹೋಲಿಸಿ ನೋಡಿ. ಸಂಬಂಧಿತ service history ನಿಮ್ಮ official app ಅಥವಾ portalನಲ್ಲಿ ಪ್ರತ್ಯೇಕವಾಗಿ ಕಾಣಬಹುದು. ಸಂದೇಶದಲ್ಲಿರುವ ಸಮಯ, ಮೊತ್ತ ಮತ್ತು reference ವಿವರಗಳು service recordನಲ್ಲಿ ಕಾಣಿಸಬಹುದು.",Kannada,Kannada script,Phishing,Credit / Debit Card,https://job-selection.example/document,Short code,Synthetic,Generated for PhishDetect India research dataset,Strategy: authority impersonation; no real personal identifiers.
KAN-P-0107,"ನಿಮ್ಮ ಕಾರ್ಡ್ profileನಲ್ಲಿ ಅಸಾಮಾನ್ಯ ಬದಲಾವಣೆ ಗುರುತಿಸಲಾಗಿದೆ. ಈಗ ನೀಡಿರುವ verification ಹಂತವನ್ನು ಪೂರ್ಣಗೊಳಿಸಿ. ಉಲ್ಲೇಖ: [REF_ID]. https://card-security.example/review ಸಂಬಂಧಿತ service history ನಿಮ್ಮ official app ಅಥವಾ portalನಲ್ಲಿ ಪ್ರತ್ಯೇಕವಾಗಿ ಕಾಣಬಹುದು. ಸಂದೇಶದಲ್ಲಿರುವ ಸಮಯ, ಮೊತ್ತ ಮತ್ತು reference ವಿವರಗಳು service recordನಲ್ಲಿ ಕಾಣಿಸಬಹುದು. ನಿಮ್ಮ ಸಾಮಾನ್ಯ transaction record ಜೊತೆ ಈ ಸೂಚನೆಯನ್ನು ಪರಿಶೀಲಿಸುವುದು ಉಪಯುಕ್ತ.",Kannada,Kannada script,Phishing,Credit / Debit Card,https://card-security.example/review,Unknown sender,Synthetic,Generated for PhishDetect India research dataset,Strategy: threat; no real personal identifiers.
KAN-P-0108,"ಡೆಬಿಟ್ ಕಾರ್ಡ್‌ನ online ಸೇವೆಗೆ ಮರುದೃಢೀಕರಣ ಅಗತ್ಯವಿದೆ. ಇಂದಿನ review window ಮುಗಿಯುವ ಮೊದಲು ಈ ಪ್ರಕ್ರಿಯೆ ಪೂರ್ಣಗೊಳ್ಳಬೇಕು. ಕೇಳಲಾದ ಮೊತ್ತ ₹1240. http://utility-notice.example/pay ಸಂದೇಶದಲ್ಲಿರುವ ಸಮಯ, ಮೊತ್ತ ಮತ್ತು reference ವಿವರಗಳು service recordನಲ್ಲಿ ಕಾಣಿಸಬಹುದು. ನಿಮ್ಮ ಸಾಮಾನ್ಯ transaction record ಜೊತೆ ಈ ಸೂಚನೆಯನ್ನು ಪರಿಶೀಲಿಸುವುದು ಉಪಯುಕ್ತ. Account ಸಂಬಂಧಿತ ವಿನಂತಿಗಳಿಗೆ ಈಗಾಗಲೇ ತಿಳಿದಿರುವ ಅಧಿಕೃತ contact channel ಮಾತ್ರ ಬಳಸಿ.",Kannada,Kannada script,Phishing,Credit / Debit Card,http://utility-notice.example/pay,Bank-like sender ID,Synthetic,Generated for PhishDetect India research dataset,Strategy: social engineering; no real personal identifiers.
KAN-P-0109,ದಯವಿಟ್ಟು ಗಮನಿಸಿ — ಕಾರ್ಡ್ verification ಪ್ರಕ್ರಿಯೆ ಪೂರ್ಣಗೊಂಡಿಲ್ಲ. ಪರಿಶೀಲನೆ ವಿಫಲವಾದರೆ ಮುಂದಿನ ಸೇವೆಯನ್ನು ನಿಲ್ಲಿಸುವ ಎಚ್ಚರಿಕೆ ನೀಡಲಾಗಿದೆ. https://profile-access.example/recover ನಿಮ್ಮ ಸಾಮಾನ್ಯ transaction record ಜೊತೆ ಈ ಸೂಚನೆಯನ್ನು ಪರಿಶೀಲಿಸುವುದು ಉಪಯುಕ್ತ. Account ಸಂಬಂಧಿತ ವಿನಂತಿಗಳಿಗೆ ಈಗಾಗಲೇ ತಿಳಿದಿರುವ ಅಧಿಕೃತ contact channel ಮಾತ್ರ ಬಳಸಿ. ಯಾವುದೇ ಸಮಸ್ಯೆಯಿದ್ದರೆ service providerನ ಅಧಿಕೃತ support option ಬಳಸಿ.,Kannada,Kannada script,Phishing,Credit / Debit Card,https://profile-access.example/recover,Telecom-like sender ID,Synthetic,Generated for PhishDetect India research dataset,Strategy: job lure; no real personal identifiers.
KAN-P-0110,ಸೂಚನೆ: ನಿಮ್ಮ ಕಾರ್ಡ್‌ನಲ್ಲಿ ಅನುಮಾನಾಸ್ಪದ payment ಪ್ರಯತ್ನ ದಾಖಲಾಗಿದೆ. Security team ಹೆಸರಿನಲ್ಲಿ ತಕ್ಷಣ ಪ್ರತಿಕ್ರಿಯಿಸಲು ಸೂಚಿಸಲಾಗಿದೆ. hxxp://secure-check.example/verify Account ಸಂಬಂಧಿತ ವಿನಂತಿಗಳಿಗೆ ಈಗಾಗಲೇ ತಿಳಿದಿರುವ ಅಧಿಕೃತ contact channel ಮಾತ್ರ ಬಳಸಿ. ಯಾವುದೇ ಸಮಸ್ಯೆಯಿದ್ದರೆ service providerನ ಅಧಿಕೃತ support option ಬಳಸಿ. ಸೇವೆಯ ಸ್ಥಿತಿಯನ್ನು ನಂತರ ಅಧಿಕೃತ portalನಲ್ಲಿ ಮತ್ತೆ ಪರಿಶೀಲಿಸಬಹುದು. ಈ ಮಾಹಿತಿಯಲ್ಲಿರುವ ಸೇವಾ ವಿವರಗಳನ್ನು ನಿಮ್ಮ ಅಧಿಕೃತ accountನಲ್ಲಿ ಪರಿಶೀಲಿಸಬಹುದು.,Kannada,Kannada script,Phishing,Credit / Debit Card,hxxp://secure-check.example/verify,Courier-like sender ID,Synthetic,Generated for PhishDetect India research dataset,Strategy: delivery lure; no real personal identifiers.
KAN-P-0111,ನಿಮ್ಮ ಕಾರ್ಡ್ profileಗೆ security check ಬಾಕಿಯಿದೆ. ಸೂಚಿಸಿದ page ತೆರೆಯಿ ಮತ್ತು ಕೇಳಲಾದ ಮಾಹಿತಿಯನ್ನು ನಮೂದಿಸಿ. ಯಾವುದೇ ಸಮಸ್ಯೆಯಿದ್ದರೆ service providerನ ಅಧಿಕೃತ support option ಬಳಸಿ. ಸೇವೆಯ ಸ್ಥಿತಿಯನ್ನು ನಂತರ ಅಧಿಕೃತ portalನಲ್ಲಿ ಮತ್ತೆ ಪರಿಶೀಲಿಸಬಹುದು. ಈ ಮಾಹಿತಿಯಲ್ಲಿರುವ ಸೇವಾ ವಿವರಗಳನ್ನು ನಿಮ್ಮ ಅಧಿಕೃತ accountನಲ್ಲಿ ಪರಿಶೀಲಿಸಬಹುದು. ಯಾವುದೇ payment ಅಥವಾ identity action ಮಾಡುವ ಮೊದಲು ಅಧಿಕೃತ ಮಾಹಿತಿಯನ್ನು ಹೋಲಿಸಿ ನೋಡಿ.,Kannada,Kannada script,Phishing,Credit / Debit Card,,Government-service-like sender ID,Synthetic,Generated for PhishDetect India research dataset,Strategy: urgency; no real personal identifiers.
KAN-P-0112,ನಿಮ್ಮ ಕಾರ್ಡ್ ದಾಖಲೆಗಳಲ್ಲಿ security review ಬಾಕಿಯಿದೆ. ಸ್ಥಿತಿಯನ್ನು ಪರಿಶೀಲಿಸಿ ಮುಂದುವರಿಯಲು link ಬಳಸಿ ಎಂದು ಸೂಚಿಸಲಾಗಿದೆ. ಕೇಳಲಾದ ಮೊತ್ತ ₹850. ಸೇವೆಯ ಸ್ಥಿತಿಯನ್ನು ನಂತರ ಅಧಿಕೃತ portalನಲ್ಲಿ ಮತ್ತೆ ಪರಿಶೀಲಿಸಬಹುದು. ಈ ಮಾಹಿತಿಯಲ್ಲಿರುವ ಸೇವಾ ವಿವರಗಳನ್ನು ನಿಮ್ಮ ಅಧಿಕೃತ accountನಲ್ಲಿ ಪರಿಶೀಲಿಸಬಹುದು. ಯಾವುದೇ payment ಅಥವಾ identity action ಮಾಡುವ ಮೊದಲು ಅಧಿಕೃತ ಮಾಹಿತಿಯನ್ನು ಹೋಲಿಸಿ ನೋಡಿ.,Kannada,Kannada + English code-switching,Phishing,Credit / Debit Card,,Merchant-like sender ID,Synthetic,Generated for PhishDetect India research dataset,Strategy: fear; no real personal identifiers.
KAN-P-0113,ನಿಮ್ಮ ಕಾರ್ಡ್ profileನಲ್ಲಿ ಅಸಾಮಾನ್ಯ ಬದಲಾವಣೆ ಗುರುತಿಸಲಾಗಿದೆ. ವಿನಂತಿಯನ್ನು active ಇರಿಸಲು ತಕ್ಷಣ action ತೆಗೆದುಕೊಳ್ಳಿ ಎಂದು ತಿಳಿಸಲಾಗಿದೆ. ಈ ಮಾಹಿತಿಯಲ್ಲಿರುವ ಸೇವಾ ವಿವರಗಳನ್ನು ನಿಮ್ಮ ಅಧಿಕೃತ accountನಲ್ಲಿ ಪರಿಶೀಲಿಸಬಹುದು. ಯಾವುದೇ payment ಅಥವಾ identity action ಮಾಡುವ ಮೊದಲು ಅಧಿಕೃತ ಮಾಹಿತಿಯನ್ನು ಹೋಲಿಸಿ ನೋಡಿ. ಸಂಬಂಧಿತ service history ನಿಮ್ಮ official app ಅಥವಾ portalನಲ್ಲಿ ಪ್ರತ್ಯೇಕವಾಗಿ ಕಾಣಬಹುದು.,Kannada,Kannada script,Phishing,Credit / Debit Card,,Generic numeric sender,Synthetic,Generated for PhishDetect India research dataset,Strategy: reward; no real personal identifiers.
KAN-P-0114,"ಡೆಬಿಟ್ ಕಾರ್ಡ್‌ನ online ಸೇವೆಗೆ ಮರುದೃಢೀಕರಣ ಅಗತ್ಯವಿದೆ. ಸೇವೆ ಸೀಮಿತಗೊಳ್ಳುವ ಮೊದಲು ಖಾತೆಯನ್ನು ದೃಢೀಕರಿಸಿ. ಉಲ್ಲೇಖ: [REF_ID]. ಯಾವುದೇ payment ಅಥವಾ identity action ಮಾಡುವ ಮೊದಲು ಅಧಿಕೃತ ಮಾಹಿತಿಯನ್ನು ಹೋಲಿಸಿ ನೋಡಿ. ಸಂಬಂಧಿತ service history ನಿಮ್ಮ official app ಅಥವಾ portalನಲ್ಲಿ ಪ್ರತ್ಯೇಕವಾಗಿ ಕಾಣಬಹುದು. ಸಂದೇಶದಲ್ಲಿರುವ ಸಮಯ, ಮೊತ್ತ ಮತ್ತು reference ವಿವರಗಳು service recordನಲ್ಲಿ ಕಾಣಿಸಬಹುದು.",Kannada,Kannada script,Phishing,Credit / Debit Card,,Short code,Synthetic,Generated for PhishDetect India research dataset,Strategy: refund; no real personal identifiers.
KAN-P-0115,"ಸೂಚನೆ: ಕಾರ್ಡ್ verification ಪ್ರಕ್ರಿಯೆ ಪೂರ್ಣಗೊಂಡಿಲ್ಲ. ಈ activity ನಿಮ್ಮದಾಗಿರದಿದ್ದರೆ identity check ಪೂರ್ಣಗೊಳಿಸಿ. ಸಂಬಂಧಿತ service history ನಿಮ್ಮ official app ಅಥವಾ portalನಲ್ಲಿ ಪ್ರತ್ಯೇಕವಾಗಿ ಕಾಣಬಹುದು. ಸಂದೇಶದಲ್ಲಿರುವ ಸಮಯ, ಮೊತ್ತ ಮತ್ತು reference ವಿವರಗಳು service recordನಲ್ಲಿ ಕಾಣಿಸಬಹುದು. ನಿಮ್ಮ ಸಾಮಾನ್ಯ transaction record ಜೊತೆ ಈ ಸೂಚನೆಯನ್ನು ಪರಿಶೀಲಿಸುವುದು ಉಪಯುಕ್ತ. Account ಸಂಬಂಧಿತ ವಿನಂತಿಗಳಿಗೆ ಈಗಾಗಲೇ ತಿಳಿದಿರುವ ಅಧಿಕೃತ contact channel ಮಾತ್ರ ಬಳಸಿ.",Kannada,Kannada script,Phishing,Credit / Debit Card,,Unknown sender,Synthetic,Generated for PhishDetect India research dataset,Strategy: curiosity; no real personal identifiers.
KAN-P-0116,"Nimma ಕಾರ್ಡ್‌ನಲ್ಲಿ ಅನುಮಾನಾಸ್ಪದ payment ಪ್ರಯತ್ನ ದಾಖಲಾಗಿದೆ. ಮೊತ್ತ ಅಥವಾ ಸೇವೆ ಬಿಡುಗಡೆ ಮಾಡಲು account information ಕೇಳಲಾಗಿದೆ. ಕೇಳಲಾದ ಮೊತ್ತ ₹499. ಸಂದೇಶದಲ್ಲಿರುವ ಸಮಯ, ಮೊತ್ತ ಮತ್ತು reference ವಿವರಗಳು service recordನಲ್ಲಿ ಕಾಣಿಸಬಹುದು. ನಿಮ್ಮ ಸಾಮಾನ್ಯ transaction record ಜೊತೆ ಈ ಸೂಚನೆಯನ್ನು ಪರಿಶೀಲಿಸುವುದು ಉಪಯುಕ್ತ. Account ಸಂಬಂಧಿತ ವಿನಂತಿಗಳಿಗೆ ಈಗಾಗಲೇ ತಿಳಿದಿರುವ ಅಧಿಕೃತ contact channel ಮಾತ್ರ ಬಳಸಿ.",Kannada,Romanized Kannada (small minority),Phishing,Credit / Debit Card,,Bank-like sender ID,Synthetic,Generated for PhishDetect India research dataset,Strategy: authority impersonation; no real personal identifiers.
KAN-P-0117,ನಿಮ್ಮ ಕಾರ್ಡ್ profileಗೆ security check ಬಾಕಿಯಿದೆ. ಈಗ ನೀಡಿರುವ verification ಹಂತವನ್ನು ಪೂರ್ಣಗೊಳಿಸಿ. ನಿಮ್ಮ ಸಾಮಾನ್ಯ transaction record ಜೊತೆ ಈ ಸೂಚನೆಯನ್ನು ಪರಿಶೀಲಿಸುವುದು ಉಪಯುಕ್ತ. Account ಸಂಬಂಧಿತ ವಿನಂತಿಗಳಿಗೆ ಈಗಾಗಲೇ ತಿಳಿದಿರುವ ಅಧಿಕೃತ contact channel ಮಾತ್ರ ಬಳಸಿ. ಯಾವುದೇ ಸಮಸ್ಯೆಯಿದ್ದರೆ service providerನ ಅಧಿಕೃತ support option ಬಳಸಿ. ಸೇವೆಯ ಸ್ಥಿತಿಯನ್ನು ನಂತರ ಅಧಿಕೃತ portalನಲ್ಲಿ ಮತ್ತೆ ಪರಿಶೀಲಿಸಬಹುದು.,Kannada,Kannada script,Phishing,Credit / Debit Card,,Telecom-like sender ID,Synthetic,Generated for PhishDetect India research dataset,Strategy: threat; no real personal identifiers.
KAN-P-0118,ದಯವಿಟ್ಟು ಗಮನಿಸಿ — ನಿಮ್ಮ ಕಾರ್ಡ್ ದಾಖಲೆಗಳಲ್ಲಿ security review ಬಾಕಿಯಿದೆ. ಇಂದಿನ review window ಮುಗಿಯುವ ಮೊದಲು ಈ ಪ್ರಕ್ರಿಯೆ ಪೂರ್ಣಗೊಳ್ಳಬೇಕು. Account ಸಂಬಂಧಿತ ವಿನಂತಿಗಳಿಗೆ ಈಗಾಗಲೇ ತಿಳಿದಿರುವ ಅಧಿಕೃತ contact channel ಮಾತ್ರ ಬಳಸಿ. ಯಾವುದೇ ಸಮಸ್ಯೆಯಿದ್ದರೆ service providerನ ಅಧಿಕೃತ support option ಬಳಸಿ. ಸೇವೆಯ ಸ್ಥಿತಿಯನ್ನು ನಂತರ ಅಧಿಕೃತ portalನಲ್ಲಿ ಮತ್ತೆ ಪರಿಶೀಲಿಸಬಹುದು.,Kannada,Kannada script,Phishing,Credit / Debit Card,,Courier-like sender ID,Synthetic,Generated for PhishDetect India research dataset,Strategy: social engineering; no real personal identifiers.
KAN-P-0119,ನಿಮ್ಮ ಕಾರ್ಡ್ profileನಲ್ಲಿ ಅಸಾಮಾನ್ಯ ಬದಲಾವಣೆ ಗುರುತಿಸಲಾಗಿದೆ. verification ವಿಫಲವಾದರೆ ಮುಂದಿನ ಸೇವೆಯನ್ನು ನಿಲ್ಲಿಸುವ ಎಚ್ಚರಿಕೆ ನೀಡಲಾಗಿದೆ. ಯಾವುದೇ ಸಮಸ್ಯೆಯಿದ್ದರೆ service providerನ ಅಧಿಕೃತ support option ಬಳಸಿ. ಸೇವೆಯ ಸ್ಥಿತಿಯನ್ನು ನಂತರ ಅಧಿಕೃತ portalನಲ್ಲಿ ಮತ್ತೆ ಪರಿಶೀಲಿಸಬಹುದು. ಈ ಮಾಹಿತಿಯಲ್ಲಿರುವ ಸೇವಾ ವಿವರಗಳನ್ನು ನಿಮ್ಮ ಅಧಿಕೃತ accountನಲ್ಲಿ ಪರಿಶೀಲಿಸಬಹುದು. ಯಾವುದೇ payment ಅಥವಾ identity action ಮಾಡುವ ಮೊದಲು ಅಧಿಕೃತ ಮಾಹಿತಿಯನ್ನು ಹೋಲಿಸಿ ನೋಡಿ.,Kannada,Kannada + English code-switching,Phishing,Credit / Debit Card,,Government-service-like sender ID,Synthetic,Generated for PhishDetect India research dataset,Strategy: job lure; no real personal identifiers.
KAN-P-0120,ಸೂಚನೆ: ಡೆಬಿಟ್ ಕಾರ್ಡ್‌ನ online ಸೇವೆಗೆ ಮರುದೃಢೀಕರಣ ಅಗತ್ಯವಿದೆ. Security team ಹೆಸರಿನಲ್ಲಿ ತಕ್ಷಣ ಪ್ರತಿಕ್ರಿಯಿಸಲು ಸೂಚಿಸಲಾಗಿದೆ. ಕೇಳಲಾದ ಮೊತ್ತ ₹249. hxxp://secure-check.example/verify ಸೇವೆಯ ಸ್ಥಿತಿಯನ್ನು ನಂತರ ಅಧಿಕೃತ portalನಲ್ಲಿ ಮತ್ತೆ ಪರಿಶೀಲಿಸಬಹುದು. ಈ ಮಾಹಿತಿಯಲ್ಲಿರುವ ಸೇವಾ ವಿವರಗಳನ್ನು ನಿಮ್ಮ ಅಧಿಕೃತ accountನಲ್ಲಿ ಪರಿಶೀಲಿಸಬಹುದು. ಯಾವುದೇ payment ಅಥವಾ identity action ಮಾಡುವ ಮೊದಲು ಅಧಿಕೃತ ಮಾಹಿತಿಯನ್ನು ಹೋಲಿಸಿ ನೋಡಿ.,Kannada,Kannada script,Phishing,Credit / Debit Card,hxxp://secure-check.example/verify,Merchant-like sender ID,Synthetic,Generated for PhishDetect India research dataset,Strategy: delivery lure; no real personal identifiers.
KAN-P-0121,ಕಾರ್ಡ್ verification ಪ್ರಕ್ರಿಯೆ ಪೂರ್ಣಗೊಂಡಿಲ್ಲ. ಸೂಚಿಸಿದ page ತೆರೆಯಿ ಮತ್ತು ಕೇಳಲಾದ ಮಾಹಿತಿಯನ್ನು ನಮೂದಿಸಿ. ಉಲ್ಲೇಖ: [REF_ID]. https://account-review.example/confirm ಈ ಮಾಹಿತಿಯಲ್ಲಿರುವ ಸೇವಾ ವಿವರಗಳನ್ನು ನಿಮ್ಮ ಅಧಿಕೃತ accountನಲ್ಲಿ ಪರಿಶೀಲಿಸಬಹುದು. ಯಾವುದೇ payment ಅಥವಾ identity action ಮಾಡುವ ಮೊದಲು ಅಧಿಕೃತ ಮಾಹಿತಿಯನ್ನು ಹೋಲಿಸಿ ನೋಡಿ. ಸಂಬಂಧಿತ service history ನಿಮ್ಮ official app ಅಥವಾ portalನಲ್ಲಿ ಪ್ರತ್ಯೇಕವಾಗಿ ಕಾಣಬಹುದು.,Kannada,Kannada script,Phishing,Credit / Debit Card,https://account-review.example/confirm,Generic numeric sender,Synthetic,Generated for PhishDetect India research dataset,Strategy: urgency; no real personal identifiers.
KAN-P-0122,"ನಿಮ್ಮ ಕಾರ್ಡ್‌ನಲ್ಲಿ ಅನುಮಾನಾಸ್ಪದ payment ಪ್ರಯತ್ನ ದಾಖಲಾಗಿದೆ. ಸ್ಥಿತಿಯನ್ನು ಪರಿಶೀಲಿಸಿ ಮುಂದುವರಿಯಲು link ಬಳಸಿ ಎಂದು ಸೂಚಿಸಲಾಗಿದೆ. http://kyc-alert.example/update ಯಾವುದೇ payment ಅಥವಾ identity action ಮಾಡುವ ಮೊದಲು ಅಧಿಕೃತ ಮಾಹಿತಿಯನ್ನು ಹೋಲಿಸಿ ನೋಡಿ. ಸಂಬಂಧಿತ service history ನಿಮ್ಮ official app ಅಥವಾ portalನಲ್ಲಿ ಪ್ರತ್ಯೇಕವಾಗಿ ಕಾಣಬಹುದು. ಸಂದೇಶದಲ್ಲಿರುವ ಸಮಯ, ಮೊತ್ತ ಮತ್ತು reference ವಿವರಗಳು service recordನಲ್ಲಿ ಕಾಣಿಸಬಹುದು.",Kannada,Kannada script,Phishing,Credit / Debit Card,http://kyc-alert.example/update,Short code,Synthetic,Generated for PhishDetect India research dataset,Strategy: fear; no real personal identifiers.
KAN-P-0123,"ಸೂಚನೆ: ನಿಮ್ಮ ಆಧಾರ್-ಲಿಂಕ್ ಸೇವೆಯ ದಾಖಲೆಗಳಲ್ಲಿ ಮರುಪರಿಶೀಲನೆ ಅಗತ್ಯವಿದೆ. ಇಂದಿನ review window ಮುಗಿಯುವ ಮೊದಲು ಈ ಪ್ರಕ್ರಿಯೆ ಪೂರ್ಣಗೊಳ್ಳಬೇಕು. ಕೇಳಲಾದ ಮೊತ್ತ ₹249. https://upi-support.example/resolve ಸಂಬಂಧಿತ service history ನಿಮ್ಮ official app ಅಥವಾ portalನಲ್ಲಿ ಪ್ರತ್ಯೇಕವಾಗಿ ಕಾಣಬಹುದು. ಸಂದೇಶದಲ್ಲಿರುವ ಸಮಯ, ಮೊತ್ತ ಮತ್ತು reference ವಿವರಗಳು service recordನಲ್ಲಿ ಕಾಣಿಸಬಹುದು. ನಿಮ್ಮ ಸಾಮಾನ್ಯ transaction record ಜೊತೆ ಈ ಸೂಚನೆಯನ್ನು ಪರಿಶೀಲಿಸುವುದು ಉಪಯುಕ್ತ.",Kannada,Kannada script,Phishing,Aadhaar / DigiLocker / Government,https://upi-support.example/resolve,Unknown sender,Synthetic,Generated for PhishDetect India research dataset,Strategy: refund; no real personal identifiers.
KAN-P-0124,"DigiLocker profileನಲ್ಲಿ identity check ಬಾಕಿಯಿದೆ. ಪರಿಶೀಲನೆ ವಿಫಲವಾದರೆ ಮುಂದಿನ ಸೇವೆಯನ್ನು ನಿಲ್ಲಿಸುವ ಎಚ್ಚರಿಕೆ ನೀಡಲಾಗಿದೆ. https://parcel-status.example/address ಸಂದೇಶದಲ್ಲಿರುವ ಸಮಯ, ಮೊತ್ತ ಮತ್ತು reference ವಿವರಗಳು service recordನಲ್ಲಿ ಕಾಣಿಸಬಹುದು. ನಿಮ್ಮ ಸಾಮಾನ್ಯ transaction record ಜೊತೆ ಈ ಸೂಚನೆಯನ್ನು ಪರಿಶೀಲಿಸುವುದು ಉಪಯುಕ್ತ. Account ಸಂಬಂಧಿತ ವಿನಂತಿಗಳಿಗೆ ಈಗಾಗಲೇ ತಿಳಿದಿರುವ ಅಧಿಕೃತ contact channel ಮಾತ್ರ ಬಳಸಿ.",Kannada,Kannada script,Phishing,Aadhaar / DigiLocker / Government,https://parcel-status.example/address,Bank-like sender ID,Synthetic,Generated for PhishDetect India research dataset,Strategy: curiosity; no real personal identifiers.
KAN-P-0125,ಸರ್ಕಾರಿ ಸೇವಾ ಅರ್ಜಿಗೆ ಹೆಚ್ಚುವರಿ ಗುರುತಿನ ದೃಢೀಕರಣ ಕೇಳಲಾಗಿದೆ. Security team ಹೆಸರಿನಲ್ಲಿ ತಕ್ಷಣ ಪ್ರತಿಕ್ರಿಯಿಸಲು ಸೂಚಿಸಲಾಗಿದೆ. http://reward-center.example/claim ನಿಮ್ಮ ಸಾಮಾನ್ಯ transaction record ಜೊತೆ ಈ ಸೂಚನೆಯನ್ನು ಪರಿಶೀಲಿಸುವುದು ಉಪಯುಕ್ತ. Account ಸಂಬಂಧಿತ ವಿನಂತಿಗಳಿಗೆ ಈಗಾಗಲೇ ತಿಳಿದಿರುವ ಅಧಿಕೃತ contact channel ಮಾತ್ರ ಬಳಸಿ. ಯಾವುದೇ ಸಮಸ್ಯೆಯಿದ್ದರೆ service providerನ ಅಧಿಕೃತ support option ಬಳಸಿ.,Kannada,Kannada script,Phishing,Aadhaar / DigiLocker / Government,http://reward-center.example/claim,Telecom-like sender ID,Synthetic,Generated for PhishDetect India research dataset,Strategy: authority impersonation; no real personal identifiers.
KAN-P-0126,ನಿಮ್ಮ digital document accountಯ ಸ್ಥಿತಿಯನ್ನು ಪರಿಶೀಲಿಸಬೇಕಾಗಿದೆ. ಸೂಚಿಸಿದ page ತೆರೆಯಿ ಮತ್ತು ಕೇಳಲಾದ ಮಾಹಿತಿಯನ್ನು ನಮೂದಿಸಿ. https://job-selection.example/document Account ಸಂಬಂಧಿತ ವಿನಂತಿಗಳಿಗೆ ಈಗಾಗಲೇ ತಿಳಿದಿರುವ ಅಧಿಕೃತ contact channel ಮಾತ್ರ ಬಳಸಿ. ಯಾವುದೇ ಸಮಸ್ಯೆಯಿದ್ದರೆ service providerನ ಅಧಿಕೃತ support option ಬಳಸಿ. ಸೇವೆಯ ಸ್ಥಿತಿಯನ್ನು ನಂತರ ಅಧಿಕೃತ portalನಲ್ಲಿ ಮತ್ತೆ ಪರಿಶೀಲಿಸಬಹುದು. ಈ ಮಾಹಿತಿಯಲ್ಲಿರುವ ಸೇವಾ ವಿವರಗಳನ್ನು ನಿಮ್ಮ ಅಧಿಕೃತ accountನಲ್ಲಿ ಪರಿಶೀಲಿಸಬಹುದು.,Kannada,Kannada + English code-switching,Phishing,Aadhaar / DigiLocker / Government,https://job-selection.example/document,Courier-like sender ID,Synthetic,Generated for PhishDetect India research dataset,Strategy: threat; no real personal identifiers.
KAN-P-0127,ಅಧಿಕೃತ ಸೇವಾ ದಾಖಲೆಯಲ್ಲಿ identity details update ಕೇಳಲಾಗಿದೆ. ಸ್ಥಿತಿಯನ್ನು ಪರಿಶೀಲಿಸಿ ಮುಂದುವರಿಯಲು link ಬಳಸಿ ಎಂದು ಸೂಚಿಸಲಾಗಿದೆ. ಕೇಳಲಾದ ಮೊತ್ತ ₹1999. https://card-security.example/review ಯಾವುದೇ ಸಮಸ್ಯೆಯಿದ್ದರೆ service providerನ ಅಧಿಕೃತ support option ಬಳಸಿ. ಸೇವೆಯ ಸ್ಥಿತಿಯನ್ನು ನಂತರ ಅಧಿಕೃತ portalನಲ್ಲಿ ಮತ್ತೆ ಪರಿಶೀಲಿಸಬಹುದು. ಈ ಮಾಹಿತಿಯಲ್ಲಿರುವ ಸೇವಾ ವಿವರಗಳನ್ನು ನಿಮ್ಮ ಅಧಿಕೃತ accountನಲ್ಲಿ ಪರಿಶೀಲಿಸಬಹುದು.,Kannada,Kannada script,Phishing,Aadhaar / DigiLocker / Government,https://card-security.example/review,Government-service-like sender ID,Synthetic,Generated for PhishDetect India research dataset,Strategy: social engineering; no real personal identifiers.
KAN-P-0128,ಸೂಚನೆ: ನಿಮ್ಮ ಸರ್ಕಾರಿ benefit profile ಪರಿಶೀಲನೆಯ ಸಮಯ ಮುಗಿಯುತ್ತಿದೆ. ವಿನಂತಿಯನ್ನು active ಇರಿಸಲು ತಕ್ಷಣ action ತೆಗೆದುಕೊಳ್ಳಿ ಎಂದು ತಿಳಿಸಲಾಗಿದೆ. http://utility-notice.example/pay ಸೇವೆಯ ಸ್ಥಿತಿಯನ್ನು ನಂತರ ಅಧಿಕೃತ portalನಲ್ಲಿ ಮತ್ತೆ ಪರಿಶೀಲಿಸಬಹುದು. ಈ ಮಾಹಿತಿಯಲ್ಲಿರುವ ಸೇವಾ ವಿವರಗಳನ್ನು ನಿಮ್ಮ ಅಧಿಕೃತ accountನಲ್ಲಿ ಪರಿಶೀಲಿಸಬಹುದು. ಯಾವುದೇ payment ಅಥವಾ identity action ಮಾಡುವ ಮೊದಲು ಅಧಿಕೃತ ಮಾಹಿತಿಯನ್ನು ಹೋಲಿಸಿ ನೋಡಿ.,Kannada,Kannada script,Phishing,Aadhaar / DigiLocker / Government,http://utility-notice.example/pay,Merchant-like sender ID,Synthetic,Generated for PhishDetect India research dataset,Strategy: job lure; no real personal identifiers.
KAN-P-0129,ನಿಮ್ಮ ಆಧಾರ್-ಲಿಂಕ್ ಸೇವೆಯ ದಾಖಲೆಗಳಲ್ಲಿ ಮರುಪರಿಶೀಲನೆ ಅಗತ್ಯವಿದೆ. ಸೇವೆ ಸೀಮಿತಗೊಳ್ಳುವ ಮೊದಲು ಖಾತೆಯನ್ನು ದೃಢೀಕರಿಸಿ. https://profile-access.example/recover ಈ ಮಾಹಿತಿಯಲ್ಲಿರುವ ಸೇವಾ ವಿವರಗಳನ್ನು ನಿಮ್ಮ ಅಧಿಕೃತ accountನಲ್ಲಿ ಪರಿಶೀಲಿಸಬಹುದು. ಯಾವುದೇ payment ಅಥವಾ identity action ಮಾಡುವ ಮೊದಲು ಅಧಿಕೃತ ಮಾಹಿತಿಯನ್ನು ಹೋಲಿಸಿ ನೋಡಿ. ಸಂಬಂಧಿತ service history ನಿಮ್ಮ official app ಅಥವಾ portalನಲ್ಲಿ ಪ್ರತ್ಯೇಕವಾಗಿ ಕಾಣಬಹುದು.,Kannada,Kannada script,Phishing,Aadhaar / DigiLocker / Government,https://profile-access.example/recover,Generic numeric sender,Synthetic,Generated for PhishDetect India research dataset,Strategy: delivery lure; no real personal identifiers.
KAN-P-0130,"DigiLocker profileನಲ್ಲಿ identity check ಬಾಕಿಯಿದೆ. ಈ activity ನಿಮ್ಮದಾಗಿರದಿದ್ದರೆ identity check ಪೂರ್ಣಗೊಳಿಸಿ. ಉಲ್ಲೇಖ: [REF_ID]. hxxp://secure-check.example/verify ಯಾವುದೇ payment ಅಥವಾ identity action ಮಾಡುವ ಮೊದಲು ಅಧಿಕೃತ ಮಾಹಿತಿಯನ್ನು ಹೋಲಿಸಿ ನೋಡಿ. ಸಂಬಂಧಿತ service history ನಿಮ್ಮ official app ಅಥವಾ portalನಲ್ಲಿ ಪ್ರತ್ಯೇಕವಾಗಿ ಕಾಣಬಹುದು. ಸಂದೇಶದಲ್ಲಿರುವ ಸಮಯ, ಮೊತ್ತ ಮತ್ತು reference ವಿವರಗಳು service recordನಲ್ಲಿ ಕಾಣಿಸಬಹುದು.",Kannada,Kannada script,Phishing,Aadhaar / DigiLocker / Government,hxxp://secure-check.example/verify,Short code,Synthetic,Generated for PhishDetect India research dataset,Strategy: urgency; no real personal identifiers.
KAN-P-0131,"ಸರ್ಕಾರಿ ಸೇವಾ ಅರ್ಜಿಗೆ ಹೆಚ್ಚುವರಿ ಗುರುತಿನ ದೃಢೀಕರಣ ಕೇಳಲಾಗಿದೆ. ಮೊತ್ತ ಅಥವಾ ಸೇವೆ ಬಿಡುಗಡೆ ಮಾಡಲು account information ಕೇಳಲಾಗಿದೆ. ಕೇಳಲಾದ ಮೊತ್ತ ₹1240. ಸಂಬಂಧಿತ service history ನಿಮ್ಮ official app ಅಥವಾ portalನಲ್ಲಿ ಪ್ರತ್ಯೇಕವಾಗಿ ಕಾಣಬಹುದು. ಸಂದೇಶದಲ್ಲಿರುವ ಸಮಯ, ಮೊತ್ತ ಮತ್ತು reference ವಿವರಗಳು service recordನಲ್ಲಿ ಕಾಣಿಸಬಹುದು. ನಿಮ್ಮ ಸಾಮಾನ್ಯ transaction record ಜೊತೆ ಈ ಸೂಚನೆಯನ್ನು ಪರಿಶೀಲಿಸುವುದು ಉಪಯುಕ್ತ.",Kannada,Kannada script,Phishing,Aadhaar / DigiLocker / Government,,Unknown sender,Synthetic,Generated for PhishDetect India research dataset,Strategy: fear; no real personal identifiers.
KAN-P-0132,"ದಯವಿಟ್ಟು ಗಮನಿಸಿ — ನಿಮ್ಮ digital document ಖಾತೆಯ ಸ್ಥಿತಿಯನ್ನು ಪರಿಶೀಲಿಸಬೇಕಾಗಿದೆ. ಈಗ ನೀಡಿರುವ verification ಹಂತವನ್ನು ಪೂರ್ಣಗೊಳಿಸಿ. ಸಂದೇಶದಲ್ಲಿರುವ ಸಮಯ, ಮೊತ್ತ ಮತ್ತು reference ವಿವರಗಳು service recordನಲ್ಲಿ ಕಾಣಿಸಬಹುದು. ನಿಮ್ಮ ಸಾಮಾನ್ಯ transaction record ಜೊತೆ ಈ ಸೂಚನೆಯನ್ನು ಪರಿಶೀಲಿಸುವುದು ಉಪಯುಕ್ತ. Account ಸಂಬಂಧಿತ ವಿನಂತಿಗಳಿಗೆ ಈಗಾಗಲೇ ತಿಳಿದಿರುವ ಅಧಿಕೃತ contact channel ಮಾತ್ರ ಬಳಸಿ.",Kannada,Kannada script,Phishing,Aadhaar / DigiLocker / Government,,Bank-like sender ID,Synthetic,Generated for PhishDetect India research dataset,Strategy: reward; no real personal identifiers.
KAN-P-0133,ಸೂಚನೆ: ಅಧಿಕೃತ ಸೇವಾ ದಾಖಲೆಯಲ್ಲಿ identity details update ಕೇಳಲಾಗಿದೆ. ಇಂದಿನ review window ಮುಗಿಯುವ ಮೊದಲು ಈ ಪ್ರಕ್ರಿಯೆ ಪೂರ್ಣಗೊಳ್ಳಬೇಕು. ನಿಮ್ಮ ಸಾಮಾನ್ಯ transaction record ಜೊತೆ ಈ ಸೂಚನೆಯನ್ನು ಪರಿಶೀಲಿಸುವುದು ಉಪಯುಕ್ತ. Account ಸಂಬಂಧಿತ ವಿನಂತಿಗಳಿಗೆ ಈಗಾಗಲೇ ತಿಳಿದಿರುವ ಅಧಿಕೃತ contact channel ಮಾತ್ರ ಬಳಸಿ. ಯಾವುದೇ ಸಮಸ್ಯೆಯಿದ್ದರೆ service providerನ ಅಧಿಕೃತ support option ಬಳಸಿ.,Kannada,Kannada + English code-switching,Phishing,Aadhaar / DigiLocker / Government,,Telecom-like sender ID,Synthetic,Generated for PhishDetect India research dataset,Strategy: refund; no real personal identifiers.
KAN-P-0134,ನಿಮ್ಮ ಸರ್ಕಾರಿ benefit profile ಪರಿಶೀಲನೆಯ ಸಮಯ ಮುಗಿಯುತ್ತಿದೆ. ಪರಿಶೀಲನೆ ವಿಫಲವಾದರೆ ಮುಂದಿನ ಸೇವೆಯನ್ನು ನಿಲ್ಲಿಸುವ ಎಚ್ಚರಿಕೆ ನೀಡಲಾಗಿದೆ. Account ಸಂಬಂಧಿತ ವಿನಂತಿಗಳಿಗೆ ಈಗಾಗಲೇ ತಿಳಿದಿರುವ ಅಧಿಕೃತ contact channel ಮಾತ್ರ ಬಳಸಿ. ಯಾವುದೇ ಸಮಸ್ಯೆಯಿದ್ದರೆ service providerನ ಅಧಿಕೃತ support option ಬಳಸಿ. ಸೇವೆಯ ಸ್ಥಿತಿಯನ್ನು ನಂತರ ಅಧಿಕೃತ portalನಲ್ಲಿ ಮತ್ತೆ ಪರಿಶೀಲಿಸಬಹುದು. ಈ ಮಾಹಿತಿಯಲ್ಲಿರುವ ಸೇವಾ ವಿವರಗಳನ್ನು ನಿಮ್ಮ ಅಧಿಕೃತ accountನಲ್ಲಿ ಪರಿಶೀಲಿಸಬಹುದು.,Kannada,Kannada script,Phishing,Aadhaar / DigiLocker / Government,,Courier-like sender ID,Synthetic,Generated for PhishDetect India research dataset,Strategy: curiosity; no real personal identifiers.
KAN-P-0135,ನಿಮ್ಮ ಆಧಾರ್-ಲಿಂಕ್ ಸೇವೆಯ ದಾಖಲೆಗಳಲ್ಲಿ ಮರುಪರಿಶೀಲನೆ ಅಗತ್ಯವಿದೆ. Security team ಹೆಸರಿನಲ್ಲಿ ತಕ್ಷಣ ಪ್ರತಿಕ್ರಿಯಿಸಲು ಸೂಚಿಸಲಾಗಿದೆ. ಕೇಳಲಾದ ಮೊತ್ತ ₹850. ಯಾವುದೇ ಸಮಸ್ಯೆಯಿದ್ದರೆ service providerನ ಅಧಿಕೃತ support option ಬಳಸಿ. ಸೇವೆಯ ಸ್ಥಿತಿಯನ್ನು ನಂತರ ಅಧಿಕೃತ portalನಲ್ಲಿ ಮತ್ತೆ ಪರಿಶೀಲಿಸಬಹುದು. ಈ ಮಾಹಿತಿಯಲ್ಲಿರುವ ಸೇವಾ ವಿವರಗಳನ್ನು ನಿಮ್ಮ ಅಧಿಕೃತ accountನಲ್ಲಿ ಪರಿಶೀಲಿಸಬಹುದು. ಯಾವುದೇ payment ಅಥವಾ identity action ಮಾಡುವ ಮೊದಲು ಅಧಿಕೃತ ಮಾಹಿತಿಯನ್ನು ಹೋಲಿಸಿ ನೋಡಿ.,Kannada,Kannada script,Phishing,Aadhaar / DigiLocker / Government,,Government-service-like sender ID,Synthetic,Generated for PhishDetect India research dataset,Strategy: authority impersonation; no real personal identifiers.
KAN-P-0136,DigiLocker profileನಲ್ಲಿ identity check ಬಾಕಿಯಿದೆ. ಸೂಚಿಸಿದ page ತೆರೆಯಿ ಮತ್ತು ಕೇಳಲಾದ ಮಾಹಿತಿಯನ್ನು ನಮೂದಿಸಿ. ಸೇವೆಯ ಸ್ಥಿತಿಯನ್ನು ನಂತರ ಅಧಿಕೃತ portalನಲ್ಲಿ ಮತ್ತೆ ಪರಿಶೀಲಿಸಬಹುದು. ಈ ಮಾಹಿತಿಯಲ್ಲಿರುವ ಸೇವಾ ವಿವರಗಳನ್ನು ನಿಮ್ಮ ಅಧಿಕೃತ accountನಲ್ಲಿ ಪರಿಶೀಲಿಸಬಹುದು. ಯಾವುದೇ payment ಅಥವಾ identity action ಮಾಡುವ ಮೊದಲು ಅಧಿಕೃತ ಮಾಹಿತಿಯನ್ನು ಹೋಲಿಸಿ ನೋಡಿ. ಸಂಬಂಧಿತ service history ನಿಮ್ಮ official app ಅಥವಾ portalನಲ್ಲಿ ಪ್ರತ್ಯೇಕವಾಗಿ ಕಾಣಬಹುದು.,Kannada,Kannada script,Phishing,Aadhaar / DigiLocker / Government,,Merchant-like sender ID,Synthetic,Generated for PhishDetect India research dataset,Strategy: threat; no real personal identifiers.
KAN-P-0137,ಸರ್ಕಾರಿ ಸೇವಾ ಅರ್ಜಿಗೆ ಹೆಚ್ಚುವರಿ ಗುರುತಿನ ದೃಢೀಕರಣ ಕೇಳಲಾಗಿದೆ. ಸ್ಥಿತಿಯನ್ನು ಪರಿಶೀಲಿಸಿ ಮುಂದುವರಿಯಲು link ಬಳಸಿ ಎಂದು ಸೂಚಿಸಲಾಗಿದೆ. ಉಲ್ಲೇಖ: [REF_ID]. ಈ ಮಾಹಿತಿಯಲ್ಲಿರುವ ಸೇವಾ ವಿವರಗಳನ್ನು ನಿಮ್ಮ ಅಧಿಕೃತ accountನಲ್ಲಿ ಪರಿಶೀಲಿಸಬಹುದು. ಯಾವುದೇ payment ಅಥವಾ identity action ಮಾಡುವ ಮೊದಲು ಅಧಿಕೃತ ಮಾಹಿತಿಯನ್ನು ಹೋಲಿಸಿ ನೋಡಿ. ಸಂಬಂಧಿತ service history ನಿಮ್ಮ official app ಅಥವಾ portalನಲ್ಲಿ ಪ್ರತ್ಯೇಕವಾಗಿ ಕಾಣಬಹುದು.,Kannada,Kannada script,Phishing,Aadhaar / DigiLocker / Government,,Generic numeric sender,Synthetic,Generated for PhishDetect India research dataset,Strategy: social engineering; no real personal identifiers.
KAN-P-0138,"ಸೂಚನೆ: ನಿಮ್ಮ digital document ಖಾತೆಯ ಸ್ಥಿತಿಯನ್ನು ಪರಿಶೀಲಿಸಬೇಕಾಗಿದೆ. ವಿನಂತಿಯನ್ನು active ಇರಿಸಲು ತಕ್ಷಣ action ತೆಗೆದುಕೊಳ್ಳಿ ಎಂದು ತಿಳಿಸಲಾಗಿದೆ. ಯಾವುದೇ payment ಅಥವಾ identity action ಮಾಡುವ ಮೊದಲು ಅಧಿಕೃತ ಮಾಹಿತಿಯನ್ನು ಹೋಲಿಸಿ ನೋಡಿ. ಸಂಬಂಧಿತ service history ನಿಮ್ಮ official app ಅಥವಾ portalನಲ್ಲಿ ಪ್ರತ್ಯೇಕವಾಗಿ ಕಾಣಬಹುದು. ಸಂದೇಶದಲ್ಲಿರುವ ಸಮಯ, ಮೊತ್ತ ಮತ್ತು reference ವಿವರಗಳು service recordನಲ್ಲಿ ಕಾಣಿಸಬಹುದು.",Kannada,Kannada script,Phishing,Aadhaar / DigiLocker / Government,,Short code,Synthetic,Generated for PhishDetect India research dataset,Strategy: job lure; no real personal identifiers.
KAN-P-0139,"ಅಧಿಕೃತ ಸೇವಾ ದಾಖಲೆಯಲ್ಲಿ identity details update ಕೇಳಲಾಗಿದೆ. ಸೇವೆ ಸೀಮಿತಗೊಳ್ಳುವ ಮೊದಲು ಖಾತೆಯನ್ನು ದೃಢೀಕರಿಸಿ. ಕೇಳಲಾದ ಮೊತ್ತ ₹499. ಸಂಬಂಧಿತ service history ನಿಮ್ಮ official app ಅಥವಾ portalನಲ್ಲಿ ಪ್ರತ್ಯೇಕವಾಗಿ ಕಾಣಬಹುದು. ಸಂದೇಶದಲ್ಲಿರುವ ಸಮಯ, ಮೊತ್ತ ಮತ್ತು reference ವಿವರಗಳು service recordನಲ್ಲಿ ಕಾಣಿಸಬಹುದು. ನಿಮ್ಮ ಸಾಮಾನ್ಯ transaction record ಜೊತೆ ಈ ಸೂಚನೆಯನ್ನು ಪರಿಶೀಲಿಸುವುದು ಉಪಯುಕ್ತ.",Kannada,Kannada script,Phishing,Aadhaar / DigiLocker / Government,,Unknown sender,Synthetic,Generated for PhishDetect India research dataset,Strategy: delivery lure; no real personal identifiers.
KAN-P-0140,"ನಿಮ್ಮ ಸರ್ಕಾರಿ benefit profile verificationಯ ಸಮಯ ಮುಗಿಯುತ್ತಿದೆ. ಈ activity ನಿಮ್ಮದಾಗಿರದಿದ್ದರೆ identity check ಪೂರ್ಣಗೊಳಿಸಿ. hxxp://secure-check.example/verify ಸಂದೇಶದಲ್ಲಿರುವ ಸಮಯ, ಮೊತ್ತ ಮತ್ತು reference ವಿವರಗಳು service recordನಲ್ಲಿ ಕಾಣಿಸಬಹುದು. ನಿಮ್ಮ ಸಾಮಾನ್ಯ transaction record ಜೊತೆ ಈ ಸೂಚನೆಯನ್ನು ಪರಿಶೀಲಿಸುವುದು ಉಪಯುಕ್ತ. Account ಸಂಬಂಧಿತ ವಿನಂತಿಗಳಿಗೆ ಈಗಾಗಲೇ ತಿಳಿದಿರುವ ಅಧಿಕೃತ contact channel ಮಾತ್ರ ಬಳಸಿ.",Kannada,Kannada + English code-switching,Phishing,Aadhaar / DigiLocker / Government,hxxp://secure-check.example/verify,Bank-like sender ID,Synthetic,Generated for PhishDetect India research dataset,Strategy: urgency; no real personal identifiers.
KAN-P-0141,ದಯವಿಟ್ಟು ಗಮನಿಸಿ — ನಿಮ್ಮ ಆಧಾರ್-ಲಿಂಕ್ ಸೇವೆಯ ದಾಖಲೆಗಳಲ್ಲಿ ಮರುಪರಿಶೀಲನೆ ಅಗತ್ಯವಿದೆ. ಮೊತ್ತ ಅಥವಾ ಸೇವೆ ಬಿಡುಗಡೆ ಮಾಡಲು account information ಕೇಳಲಾಗಿದೆ. https://account-review.example/confirm ನಿಮ್ಮ ಸಾಮಾನ್ಯ transaction record ಜೊತೆ ಈ ಸೂಚನೆಯನ್ನು ಪರಿಶೀಲಿಸುವುದು ಉಪಯುಕ್ತ. Account ಸಂಬಂಧಿತ ವಿನಂತಿಗಳಿಗೆ ಈಗಾಗಲೇ ತಿಳಿದಿರುವ ಅಧಿಕೃತ contact channel ಮಾತ್ರ ಬಳಸಿ. ಯಾವುದೇ ಸಮಸ್ಯೆಯಿದ್ದರೆ service providerನ ಅಧಿಕೃತ support option ಬಳಸಿ.,Kannada,Kannada script,Phishing,Aadhaar / DigiLocker / Government,https://account-review.example/confirm,Telecom-like sender ID,Synthetic,Generated for PhishDetect India research dataset,Strategy: fear; no real personal identifiers.
KAN-P-0142,DigiLocker profileನಲ್ಲಿ identity check ಬಾಕಿಯಿದೆ. ಈಗ ನೀಡಿರುವ verification ಹಂತವನ್ನು ಪೂರ್ಣಗೊಳಿಸಿ. http://kyc-alert.example/update Account ಸಂಬಂಧಿತ ವಿನಂತಿಗಳಿಗೆ ಈಗಾಗಲೇ ತಿಳಿದಿರುವ ಅಧಿಕೃತ contact channel ಮಾತ್ರ ಬಳಸಿ. ಯಾವುದೇ ಸಮಸ್ಯೆಯಿದ್ದರೆ service providerನ ಅಧಿಕೃತ support option ಬಳಸಿ. ಸೇವೆಯ ಸ್ಥಿತಿಯನ್ನು ನಂತರ ಅಧಿಕೃತ portalನಲ್ಲಿ ಮತ್ತೆ ಪರಿಶೀಲಿಸಬಹುದು. ಈ ಮಾಹಿತಿಯಲ್ಲಿರುವ ಸೇವಾ ವಿವರಗಳನ್ನು ನಿಮ್ಮ ಅಧಿಕೃತ accountನಲ್ಲಿ ಪರಿಶೀಲಿಸಬಹುದು.,Kannada,Kannada script,Phishing,Aadhaar / DigiLocker / Government,http://kyc-alert.example/update,Courier-like sender ID,Synthetic,Generated for PhishDetect India research dataset,Strategy: reward; no real personal identifiers.
KAN-P-0143,ಸೂಚನೆ: ಸರ್ಕಾರಿ ಸೇವಾ ಅರ್ಜಿಗೆ ಹೆಚ್ಚುವರಿ ಗುರುತಿನ ದೃಢೀಕರಣ ಕೇಳಲಾಗಿದೆ. ಇಂದಿನ review window ಮುಗಿಯುವ ಮೊದಲು ಈ ಪ್ರಕ್ರಿಯೆ ಪೂರ್ಣಗೊಳ್ಳಬೇಕು. ಕೇಳಲಾದ ಮೊತ್ತ ₹249. https://upi-support.example/resolve,Kannada,Kannada script,Phishing,Aadhaar / DigiLocker / Government,https://upi-support.example/resolve,Government-service-like sender ID,Synthetic,Generated for PhishDetect India research dataset,Strategy: refund; no real personal identifiers.
KAN-P-0144,ನಿಮ್ಮ digital document ಖಾತೆಯ ಸ್ಥಿತಿಯನ್ನು ಪರಿಶೀಲಿಸಬೇಕಾಗಿದೆ. ಪರಿಶೀಲನೆ ವಿಫಲವಾದರೆ ಮುಂದಿನ ಸೇವೆಯನ್ನು ನಿಲ್ಲಿಸುವ ಎಚ್ಚರಿಕೆ ನೀಡಲಾಗಿದೆ. ಉಲ್ಲೇಖ: [REF_ID]. https://parcel-status.example/address ಸೇವೆಯ ಸ್ಥಿತಿಯನ್ನು ನಂತರ ಅಧಿಕೃತ portalನಲ್ಲಿ ಮತ್ತೆ ಪರಿಶೀಲಿಸಬಹುದು. ಈ ಮಾಹಿತಿಯಲ್ಲಿರುವ ಸೇವಾ ವಿವರಗಳನ್ನು ನಿಮ್ಮ ಅಧಿಕೃತ accountನಲ್ಲಿ ಪರಿಶೀಲಿಸಬಹುದು. ಯಾವುದೇ payment ಅಥವಾ identity action ಮಾಡುವ ಮೊದಲು ಅಧಿಕೃತ ಮಾಹಿತಿಯನ್ನು ಹೋಲಿಸಿ ನೋಡಿ.,Kannada,Kannada script,Phishing,Aadhaar / DigiLocker / Government,https://parcel-status.example/address,Merchant-like sender ID,Synthetic,Generated for PhishDetect India research dataset,Strategy: curiosity; no real personal identifiers.
KAN-P-0145,ಅಧಿಕೃತ ಸೇವಾ ದಾಖಲೆಯಲ್ಲಿ identity details update ಕೇಳಲಾಗಿದೆ. Security team ಹೆಸರಿನಲ್ಲಿ ತಕ್ಷಣ ಪ್ರತಿಕ್ರಿಯಿಸಲು ಸೂಚಿಸಲಾಗಿದೆ. http://reward-center.example/claim ಈ ಮಾಹಿತಿಯಲ್ಲಿರುವ ಸೇವಾ ವಿವರಗಳನ್ನು ನಿಮ್ಮ ಅಧಿಕೃತ accountನಲ್ಲಿ ಪರಿಶೀಲಿಸಬಹುದು. ಯಾವುದೇ payment ಅಥವಾ identity action ಮಾಡುವ ಮೊದಲು ಅಧಿಕೃತ ಮಾಹಿತಿಯನ್ನು ಹೋಲಿಸಿ ನೋಡಿ. ಸಂಬಂಧಿತ service history ನಿಮ್ಮ official app ಅಥವಾ portalನಲ್ಲಿ ಪ್ರತ್ಯೇಕವಾಗಿ ಕಾಣಬಹುದು.,Kannada,Romanized Kannada (small minority),Phishing,Aadhaar / DigiLocker / Government,http://reward-center.example/claim,Generic numeric sender,Synthetic,Generated for PhishDetect India research dataset,Strategy: authority impersonation; no real personal identifiers.
KAN-P-0146,"ಸೂಚನೆ: ನಿಮ್ಮ parcel delivery ಮಾಹಿತಿಯಲ್ಲಿ ಸಮಸ್ಯೆ ದಾಖಲಾಗಿದೆ. ಪರಿಶೀಲನೆ ವಿಫಲವಾದರೆ ಮುಂದಿನ ಸೇವೆಯನ್ನು ನಿಲ್ಲಿಸುವ ಎಚ್ಚರಿಕೆ ನೀಡಲಾಗಿದೆ. ಕೇಳಲಾದ ಮೊತ್ತ ₹249. https://job-selection.example/document ಯಾವುದೇ payment ಅಥವಾ identity action ಮಾಡುವ ಮೊದಲು ಅಧಿಕೃತ ಮಾಹಿತಿಯನ್ನು ಹೋಲಿಸಿ ನೋಡಿ. ಸಂಬಂಧಿತ service history ನಿಮ್ಮ official app ಅಥವಾ portalನಲ್ಲಿ ಪ್ರತ್ಯೇಕವಾಗಿ ಕಾಣಬಹುದು. ಸಂದೇಶದಲ್ಲಿರುವ ಸಮಯ, ಮೊತ್ತ ಮತ್ತು reference ವಿವರಗಳು service recordನಲ್ಲಿ ಕಾಣಿಸಬಹುದು.",Kannada,Kannada script,Phishing,Courier / Parcel,https://job-selection.example/document,Short code,Synthetic,Generated for PhishDetect India research dataset,Strategy: threat; no real personal identifiers.
KAN-P-0147,"Courier ದಾಖಲೆಯಲ್ಲಿ address confirmation ಬಾಕಿಯಿದೆ. Security team ಹೆಸರಿನಲ್ಲಿ ತಕ್ಷಣ ಪ್ರತಿಕ್ರಿಯಿಸಲು ಸೂಚಿಸಲಾಗಿದೆ. https://card-security.example/review ಸಂಬಂಧಿತ service history ನಿಮ್ಮ official app ಅಥವಾ portalನಲ್ಲಿ ಪ್ರತ್ಯೇಕವಾಗಿ ಕಾಣಬಹುದು. ಸಂದೇಶದಲ್ಲಿರುವ ಸಮಯ, ಮೊತ್ತ ಮತ್ತು reference ವಿವರಗಳು service recordನಲ್ಲಿ ಕಾಣಿಸಬಹುದು. ನಿಮ್ಮ ಸಾಮಾನ್ಯ transaction record ಜೊತೆ ಈ ಸೂಚನೆಯನ್ನು ಪರಿಶೀಲಿಸುವುದು ಉಪಯುಕ್ತ.",Kannada,Kannada + English code-switching,Phishing,Courier / Parcel,https://card-security.example/review,Unknown sender,Synthetic,Generated for PhishDetect India research dataset,Strategy: social engineering; no real personal identifiers.
KAN-P-0148,"ನಿಮ್ಮ package ಸ್ಥಳೀಯ delivery ಕೇಂದ್ರದಲ್ಲಿ hold ಆಗಿದೆ. ಸೂಚಿಸಿದ page ತೆರೆಯಿ ಮತ್ತು ಕೇಳಲಾದ ಮಾಹಿತಿಯನ್ನು ನಮೂದಿಸಿ. http://utility-notice.example/pay ಸಂದೇಶದಲ್ಲಿರುವ ಸಮಯ, ಮೊತ್ತ ಮತ್ತು reference ವಿವರಗಳು service recordನಲ್ಲಿ ಕಾಣಿಸಬಹುದು. ನಿಮ್ಮ ಸಾಮಾನ್ಯ transaction record ಜೊತೆ ಈ ಸೂಚನೆಯನ್ನು ಪರಿಶೀಲಿಸುವುದು ಉಪಯುಕ್ತ. Account ಸಂಬಂಧಿತ ವಿನಂತಿಗಳಿಗೆ ಈಗಾಗಲೇ ತಿಳಿದಿರುವ ಅಧಿಕೃತ contact channel ಮಾತ್ರ ಬಳಸಿ.",Kannada,Kannada script,Phishing,Courier / Parcel,http://utility-notice.example/pay,Bank-like sender ID,Synthetic,Generated for PhishDetect India research dataset,Strategy: job lure; no real personal identifiers.
KAN-P-0149,Delivery requestಗೆ ಹೆಚ್ಚುವರಿ confirmation ಬೇಕಾಗಿದೆ. ಸ್ಥಿತಿಯನ್ನು ಪರಿಶೀಲಿಸಿ ಮುಂದುವರಿಯಲು link ಬಳಸಿ ಎಂದು ಸೂಚಿಸಲಾಗಿದೆ. https://profile-access.example/recover ನಿಮ್ಮ ಸಾಮಾನ್ಯ transaction record ಜೊತೆ ಈ ಸೂಚನೆಯನ್ನು ಪರಿಶೀಲಿಸುವುದು ಉಪಯುಕ್ತ. Account ಸಂಬಂಧಿತ ವಿನಂತಿಗಳಿಗೆ ಈಗಾಗಲೇ ತಿಳಿದಿರುವ ಅಧಿಕೃತ contact channel ಮಾತ್ರ ಬಳಸಿ. ಯಾವುದೇ ಸಮಸ್ಯೆಯಿದ್ದರೆ service providerನ ಅಧಿಕೃತ support option ಬಳಸಿ.,Kannada,Kannada script,Phishing,Courier / Parcel,https://profile-access.example/recover,Telecom-like sender ID,Synthetic,Generated for PhishDetect India research dataset,Strategy: delivery lure; no real personal identifiers.
KAN-P-0150,ನಿಮ್ಮ shipment ಮುಂದಿನ ಹಂತ address verification ಮೇಲೆ ಅವಲಂಬಿತವಾಗಿದೆ. ವಿನಂತಿಯನ್ನು active ಇರಿಸಲು ತಕ್ಷಣ action ತೆಗೆದುಕೊಳ್ಳಿ ಎಂದು ತಿಳಿಸಲಾಗಿದೆ. ಕೇಳಲಾದ ಮೊತ್ತ ₹1999. hxxp://secure-check.example/verify,Kannada,Kannada script,Phishing,Courier / Parcel,hxxp://secure-check.example/verify,Courier-like sender ID,Synthetic,Generated for PhishDetect India research dataset,Strategy: urgency; no real personal identifiers.
KAN-P-0151,ಸೂಚನೆ: Courier systemನಲ್ಲಿ ನಿಮ್ಮ parcel status reviewನಲ್ಲಿ ಇದೆ. ಸೇವೆ ಸೀಮಿತಗೊಳ್ಳುವ ಮೊದಲು ಖಾತೆಯನ್ನು ದೃಢೀಕರಿಸಿ. ಯಾವುದೇ ಸಮಸ್ಯೆಯಿದ್ದರೆ service providerನ ಅಧಿಕೃತ support option ಬಳಸಿ. ಸೇವೆಯ ಸ್ಥಿತಿಯನ್ನು ನಂತರ ಅಧಿಕೃತ portalನಲ್ಲಿ ಮತ್ತೆ ಪರಿಶೀಲಿಸಬಹುದು. ಈ ಮಾಹಿತಿಯಲ್ಲಿರುವ ಸೇವಾ ವಿವರಗಳನ್ನು ನಿಮ್ಮ ಅಧಿಕೃತ accountನಲ್ಲಿ ಪರಿಶೀಲಿಸಬಹುದು. ಯಾವುದೇ payment ಅಥವಾ identity action ಮಾಡುವ ಮೊದಲು ಅಧಿಕೃತ ಮಾಹಿತಿಯನ್ನು ಹೋಲಿಸಿ ನೋಡಿ.,Kannada,Kannada script,Phishing,Courier / Parcel,,Government-service-like sender ID,Synthetic,Generated for PhishDetect India research dataset,Strategy: fear; no real personal identifiers.
KAN-P-0152,ನಿಮ್ಮ parcel delivery ಮಾಹಿತಿಯಲ್ಲಿ ಸಮಸ್ಯೆ ದಾಖಲಾಗಿದೆ. ಈ activity ನಿಮ್ಮದಾಗಿರದಿದ್ದರೆ identity check ಪೂರ್ಣಗೊಳಿಸಿ. ಸೇವೆಯ ಸ್ಥಿತಿಯನ್ನು ನಂತರ ಅಧಿಕೃತ portalನಲ್ಲಿ ಮತ್ತೆ ಪರಿಶೀಲಿಸಬಹುದು. ಈ ಮಾಹಿತಿಯಲ್ಲಿರುವ ಸೇವಾ ವಿವರಗಳನ್ನು ನಿಮ್ಮ ಅಧಿಕೃತ accountನಲ್ಲಿ ಪರಿಶೀಲಿಸಬಹುದು. ಯಾವುದೇ payment ಅಥವಾ identity action ಮಾಡುವ ಮೊದಲು ಅಧಿಕೃತ ಮಾಹಿತಿಯನ್ನು ಹೋಲಿಸಿ ನೋಡಿ. ಸಂಬಂಧಿತ service history ನಿಮ್ಮ official app ಅಥವಾ portalನಲ್ಲಿ ಪ್ರತ್ಯೇಕವಾಗಿ ಕಾಣಬಹುದು.,Kannada,Kannada script,Phishing,Courier / Parcel,,Merchant-like sender ID,Synthetic,Generated for PhishDetect India research dataset,Strategy: reward; no real personal identifiers.
KAN-P-0153,Courier ದಾಖಲೆಯಲ್ಲಿ address confirmation ಬಾಕಿಯಿದೆ. ಮೊತ್ತ ಅಥವಾ ಸೇವೆ ಬಿಡುಗಡೆ ಮಾಡಲು account information ಕೇಳಲಾಗಿದೆ. ಉಲ್ಲೇಖ: [REF_ID]. ಈ ಮಾಹಿತಿಯಲ್ಲಿರುವ ಸೇವಾ ವಿವರಗಳನ್ನು ನಿಮ್ಮ ಅಧಿಕೃತ accountನಲ್ಲಿ ಪರಿಶೀಲಿಸಬಹುದು. ಯಾವುದೇ payment ಅಥವಾ identity action ಮಾಡುವ ಮೊದಲು ಅಧಿಕೃತ ಮಾಹಿತಿಯನ್ನು ಹೋಲಿಸಿ ನೋಡಿ. ಸಂಬಂಧಿತ service history ನಿಮ್ಮ official app ಅಥವಾ portalನಲ್ಲಿ ಪ್ರತ್ಯೇಕವಾಗಿ ಕಾಣಬಹುದು.,Kannada,Kannada script,Phishing,Courier / Parcel,,Generic numeric sender,Synthetic,Generated for PhishDetect India research dataset,Strategy: refund; no real personal identifiers.
KAN-P-0154,"ನಿಮ್ಮ package ಸ್ಥಳೀಯ delivery ಕೇಂದ್ರದಲ್ಲಿ hold ಆಗಿದೆ. ಈಗ ನೀಡಿರುವ verification ಹಂತವನ್ನು ಪೂರ್ಣಗೊಳಿಸಿ. ಕೇಳಲಾದ ಮೊತ್ತ ₹1240. ಯಾವುದೇ payment ಅಥವಾ identity action ಮಾಡುವ ಮೊದಲು ಅಧಿಕೃತ ಮಾಹಿತಿಯನ್ನು ಹೋಲಿಸಿ ನೋಡಿ. ಸಂಬಂಧಿತ service history ನಿಮ್ಮ official app ಅಥವಾ portalನಲ್ಲಿ ಪ್ರತ್ಯೇಕವಾಗಿ ಕಾಣಬಹುದು. ಸಂದೇಶದಲ್ಲಿರುವ ಸಮಯ, ಮೊತ್ತ ಮತ್ತು reference ವಿವರಗಳು service recordನಲ್ಲಿ ಕಾಣಿಸಬಹುದು.",Kannada,Kannada + English code-switching,Phishing,Courier / Parcel,,Short code,Synthetic,Generated for PhishDetect India research dataset,Strategy: curiosity; no real personal identifiers.
KAN-P-0155,"ದಯವಿಟ್ಟು ಗಮನಿಸಿ — Delivery requestಗೆ ಹೆಚ್ಚುವರಿ confirmation ಬೇಕಾಗಿದೆ. ಇಂದಿನ review window ಮುಗಿಯುವ ಮೊದಲು ಈ ಪ್ರಕ್ರಿಯೆ ಪೂರ್ಣಗೊಳ್ಳಬೇಕು. ಸಂಬಂಧಿತ service history ನಿಮ್ಮ official app ಅಥವಾ portalನಲ್ಲಿ ಪ್ರತ್ಯೇಕವಾಗಿ ಕಾಣಬಹುದು. ಸಂದೇಶದಲ್ಲಿರುವ ಸಮಯ, ಮೊತ್ತ ಮತ್ತು reference ವಿವರಗಳು service recordನಲ್ಲಿ ಕಾಣಿಸಬಹುದು. ನಿಮ್ಮ ಸಾಮಾನ್ಯ transaction record ಜೊತೆ ಈ ಸೂಚನೆಯನ್ನು ಪರಿಶೀಲಿಸುವುದು ಉಪಯುಕ್ತ.",Kannada,Kannada script,Phishing,Courier / Parcel,,Unknown sender,Synthetic,Generated for PhishDetect India research dataset,Strategy: authority impersonation; no real personal identifiers.
KAN-P-0156,"ಸೂಚನೆ: ನಿಮ್ಮ shipment ಮುಂದಿನ ಹಂತ address verification ಮೇಲೆ ಅವಲಂಬಿತವಾಗಿದೆ. ಪರಿಶೀಲನೆ ವಿಫಲವಾದರೆ ಮುಂದಿನ ಸೇವೆಯನ್ನು ನಿಲ್ಲಿಸುವ ಎಚ್ಚರಿಕೆ ನೀಡಲಾಗಿದೆ. ಸಂದೇಶದಲ್ಲಿರುವ ಸಮಯ, ಮೊತ್ತ ಮತ್ತು reference ವಿವರಗಳು service recordನಲ್ಲಿ ಕಾಣಿಸಬಹುದು. ನಿಮ್ಮ ಸಾಮಾನ್ಯ transaction record ಜೊತೆ ಈ ಸೂಚನೆಯನ್ನು ಪರಿಶೀಲಿಸುವುದು ಉಪಯುಕ್ತ. Account ಸಂಬಂಧಿತ ವಿನಂತಿಗಳಿಗೆ ಈಗಾಗಲೇ ತಿಳಿದಿರುವ ಅಧಿಕೃತ contact channel ಮಾತ್ರ ಬಳಸಿ.",Kannada,Kannada script,Phishing,Courier / Parcel,,Bank-like sender ID,Synthetic,Generated for PhishDetect India research dataset,Strategy: threat; no real personal identifiers.
KAN-P-0157,Courier systemನಲ್ಲಿ ನಿಮ್ಮ parcel status reviewನಲ್ಲಿ ಇದೆ. Security team ಹೆಸರಿನಲ್ಲಿ ತಕ್ಷಣ ಪ್ರತಿಕ್ರಿಯಿಸಲು ಸೂಚಿಸಲಾಗಿದೆ. ನಿಮ್ಮ ಸಾಮಾನ್ಯ transaction record ಜೊತೆ ಈ ಸೂಚನೆಯನ್ನು ಪರಿಶೀಲಿಸುವುದು ಉಪಯುಕ್ತ. Account ಸಂಬಂಧಿತ ವಿನಂತಿಗಳಿಗೆ ಈಗಾಗಲೇ ತಿಳಿದಿರುವ ಅಧಿಕೃತ contact channel ಮಾತ್ರ ಬಳಸಿ. ಯಾವುದೇ ಸಮಸ್ಯೆಯಿದ್ದರೆ service providerನ ಅಧಿಕೃತ support option ಬಳಸಿ.,Kannada,Kannada script,Phishing,Courier / Parcel,,Telecom-like sender ID,Synthetic,Generated for PhishDetect India research dataset,Strategy: social engineering; no real personal identifiers.
KAN-P-0158,ನಿಮ್ಮ parcel delivery ಮಾಹಿತಿಯಲ್ಲಿ ಸಮಸ್ಯೆ ದಾಖಲಾಗಿದೆ. ಸೂಚಿಸಿದ page ತೆರೆಯಿ ಮತ್ತು ಕೇಳಲಾದ ಮಾಹಿತಿಯನ್ನು ನಮೂದಿಸಿ. ಕೇಳಲಾದ ಮೊತ್ತ ₹850. Account ಸಂಬಂಧಿತ ವಿನಂತಿಗಳಿಗೆ ಈಗಾಗಲೇ ತಿಳಿದಿರುವ ಅಧಿಕೃತ contact channel ಮಾತ್ರ ಬಳಸಿ. ಯಾವುದೇ ಸಮಸ್ಯೆಯಿದ್ದರೆ service providerನ ಅಧಿಕೃತ support option ಬಳಸಿ. ಸೇವೆಯ ಸ್ಥಿತಿಯನ್ನು ನಂತರ ಅಧಿಕೃತ portalನಲ್ಲಿ ಮತ್ತೆ ಪರಿಶೀಲಿಸಬಹುದು.,Kannada,Kannada script,Phishing,Courier / Parcel,,Courier-like sender ID,Synthetic,Generated for PhishDetect India research dataset,Strategy: job lure; no real personal identifiers.
KAN-P-0159,Courier ದಾಖಲೆಯಲ್ಲಿ address confirmation ಬಾಕಿಯಿದೆ. ಸ್ಥಿತಿಯನ್ನು ಪರಿಶೀಲಿಸಿ ಮುಂದುವರಿಯಲು link ಬಳಸಿ ಎಂದು ಸೂಚಿಸಲಾಗಿದೆ. ಯಾವುದೇ ಸಮಸ್ಯೆಯಿದ್ದರೆ service providerನ ಅಧಿಕೃತ support option ಬಳಸಿ. ಸೇವೆಯ ಸ್ಥಿತಿಯನ್ನು ನಂತರ ಅಧಿಕೃತ portalನಲ್ಲಿ ಮತ್ತೆ ಪರಿಶೀಲಿಸಬಹುದು. ಈ ಮಾಹಿತಿಯಲ್ಲಿರುವ ಸೇವಾ ವಿವರಗಳನ್ನು ನಿಮ್ಮ ಅಧಿಕೃತ accountನಲ್ಲಿ ಪರಿಶೀಲಿಸಬಹುದು. ಯಾವುದೇ payment ಅಥವಾ identity action ಮಾಡುವ ಮೊದಲು ಅಧಿಕೃತ ಮಾಹಿತಿಯನ್ನು ಹೋಲಿಸಿ ನೋಡಿ.,Kannada,Kannada script,Phishing,Courier / Parcel,,Government-service-like sender ID,Synthetic,Generated for PhishDetect India research dataset,Strategy: delivery lure; no real personal identifiers.
KAN-P-0160,ನಿಮ್ಮ package ಸ್ಥಳೀಯ delivery ಕೇಂದ್ರದಲ್ಲಿ hold ಆಗಿದೆ. ವಿನಂತಿಯನ್ನು active ಇರಿಸಲು ತಕ್ಷಣ action ತೆಗೆದುಕೊಳ್ಳಿ ಎಂದು ತಿಳಿಸಲಾಗಿದೆ. ಉಲ್ಲೇಖ: [REF_ID]. hxxp://secure-check.example/verify ಸೇವೆಯ ಸ್ಥಿತಿಯನ್ನು ನಂತರ ಅಧಿಕೃತ portalನಲ್ಲಿ ಮತ್ತೆ ಪರಿಶೀಲಿಸಬಹುದು. ಈ ಮಾಹಿತಿಯಲ್ಲಿರುವ ಸೇವಾ ವಿವರಗಳನ್ನು ನಿಮ್ಮ ಅಧಿಕೃತ accountನಲ್ಲಿ ಪರಿಶೀಲಿಸಬಹುದು. ಯಾವುದೇ payment ಅಥವಾ identity action ಮಾಡುವ ಮೊದಲು ಅಧಿಕೃತ ಮಾಹಿತಿಯನ್ನು ಹೋಲಿಸಿ ನೋಡಿ.,Kannada,Kannada script,Phishing,Courier / Parcel,hxxp://secure-check.example/verify,Merchant-like sender ID,Synthetic,Generated for PhishDetect India research dataset,Strategy: urgency; no real personal identifiers.
KAN-P-0161,ಸೂಚನೆ: Delivery requestಗೆ ಹೆಚ್ಚುವರಿ confirmation ಬೇಕಾಗಿದೆ. ಸೇವೆ ಸೀಮಿತಗೊಳ್ಳುವ ಮೊದಲು accountಯನ್ನು ದೃಢೀಕರಿಸಿ. https://account-review.example/confirm ಈ ಮಾಹಿತಿಯಲ್ಲಿರುವ ಸೇವಾ ವಿವರಗಳನ್ನು ನಿಮ್ಮ ಅಧಿಕೃತ accountನಲ್ಲಿ ಪರಿಶೀಲಿಸಬಹುದು. ಯಾವುದೇ payment ಅಥವಾ identity action ಮಾಡುವ ಮೊದಲು ಅಧಿಕೃತ ಮಾಹಿತಿಯನ್ನು ಹೋಲಿಸಿ ನೋಡಿ. ಸಂಬಂಧಿತ service history ನಿಮ್ಮ official app ಅಥವಾ portalನಲ್ಲಿ ಪ್ರತ್ಯೇಕವಾಗಿ ಕಾಣಬಹುದು.,Kannada,Kannada + English code-switching,Phishing,Courier / Parcel,https://account-review.example/confirm,Generic numeric sender,Synthetic,Generated for PhishDetect India research dataset,Strategy: fear; no real personal identifiers.
KAN-P-0162,"ನಿಮ್ಮ shipment ಮುಂದಿನ ಹಂತ address verification ಮೇಲೆ ಅವಲಂಬಿತವಾಗಿದೆ. ಈ activity ನಿಮ್ಮದಾಗಿರದಿದ್ದರೆ identity check ಪೂರ್ಣಗೊಳಿಸಿ. ಕೇಳಲಾದ ಮೊತ್ತ ₹499. http://kyc-alert.example/update ಯಾವುದೇ payment ಅಥವಾ identity action ಮಾಡುವ ಮೊದಲು ಅಧಿಕೃತ ಮಾಹಿತಿಯನ್ನು ಹೋಲಿಸಿ ನೋಡಿ. ಸಂಬಂಧಿತ service history ನಿಮ್ಮ official app ಅಥವಾ portalನಲ್ಲಿ ಪ್ರತ್ಯೇಕವಾಗಿ ಕಾಣಬಹುದು. ಸಂದೇಶದಲ್ಲಿರುವ ಸಮಯ, ಮೊತ್ತ ಮತ್ತು reference ವಿವರಗಳು service recordನಲ್ಲಿ ಕಾಣಿಸಬಹುದು.",Kannada,Kannada script,Phishing,Courier / Parcel,http://kyc-alert.example/update,Short code,Synthetic,Generated for PhishDetect India research dataset,Strategy: reward; no real personal identifiers.
KAN-P-0163,"Courier systemನಲ್ಲಿ ನಿಮ್ಮ parcel status reviewನಲ್ಲಿ ಇದೆ. ಮೊತ್ತ ಅಥವಾ ಸೇವೆ ಬಿಡುಗಡೆ ಮಾಡಲು account information ಕೇಳಲಾಗಿದೆ. https://upi-support.example/resolve ಸಂಬಂಧಿತ service history ನಿಮ್ಮ official app ಅಥವಾ portalನಲ್ಲಿ ಪ್ರತ್ಯೇಕವಾಗಿ ಕಾಣಬಹುದು. ಸಂದೇಶದಲ್ಲಿರುವ ಸಮಯ, ಮೊತ್ತ ಮತ್ತು reference ವಿವರಗಳು service recordನಲ್ಲಿ ಕಾಣಿಸಬಹುದು. ನಿಮ್ಮ ಸಾಮಾನ್ಯ transaction record ಜೊತೆ ಈ ಸೂಚನೆಯನ್ನು ಪರಿಶೀಲಿಸುವುದು ಉಪಯುಕ್ತ.",Kannada,Kannada script,Phishing,Courier / Parcel,https://upi-support.example/resolve,Unknown sender,Synthetic,Generated for PhishDetect India research dataset,Strategy: refund; no real personal identifiers.
KAN-P-0164,"ದಯವಿಟ್ಟು ಗಮನಿಸಿ — ನಿಮ್ಮ parcel delivery ಮಾಹಿತಿಯಲ್ಲಿ ಸಮಸ್ಯೆ ದಾಖಲಾಗಿದೆ. ಈಗ ನೀಡಿರುವ verification ಹಂತವನ್ನು ಪೂರ್ಣಗೊಳಿಸಿ. https://parcel-status.example/address ಸಂದೇಶದಲ್ಲಿರುವ ಸಮಯ, ಮೊತ್ತ ಮತ್ತು reference ವಿವರಗಳು service recordನಲ್ಲಿ ಕಾಣಿಸಬಹುದು. ನಿಮ್ಮ ಸಾಮಾನ್ಯ transaction record ಜೊತೆ ಈ ಸೂಚನೆಯನ್ನು ಪರಿಶೀಲಿಸುವುದು ಉಪಯುಕ್ತ. Account ಸಂಬಂಧಿತ ವಿನಂತಿಗಳಿಗೆ ಈಗಾಗಲೇ ತಿಳಿದಿರುವ ಅಧಿಕೃತ contact channel ಮಾತ್ರ ಬಳಸಿ.",Kannada,Kannada script,Phishing,Courier / Parcel,https://parcel-status.example/address,Bank-like sender ID,Synthetic,Generated for PhishDetect India research dataset,Strategy: curiosity; no real personal identifiers.
KAN-P-0165,Courier ದಾಖಲೆಯಲ್ಲಿ address confirmation ಬಾಕಿಯಿದೆ. ಇಂದಿನ review window ಮುಗಿಯುವ ಮೊದಲು ಈ ಪ್ರಕ್ರಿಯೆ ಪೂರ್ಣಗೊಳ್ಳಬೇಕು. http://reward-center.example/claim ನಿಮ್ಮ ಸಾಮಾನ್ಯ transaction record ಜೊತೆ ಈ ಸೂಚನೆಯನ್ನು ಪರಿಶೀಲಿಸುವುದು ಉಪಯುಕ್ತ. Account ಸಂಬಂಧಿತ ವಿನಂತಿಗಳಿಗೆ ಈಗಾಗಲೇ ತಿಳಿದಿರುವ ಅಧಿಕೃತ contact channel ಮಾತ್ರ ಬಳಸಿ. ಯಾವುದೇ ಸಮಸ್ಯೆಯಿದ್ದರೆ service providerನ ಅಧಿಕೃತ support option ಬಳಸಿ.,Kannada,Kannada script,Phishing,Courier / Parcel,http://reward-center.example/claim,Telecom-like sender ID,Synthetic,Generated for PhishDetect India research dataset,Strategy: authority impersonation; no real personal identifiers.
KAN-P-0166,ಸೂಚನೆ: ನಿಮ್ಮ package ಸ್ಥಳೀಯ delivery ಕೇಂದ್ರದಲ್ಲಿ hold ಆಗಿದೆ. ಪರಿಶೀಲನೆ ವಿಫಲವಾದರೆ ಮುಂದಿನ ಸೇವೆಯನ್ನು ನಿಲ್ಲಿಸುವ ಎಚ್ಚರಿಕೆ ನೀಡಲಾಗಿದೆ. ಕೇಳಲಾದ ಮೊತ್ತ ₹249. https://job-selection.example/document Account ಸಂಬಂಧಿತ ವಿನಂತಿಗಳಿಗೆ ಈಗಾಗಲೇ ತಿಳಿದಿರುವ ಅಧಿಕೃತ contact channel ಮಾತ್ರ ಬಳಸಿ. ಯಾವುದೇ ಸಮಸ್ಯೆಯಿದ್ದರೆ service providerನ ಅಧಿಕೃತ support option ಬಳಸಿ. ಸೇವೆಯ ಸ್ಥಿತಿಯನ್ನು ನಂತರ ಅಧಿಕೃತ portalನಲ್ಲಿ ಮತ್ತೆ ಪರಿಶೀಲಿಸಬಹುದು.,Kannada,Kannada script,Phishing,Courier / Parcel,https://job-selection.example/document,Courier-like sender ID,Synthetic,Generated for PhishDetect India research dataset,Strategy: threat; no real personal identifiers.
KAN-P-0167,Delivery requestಗೆ ಹೆಚ್ಚುವರಿ confirmation ಬೇಕಾಗಿದೆ. Security team ಹೆಸರಿನಲ್ಲಿ ತಕ್ಷಣ ಪ್ರತಿಕ್ರಿಯಿಸಲು ಸೂಚಿಸಲಾಗಿದೆ. ಉಲ್ಲೇಖ: [REF_ID]. https://card-security.example/review ಯಾವುದೇ ಸಮಸ್ಯೆಯಿದ್ದರೆ service providerನ ಅಧಿಕೃತ support option ಬಳಸಿ. ಸೇವೆಯ ಸ್ಥಿತಿಯನ್ನು ನಂತರ ಅಧಿಕೃತ portalನಲ್ಲಿ ಮತ್ತೆ ಪರಿಶೀಲಿಸಬಹುದು. ಈ ಮಾಹಿತಿಯಲ್ಲಿರುವ ಸೇವಾ ವಿವರಗಳನ್ನು ನಿಮ್ಮ ಅಧಿಕೃತ accountನಲ್ಲಿ ಪರಿಶೀಲಿಸಬಹುದು. ಯಾವುದೇ payment ಅಥವಾ identity action ಮಾಡುವ ಮೊದಲು ಅಧಿಕೃತ ಮಾಹಿತಿಯನ್ನು ಹೋಲಿಸಿ ನೋಡಿ.,Kannada,Kannada script,Phishing,Courier / Parcel,https://card-security.example/review,Government-service-like sender ID,Synthetic,Generated for PhishDetect India research dataset,Strategy: social engineering; no real personal identifiers.
KAN-P-0168,ನಿಮ್ಮ shipment ಮುಂದಿನ ಹಂತ address verification ಮೇಲೆ ಅವಲಂಬಿತವಾಗಿದೆ. ಸೂಚಿಸಿದ page ತೆರೆಯಿ ಮತ್ತು ಕೇಳಲಾದ ಮಾಹಿತಿಯನ್ನು ನಮೂದಿಸಿ. http://utility-notice.example/pay ಸೇವೆಯ ಸ್ಥಿತಿಯನ್ನು ನಂತರ ಅಧಿಕೃತ portalನಲ್ಲಿ ಮತ್ತೆ ಪರಿಶೀಲಿಸಬಹುದು. ಈ ಮಾಹಿತಿಯಲ್ಲಿರುವ ಸೇವಾ ವಿವರಗಳನ್ನು ನಿಮ್ಮ ಅಧಿಕೃತ accountನಲ್ಲಿ ಪರಿಶೀಲಿಸಬಹುದು. ಯಾವುದೇ payment ಅಥವಾ identity action ಮಾಡುವ ಮೊದಲು ಅಧಿಕೃತ ಮಾಹಿತಿಯನ್ನು ಹೋಲಿಸಿ ನೋಡಿ.,Kannada,Kannada + English code-switching,Phishing,Courier / Parcel,http://utility-notice.example/pay,Merchant-like sender ID,Synthetic,Generated for PhishDetect India research dataset,Strategy: job lure; no real personal identifiers.
KAN-P-0169,ಸೂಚನೆ: ನಿಮ್ಮ profile ಅನ್ನು ತ್ವರಿತ recruitment ಪ್ರಕ್ರಿಯೆಗೆ ಆಯ್ಕೆ ಮಾಡಲಾಗಿದೆ ಎಂದು ತಿಳಿಸಲಾಗಿದೆ. ಸೂಚಿಸಿದ page ತೆರೆಯಿ ಮತ್ತು ಕೇಳಲಾದ ಮಾಹಿತಿಯನ್ನು ನಮೂದಿಸಿ. ಕೇಳಲಾದ ಮೊತ್ತ ₹249. https://profile-access.example/recover,Kannada,Kannada script,Phishing,Job / Recruitment Scam,https://profile-access.example/recover,Generic numeric sender,Synthetic,Generated for PhishDetect India research dataset,Strategy: reward; no real personal identifiers.
KAN-P-0170,"ಒಂದು ಕಂಪನಿಯ recruitment ತಂಡವು ನಿಮ್ಮ applicationನಲ್ಲಿ ಆಸಕ್ತಿ ತೋರಿಸಿದೆ. ಸ್ಥಿತಿಯನ್ನು ಪರಿಶೀಲಿಸಿ ಮುಂದುವರಿಯಲು link ಬಳಸಿ ಎಂದು ಸೂಚಿಸಲಾಗಿದೆ. hxxp://secure-check.example/verify ಯಾವುದೇ payment ಅಥವಾ identity action ಮಾಡುವ ಮೊದಲು ಅಧಿಕೃತ ಮಾಹಿತಿಯನ್ನು ಹೋಲಿಸಿ ನೋಡಿ. ಸಂಬಂಧಿತ service history ನಿಮ್ಮ official app ಅಥವಾ portalನಲ್ಲಿ ಪ್ರತ್ಯೇಕವಾಗಿ ಕಾಣಬಹುದು. ಸಂದೇಶದಲ್ಲಿರುವ ಸಮಯ, ಮೊತ್ತ ಮತ್ತು reference ವಿವರಗಳು service recordನಲ್ಲಿ ಕಾಣಿಸಬಹುದು.",Kannada,Kannada script,Phishing,Job / Recruitment Scam,hxxp://secure-check.example/verify,Short code,Synthetic,Generated for PhishDetect India research dataset,Strategy: refund; no real personal identifiers.
KAN-P-0171,"Work-from-home ಅವಕಾಶಕ್ಕಾಗಿ ನಿಮ್ಮ ಸಂಖ್ಯೆಗೆ selection ಮಾಹಿತಿ ಬಂದಿದೆ. ವಿನಂತಿಯನ್ನು active ಇರಿಸಲು ತಕ್ಷಣ action ತೆಗೆದುಕೊಳ್ಳಿ ಎಂದು ತಿಳಿಸಲಾಗಿದೆ. ಸಂಬಂಧಿತ service history ನಿಮ್ಮ official app ಅಥವಾ portalನಲ್ಲಿ ಪ್ರತ್ಯೇಕವಾಗಿ ಕಾಣಬಹುದು. ಸಂದೇಶದಲ್ಲಿರುವ ಸಮಯ, ಮೊತ್ತ ಮತ್ತು reference ವಿವರಗಳು service recordನಲ್ಲಿ ಕಾಣಿಸಬಹುದು. ನಿಮ್ಮ ಸಾಮಾನ್ಯ transaction record ಜೊತೆ ಈ ಸೂಚನೆಯನ್ನು ಪರಿಶೀಲಿಸುವುದು ಉಪಯುಕ್ತ.",Kannada,Kannada script,Phishing,Job / Recruitment Scam,,Unknown sender,Synthetic,Generated for PhishDetect India research dataset,Strategy: curiosity; no real personal identifiers.
KAN-P-0172,"ಒಂದು recruitment slot ನಿಮ್ಮ ಹೆಸರಿನಲ್ಲಿ ತಾತ್ಕಾಲಿಕವಾಗಿ ಕಾಯ್ದಿರಿಸಲಾಗಿದೆ. ಸೇವೆ ಸೀಮಿತಗೊಳ್ಳುವ ಮೊದಲು ಖಾತೆಯನ್ನು ದೃಢೀಕರಿಸಿ. ಸಂದೇಶದಲ್ಲಿರುವ ಸಮಯ, ಮೊತ್ತ ಮತ್ತು reference ವಿವರಗಳು service recordನಲ್ಲಿ ಕಾಣಿಸಬಹುದು. ನಿಮ್ಮ ಸಾಮಾನ್ಯ transaction record ಜೊತೆ ಈ ಸೂಚನೆಯನ್ನು ಪರಿಶೀಲಿಸುವುದು ಉಪಯುಕ್ತ. Account ಸಂಬಂಧಿತ ವಿನಂತಿಗಳಿಗೆ ಈಗಾಗಲೇ ತಿಳಿದಿರುವ ಅಧಿಕೃತ contact channel ಮಾತ್ರ ಬಳಸಿ.",Kannada,Kannada script,Phishing,Job / Recruitment Scam,,Bank-like sender ID,Synthetic,Generated for PhishDetect India research dataset,Strategy: authority impersonation; no real personal identifiers.
KAN-P-0173,ನಿಮ್ಮ resume shortlist ಹಂತ ತಲುಪಿದೆ ಎಂದು ತಿಳಿಸಲಾಗಿದೆ. ಈ activity ನಿಮ್ಮದಾಗಿರದಿದ್ದರೆ identity check ಪೂರ್ಣಗೊಳಿಸಿ. ಕೇಳಲಾದ ಮೊತ್ತ ₹1999. ನಿಮ್ಮ ಸಾಮಾನ್ಯ transaction record ಜೊತೆ ಈ ಸೂಚನೆಯನ್ನು ಪರಿಶೀಲಿಸುವುದು ಉಪಯುಕ್ತ. Account ಸಂಬಂಧಿತ ವಿನಂತಿಗಳಿಗೆ ಈಗಾಗಲೇ ತಿಳಿದಿರುವ ಅಧಿಕೃತ contact channel ಮಾತ್ರ ಬಳಸಿ. ಯಾವುದೇ ಸಮಸ್ಯೆಯಿದ್ದರೆ service providerನ ಅಧಿಕೃತ support option ಬಳಸಿ.,Kannada,Kannada script,Phishing,Job / Recruitment Scam,,Telecom-like sender ID,Synthetic,Generated for PhishDetect India research dataset,Strategy: threat; no real personal identifiers.
KAN-P-0174,ಸೂಚನೆ: ತಕ್ಷಣ joining ಪ್ರಕ್ರಿಯೆಗೆ ಸಂಪರ್ಕಿಸಲು ಸೂಚಿಸಲಾಗಿದೆ. ಮೊತ್ತ ಅಥವಾ ಸೇವೆ ಬಿಡುಗಡೆ ಮಾಡಲು account information ಕೇಳಲಾಗಿದೆ. Account ಸಂಬಂಧಿತ ವಿನಂತಿಗಳಿಗೆ ಈಗಾಗಲೇ ತಿಳಿದಿರುವ ಅಧಿಕೃತ contact channel ಮಾತ್ರ ಬಳಸಿ. ಯಾವುದೇ ಸಮಸ್ಯೆಯಿದ್ದರೆ service providerನ ಅಧಿಕೃತ support option ಬಳಸಿ. ಸೇವೆಯ ಸ್ಥಿತಿಯನ್ನು ನಂತರ ಅಧಿಕೃತ portalನಲ್ಲಿ ಮತ್ತೆ ಪರಿಶೀಲಿಸಬಹುದು. ಈ ಮಾಹಿತಿಯಲ್ಲಿರುವ ಸೇವಾ ವಿವರಗಳನ್ನು ನಿಮ್ಮ ಅಧಿಕೃತ accountನಲ್ಲಿ ಪರಿಶೀಲಿಸಬಹುದು.,Kannada,Romanized Kannada (small minority),Phishing,Job / Recruitment Scam,,Courier-like sender ID,Synthetic,Generated for PhishDetect India research dataset,Strategy: social engineering; no real personal identifiers.
KAN-P-0175,ನಿಮ್ಮ profile ಅನ್ನು ತ್ವರಿತ recruitment ಪ್ರಕ್ರಿಯೆಗೆ ಆಯ್ಕೆ ಮಾಡಲಾಗಿದೆ ಎಂದು ತಿಳಿಸಲಾಗಿದೆ. ಈಗ ನೀಡಿರುವ verification ಹಂತವನ್ನು ಪೂರ್ಣಗೊಳಿಸಿ. ಯಾವುದೇ ಸಮಸ್ಯೆಯಿದ್ದರೆ service providerನ ಅಧಿಕೃತ support option ಬಳಸಿ. ಸೇವೆಯ ಸ್ಥಿತಿಯನ್ನು ನಂತರ ಅಧಿಕೃತ portalನಲ್ಲಿ ಮತ್ತೆ ಪರಿಶೀಲಿಸಬಹುದು. ಈ ಮಾಹಿತಿಯಲ್ಲಿರುವ ಸೇವಾ ವಿವರಗಳನ್ನು ನಿಮ್ಮ ಅಧಿಕೃತ accountನಲ್ಲಿ ಪರಿಶೀಲಿಸಬಹುದು. ಯಾವುದೇ payment ಅಥವಾ identity action ಮಾಡುವ ಮೊದಲು ಅಧಿಕೃತ ಮಾಹಿತಿಯನ್ನು ಹೋಲಿಸಿ ನೋಡಿ.,Kannada,Kannada + English code-switching,Phishing,Job / Recruitment Scam,,Government-service-like sender ID,Synthetic,Generated for PhishDetect India research dataset,Strategy: job lure; no real personal identifiers.
KAN-P-0176,ಒಂದು ಕಂಪನಿಯ recruitment ತಂಡವು ನಿಮ್ಮ applicationನಲ್ಲಿ ಆಸಕ್ತಿ ತೋರಿಸಿದೆ. ಇಂದಿನ review window ಮುಗಿಯುವ ಮೊದಲು ಈ ಪ್ರಕ್ರಿಯೆ ಪೂರ್ಣಗೊಳ್ಳಬೇಕು. ಉಲ್ಲೇಖ: [REF_ID]. ಸೇವೆಯ ಸ್ಥಿತಿಯನ್ನು ನಂತರ ಅಧಿಕೃತ portalನಲ್ಲಿ ಮತ್ತೆ ಪರಿಶೀಲಿಸಬಹುದು. ಈ ಮಾಹಿತಿಯಲ್ಲಿರುವ ಸೇವಾ ವಿವರಗಳನ್ನು ನಿಮ್ಮ ಅಧಿಕೃತ accountನಲ್ಲಿ ಪರಿಶೀಲಿಸಬಹುದು. ಯಾವುದೇ payment ಅಥವಾ identity action ಮಾಡುವ ಮೊದಲು ಅಧಿಕೃತ ಮಾಹಿತಿಯನ್ನು ಹೋಲಿಸಿ ನೋಡಿ.,Kannada,Kannada script,Phishing,Job / Recruitment Scam,,Merchant-like sender ID,Synthetic,Generated for PhishDetect India research dataset,Strategy: delivery lure; no real personal identifiers.
KAN-P-0177,Work-from-home ಅವಕಾಶಕ್ಕಾಗಿ ನಿಮ್ಮ ಸಂಖ್ಯೆಗೆ selection ಮಾಹಿತಿ ಬಂದಿದೆ. ಪರಿಶೀಲನೆ ವಿಫಲವಾದರೆ ಮುಂದಿನ ಸೇವೆಯನ್ನು ನಿಲ್ಲಿಸುವ ಎಚ್ಚರಿಕೆ ನೀಡಲಾಗಿದೆ. ಕೇಳಲಾದ ಮೊತ್ತ ₹1240. ಈ ಮಾಹಿತಿಯಲ್ಲಿರುವ ಸೇವಾ ವಿವರಗಳನ್ನು ನಿಮ್ಮ ಅಧಿಕೃತ accountನಲ್ಲಿ ಪರಿಶೀಲಿಸಬಹುದು. ಯಾವುದೇ payment ಅಥವಾ identity action ಮಾಡುವ ಮೊದಲು ಅಧಿಕೃತ ಮಾಹಿತಿಯನ್ನು ಹೋಲಿಸಿ ನೋಡಿ. ಸಂಬಂಧಿತ service history ನಿಮ್ಮ official app ಅಥವಾ portalನಲ್ಲಿ ಪ್ರತ್ಯೇಕವಾಗಿ ಕಾಣಬಹುದು.,Kannada,Kannada script,Phishing,Job / Recruitment Scam,,Generic numeric sender,Synthetic,Generated for PhishDetect India research dataset,Strategy: urgency; no real personal identifiers.
KAN-P-0178,"ದಯವಿಟ್ಟು ಗಮನಿಸಿ — ಒಂದು recruitment slot ನಿಮ್ಮ ಹೆಸರಿನಲ್ಲಿ ತಾತ್ಕಾಲಿಕವಾಗಿ ಕಾಯ್ದಿರಿಸಲಾಗಿದೆ. Security team ಹೆಸರಿನಲ್ಲಿ ತಕ್ಷಣ ಪ್ರತಿಕ್ರಿಯಿಸಲು ಸೂಚಿಸಲಾಗಿದೆ. ಯಾವುದೇ payment ಅಥವಾ identity action ಮಾಡುವ ಮೊದಲು ಅಧಿಕೃತ ಮಾಹಿತಿಯನ್ನು ಹೋಲಿಸಿ ನೋಡಿ. ಸಂಬಂಧಿತ service history ನಿಮ್ಮ official app ಅಥವಾ portalನಲ್ಲಿ ಪ್ರತ್ಯೇಕವಾಗಿ ಕಾಣಬಹುದು. ಸಂದೇಶದಲ್ಲಿರುವ ಸಮಯ, ಮೊತ್ತ ಮತ್ತು reference ವಿವರಗಳು service recordನಲ್ಲಿ ಕಾಣಿಸಬಹುದು.",Kannada,Kannada script,Phishing,Job / Recruitment Scam,,Short code,Synthetic,Generated for PhishDetect India research dataset,Strategy: fear; no real personal identifiers.
KAN-P-0179,"ಸೂಚನೆ: ನಿಮ್ಮ resume shortlist ಹಂತ ತಲುಪಿದೆ ಎಂದು ತಿಳಿಸಲಾಗಿದೆ. ಸೂಚಿಸಿದ page ತೆರೆಯಿ ಮತ್ತು ಕೇಳಲಾದ ಮಾಹಿತಿಯನ್ನು ನಮೂದಿಸಿ. ಸಂಬಂಧಿತ service history ನಿಮ್ಮ official app ಅಥವಾ portalನಲ್ಲಿ ಪ್ರತ್ಯೇಕವಾಗಿ ಕಾಣಬಹುದು. ಸಂದೇಶದಲ್ಲಿರುವ ಸಮಯ, ಮೊತ್ತ ಮತ್ತು reference ವಿವರಗಳು service recordನಲ್ಲಿ ಕಾಣಿಸಬಹುದು. ನಿಮ್ಮ ಸಾಮಾನ್ಯ transaction record ಜೊತೆ ಈ ಸೂಚನೆಯನ್ನು ಪರಿಶೀಲಿಸುವುದು ಉಪಯುಕ್ತ.",Kannada,Kannada script,Phishing,Job / Recruitment Scam,,Unknown sender,Synthetic,Generated for PhishDetect India research dataset,Strategy: reward; no real personal identifiers.
KAN-P-0180,"ತಕ್ಷಣ joining ಪ್ರಕ್ರಿಯೆಗೆ ಸಂಪರ್ಕಿಸಲು ಸೂಚಿಸಲಾಗಿದೆ. ಸ್ಥಿತಿಯನ್ನು ಪರಿಶೀಲಿಸಿ ಮುಂದುವರಿಯಲು link ಬಳಸಿ ಎಂದು ಸೂಚಿಸಲಾಗಿದೆ. hxxp://secure-check.example/verify ಸಂದೇಶದಲ್ಲಿರುವ ಸಮಯ, ಮೊತ್ತ ಮತ್ತು reference ವಿವರಗಳು service recordನಲ್ಲಿ ಕಾಣಿಸಬಹುದು. ನಿಮ್ಮ ಸಾಮಾನ್ಯ transaction record ಜೊತೆ ಈ ಸೂಚನೆಯನ್ನು ಪರಿಶೀಲಿಸುವುದು ಉಪಯುಕ್ತ. Account ಸಂಬಂಧಿತ ವಿನಂತಿಗಳಿಗೆ ಈಗಾಗಲೇ ತಿಳಿದಿರುವ ಅಧಿಕೃತ contact channel ಮಾತ್ರ ಬಳಸಿ.",Kannada,Kannada script,Phishing,Job / Recruitment Scam,hxxp://secure-check.example/verify,Bank-like sender ID,Synthetic,Generated for PhishDetect India research dataset,Strategy: refund; no real personal identifiers.
KAN-P-0181,ನಿಮ್ಮ profile ಅನ್ನು ತ್ವರಿತ recruitment ಪ್ರಕ್ರಿಯೆಗೆ ಆಯ್ಕೆ ಮಾಡಲಾಗಿದೆ ಎಂದು ತಿಳಿಸಲಾಗಿದೆ. ವಿನಂತಿಯನ್ನು active ಇರಿಸಲು ತಕ್ಷಣ action ತೆಗೆದುಕೊಳ್ಳಿ ಎಂದು ತಿಳಿಸಲಾಗಿದೆ. ಕೇಳಲಾದ ಮೊತ್ತ ₹850. https://account-review.example/confirm,Kannada,Kannada script,Phishing,Job / Recruitment Scam,https://account-review.example/confirm,Telecom-like sender ID,Synthetic,Generated for PhishDetect India research dataset,Strategy: curiosity; no real personal identifiers.
KAN-P-0182,ಒಂದು ಕಂಪನಿಯ recruitment ತಂಡವು ನಿಮ್ಮ applicationನಲ್ಲಿ ಆಸಕ್ತಿ ತೋರಿಸಿದೆ. ಸೇವೆ ಸೀಮಿತಗೊಳ್ಳುವ ಮೊದಲು accountಯನ್ನು ದೃಢೀಕರಿಸಿ. http://kyc-alert.example/update Account ಸಂಬಂಧಿತ ವಿನಂತಿಗಳಿಗೆ ಈಗಾಗಲೇ ತಿಳಿದಿರುವ ಅಧಿಕೃತ contact channel ಮಾತ್ರ ಬಳಸಿ. ಯಾವುದೇ ಸಮಸ್ಯೆಯಿದ್ದರೆ service providerನ ಅಧಿಕೃತ support option ಬಳಸಿ. ಸೇವೆಯ ಸ್ಥಿತಿಯನ್ನು ನಂತರ ಅಧಿಕೃತ portalನಲ್ಲಿ ಮತ್ತೆ ಪರಿಶೀಲಿಸಬಹುದು. ಈ ಮಾಹಿತಿಯಲ್ಲಿರುವ ಸೇವಾ ವಿವರಗಳನ್ನು ನಿಮ್ಮ ಅಧಿಕೃತ accountನಲ್ಲಿ ಪರಿಶೀಲಿಸಬಹುದು.,Kannada,Kannada + English code-switching,Phishing,Job / Recruitment Scam,http://kyc-alert.example/update,Courier-like sender ID,Synthetic,Generated for PhishDetect India research dataset,Strategy: authority impersonation; no real personal identifiers.
KAN-P-0183,Work-from-home ಅವಕಾಶಕ್ಕಾಗಿ ನಿಮ್ಮ ಸಂಖ್ಯೆಗೆ selection ಮಾಹಿತಿ ಬಂದಿದೆ. ಈ activity ನಿಮ್ಮದಾಗಿರದಿದ್ದರೆ identity check ಪೂರ್ಣಗೊಳಿಸಿ. ಉಲ್ಲೇಖ: [REF_ID]. https://upi-support.example/resolve ಯಾವುದೇ ಸಮಸ್ಯೆಯಿದ್ದರೆ service providerನ ಅಧಿಕೃತ support option ಬಳಸಿ. ಸೇವೆಯ ಸ್ಥಿತಿಯನ್ನು ನಂತರ ಅಧಿಕೃತ portalನಲ್ಲಿ ಮತ್ತೆ ಪರಿಶೀಲಿಸಬಹುದು. ಈ ಮಾಹಿತಿಯಲ್ಲಿರುವ ಸೇವಾ ವಿವರಗಳನ್ನು ನಿಮ್ಮ ಅಧಿಕೃತ accountನಲ್ಲಿ ಪರಿಶೀಲಿಸಬಹುದು. ಯಾವುದೇ payment ಅಥವಾ identity action ಮಾಡುವ ಮೊದಲು ಅಧಿಕೃತ ಮಾಹಿತಿಯನ್ನು ಹೋಲಿಸಿ ನೋಡಿ.,Kannada,Kannada script,Phishing,Job / Recruitment Scam,https://upi-support.example/resolve,Government-service-like sender ID,Synthetic,Generated for PhishDetect India research dataset,Strategy: threat; no real personal identifiers.
KAN-P-0184,ಸೂಚನೆ: ಒಂದು recruitment slot ನಿಮ್ಮ ಹೆಸರಿನಲ್ಲಿ ತಾತ್ಕಾಲಿಕವಾಗಿ ಕಾಯ್ದಿರಿಸಲಾಗಿದೆ. ಮೊತ್ತ ಅಥವಾ ಸೇವೆ ಬಿಡುಗಡೆ ಮಾಡಲು account information ಕೇಳಲಾಗಿದೆ. https://parcel-status.example/address ಸೇವೆಯ ಸ್ಥಿತಿಯನ್ನು ನಂತರ ಅಧಿಕೃತ portalನಲ್ಲಿ ಮತ್ತೆ ಪರಿಶೀಲಿಸಬಹುದು. ಈ ಮಾಹಿತಿಯಲ್ಲಿರುವ ಸೇವಾ ವಿವರಗಳನ್ನು ನಿಮ್ಮ ಅಧಿಕೃತ accountನಲ್ಲಿ ಪರಿಶೀಲಿಸಬಹುದು. ಯಾವುದೇ payment ಅಥವಾ identity action ಮಾಡುವ ಮೊದಲು ಅಧಿಕೃತ ಮಾಹಿತಿಯನ್ನು ಹೋಲಿಸಿ ನೋಡಿ.,Kannada,Kannada script,Phishing,Job / Recruitment Scam,https://parcel-status.example/address,Merchant-like sender ID,Synthetic,Generated for PhishDetect India research dataset,Strategy: social engineering; no real personal identifiers.
KAN-P-0185,ನಿಮ್ಮ resume shortlist ಹಂತ ತಲುಪಿದೆ ಎಂದು ತಿಳಿಸಲಾಗಿದೆ. ಈಗ ನೀಡಿರುವ verification ಹಂತವನ್ನು ಪೂರ್ಣಗೊಳಿಸಿ. ಕೇಳಲಾದ ಮೊತ್ತ ₹499. http://reward-center.example/claim ಈ ಮಾಹಿತಿಯಲ್ಲಿರುವ ಸೇವಾ ವಿವರಗಳನ್ನು ನಿಮ್ಮ ಅಧಿಕೃತ accountನಲ್ಲಿ ಪರಿಶೀಲಿಸಬಹುದು. ಯಾವುದೇ payment ಅಥವಾ identity action ಮಾಡುವ ಮೊದಲು ಅಧಿಕೃತ ಮಾಹಿತಿಯನ್ನು ಹೋಲಿಸಿ ನೋಡಿ. ಸಂಬಂಧಿತ service history ನಿಮ್ಮ official app ಅಥವಾ portalನಲ್ಲಿ ಪ್ರತ್ಯೇಕವಾಗಿ ಕಾಣಬಹುದು.,Kannada,Kannada script,Phishing,Job / Recruitment Scam,http://reward-center.example/claim,Generic numeric sender,Synthetic,Generated for PhishDetect India research dataset,Strategy: job lure; no real personal identifiers.
KAN-P-0186,"ತಕ್ಷಣ joining ಪ್ರಕ್ರಿಯೆಗೆ ಸಂಪರ್ಕಿಸಲು ಸೂಚಿಸಲಾಗಿದೆ. ಇಂದಿನ review window ಮುಗಿಯುವ ಮೊದಲು ಈ ಪ್ರಕ್ರಿಯೆ ಪೂರ್ಣಗೊಳ್ಳಬೇಕು. https://job-selection.example/document ಯಾವುದೇ payment ಅಥವಾ identity action ಮಾಡುವ ಮೊದಲು ಅಧಿಕೃತ ಮಾಹಿತಿಯನ್ನು ಹೋಲಿಸಿ ನೋಡಿ. ಸಂಬಂಧಿತ service history ನಿಮ್ಮ official app ಅಥವಾ portalನಲ್ಲಿ ಪ್ರತ್ಯೇಕವಾಗಿ ಕಾಣಬಹುದು. ಸಂದೇಶದಲ್ಲಿರುವ ಸಮಯ, ಮೊತ್ತ ಮತ್ತು reference ವಿವರಗಳು service recordನಲ್ಲಿ ಕಾಣಿಸಬಹುದು.",Kannada,Kannada script,Phishing,Job / Recruitment Scam,https://job-selection.example/document,Short code,Synthetic,Generated for PhishDetect India research dataset,Strategy: delivery lure; no real personal identifiers.
KAN-P-0187,ದಯವಿಟ್ಟು ಗಮನಿಸಿ — ನಿಮ್ಮ profile ಅನ್ನು ತ್ವರಿತ recruitment ಪ್ರಕ್ರಿಯೆಗೆ ಆಯ್ಕೆ ಮಾಡಲಾಗಿದೆ ಎಂದು ತಿಳಿಸಲಾಗಿದೆ. ಪರಿಶೀಲನೆ ವಿಫಲವಾದರೆ ಮುಂದಿನ ಸೇವೆಯನ್ನು ನಿಲ್ಲಿಸುವ ಎಚ್ಚರಿಕೆ ನೀಡಲಾಗಿದೆ. https://card-security.example/review,Kannada,Kannada script,Phishing,Job / Recruitment Scam,https://card-security.example/review,Unknown sender,Synthetic,Generated for PhishDetect India research dataset,Strategy: urgency; no real personal identifiers.
KAN-P-0188,"ಒಂದು ಕಂಪನಿಯ recruitment ತಂಡವು ನಿಮ್ಮ applicationನಲ್ಲಿ ಆಸಕ್ತಿ ತೋರಿಸಿದೆ. Security team ಹೆಸರಿನಲ್ಲಿ ತಕ್ಷಣ ಪ್ರತಿಕ್ರಿಯಿಸಲು ಸೂಚಿಸಲಾಗಿದೆ. http://utility-notice.example/pay ಸಂದೇಶದಲ್ಲಿರುವ ಸಮಯ, ಮೊತ್ತ ಮತ್ತು reference ವಿವರಗಳು service recordನಲ್ಲಿ ಕಾಣಿಸಬಹುದು. ನಿಮ್ಮ ಸಾಮಾನ್ಯ transaction record ಜೊತೆ ಈ ಸೂಚನೆಯನ್ನು ಪರಿಶೀಲಿಸುವುದು ಉಪಯುಕ್ತ. Account ಸಂಬಂಧಿತ ವಿನಂತಿಗಳಿಗೆ ಈಗಾಗಲೇ ತಿಳಿದಿರುವ ಅಧಿಕೃತ contact channel ಮಾತ್ರ ಬಳಸಿ.",Kannada,Kannada script,Phishing,Job / Recruitment Scam,http://utility-notice.example/pay,Bank-like sender ID,Synthetic,Generated for PhishDetect India research dataset,Strategy: fear; no real personal identifiers.
KAN-P-0189,ಸೂಚನೆ: Work-from-home ಅವಕಾಶಕ್ಕಾಗಿ ನಿಮ್ಮ ಸಂಖ್ಯೆಗೆ selection ಮಾಹಿತಿ ಬಂದಿದೆ. ಸೂಚಿಸಿದ page ತೆರೆಯಿ ಮತ್ತು ಕೇಳಲಾದ ಮಾಹಿತಿಯನ್ನು ನಮೂದಿಸಿ. ಕೇಳಲಾದ ಮೊತ್ತ ₹249. https://profile-access.example/recover ನಿಮ್ಮ ಸಾಮಾನ್ಯ transaction record ಜೊತೆ ಈ ಸೂಚನೆಯನ್ನು ಪರಿಶೀಲಿಸುವುದು ಉಪಯುಕ್ತ. Account ಸಂಬಂಧಿತ ವಿನಂತಿಗಳಿಗೆ ಈಗಾಗಲೇ ತಿಳಿದಿರುವ ಅಧಿಕೃತ contact channel ಮಾತ್ರ ಬಳಸಿ. ಯಾವುದೇ ಸಮಸ್ಯೆಯಿದ್ದರೆ service providerನ ಅಧಿಕೃತ support option ಬಳಸಿ.,Kannada,Kannada + English code-switching,Phishing,Job / Recruitment Scam,https://profile-access.example/recover,Telecom-like sender ID,Synthetic,Generated for PhishDetect India research dataset,Strategy: reward; no real personal identifiers.
KAN-P-0190,ಒಂದು recruitment slot ನಿಮ್ಮ ಹೆಸರಿನಲ್ಲಿ ತಾತ್ಕಾಲಿಕವಾಗಿ ಕಾಯ್ದಿರಿಸಲಾಗಿದೆ. ಸ್ಥಿತಿಯನ್ನು ಪರಿಶೀಲಿಸಿ ಮುಂದುವರಿಯಲು link ಬಳಸಿ ಎಂದು ಸೂಚಿಸಲಾಗಿದೆ. ಉಲ್ಲೇಖ: [REF_ID]. hxxp://secure-check.example/verify Account ಸಂಬಂಧಿತ ವಿನಂತಿಗಳಿಗೆ ಈಗಾಗಲೇ ತಿಳಿದಿರುವ ಅಧಿಕೃತ contact channel ಮಾತ್ರ ಬಳಸಿ. ಯಾವುದೇ ಸಮಸ್ಯೆಯಿದ್ದರೆ service providerನ ಅಧಿಕೃತ support option ಬಳಸಿ. ಸೇವೆಯ ಸ್ಥಿತಿಯನ್ನು ನಂತರ ಅಧಿಕೃತ portalನಲ್ಲಿ ಮತ್ತೆ ಪರಿಶೀಲಿಸಬಹುದು.,Kannada,Kannada script,Phishing,Job / Recruitment Scam,hxxp://secure-check.example/verify,Courier-like sender ID,Synthetic,Generated for PhishDetect India research dataset,Strategy: refund; no real personal identifiers.
KAN-P-0191,ನಿಮ್ಮ resume shortlist ಹಂತ ತಲುಪಿದೆ ಎಂದು ತಿಳಿಸಲಾಗಿದೆ. ವಿನಂತಿಯನ್ನು active ಇರಿಸಲು ತಕ್ಷಣ action ತೆಗೆದುಕೊಳ್ಳಿ ಎಂದು ತಿಳಿಸಲಾಗಿದೆ. ಯಾವುದೇ ಸಮಸ್ಯೆಯಿದ್ದರೆ service providerನ ಅಧಿಕೃತ support option ಬಳಸಿ. ಸೇವೆಯ ಸ್ಥಿತಿಯನ್ನು ನಂತರ ಅಧಿಕೃತ portalನಲ್ಲಿ ಮತ್ತೆ ಪರಿಶೀಲಿಸಬಹುದು. ಈ ಮಾಹಿತಿಯಲ್ಲಿರುವ ಸೇವಾ ವಿವರಗಳನ್ನು ನಿಮ್ಮ ಅಧಿಕೃತ accountನಲ್ಲಿ ಪರಿಶೀಲಿಸಬಹುದು. ಯಾವುದೇ payment ಅಥವಾ identity action ಮಾಡುವ ಮೊದಲು ಅಧಿಕೃತ ಮಾಹಿತಿಯನ್ನು ಹೋಲಿಸಿ ನೋಡಿ.,Kannada,Kannada script,Phishing,Job / Recruitment Scam,,Government-service-like sender ID,Synthetic,Generated for PhishDetect India research dataset,Strategy: curiosity; no real personal identifiers.
KAN-P-0192,ಸೂಚನೆ: ನಿಮಗಾಗಿ ಒಂದು pre-approved finance offer ಲಭ್ಯವಿದೆ ಎಂದು ತಿಳಿಸಲಾಗಿದೆ. ಈ activity ನಿಮ್ಮದಾಗಿರದಿದ್ದರೆ identity check ಪೂರ್ಣಗೊಳಿಸಿ. ಕೇಳಲಾದ ಮೊತ್ತ ₹249. ಸೇವೆಯ ಸ್ಥಿತಿಯನ್ನು ನಂತರ ಅಧಿಕೃತ portalನಲ್ಲಿ ಮತ್ತೆ ಪರಿಶೀಲಿಸಬಹುದು. ಈ ಮಾಹಿತಿಯಲ್ಲಿರುವ ಸೇವಾ ವಿವರಗಳನ್ನು ನಿಮ್ಮ ಅಧಿಕೃತ accountನಲ್ಲಿ ಪರಿಶೀಲಿಸಬಹುದು. ಯಾವುದೇ payment ಅಥವಾ identity action ಮಾಡುವ ಮೊದಲು ಅಧಿಕೃತ ಮಾಹಿತಿಯನ್ನು ಹೋಲಿಸಿ ನೋಡಿ.,Kannada,Kannada script,Phishing,Loan / Finance,,Merchant-like sender ID,Synthetic,Generated for PhishDetect India research dataset,Strategy: curiosity; no real personal identifiers.
KAN-P-0193,Loan application ಮುಂದಿನ ಹಂತಕ್ಕೆ document confirmation ಕೇಳಲಾಗಿದೆ. ಮೊತ್ತ ಅಥವಾ ಸೇವೆ ಬಿಡುಗಡೆ ಮಾಡಲು account information ಕೇಳಲಾಗಿದೆ. ಈ ಮಾಹಿತಿಯಲ್ಲಿರುವ ಸೇವಾ ವಿವರಗಳನ್ನು ನಿಮ್ಮ ಅಧಿಕೃತ accountನಲ್ಲಿ ಪರಿಶೀಲಿಸಬಹುದು. ಯಾವುದೇ payment ಅಥವಾ identity action ಮಾಡುವ ಮೊದಲು ಅಧಿಕೃತ ಮಾಹಿತಿಯನ್ನು ಹೋಲಿಸಿ ನೋಡಿ. ಸಂಬಂಧಿತ service history ನಿಮ್ಮ official app ಅಥವಾ portalನಲ್ಲಿ ಪ್ರತ್ಯೇಕವಾಗಿ ಕಾಣಬಹುದು.,Kannada,Kannada script,Phishing,Loan / Finance,,Generic numeric sender,Synthetic,Generated for PhishDetect India research dataset,Strategy: authority impersonation; no real personal identifiers.
KAN-P-0194,"ನಿಮ್ಮ ಹೆಸರಿನಲ್ಲಿ ತ್ವರಿತ credit limit ಸಿದ್ಧವಾಗಿದೆ ಎಂದು ಸಂದೇಶ ಬಂದಿದೆ. ಈಗ ನೀಡಿರುವ verification ಹಂತವನ್ನು ಪೂರ್ಣಗೊಳಿಸಿ. ಯಾವುದೇ payment ಅಥವಾ identity action ಮಾಡುವ ಮೊದಲು ಅಧಿಕೃತ ಮಾಹಿತಿಯನ್ನು ಹೋಲಿಸಿ ನೋಡಿ. ಸಂಬಂಧಿತ service history ನಿಮ್ಮ official app ಅಥವಾ portalನಲ್ಲಿ ಪ್ರತ್ಯೇಕವಾಗಿ ಕಾಣಬಹುದು. ಸಂದೇಶದಲ್ಲಿರುವ ಸಮಯ, ಮೊತ್ತ ಮತ್ತು reference ವಿವರಗಳು service recordನಲ್ಲಿ ಕಾಣಿಸಬಹುದು.",Kannada,Kannada script,Phishing,Loan / Finance,,Short code,Synthetic,Generated for PhishDetect India research dataset,Strategy: threat; no real personal identifiers.
KAN-P-0195,"Finance service ನಿಮ್ಮ application ಅನ್ನು priority reviewಗೆ ಇಟ್ಟಿದೆ. ಇಂದಿನ review window ಮುಗಿಯುವ ಮೊದಲು ಈ ಪ್ರಕ್ರಿಯೆ ಪೂರ್ಣಗೊಳ್ಳಬೇಕು. ಸಂಬಂಧಿತ service history ನಿಮ್ಮ official app ಅಥವಾ portalನಲ್ಲಿ ಪ್ರತ್ಯೇಕವಾಗಿ ಕಾಣಬಹುದು. ಸಂದೇಶದಲ್ಲಿರುವ ಸಮಯ, ಮೊತ್ತ ಮತ್ತು reference ವಿವರಗಳು service recordನಲ್ಲಿ ಕಾಣಿಸಬಹುದು. ನಿಮ್ಮ ಸಾಮಾನ್ಯ transaction record ಜೊತೆ ಈ ಸೂಚನೆಯನ್ನು ಪರಿಶೀಲಿಸುವುದು ಉಪಯುಕ್ತ.",Kannada,Kannada script,Phishing,Loan / Finance,,Unknown sender,Synthetic,Generated for PhishDetect India research dataset,Strategy: social engineering; no real personal identifiers.
KAN-P-0196,"ನಿಮ್ಮ loan request ಹೆಚ್ಚುವರಿ identity checkಗಾಗಿ ಕಾಯುತ್ತಿದೆ. verification ವಿಫಲವಾದರೆ ಮುಂದಿನ ಸೇವೆಯನ್ನು ನಿಲ್ಲಿಸುವ ಎಚ್ಚರಿಕೆ ನೀಡಲಾಗಿದೆ. ಕೇಳಲಾದ ಮೊತ್ತ ₹1999. ಸಂದೇಶದಲ್ಲಿರುವ ಸಮಯ, ಮೊತ್ತ ಮತ್ತು reference ವಿವರಗಳು service recordನಲ್ಲಿ ಕಾಣಿಸಬಹುದು. ನಿಮ್ಮ ಸಾಮಾನ್ಯ transaction record ಜೊತೆ ಈ ಸೂಚನೆಯನ್ನು ಪರಿಶೀಲಿಸುವುದು ಉಪಯುಕ್ತ. Account ಸಂಬಂಧಿತ ವಿನಂತಿಗಳಿಗೆ ಈಗಾಗಲೇ ತಿಳಿದಿರುವ ಅಧಿಕೃತ contact channel ಮಾತ್ರ ಬಳಸಿ.",Kannada,Kannada + English code-switching,Phishing,Loan / Finance,,Bank-like sender ID,Synthetic,Generated for PhishDetect India research dataset,Strategy: job lure; no real personal identifiers.
KAN-P-0197,ಸೂಚನೆ: ಕಡಿಮೆ ದಾಖಲೆಗಳ loan ಆಯ್ಕೆಗೆ ನೀವು ಅರ್ಹರೆಂದು ತಿಳಿಸಲಾಗಿದೆ. Security team ಹೆಸರಿನಲ್ಲಿ ತಕ್ಷಣ ಪ್ರತಿಕ್ರಿಯಿಸಲು ಸೂಚಿಸಲಾಗಿದೆ. ನಿಮ್ಮ ಸಾಮಾನ್ಯ transaction record ಜೊತೆ ಈ ಸೂಚನೆಯನ್ನು ಪರಿಶೀಲಿಸುವುದು ಉಪಯುಕ್ತ. Account ಸಂಬಂಧಿತ ವಿನಂತಿಗಳಿಗೆ ಈಗಾಗಲೇ ತಿಳಿದಿರುವ ಅಧಿಕೃತ contact channel ಮಾತ್ರ ಬಳಸಿ. ಯಾವುದೇ ಸಮಸ್ಯೆಯಿದ್ದರೆ service providerನ ಅಧಿಕೃತ support option ಬಳಸಿ.,Kannada,Kannada script,Phishing,Loan / Finance,,Telecom-like sender ID,Synthetic,Generated for PhishDetect India research dataset,Strategy: delivery lure; no real personal identifiers.
KAN-P-0198,ನಿಮಗಾಗಿ ಒಂದು pre-approved finance offer ಲಭ್ಯವಿದೆ ಎಂದು ತಿಳಿಸಲಾಗಿದೆ. ಸೂಚಿಸಿದ page ತೆರೆಯಿ ಮತ್ತು ಕೇಳಲಾದ ಮಾಹಿತಿಯನ್ನು ನಮೂದಿಸಿ. Account ಸಂಬಂಧಿತ ವಿನಂತಿಗಳಿಗೆ ಈಗಾಗಲೇ ತಿಳಿದಿರುವ ಅಧಿಕೃತ contact channel ಮಾತ್ರ ಬಳಸಿ. ಯಾವುದೇ ಸಮಸ್ಯೆಯಿದ್ದರೆ service providerನ ಅಧಿಕೃತ support option ಬಳಸಿ. ಸೇವೆಯ ಸ್ಥಿತಿಯನ್ನು ನಂತರ ಅಧಿಕೃತ portalನಲ್ಲಿ ಮತ್ತೆ ಪರಿಶೀಲಿಸಬಹುದು.,Kannada,Kannada script,Phishing,Loan / Finance,,Courier-like sender ID,Synthetic,Generated for PhishDetect India research dataset,Strategy: urgency; no real personal identifiers.
KAN-P-0199,Loan application ಮುಂದಿನ ಹಂತಕ್ಕೆ document confirmation ಕೇಳಲಾಗಿದೆ. ಸ್ಥಿತಿಯನ್ನು ಪರಿಶೀಲಿಸಿ ಮುಂದುವರಿಯಲು link ಬಳಸಿ ಎಂದು ಸೂಚಿಸಲಾಗಿದೆ. ಉಲ್ಲೇಖ: [REF_ID]. ಯಾವುದೇ ಸಮಸ್ಯೆಯಿದ್ದರೆ service providerನ ಅಧಿಕೃತ support option ಬಳಸಿ. ಸೇವೆಯ ಸ್ಥಿತಿಯನ್ನು ನಂತರ ಅಧಿಕೃತ portalನಲ್ಲಿ ಮತ್ತೆ ಪರಿಶೀಲಿಸಬಹುದು. ಈ ಮಾಹಿತಿಯಲ್ಲಿರುವ ಸೇವಾ ವಿವರಗಳನ್ನು ನಿಮ್ಮ ಅಧಿಕೃತ accountನಲ್ಲಿ ಪರಿಶೀಲಿಸಬಹುದು. ಯಾವುದೇ payment ಅಥವಾ identity action ಮಾಡುವ ಮೊದಲು ಅಧಿಕೃತ ಮಾಹಿತಿಯನ್ನು ಹೋಲಿಸಿ ನೋಡಿ.,Kannada,Kannada script,Phishing,Loan / Finance,,Government-service-like sender ID,Synthetic,Generated for PhishDetect India research dataset,Strategy: fear; no real personal identifiers.
KAN-P-0200,ನಿಮ್ಮ ಹೆಸರಿನಲ್ಲಿ ತ್ವರಿತ credit limit ಸಿದ್ಧವಾಗಿದೆ ಎಂದು ಸಂದೇಶ ಬಂದಿದೆ. ವಿನಂತಿಯನ್ನು active ಇರಿಸಲು ತಕ್ಷಣ action ತೆಗೆದುಕೊಳ್ಳಿ ಎಂದು ತಿಳಿಸಲಾಗಿದೆ. ಕೇಳಲಾದ ಮೊತ್ತ ₹1240. hxxp://secure-check.example/verify,Kannada,Kannada script,Phishing,Loan / Finance,hxxp://secure-check.example/verify,Merchant-like sender ID,Synthetic,Generated for PhishDetect India research dataset,Strategy: reward; no real personal identifiers.
KAN-P-0201,ದಯವಿಟ್ಟು ಗಮನಿಸಿ — Finance service ನಿಮ್ಮ application ಅನ್ನು priority reviewಗೆ ಇಟ್ಟಿದೆ. ಸೇವೆ ಸೀಮಿತಗೊಳ್ಳುವ ಮೊದಲು ಖಾತೆಯನ್ನು ದೃಢೀಕರಿಸಿ. https://account-review.example/confirm ಈ ಮಾಹಿತಿಯಲ್ಲಿರುವ ಸೇವಾ ವಿವರಗಳನ್ನು ನಿಮ್ಮ ಅಧಿಕೃತ accountನಲ್ಲಿ ಪರಿಶೀಲಿಸಬಹುದು. ಯಾವುದೇ payment ಅಥವಾ identity action ಮಾಡುವ ಮೊದಲು ಅಧಿಕೃತ ಮಾಹಿತಿಯನ್ನು ಹೋಲಿಸಿ ನೋಡಿ. ಸಂಬಂಧಿತ service history ನಿಮ್ಮ official app ಅಥವಾ portalನಲ್ಲಿ ಪ್ರತ್ಯೇಕವಾಗಿ ಕಾಣಬಹುದು.,Kannada,Kannada script,Phishing,Loan / Finance,https://account-review.example/confirm,Generic numeric sender,Synthetic,Generated for PhishDetect India research dataset,Strategy: refund; no real personal identifiers.
KAN-P-0202,"ಸೂಚನೆ: ನಿಮ್ಮ loan request ಹೆಚ್ಚುವರಿ identity checkಗಾಗಿ ಕಾಯುತ್ತಿದೆ. ಈ activity ನಿಮ್ಮದಾಗಿರದಿದ್ದರೆ identity check ಪೂರ್ಣಗೊಳಿಸಿ. http://kyc-alert.example/update ಯಾವುದೇ payment ಅಥವಾ identity action ಮಾಡುವ ಮೊದಲು ಅಧಿಕೃತ ಮಾಹಿತಿಯನ್ನು ಹೋಲಿಸಿ ನೋಡಿ. ಸಂಬಂಧಿತ service history ನಿಮ್ಮ official app ಅಥವಾ portalನಲ್ಲಿ ಪ್ರತ್ಯೇಕವಾಗಿ ಕಾಣಬಹುದು. ಸಂದೇಶದಲ್ಲಿರುವ ಸಮಯ, ಮೊತ್ತ ಮತ್ತು reference ವಿವರಗಳು service recordನಲ್ಲಿ ಕಾಣಿಸಬಹುದು.",Kannada,Kannada script,Phishing,Loan / Finance,http://kyc-alert.example/update,Short code,Synthetic,Generated for PhishDetect India research dataset,Strategy: curiosity; no real personal identifiers.
KAN-P-0203,"ಕಡಿಮೆ ದಾಖಲೆಗಳ loan ಆಯ್ಕೆಗೆ ನೀವು ಅರ್ಹರೆಂದು ತಿಳಿಸಲಾಗಿದೆ. ಮೊತ್ತ ಅಥವಾ ಸೇವೆ ಬಿಡುಗಡೆ ಮಾಡಲು account information ಕೇಳಲಾಗಿದೆ. https://upi-support.example/resolve ಸಂಬಂಧಿತ service history ನಿಮ್ಮ official app ಅಥವಾ portalನಲ್ಲಿ ಪ್ರತ್ಯೇಕವಾಗಿ ಕಾಣಬಹುದು. ಸಂದೇಶದಲ್ಲಿರುವ ಸಮಯ, ಮೊತ್ತ ಮತ್ತು reference ವಿವರಗಳು service recordನಲ್ಲಿ ಕಾಣಿಸಬಹುದು. ನಿಮ್ಮ ಸಾಮಾನ್ಯ transaction record ಜೊತೆ ಈ ಸೂಚನೆಯನ್ನು ಪರಿಶೀಲಿಸುವುದು ಉಪಯುಕ್ತ.",Kannada,Kannada + English code-switching,Phishing,Loan / Finance,https://upi-support.example/resolve,Unknown sender,Synthetic,Generated for PhishDetect India research dataset,Strategy: authority impersonation; no real personal identifiers.
KAN-P-0204,"ನಿಮಗಾಗಿ ಒಂದು pre-approved finance offer ಲಭ್ಯವಿದೆ ಎಂದು ತಿಳಿಸಲಾಗಿದೆ. ಈಗ ನೀಡಿರುವ verification ಹಂತವನ್ನು ಪೂರ್ಣಗೊಳಿಸಿ. ಕೇಳಲಾದ ಮೊತ್ತ ₹850. https://parcel-status.example/address ಸಂದೇಶದಲ್ಲಿರುವ ಸಮಯ, ಮೊತ್ತ ಮತ್ತು reference ವಿವರಗಳು service recordನಲ್ಲಿ ಕಾಣಿಸಬಹುದು. ನಿಮ್ಮ ಸಾಮಾನ್ಯ transaction record ಜೊತೆ ಈ ಸೂಚನೆಯನ್ನು ಪರಿಶೀಲಿಸುವುದು ಉಪಯುಕ್ತ. Account ಸಂಬಂಧಿತ ವಿನಂತಿಗಳಿಗೆ ಈಗಾಗಲೇ ತಿಳಿದಿರುವ ಅಧಿಕೃತ contact channel ಮಾತ್ರ ಬಳಸಿ.",Kannada,Kannada script,Phishing,Loan / Finance,https://parcel-status.example/address,Bank-like sender ID,Synthetic,Generated for PhishDetect India research dataset,Strategy: threat; no real personal identifiers.
KAN-P-0205,Loan application ಮುಂದಿನ ಹಂತಕ್ಕೆ document confirmation ಕೇಳಲಾಗಿದೆ. ಇಂದಿನ review window ಮುಗಿಯುವ ಮೊದಲು ಈ ಪ್ರಕ್ರಿಯೆ ಪೂರ್ಣಗೊಳ್ಳಬೇಕು. http://reward-center.example/claim ನಿಮ್ಮ ಸಾಮಾನ್ಯ transaction record ಜೊತೆ ಈ ಸೂಚನೆಯನ್ನು ಪರಿಶೀಲಿಸುವುದು ಉಪಯುಕ್ತ. Account ಸಂಬಂಧಿತ ವಿನಂತಿಗಳಿಗೆ ಈಗಾಗಲೇ ತಿಳಿದಿರುವ ಅಧಿಕೃತ contact channel ಮಾತ್ರ ಬಳಸಿ. ಯಾವುದೇ ಸಮಸ್ಯೆಯಿದ್ದರೆ service providerನ ಅಧಿಕೃತ support option ಬಳಸಿ.,Kannada,Kannada script,Phishing,Loan / Finance,http://reward-center.example/claim,Telecom-like sender ID,Synthetic,Generated for PhishDetect India research dataset,Strategy: social engineering; no real personal identifiers.
KAN-P-0206,ನಿಮ್ಮ ಹೆಸರಿನಲ್ಲಿ ತ್ವರಿತ credit limit ಸಿದ್ಧವಾಗಿದೆ ಎಂದು ಸಂದೇಶ ಬಂದಿದೆ. ಪರಿಶೀಲನೆ ವಿಫಲವಾದರೆ ಮುಂದಿನ ಸೇವೆಯನ್ನು ನಿಲ್ಲಿಸುವ ಎಚ್ಚರಿಕೆ ನೀಡಲಾಗಿದೆ. ಉಲ್ಲೇಖ: [REF_ID]. https://job-selection.example/document Account ಸಂಬಂಧಿತ ವಿನಂತಿಗಳಿಗೆ ಈಗಾಗಲೇ ತಿಳಿದಿರುವ ಅಧಿಕೃತ contact channel ಮಾತ್ರ ಬಳಸಿ. ಯಾವುದೇ ಸಮಸ್ಯೆಯಿದ್ದರೆ service providerನ ಅಧಿಕೃತ support option ಬಳಸಿ. ಸೇವೆಯ ಸ್ಥಿತಿಯನ್ನು ನಂತರ ಅಧಿಕೃತ portalನಲ್ಲಿ ಮತ್ತೆ ಪರಿಶೀಲಿಸಬಹುದು.,Kannada,Kannada script,Phishing,Loan / Finance,https://job-selection.example/document,Courier-like sender ID,Synthetic,Generated for PhishDetect India research dataset,Strategy: job lure; no real personal identifiers.
KAN-P-0207,ಸೂಚನೆ: Finance service ನಿಮ್ಮ application ಅನ್ನು priority reviewಗೆ ಇಟ್ಟಿದೆ. Security team ಹೆಸರಿನಲ್ಲಿ ತಕ್ಷಣ ಪ್ರತಿಕ್ರಿಯಿಸಲು ಸೂಚಿಸಲಾಗಿದೆ. https://card-security.example/review ಯಾವುದೇ ಸಮಸ್ಯೆಯಿದ್ದರೆ service providerನ ಅಧಿಕೃತ support option ಬಳಸಿ. ಸೇವೆಯ ಸ್ಥಿತಿಯನ್ನು ನಂತರ ಅಧಿಕೃತ portalನಲ್ಲಿ ಮತ್ತೆ ಪರಿಶೀಲಿಸಬಹುದು. ಈ ಮಾಹಿತಿಯಲ್ಲಿರುವ ಸೇವಾ ವಿವರಗಳನ್ನು ನಿಮ್ಮ ಅಧಿಕೃತ accountನಲ್ಲಿ ಪರಿಶೀಲಿಸಬಹುದು. ಯಾವುದೇ payment ಅಥವಾ identity action ಮಾಡುವ ಮೊದಲು ಅಧಿಕೃತ ಮಾಹಿತಿಯನ್ನು ಹೋಲಿಸಿ ನೋಡಿ.,Kannada,Kannada script,Phishing,Loan / Finance,https://card-security.example/review,Government-service-like sender ID,Synthetic,Generated for PhishDetect India research dataset,Strategy: delivery lure; no real personal identifiers.
KAN-P-0208,ನಿಮ್ಮ loan request ಹೆಚ್ಚುವರಿ identity checkಗಾಗಿ ಕಾಯುತ್ತಿದೆ. ಸೂಚಿಸಿದ page ತೆರೆಯಿ ಮತ್ತು ಕೇಳಲಾದ ಮಾಹಿತಿಯನ್ನು ನಮೂದಿಸಿ. ಕೇಳಲಾದ ಮೊತ್ತ ₹499. http://utility-notice.example/pay ಸೇವೆಯ ಸ್ಥಿತಿಯನ್ನು ನಂತರ ಅಧಿಕೃತ portalನಲ್ಲಿ ಮತ್ತೆ ಪರಿಶೀಲಿಸಬಹುದು. ಈ ಮಾಹಿತಿಯಲ್ಲಿರುವ ಸೇವಾ ವಿವರಗಳನ್ನು ನಿಮ್ಮ ಅಧಿಕೃತ accountನಲ್ಲಿ ಪರಿಶೀಲಿಸಬಹುದು. ಯಾವುದೇ payment ಅಥವಾ identity action ಮಾಡುವ ಮೊದಲು ಅಧಿಕೃತ ಮಾಹಿತಿಯನ್ನು ಹೋಲಿಸಿ ನೋಡಿ.,Kannada,Kannada script,Phishing,Loan / Finance,http://utility-notice.example/pay,Merchant-like sender ID,Synthetic,Generated for PhishDetect India research dataset,Strategy: urgency; no real personal identifiers.
KAN-P-0209,ಕಡಿಮೆ ದಾಖಲೆಗಳ loan ಆಯ್ಕೆಗೆ ನೀವು ಅರ್ಹರೆಂದು ತಿಳಿಸಲಾಗಿದೆ. ಸ್ಥಿತಿಯನ್ನು ಪರಿಶೀಲಿಸಿ ಮುಂದುವರಿಯಲು link ಬಳಸಿ ಎಂದು ಸೂಚಿಸಲಾಗಿದೆ. https://profile-access.example/recover ಈ ಮಾಹಿತಿಯಲ್ಲಿರುವ ಸೇವಾ ವಿವರಗಳನ್ನು ನಿಮ್ಮ ಅಧಿಕೃತ accountನಲ್ಲಿ ಪರಿಶೀಲಿಸಬಹುದು. ಯಾವುದೇ payment ಅಥವಾ identity action ಮಾಡುವ ಮೊದಲು ಅಧಿಕೃತ ಮಾಹಿತಿಯನ್ನು ಹೋಲಿಸಿ ನೋಡಿ. ಸಂಬಂಧಿತ service history ನಿಮ್ಮ official app ಅಥವಾ portalನಲ್ಲಿ ಪ್ರತ್ಯೇಕವಾಗಿ ಕಾಣಬಹುದು.,Kannada,Kannada script,Phishing,Loan / Finance,https://profile-access.example/recover,Generic numeric sender,Synthetic,Generated for PhishDetect India research dataset,Strategy: fear; no real personal identifiers.
KAN-P-0210,ಸೂಚನೆ: ನಿಮ್ಮ ಸಂಖ್ಯೆಗೆ ವಿಶೇಷ cashback benefit ಆಯ್ಕೆಯಾಗಿದೆ ಎಂದು ತಿಳಿಸಲಾಗಿದೆ. ಮೊತ್ತ ಅಥವಾ ಸೇವೆ ಬಿಡುಗಡೆ ಮಾಡಲು account information ಕೇಳಲಾಗಿದೆ. ಕೇಳಲಾದ ಮೊತ್ತ ₹249. hxxp://secure-check.example/verify,Kannada,Kannada + English code-switching,Phishing,Cashback / Reward / Lottery,hxxp://secure-check.example/verify,Short code,Synthetic,Generated for PhishDetect India research dataset,Strategy: social engineering; no real personal identifiers.
KAN-P-0211,"ಒಂದು digital reward ನಿಮ್ಮ ಹೆಸರಿನಲ್ಲಿ ಬಾಕಿಯಿದೆ ಎಂದು ಸಂದೇಶ ಬಂದಿದೆ. ಈಗ ನೀಡಿರುವ verification ಹಂತವನ್ನು ಪೂರ್ಣಗೊಳಿಸಿ. ಸಂಬಂಧಿತ service history ನಿಮ್ಮ official app ಅಥವಾ portalನಲ್ಲಿ ಪ್ರತ್ಯೇಕವಾಗಿ ಕಾಣಬಹುದು. ಸಂದೇಶದಲ್ಲಿರುವ ಸಮಯ, ಮೊತ್ತ ಮತ್ತು reference ವಿವರಗಳು service recordನಲ್ಲಿ ಕಾಣಿಸಬಹುದು. ನಿಮ್ಮ ಸಾಮಾನ್ಯ transaction record ಜೊತೆ ಈ ಸೂಚನೆಯನ್ನು ಪರಿಶೀಲಿಸುವುದು ಉಪಯುಕ್ತ.",Kannada,Kannada script,Phishing,Cashback / Reward / Lottery,,Unknown sender,Synthetic,Generated for PhishDetect India research dataset,Strategy: job lure; no real personal identifiers.
KAN-P-0212,"ನಿಮ್ಮ customer number reward ಪಟ್ಟಿಯಲ್ಲಿ ಆಯ್ಕೆಯಾಗಿದೆ ಎಂದು ತಿಳಿಸಲಾಗಿದೆ. ಇಂದಿನ review window ಮುಗಿಯುವ ಮೊದಲು ಈ ಪ್ರಕ್ರಿಯೆ ಪೂರ್ಣಗೊಳ್ಳಬೇಕು. ಸಂದೇಶದಲ್ಲಿರುವ ಸಮಯ, ಮೊತ್ತ ಮತ್ತು reference ವಿವರಗಳು service recordನಲ್ಲಿ ಕಾಣಿಸಬಹುದು. ನಿಮ್ಮ ಸಾಮಾನ್ಯ transaction record ಜೊತೆ ಈ ಸೂಚನೆಯನ್ನು ಪರಿಶೀಲಿಸುವುದು ಉಪಯುಕ್ತ. Account ಸಂಬಂಧಿತ ವಿನಂತಿಗಳಿಗೆ ಈಗಾಗಲೇ ತಿಳಿದಿರುವ ಅಧಿಕೃತ contact channel ಮಾತ್ರ ಬಳಸಿ.",Kannada,Kannada script,Phishing,Cashback / Reward / Lottery,,Bank-like sender ID,Synthetic,Generated for PhishDetect India research dataset,Strategy: delivery lure; no real personal identifiers.
KAN-P-0213,ಇತ್ತೀಚಿನ payment ಮೇಲೆ ಹೆಚ್ಚುವರಿ benefit ಲಭ್ಯವಿದೆ ಎಂದು ತಿಳಿಸಲಾಗಿದೆ. ಪರಿಶೀಲನೆ ವಿಫಲವಾದರೆ ಮುಂದಿನ ಸೇವೆಯನ್ನು ನಿಲ್ಲಿಸುವ ಎಚ್ಚರಿಕೆ ನೀಡಲಾಗಿದೆ. ನಿಮ್ಮ ಸಾಮಾನ್ಯ transaction record ಜೊತೆ ಈ ಸೂಚನೆಯನ್ನು ಪರಿಶೀಲಿಸುವುದು ಉಪಯುಕ್ತ. Account ಸಂಬಂಧಿತ ವಿನಂತಿಗಳಿಗೆ ಈಗಾಗಲೇ ತಿಳಿದಿರುವ ಅಧಿಕೃತ contact channel ಮಾತ್ರ ಬಳಸಿ. ಯಾವುದೇ ಸಮಸ್ಯೆಯಿದ್ದರೆ service providerನ ಅಧಿಕೃತ support option ಬಳಸಿ.,Kannada,Kannada script,Phishing,Cashback / Reward / Lottery,,Telecom-like sender ID,Synthetic,Generated for PhishDetect India research dataset,Strategy: urgency; no real personal identifiers.
KAN-P-0214,ಒಂದು refund ಮೊತ್ತ ನಿಮ್ಮ profileನಲ್ಲಿ ಬಿಡುಗಡೆಗೆ ಕಾಯುತ್ತಿದೆ. Security team ಹೆಸರಿನಲ್ಲಿ ತಕ್ಷಣ ಪ್ರತಿಕ್ರಿಯಿಸಲು ಸೂಚಿಸಲಾಗಿದೆ. ಕೇಳಲಾದ ಮೊತ್ತ ₹1999. Account ಸಂಬಂಧಿತ ವಿನಂತಿಗಳಿಗೆ ಈಗಾಗಲೇ ತಿಳಿದಿರುವ ಅಧಿಕೃತ contact channel ಮಾತ್ರ ಬಳಸಿ. ಯಾವುದೇ ಸಮಸ್ಯೆಯಿದ್ದರೆ service providerನ ಅಧಿಕೃತ support option ಬಳಸಿ. ಸೇವೆಯ ಸ್ಥಿತಿಯನ್ನು ನಂತರ ಅಧಿಕೃತ portalನಲ್ಲಿ ಮತ್ತೆ ಪರಿಶೀಲಿಸಬಹುದು.,Kannada,Kannada script,Phishing,Cashback / Reward / Lottery,,Courier-like sender ID,Synthetic,Generated for PhishDetect India research dataset,Strategy: fear; no real personal identifiers.
KAN-P-0215,ಸೂಚನೆ: ನಿಮಗಾಗಿ limited-time bonus credit ಸಿದ್ಧವಾಗಿದೆ ಎಂದು ತಿಳಿಸಲಾಗಿದೆ. ಸೂಚಿಸಿದ page ತೆರೆಯಿ ಮತ್ತು ಕೇಳಲಾದ ಮಾಹಿತಿಯನ್ನು ನಮೂದಿಸಿ. ಯಾವುದೇ ಸಮಸ್ಯೆಯಿದ್ದರೆ service providerನ ಅಧಿಕೃತ support option ಬಳಸಿ. ಸೇವೆಯ ಸ್ಥಿತಿಯನ್ನು ನಂತರ ಅಧಿಕೃತ portalನಲ್ಲಿ ಮತ್ತೆ ಪರಿಶೀಲಿಸಬಹುದು. ಈ ಮಾಹಿತಿಯಲ್ಲಿರುವ ಸೇವಾ ವಿವರಗಳನ್ನು ನಿಮ್ಮ ಅಧಿಕೃತ accountನಲ್ಲಿ ಪರಿಶೀಲಿಸಬಹುದು. ಯಾವುದೇ payment ಅಥವಾ identity action ಮಾಡುವ ಮೊದಲು ಅಧಿಕೃತ ಮಾಹಿತಿಯನ್ನು ಹೋಲಿಸಿ ನೋಡಿ.,Kannada,Kannada script,Phishing,Cashback / Reward / Lottery,,Government-service-like sender ID,Synthetic,Generated for PhishDetect India research dataset,Strategy: reward; no real personal identifiers.
KAN-P-0216,ನಿಮ್ಮ ಸಂಖ್ಯೆಗೆ ವಿಶೇಷ cashback benefit ಆಯ್ಕೆಯಾಗಿದೆ ಎಂದು ತಿಳಿಸಲಾಗಿದೆ. ಸ್ಥಿತಿಯನ್ನು ಪರಿಶೀಲಿಸಿ ಮುಂದುವರಿಯಲು link ಬಳಸಿ ಎಂದು ಸೂಚಿಸಲಾಗಿದೆ. ಸೇವೆಯ ಸ್ಥಿತಿಯನ್ನು ನಂತರ ಅಧಿಕೃತ portalನಲ್ಲಿ ಮತ್ತೆ ಪರಿಶೀಲಿಸಬಹುದು. ಈ ಮಾಹಿತಿಯಲ್ಲಿರುವ ಸೇವಾ ವಿವರಗಳನ್ನು ನಿಮ್ಮ ಅಧಿಕೃತ accountನಲ್ಲಿ ಪರಿಶೀಲಿಸಬಹುದು. ಯಾವುದೇ payment ಅಥವಾ identity action ಮಾಡುವ ಮೊದಲು ಅಧಿಕೃತ ಮಾಹಿತಿಯನ್ನು ಹೋಲಿಸಿ ನೋಡಿ.,Kannada,Kannada script,Phishing,Cashback / Reward / Lottery,,Merchant-like sender ID,Synthetic,Generated for PhishDetect India research dataset,Strategy: refund; no real personal identifiers.
KAN-P-0217,ಒಂದು digital reward ನಿಮ್ಮ ಹೆಸರಿನಲ್ಲಿ ಬಾಕಿಯಿದೆ ಎಂದು ಸಂದೇಶ ಬಂದಿದೆ. ವಿನಂತಿಯನ್ನು active ಇರಿಸಲು ತಕ್ಷಣ action ತೆಗೆದುಕೊಳ್ಳಿ ಎಂದು ತಿಳಿಸಲಾಗಿದೆ. ಉಲ್ಲೇಖ: [REF_ID]. ಈ ಮಾಹಿತಿಯಲ್ಲಿರುವ ಸೇವಾ ವಿವರಗಳನ್ನು ನಿಮ್ಮ ಅಧಿಕೃತ accountನಲ್ಲಿ ಪರಿಶೀಲಿಸಬಹುದು. ಯಾವುದೇ payment ಅಥವಾ identity action ಮಾಡುವ ಮೊದಲು ಅಧಿಕೃತ ಮಾಹಿತಿಯನ್ನು ಹೋಲಿಸಿ ನೋಡಿ. ಸಂಬಂಧಿತ service history ನಿಮ್ಮ official app ಅಥವಾ portalನಲ್ಲಿ ಪ್ರತ್ಯೇಕವಾಗಿ ಕಾಣಬಹುದು.,Kannada,Kannada + English code-switching,Phishing,Cashback / Reward / Lottery,,Generic numeric sender,Synthetic,Generated for PhishDetect India research dataset,Strategy: curiosity; no real personal identifiers.
KAN-P-0218,"ನಿಮ್ಮ customer number reward ಪಟ್ಟಿಯಲ್ಲಿ ಆಯ್ಕೆಯಾಗಿದೆ ಎಂದು ತಿಳಿಸಲಾಗಿದೆ. ಸೇವೆ ಸೀಮಿತಗೊಳ್ಳುವ ಮೊದಲು ಖಾತೆಯನ್ನು ದೃಢೀಕರಿಸಿ. ಕೇಳಲಾದ ಮೊತ್ತ ₹1240. ಯಾವುದೇ payment ಅಥವಾ identity action ಮಾಡುವ ಮೊದಲು ಅಧಿಕೃತ ಮಾಹಿತಿಯನ್ನು ಹೋಲಿಸಿ ನೋಡಿ. ಸಂಬಂಧಿತ service history ನಿಮ್ಮ official app ಅಥವಾ portalನಲ್ಲಿ ಪ್ರತ್ಯೇಕವಾಗಿ ಕಾಣಬಹುದು. ಸಂದೇಶದಲ್ಲಿರುವ ಸಮಯ, ಮೊತ್ತ ಮತ್ತು reference ವಿವರಗಳು service recordನಲ್ಲಿ ಕಾಣಿಸಬಹುದು.",Kannada,Kannada script,Phishing,Cashback / Reward / Lottery,,Short code,Synthetic,Generated for PhishDetect India research dataset,Strategy: authority impersonation; no real personal identifiers.
KAN-P-0219,"ದಯವಿಟ್ಟು ಗಮನಿಸಿ — ಇತ್ತೀಚಿನ payment ಮೇಲೆ ಹೆಚ್ಚುವರಿ benefit ಲಭ್ಯವಿದೆ ಎಂದು ತಿಳಿಸಲಾಗಿದೆ. ಈ activity ನಿಮ್ಮದಾಗಿರದಿದ್ದರೆ identity check ಪೂರ್ಣಗೊಳಿಸಿ. ಸಂಬಂಧಿತ service history ನಿಮ್ಮ official app ಅಥವಾ portalನಲ್ಲಿ ಪ್ರತ್ಯೇಕವಾಗಿ ಕಾಣಬಹುದು. ಸಂದೇಶದಲ್ಲಿರುವ ಸಮಯ, ಮೊತ್ತ ಮತ್ತು reference ವಿವರಗಳು service recordನಲ್ಲಿ ಕಾಣಿಸಬಹುದು. ನಿಮ್ಮ ಸಾಮಾನ್ಯ transaction record ಜೊತೆ ಈ ಸೂಚನೆಯನ್ನು ಪರಿಶೀಲಿಸುವುದು ಉಪಯುಕ್ತ.",Kannada,Kannada script,Phishing,Cashback / Reward / Lottery,,Unknown sender,Synthetic,Generated for PhishDetect India research dataset,Strategy: threat; no real personal identifiers.
KAN-P-0220,"ಸೂಚನೆ: ಒಂದು refund ಮೊತ್ತ ನಿಮ್ಮ profileನಲ್ಲಿ ಬಿಡುಗಡೆಗೆ ಕಾಯುತ್ತಿದೆ. ಮೊತ್ತ ಅಥವಾ ಸೇವೆ ಬಿಡುಗಡೆ ಮಾಡಲು account information ಕೇಳಲಾಗಿದೆ. hxxp://secure-check.example/verify ಸಂದೇಶದಲ್ಲಿರುವ ಸಮಯ, ಮೊತ್ತ ಮತ್ತು reference ವಿವರಗಳು service recordನಲ್ಲಿ ಕಾಣಿಸಬಹುದು. ನಿಮ್ಮ ಸಾಮಾನ್ಯ transaction record ಜೊತೆ ಈ ಸೂಚನೆಯನ್ನು ಪರಿಶೀಲಿಸುವುದು ಉಪಯುಕ್ತ. Account ಸಂಬಂಧಿತ ವಿನಂತಿಗಳಿಗೆ ಈಗಾಗಲೇ ತಿಳಿದಿರುವ ಅಧಿಕೃತ contact channel ಮಾತ್ರ ಬಳಸಿ.",Kannada,Kannada script,Phishing,Cashback / Reward / Lottery,hxxp://secure-check.example/verify,Bank-like sender ID,Synthetic,Generated for PhishDetect India research dataset,Strategy: social engineering; no real personal identifiers.
KAN-P-0221,ನಿಮಗಾಗಿ limited-time bonus credit ಸಿದ್ಧವಾಗಿದೆ ಎಂದು ತಿಳಿಸಲಾಗಿದೆ. ಈಗ ನೀಡಿರುವ verification ಹಂತವನ್ನು ಪೂರ್ಣಗೊಳಿಸಿ. https://account-review.example/confirm ನಿಮ್ಮ ಸಾಮಾನ್ಯ transaction record ಜೊತೆ ಈ ಸೂಚನೆಯನ್ನು ಪರಿಶೀಲಿಸುವುದು ಉಪಯುಕ್ತ. Account ಸಂಬಂಧಿತ ವಿನಂತಿಗಳಿಗೆ ಈಗಾಗಲೇ ತಿಳಿದಿರುವ ಅಧಿಕೃತ contact channel ಮಾತ್ರ ಬಳಸಿ. ಯಾವುದೇ ಸಮಸ್ಯೆಯಿದ್ದರೆ service providerನ ಅಧಿಕೃತ support option ಬಳಸಿ.,Kannada,Kannada script,Phishing,Cashback / Reward / Lottery,https://account-review.example/confirm,Telecom-like sender ID,Synthetic,Generated for PhishDetect India research dataset,Strategy: job lure; no real personal identifiers.
KAN-P-0222,ನಿಮ್ಮ ಸಂಖ್ಯೆಗೆ ವಿಶೇಷ cashback benefit ಆಯ್ಕೆಯಾಗಿದೆ ಎಂದು ತಿಳಿಸಲಾಗಿದೆ. ಇಂದಿನ review window ಮುಗಿಯುವ ಮೊದಲು ಈ ಪ್ರಕ್ರಿಯೆ ಪೂರ್ಣಗೊಳ್ಳಬೇಕು. ಕೇಳಲಾದ ಮೊತ್ತ ₹850. http://kyc-alert.example/update,Kannada,Kannada script,Phishing,Cashback / Reward / Lottery,http://kyc-alert.example/update,Courier-like sender ID,Synthetic,Generated for PhishDetect India research dataset,Strategy: delivery lure; no real personal identifiers.
KAN-P-0223,ಒಂದು digital reward ನಿಮ್ಮ ಹೆಸರಿನಲ್ಲಿ ಬಾಕಿಯಿದೆ ಎಂದು ಸಂದೇಶ ಬಂದಿದೆ. ಪರಿಶೀಲನೆ ವಿಫಲವಾದರೆ ಮುಂದಿನ ಸೇವೆಯನ್ನು ನಿಲ್ಲಿಸುವ ಎಚ್ಚರಿಕೆ ನೀಡಲಾಗಿದೆ. https://upi-support.example/resolve ಯಾವುದೇ ಸಮಸ್ಯೆಯಿದ್ದರೆ service providerನ ಅಧಿಕೃತ support option ಬಳಸಿ. ಸೇವೆಯ ಸ್ಥಿತಿಯನ್ನು ನಂತರ ಅಧಿಕೃತ portalನಲ್ಲಿ ಮತ್ತೆ ಪರಿಶೀಲಿಸಬಹುದು. ಈ ಮಾಹಿತಿಯಲ್ಲಿರುವ ಸೇವಾ ವಿವರಗಳನ್ನು ನಿಮ್ಮ ಅಧಿಕೃತ accountನಲ್ಲಿ ಪರಿಶೀಲಿಸಬಹುದು.,Kannada,Kannada script,Phishing,Cashback / Reward / Lottery,https://upi-support.example/resolve,Government-service-like sender ID,Synthetic,Generated for PhishDetect India research dataset,Strategy: urgency; no real personal identifiers.
KAN-P-0224,ನಿಮ್ಮ customer number reward ಪಟ್ಟಿಯಲ್ಲಿ ಆಯ್ಕೆಯಾಗಿದೆ ಎಂದು ತಿಳಿಸಲಾಗಿದೆ. Security team ಹೆಸರಿನಲ್ಲಿ ತಕ್ಷಣ ಪ್ರತಿಕ್ರಿಯಿಸಲು ಸೂಚಿಸಲಾಗಿದೆ. ಉಲ್ಲೇಖ: [REF_ID]. https://parcel-status.example/address ಸೇವೆಯ ಸ್ಥಿತಿಯನ್ನು ನಂತರ ಅಧಿಕೃತ portalನಲ್ಲಿ ಮತ್ತೆ ಪರಿಶೀಲಿಸಬಹುದು. ಈ ಮಾಹಿತಿಯಲ್ಲಿರುವ ಸೇವಾ ವಿವರಗಳನ್ನು ನಿಮ್ಮ ಅಧಿಕೃತ accountನಲ್ಲಿ ಪರಿಶೀಲಿಸಬಹುದು. ಯಾವುದೇ payment ಅಥವಾ identity action ಮಾಡುವ ಮೊದಲು ಅಧಿಕೃತ ಮಾಹಿತಿಯನ್ನು ಹೋಲಿಸಿ ನೋಡಿ.,Kannada,Kannada + English code-switching,Phishing,Cashback / Reward / Lottery,https://parcel-status.example/address,Merchant-like sender ID,Synthetic,Generated for PhishDetect India research dataset,Strategy: fear; no real personal identifiers.
KAN-P-0225,ಸೂಚನೆ: ಇತ್ತೀಚಿನ payment ಮೇಲೆ ಹೆಚ್ಚುವರಿ benefit ಲಭ್ಯವಿದೆ ಎಂದು ತಿಳಿಸಲಾಗಿದೆ. ಸೂಚಿಸಿದ page ತೆರೆಯಿ ಮತ್ತು ಕೇಳಲಾದ ಮಾಹಿತಿಯನ್ನು ನಮೂದಿಸಿ. http://reward-center.example/claim ಈ ಮಾಹಿತಿಯಲ್ಲಿರುವ ಸೇವಾ ವಿವರಗಳನ್ನು ನಿಮ್ಮ ಅಧಿಕೃತ accountನಲ್ಲಿ ಪರಿಶೀಲಿಸಬಹುದು. ಯಾವುದೇ payment ಅಥವಾ identity action ಮಾಡುವ ಮೊದಲು ಅಧಿಕೃತ ಮಾಹಿತಿಯನ್ನು ಹೋಲಿಸಿ ನೋಡಿ. ಸಂಬಂಧಿತ service history ನಿಮ್ಮ official app ಅಥವಾ portalನಲ್ಲಿ ಪ್ರತ್ಯೇಕವಾಗಿ ಕಾಣಬಹುದು.,Kannada,Kannada script,Phishing,Cashback / Reward / Lottery,http://reward-center.example/claim,Generic numeric sender,Synthetic,Generated for PhishDetect India research dataset,Strategy: reward; no real personal identifiers.
KAN-P-0226,"ಒಂದು refund ಮೊತ್ತ ನಿಮ್ಮ profileನಲ್ಲಿ ಬಿಡುಗಡೆಗೆ ಕಾಯುತ್ತಿದೆ. ಸ್ಥಿತಿಯನ್ನು ಪರಿಶೀಲಿಸಿ ಮುಂದುವರಿಯಲು link ಬಳಸಿ ಎಂದು ಸೂಚಿಸಲಾಗಿದೆ. ಕೇಳಲಾದ ಮೊತ್ತ ₹499. https://job-selection.example/document ಯಾವುದೇ payment ಅಥವಾ identity action ಮಾಡುವ ಮೊದಲು ಅಧಿಕೃತ ಮಾಹಿತಿಯನ್ನು ಹೋಲಿಸಿ ನೋಡಿ. ಸಂಬಂಧಿತ service history ನಿಮ್ಮ official app ಅಥವಾ portalನಲ್ಲಿ ಪ್ರತ್ಯೇಕವಾಗಿ ಕಾಣಬಹುದು. ಸಂದೇಶದಲ್ಲಿರುವ ಸಮಯ, ಮೊತ್ತ ಮತ್ತು reference ವಿವರಗಳು service recordನಲ್ಲಿ ಕಾಣಿಸಬಹುದು.",Kannada,Kannada script,Phishing,Cashback / Reward / Lottery,https://job-selection.example/document,Short code,Synthetic,Generated for PhishDetect India research dataset,Strategy: refund; no real personal identifiers.
KAN-P-0227,"ನಿಮಗಾಗಿ limited-time bonus credit ಸಿದ್ಧವಾಗಿದೆ ಎಂದು ತಿಳಿಸಲಾಗಿದೆ. ವಿನಂತಿಯನ್ನು active ಇರಿಸಲು ತಕ್ಷಣ action ತೆಗೆದುಕೊಳ್ಳಿ ಎಂದು ತಿಳಿಸಲಾಗಿದೆ. https://card-security.example/review ಸಂಬಂಧಿತ service history ನಿಮ್ಮ official app ಅಥವಾ portalನಲ್ಲಿ ಪ್ರತ್ಯೇಕವಾಗಿ ಕಾಣಬಹುದು. ಸಂದೇಶದಲ್ಲಿರುವ ಸಮಯ, ಮೊತ್ತ ಮತ್ತು reference ವಿವರಗಳು service recordನಲ್ಲಿ ಕಾಣಿಸಬಹುದು. ನಿಮ್ಮ ಸಾಮಾನ್ಯ transaction record ಜೊತೆ ಈ ಸೂಚನೆಯನ್ನು ಪರಿಶೀಲಿಸುವುದು ಉಪಯುಕ್ತ.",Kannada,Kannada script,Phishing,Cashback / Reward / Lottery,https://card-security.example/review,Unknown sender,Synthetic,Generated for PhishDetect India research dataset,Strategy: curiosity; no real personal identifiers.
KAN-P-0228,"ಸೂಚನೆ: ನಿಮ್ಮ order confirmation ವೇಳೆ payment ಸಮಸ್ಯೆ ದಾಖಲಾಗಿದೆ. ಸೇವೆ ಸೀಮಿತಗೊಳ್ಳುವ ಮೊದಲು ಖಾತೆಯನ್ನು ದೃಢೀಕರಿಸಿ. ಕೇಳಲಾದ ಮೊತ್ತ ₹249. http://utility-notice.example/pay ಸಂದೇಶದಲ್ಲಿರುವ ಸಮಯ, ಮೊತ್ತ ಮತ್ತು reference ವಿವರಗಳು service recordನಲ್ಲಿ ಕಾಣಿಸಬಹುದು. ನಿಮ್ಮ ಸಾಮಾನ್ಯ transaction record ಜೊತೆ ಈ ಸೂಚನೆಯನ್ನು ಪರಿಶೀಲಿಸುವುದು ಉಪಯುಕ್ತ. Account ಸಂಬಂಧಿತ ವಿನಂತಿಗಳಿಗೆ ಈಗಾಗಲೇ ತಿಳಿದಿರುವ ಅಧಿಕೃತ contact channel ಮಾತ್ರ ಬಳಸಿ.",Kannada,Kannada script,Phishing,Shopping / E-commerce,http://utility-notice.example/pay,Bank-like sender ID,Synthetic,Generated for PhishDetect India research dataset,Strategy: fear; no real personal identifiers.
KAN-P-0229,Online purchase refund ಪ್ರಕ್ರಿಯೆಗೆ ಹೆಚ್ಚುವರಿ confirmation ಕೇಳಲಾಗಿದೆ. ಈ activity ನಿಮ್ಮದಾಗಿರದಿದ್ದರೆ identity check ಪೂರ್ಣಗೊಳಿಸಿ. https://profile-access.example/recover ನಿಮ್ಮ ಸಾಮಾನ್ಯ transaction record ಜೊತೆ ಈ ಸೂಚನೆಯನ್ನು ಪರಿಶೀಲಿಸುವುದು ಉಪಯುಕ್ತ. Account ಸಂಬಂಧಿತ ವಿನಂತಿಗಳಿಗೆ ಈಗಾಗಲೇ ತಿಳಿದಿರುವ ಅಧಿಕೃತ contact channel ಮಾತ್ರ ಬಳಸಿ. ಯಾವುದೇ ಸಮಸ್ಯೆಯಿದ್ದರೆ service providerನ ಅಧಿಕೃತ support option ಬಳಸಿ.,Kannada,Kannada script,Phishing,Shopping / E-commerce,https://profile-access.example/recover,Telecom-like sender ID,Synthetic,Generated for PhishDetect India research dataset,Strategy: reward; no real personal identifiers.
KAN-P-0230,Deliveryಗೆ ಮುನ್ನ ನಿಮ್ಮ order ಅನ್ನು account reviewಗೆ ಇಡಲಾಗಿದೆ. ಮೊತ್ತ ಅಥವಾ ಸೇವೆ ಬಿಡುಗಡೆ ಮಾಡಲು account information ಕೇಳಲಾಗಿದೆ. hxxp://secure-check.example/verify Account ಸಂಬಂಧಿತ ವಿನಂತಿಗಳಿಗೆ ಈಗಾಗಲೇ ತಿಳಿದಿರುವ ಅಧಿಕೃತ contact channel ಮಾತ್ರ ಬಳಸಿ. ಯಾವುದೇ ಸಮಸ್ಯೆಯಿದ್ದರೆ service providerನ ಅಧಿಕೃತ support option ಬಳಸಿ. ಸೇವೆಯ ಸ್ಥಿತಿಯನ್ನು ನಂತರ ಅಧಿಕೃತ portalನಲ್ಲಿ ಮತ್ತೆ ಪರಿಶೀಲಿಸಬಹುದು.,Kannada,Kannada script,Phishing,Shopping / E-commerce,hxxp://secure-check.example/verify,Courier-like sender ID,Synthetic,Generated for PhishDetect India research dataset,Strategy: refund; no real personal identifiers.
KAN-P-0231,Return requestನಲ್ಲಿ bank details ಮರುದೃಢೀಕರಣ ಕೇಳಲಾಗಿದೆ. ಈಗ ನೀಡಿರುವ verification ಹಂತವನ್ನು ಪೂರ್ಣಗೊಳಿಸಿ. ಯಾವುದೇ ಸಮಸ್ಯೆಯಿದ್ದರೆ service providerನ ಅಧಿಕೃತ support option ಬಳಸಿ. ಸೇವೆಯ ಸ್ಥಿತಿಯನ್ನು ನಂತರ ಅಧಿಕೃತ portalನಲ್ಲಿ ಮತ್ತೆ ಪರಿಶೀಲಿಸಬಹುದು. ಈ ಮಾಹಿತಿಯಲ್ಲಿರುವ ಸೇವಾ ವಿವರಗಳನ್ನು ನಿಮ್ಮ ಅಧಿಕೃತ accountನಲ್ಲಿ ಪರಿಶೀಲಿಸಬಹುದು. ಯಾವುದೇ payment ಅಥವಾ identity action ಮಾಡುವ ಮೊದಲು ಅಧಿಕೃತ ಮಾಹಿತಿಯನ್ನು ಹೋಲಿಸಿ ನೋಡಿ.,Kannada,Kannada + English code-switching,Phishing,Shopping / E-commerce,,Government-service-like sender ID,Synthetic,Generated for PhishDetect India research dataset,Strategy: curiosity; no real personal identifiers.
KAN-P-0232,Nimma purchase ಮೊತ್ತ ಹಿಂತಿರುಗಿಸಲು action ಅಗತ್ಯವಿದೆ ಎಂದು ತಿಳಿಸಲಾಗಿದೆ. ಇಂದಿನ review window ಮುಗಿಯುವ ಮೊದಲು ಈ ಪ್ರಕ್ರಿಯೆ ಪೂರ್ಣಗೊಳ್ಳಬೇಕು. ಕೇಳಲಾದ ಮೊತ್ತ ₹1999. ಸೇವೆಯ ಸ್ಥಿತಿಯನ್ನು ನಂತರ ಅಧಿಕೃತ portalನಲ್ಲಿ ಮತ್ತೆ ಪರಿಶೀಲಿಸಬಹುದು. ಈ ಮಾಹಿತಿಯಲ್ಲಿರುವ ಸೇವಾ ವಿವರಗಳನ್ನು ನಿಮ್ಮ ಅಧಿಕೃತ accountನಲ್ಲಿ ಪರಿಶೀಲಿಸಬಹುದು. ಯಾವುದೇ payment ಅಥವಾ identity action ಮಾಡುವ ಮೊದಲು ಅಧಿಕೃತ ಮಾಹಿತಿಯನ್ನು ಹೋಲಿಸಿ ನೋಡಿ.,Kannada,Romanized Kannada (small minority),Phishing,Shopping / E-commerce,,Merchant-like sender ID,Synthetic,Generated for PhishDetect India research dataset,Strategy: authority impersonation; no real personal identifiers.
KAN-P-0233,ಸೂಚನೆ: E-commerce service ನಿಮ್ಮ order ಅನ್ನು ತಾತ್ಕಾಲಿಕವಾಗಿ hold ಮಾಡಿದೆ. ಪರಿಶೀಲನೆ ವಿಫಲವಾದರೆ ಮುಂದಿನ ಸೇವೆಯನ್ನು ನಿಲ್ಲಿಸುವ ಎಚ್ಚರಿಕೆ ನೀಡಲಾಗಿದೆ. ಈ ಮಾಹಿತಿಯಲ್ಲಿರುವ ಸೇವಾ ವಿವರಗಳನ್ನು ನಿಮ್ಮ ಅಧಿಕೃತ accountನಲ್ಲಿ ಪರಿಶೀಲಿಸಬಹುದು. ಯಾವುದೇ payment ಅಥವಾ identity action ಮಾಡುವ ಮೊದಲು ಅಧಿಕೃತ ಮಾಹಿತಿಯನ್ನು ಹೋಲಿಸಿ ನೋಡಿ. ಸಂಬಂಧಿತ service history ನಿಮ್ಮ official app ಅಥವಾ portalನಲ್ಲಿ ಪ್ರತ್ಯೇಕವಾಗಿ ಕಾಣಬಹುದು.,Kannada,Kannada script,Phishing,Shopping / E-commerce,,Generic numeric sender,Synthetic,Generated for PhishDetect India research dataset,Strategy: threat; no real personal identifiers.
KAN-P-0234,"ನಿಮ್ಮ order confirmation ವೇಳೆ payment ಸಮಸ್ಯೆ ದಾಖಲಾಗಿದೆ. Security team ಹೆಸರಿನಲ್ಲಿ ತಕ್ಷಣ ಪ್ರತಿಕ್ರಿಯಿಸಲು ಸೂಚಿಸಲಾಗಿದೆ. ಯಾವುದೇ payment ಅಥವಾ identity action ಮಾಡುವ ಮೊದಲು ಅಧಿಕೃತ ಮಾಹಿತಿಯನ್ನು ಹೋಲಿಸಿ ನೋಡಿ. ಸಂಬಂಧಿತ service history ನಿಮ್ಮ official app ಅಥವಾ portalನಲ್ಲಿ ಪ್ರತ್ಯೇಕವಾಗಿ ಕಾಣಬಹುದು. ಸಂದೇಶದಲ್ಲಿರುವ ಸಮಯ, ಮೊತ್ತ ಮತ್ತು reference ವಿವರಗಳು service recordನಲ್ಲಿ ಕಾಣಿಸಬಹುದು.",Kannada,Kannada script,Phishing,Shopping / E-commerce,,Short code,Synthetic,Generated for PhishDetect India research dataset,Strategy: social engineering; no real personal identifiers.
KAN-P-0235,"Online purchase refund ಪ್ರಕ್ರಿಯೆಗೆ ಹೆಚ್ಚುವರಿ confirmation ಕೇಳಲಾಗಿದೆ. ಸೂಚಿಸಿದ page ತೆರೆಯಿ ಮತ್ತು ಕೇಳಲಾದ ಮಾಹಿತಿಯನ್ನು ನಮೂದಿಸಿ. ಉಲ್ಲೇಖ: [REF_ID]. ಸಂಬಂಧಿತ service history ನಿಮ್ಮ official app ಅಥವಾ portalನಲ್ಲಿ ಪ್ರತ್ಯೇಕವಾಗಿ ಕಾಣಬಹುದು. ಸಂದೇಶದಲ್ಲಿರುವ ಸಮಯ, ಮೊತ್ತ ಮತ್ತು reference ವಿವರಗಳು service recordನಲ್ಲಿ ಕಾಣಿಸಬಹುದು. ನಿಮ್ಮ ಸಾಮಾನ್ಯ transaction record ಜೊತೆ ಈ ಸೂಚನೆಯನ್ನು ಪರಿಶೀಲಿಸುವುದು ಉಪಯುಕ್ತ.",Kannada,Kannada script,Phishing,Shopping / E-commerce,,Unknown sender,Synthetic,Generated for PhishDetect India research dataset,Strategy: job lure; no real personal identifiers.
KAN-P-0236,"Deliveryಗೆ ಮುನ್ನ ನಿಮ್ಮ order ಅನ್ನು account reviewಗೆ ಇಡಲಾಗಿದೆ. ಸ್ಥಿತಿಯನ್ನು ಪರಿಶೀಲಿಸಿ ಮುಂದುವರಿಯಲು link ಬಳಸಿ ಎಂದು ಸೂಚಿಸಲಾಗಿದೆ. ಕೇಳಲಾದ ಮೊತ್ತ ₹1240. ಸಂದೇಶದಲ್ಲಿರುವ ಸಮಯ, ಮೊತ್ತ ಮತ್ತು reference ವಿವರಗಳು service recordನಲ್ಲಿ ಕಾಣಿಸಬಹುದು. ನಿಮ್ಮ ಸಾಮಾನ್ಯ transaction record ಜೊತೆ ಈ ಸೂಚನೆಯನ್ನು ಪರಿಶೀಲಿಸುವುದು ಉಪಯುಕ್ತ. Account ಸಂಬಂಧಿತ ವಿನಂತಿಗಳಿಗೆ ಈಗಾಗಲೇ ತಿಳಿದಿರುವ ಅಧಿಕೃತ contact channel ಮಾತ್ರ ಬಳಸಿ.",Kannada,Kannada script,Phishing,Shopping / E-commerce,,Bank-like sender ID,Synthetic,Generated for PhishDetect India research dataset,Strategy: delivery lure; no real personal identifiers.
KAN-P-0237,ದಯವಿಟ್ಟು ಗಮನಿಸಿ — Return requestನಲ್ಲಿ bank details ಮರುದೃಢೀಕರಣ ಕೇಳಲಾಗಿದೆ. ವಿನಂತಿಯನ್ನು active ಇರಿಸಲು ತಕ್ಷಣ action ತೆಗೆದುಕೊಳ್ಳಿ ಎಂದು ತಿಳಿಸಲಾಗಿದೆ. ನಿಮ್ಮ ಸಾಮಾನ್ಯ transaction record ಜೊತೆ ಈ ಸೂಚನೆಯನ್ನು ಪರಿಶೀಲಿಸುವುದು ಉಪಯುಕ್ತ. Account ಸಂಬಂಧಿತ ವಿನಂತಿಗಳಿಗೆ ಈಗಾಗಲೇ ತಿಳಿದಿರುವ ಅಧಿಕೃತ contact channel ಮಾತ್ರ ಬಳಸಿ. ಯಾವುದೇ ಸಮಸ್ಯೆಯಿದ್ದರೆ service providerನ ಅಧಿಕೃತ support option ಬಳಸಿ.,Kannada,Kannada script,Phishing,Shopping / E-commerce,,Telecom-like sender ID,Synthetic,Generated for PhishDetect India research dataset,Strategy: urgency; no real personal identifiers.
KAN-P-0238,ಸೂಚನೆ: ನಿಮ್ಮ purchase ಮೊತ್ತ ಹಿಂತಿರುಗಿಸಲು action ಅಗತ್ಯವಿದೆ ಎಂದು ತಿಳಿಸಲಾಗಿದೆ. ಸೇವೆ ಸೀಮಿತಗೊಳ್ಳುವ ಮೊದಲು accountಯನ್ನು ದೃಢೀಕರಿಸಿ. Account ಸಂಬಂಧಿತ ವಿನಂತಿಗಳಿಗೆ ಈಗಾಗಲೇ ತಿಳಿದಿರುವ ಅಧಿಕೃತ contact channel ಮಾತ್ರ ಬಳಸಿ. ಯಾವುದೇ ಸಮಸ್ಯೆಯಿದ್ದರೆ service providerನ ಅಧಿಕೃತ support option ಬಳಸಿ. ಸೇವೆಯ ಸ್ಥಿತಿಯನ್ನು ನಂತರ ಅಧಿಕೃತ portalನಲ್ಲಿ ಮತ್ತೆ ಪರಿಶೀಲಿಸಬಹುದು. ಈ ಮಾಹಿತಿಯಲ್ಲಿರುವ ಸೇವಾ ವಿವರಗಳನ್ನು ನಿಮ್ಮ ಅಧಿಕೃತ accountನಲ್ಲಿ ಪರಿಶೀಲಿಸಬಹುದು.,Kannada,Kannada + English code-switching,Phishing,Shopping / E-commerce,,Courier-like sender ID,Synthetic,Generated for PhishDetect India research dataset,Strategy: fear; no real personal identifiers.
KAN-P-0239,E-commerce service ನಿಮ್ಮ order ಅನ್ನು ತಾತ್ಕಾಲಿಕವಾಗಿ hold ಮಾಡಿದೆ. ಈ activity ನಿಮ್ಮದಾಗಿರದಿದ್ದರೆ identity check ಪೂರ್ಣಗೊಳಿಸಿ. ಯಾವುದೇ ಸಮಸ್ಯೆಯಿದ್ದರೆ service providerನ ಅಧಿಕೃತ support option ಬಳಸಿ. ಸೇವೆಯ ಸ್ಥಿತಿಯನ್ನು ನಂತರ ಅಧಿಕೃತ portalನಲ್ಲಿ ಮತ್ತೆ ಪರಿಶೀಲಿಸಬಹುದು. ಈ ಮಾಹಿತಿಯಲ್ಲಿರುವ ಸೇವಾ ವಿವರಗಳನ್ನು ನಿಮ್ಮ ಅಧಿಕೃತ accountನಲ್ಲಿ ಪರಿಶೀಲಿಸಬಹುದು. ಯಾವುದೇ payment ಅಥವಾ identity action ಮಾಡುವ ಮೊದಲು ಅಧಿಕೃತ ಮಾಹಿತಿಯನ್ನು ಹೋಲಿಸಿ ನೋಡಿ.,Kannada,Kannada script,Phishing,Shopping / E-commerce,,Government-service-like sender ID,Synthetic,Generated for PhishDetect India research dataset,Strategy: reward; no real personal identifiers.
KAN-P-0240,ನಿಮ್ಮ order confirmation ವೇಳೆ payment ಸಮಸ್ಯೆ ದಾಖಲಾಗಿದೆ. ಮೊತ್ತ ಅಥವಾ ಸೇವೆ ಬಿಡುಗಡೆ ಮಾಡಲು account information ಕೇಳಲಾಗಿದೆ. ಕೇಳಲಾದ ಮೊತ್ತ ₹850. hxxp://secure-check.example/verify ಸೇವೆಯ ಸ್ಥಿತಿಯನ್ನು ನಂತರ ಅಧಿಕೃತ portalನಲ್ಲಿ ಮತ್ತೆ ಪರಿಶೀಲಿಸಬಹುದು. ಈ ಮಾಹಿತಿಯಲ್ಲಿರುವ ಸೇವಾ ವಿವರಗಳನ್ನು ನಿಮ್ಮ ಅಧಿಕೃತ accountನಲ್ಲಿ ಪರಿಶೀಲಿಸಬಹುದು. ಯಾವುದೇ payment ಅಥವಾ identity action ಮಾಡುವ ಮೊದಲು ಅಧಿಕೃತ ಮಾಹಿತಿಯನ್ನು ಹೋಲಿಸಿ ನೋಡಿ.,Kannada,Kannada script,Phishing,Shopping / E-commerce,hxxp://secure-check.example/verify,Merchant-like sender ID,Synthetic,Generated for PhishDetect India research dataset,Strategy: refund; no real personal identifiers.
KAN-P-0241,Online purchase refund ಪ್ರಕ್ರಿಯೆಗೆ ಹೆಚ್ಚುವರಿ confirmation ಕೇಳಲಾಗಿದೆ. ಈಗ ನೀಡಿರುವ verification ಹಂತವನ್ನು ಪೂರ್ಣಗೊಳಿಸಿ. https://account-review.example/confirm ಈ ಮಾಹಿತಿಯಲ್ಲಿರುವ ಸೇವಾ ವಿವರಗಳನ್ನು ನಿಮ್ಮ ಅಧಿಕೃತ accountನಲ್ಲಿ ಪರಿಶೀಲಿಸಬಹುದು. ಯಾವುದೇ payment ಅಥವಾ identity action ಮಾಡುವ ಮೊದಲು ಅಧಿಕೃತ ಮಾಹಿತಿಯನ್ನು ಹೋಲಿಸಿ ನೋಡಿ. ಸಂಬಂಧಿತ service history ನಿಮ್ಮ official app ಅಥವಾ portalನಲ್ಲಿ ಪ್ರತ್ಯೇಕವಾಗಿ ಕಾಣಬಹುದು.,Kannada,Kannada script,Phishing,Shopping / E-commerce,https://account-review.example/confirm,Generic numeric sender,Synthetic,Generated for PhishDetect India research dataset,Strategy: curiosity; no real personal identifiers.
KAN-P-0242,Deliveryಗೆ ಮುನ್ನ ನಿಮ್ಮ order ಅನ್ನು account reviewಗೆ ಇಡಲಾಗಿದೆ. ಇಂದಿನ review window ಮುಗಿಯುವ ಮೊದಲು ಈ ಪ್ರಕ್ರಿಯೆ ಪೂರ್ಣಗೊಳ್ಳಬೇಕು. ಉಲ್ಲೇಖ: [REF_ID]. http://kyc-alert.example/update ಯಾವುದೇ payment ಅಥವಾ identity action ಮಾಡುವ ಮೊದಲು ಅಧಿಕೃತ ಮಾಹಿತಿಯನ್ನು ಹೋಲಿಸಿ ನೋಡಿ. ಸಂಬಂಧಿತ service history ನಿಮ್ಮ official app ಅಥವಾ portalನಲ್ಲಿ ಪ್ರತ್ಯೇಕವಾಗಿ ಕಾಣಬಹುದು.,Kannada,Kannada script,Phishing,Shopping / E-commerce,http://kyc-alert.example/update,Short code,Synthetic,Generated for PhishDetect India research dataset,Strategy: authority impersonation; no real personal identifiers.
KAN-P-0243,"ಸೂಚನೆ: Return requestನಲ್ಲಿ bank details ಮರುದೃಢೀಕರಣ ಕೇಳಲಾಗಿದೆ. ಪರಿಶೀಲನೆ ವಿಫಲವಾದರೆ ಮುಂದಿನ ಸೇವೆಯನ್ನು ನಿಲ್ಲಿಸುವ ಎಚ್ಚರಿಕೆ ನೀಡಲಾಗಿದೆ. https://upi-support.example/resolve ಸಂಬಂಧಿತ service history ನಿಮ್ಮ official app ಅಥವಾ portalನಲ್ಲಿ ಪ್ರತ್ಯೇಕವಾಗಿ ಕಾಣಬಹುದು. ಸಂದೇಶದಲ್ಲಿರುವ ಸಮಯ, ಮೊತ್ತ ಮತ್ತು reference ವಿವರಗಳು service recordನಲ್ಲಿ ಕಾಣಿಸಬಹುದು. ನಿಮ್ಮ ಸಾಮಾನ್ಯ transaction record ಜೊತೆ ಈ ಸೂಚನೆಯನ್ನು ಪರಿಶೀಲಿಸುವುದು ಉಪಯುಕ್ತ.",Kannada,Kannada script,Phishing,Shopping / E-commerce,https://upi-support.example/resolve,Unknown sender,Synthetic,Generated for PhishDetect India research dataset,Strategy: threat; no real personal identifiers.
KAN-P-0244,"ನಿಮ್ಮ purchase ಮೊತ್ತ ಹಿಂತಿರುಗಿಸಲು action ಅಗತ್ಯವಿದೆ ಎಂದು ತಿಳಿಸಲಾಗಿದೆ. Security team ಹೆಸರಿನಲ್ಲಿ ತಕ್ಷಣ ಪ್ರತಿಕ್ರಿಯಿಸಲು ಸೂಚಿಸಲಾಗಿದೆ. ಕೇಳಲಾದ ಮೊತ್ತ ₹499. https://parcel-status.example/address ಸಂದೇಶದಲ್ಲಿರುವ ಸಮಯ, ಮೊತ್ತ ಮತ್ತು reference ವಿವರಗಳು service recordನಲ್ಲಿ ಕಾಣಿಸಬಹುದು. ನಿಮ್ಮ ಸಾಮಾನ್ಯ transaction record ಜೊತೆ ಈ ಸೂಚನೆಯನ್ನು ಪರಿಶೀಲಿಸುವುದು ಉಪಯುಕ್ತ. Account ಸಂಬಂಧಿತ ವಿನಂತಿಗಳಿಗೆ ಈಗಾಗಲೇ ತಿಳಿದಿರುವ ಅಧಿಕೃತ contact channel ಮಾತ್ರ ಬಳಸಿ.",Kannada,Kannada script,Phishing,Shopping / E-commerce,https://parcel-status.example/address,Bank-like sender ID,Synthetic,Generated for PhishDetect India research dataset,Strategy: social engineering; no real personal identifiers.
KAN-P-0245,E-commerce service ನಿಮ್ಮ order ಅನ್ನು ತಾತ್ಕಾಲಿಕವಾಗಿ hold ಮಾಡಿದೆ. ಸೂಚಿಸಿದ page ತೆರೆಯಿ ಮತ್ತು ಕೇಳಲಾದ ಮಾಹಿತಿಯನ್ನು ನಮೂದಿಸಿ. http://reward-center.example/claim ನಿಮ್ಮ ಸಾಮಾನ್ಯ transaction record ಜೊತೆ ಈ ಸೂಚನೆಯನ್ನು ಪರಿಶೀಲಿಸುವುದು ಉಪಯುಕ್ತ. Account ಸಂಬಂಧಿತ ವಿನಂತಿಗಳಿಗೆ ಈಗಾಗಲೇ ತಿಳಿದಿರುವ ಅಧಿಕೃತ contact channel ಮಾತ್ರ ಬಳಸಿ. ಯಾವುದೇ ಸಮಸ್ಯೆಯಿದ್ದರೆ service providerನ ಅಧಿಕೃತ support option ಬಳಸಿ.,Kannada,Kannada + English code-switching,Phishing,Shopping / E-commerce,http://reward-center.example/claim,Telecom-like sender ID,Synthetic,Generated for PhishDetect India research dataset,Strategy: job lure; no real personal identifiers.
KAN-P-0246,ಸೂಚನೆ: ನಿಮ್ಮ electricity accountನಲ್ಲಿ ಬಾಕಿ ಮೊತ್ತದ ಕಾರಣ service review ಸೂಚನೆ ಬಂದಿದೆ. ಸೇವೆ ಸೀಮಿತಗೊಳ್ಳುವ ಮೊದಲು ಖಾತೆಯನ್ನು ದೃಢೀಕರಿಸಿ. ಕೇಳಲಾದ ಮೊತ್ತ ₹249. https://job-selection.example/document,Kannada,Kannada script,Phishing,Electricity / Utility,https://job-selection.example/document,Courier-like sender ID,Synthetic,Generated for PhishDetect India research dataset,Strategy: fear; no real personal identifiers.
KAN-P-0247,Electricity connectionಗೆ payment confirmation ಬಾಕಿಯಿದೆ. ಈ activity ನಿಮ್ಮದಾಗಿರದಿದ್ದರೆ identity check ಪೂರ್ಣಗೊಳಿಸಿ. https://card-security.example/review ಯಾವುದೇ ಸಮಸ್ಯೆಯಿದ್ದರೆ service providerನ ಅಧಿಕೃತ support option ಬಳಸಿ. ಸೇವೆಯ ಸ್ಥಿತಿಯನ್ನು ನಂತರ ಅಧಿಕೃತ portalನಲ್ಲಿ ಮತ್ತೆ ಪರಿಶೀಲಿಸಬಹುದು. ಈ ಮಾಹಿತಿಯಲ್ಲಿರುವ ಸೇವಾ ವಿವರಗಳನ್ನು ನಿಮ್ಮ ಅಧಿಕೃತ accountನಲ್ಲಿ ಪರಿಶೀಲಿಸಬಹುದು. ಯಾವುದೇ payment ಅಥವಾ identity action ಮಾಡುವ ಮೊದಲು ಅಧಿಕೃತ ಮಾಹಿತಿಯನ್ನು ಹೋಲಿಸಿ ನೋಡಿ.,Kannada,Kannada script,Phishing,Electricity / Utility,https://card-security.example/review,Government-service-like sender ID,Synthetic,Generated for PhishDetect India research dataset,Strategy: reward; no real personal identifiers.
KAN-P-0248,ನಿಮ್ಮ utility billನಲ್ಲಿ final payment notice ದಾಖಲಾಗಿದೆ. ಮೊತ್ತ ಅಥವಾ ಸೇವೆ ಬಿಡುಗಡೆ ಮಾಡಲು account information ಕೇಳಲಾಗಿದೆ. http://utility-notice.example/pay ಸೇವೆಯ ಸ್ಥಿತಿಯನ್ನು ನಂತರ ಅಧಿಕೃತ portalನಲ್ಲಿ ಮತ್ತೆ ಪರಿಶೀಲಿಸಬಹುದು. ಈ ಮಾಹಿತಿಯಲ್ಲಿರುವ ಸೇವಾ ವಿವರಗಳನ್ನು ನಿಮ್ಮ ಅಧಿಕೃತ accountನಲ್ಲಿ ಪರಿಶೀಲಿಸಬಹುದು. ಯಾವುದೇ payment ಅಥವಾ identity action ಮಾಡುವ ಮೊದಲು ಅಧಿಕೃತ ಮಾಹಿತಿಯನ್ನು ಹೋಲಿಸಿ ನೋಡಿ.,Kannada,Kannada script,Phishing,Electricity / Utility,http://utility-notice.example/pay,Merchant-like sender ID,Synthetic,Generated for PhishDetect India research dataset,Strategy: refund; no real personal identifiers.
KAN-P-0249,Meter service requestಗೆ account verification ಕೇಳಲಾಗಿದೆ. ಈಗ ನೀಡಿರುವ verification ಹಂತವನ್ನು ಪೂರ್ಣಗೊಳಿಸಿ. https://profile-access.example/recover ಈ ಮಾಹಿತಿಯಲ್ಲಿರುವ ಸೇವಾ ವಿವರಗಳನ್ನು ನಿಮ್ಮ ಅಧಿಕೃತ accountನಲ್ಲಿ ಪರಿಶೀಲಿಸಬಹುದು. ಯಾವುದೇ payment ಅಥವಾ identity action ಮಾಡುವ ಮೊದಲು ಅಧಿಕೃತ ಮಾಹಿತಿಯನ್ನು ಹೋಲಿಸಿ ನೋಡಿ. ಸಂಬಂಧಿತ service history ನಿಮ್ಮ official app ಅಥವಾ portalನಲ್ಲಿ ಪ್ರತ್ಯೇಕವಾಗಿ ಕಾಣಬಹುದು.,Kannada,Kannada script,Phishing,Electricity / Utility,https://profile-access.example/recover,Generic numeric sender,Synthetic,Generated for PhishDetect India research dataset,Strategy: curiosity; no real personal identifiers.
KAN-P-0250,"ನಿಮ್ಮ electricity serviceಗೆ payment warning ಕಳುಹಿಸಲಾಗಿದೆ. ಇಂದಿನ review window ಮುಗಿಯುವ ಮೊದಲು ಈ ಪ್ರಕ್ರಿಯೆ ಪೂರ್ಣಗೊಳ್ಳಬೇಕು. ಕೇಳಲಾದ ಮೊತ್ತ ₹1999. hxxp://secure-check.example/verify ಯಾವುದೇ payment ಅಥವಾ identity action ಮಾಡುವ ಮೊದಲು ಅಧಿಕೃತ ಮಾಹಿತಿಯನ್ನು ಹೋಲಿಸಿ ನೋಡಿ. ಸಂಬಂಧಿತ service history ನಿಮ್ಮ official app ಅಥವಾ portalನಲ್ಲಿ ಪ್ರತ್ಯೇಕವಾಗಿ ಕಾಣಬಹುದು. ಸಂದೇಶದಲ್ಲಿರುವ ಸಮಯ, ಮೊತ್ತ ಮತ್ತು reference ವಿವರಗಳು service recordನಲ್ಲಿ ಕಾಣಿಸಬಹುದು.",Kannada,Kannada script,Phishing,Electricity / Utility,hxxp://secure-check.example/verify,Short code,Synthetic,Generated for PhishDetect India research dataset,Strategy: authority impersonation; no real personal identifiers.
KAN-P-0251,"ಸೂಚನೆ: Utility account status update ಮಾಡಲು action ಅಗತ್ಯವಿದೆ ಎಂದು ತಿಳಿಸಲಾಗಿದೆ. ಪರಿಶೀಲನೆ ವಿಫಲವಾದರೆ ಮುಂದಿನ ಸೇವೆಯನ್ನು ನಿಲ್ಲಿಸುವ ಎಚ್ಚರಿಕೆ ನೀಡಲಾಗಿದೆ. ಸಂಬಂಧಿತ service history ನಿಮ್ಮ official app ಅಥವಾ portalನಲ್ಲಿ ಪ್ರತ್ಯೇಕವಾಗಿ ಕಾಣಬಹುದು. ಸಂದೇಶದಲ್ಲಿರುವ ಸಮಯ, ಮೊತ್ತ ಮತ್ತು reference ವಿವರಗಳು service recordನಲ್ಲಿ ಕಾಣಿಸಬಹುದು. ನಿಮ್ಮ ಸಾಮಾನ್ಯ transaction record ಜೊತೆ ಈ ಸೂಚನೆಯನ್ನು ಪರಿಶೀಲಿಸುವುದು ಉಪಯುಕ್ತ.",Kannada,Kannada script,Phishing,Electricity / Utility,,Unknown sender,Synthetic,Generated for PhishDetect India research dataset,Strategy: threat; no real personal identifiers.
KAN-P-0252,"ನಿಮ್ಮ electricity accountನಲ್ಲಿ ಬಾಕಿ ಮೊತ್ತದ ಕಾರಣ service review ಸೂಚನೆ ಬಂದಿದೆ. Security team ಹೆಸರಿನಲ್ಲಿ ತಕ್ಷಣ ಪ್ರತಿಕ್ರಿಯಿಸಲು ಸೂಚಿಸಲಾಗಿದೆ. ಸಂದೇಶದಲ್ಲಿರುವ ಸಮಯ, ಮೊತ್ತ ಮತ್ತು reference ವಿವರಗಳು service recordನಲ್ಲಿ ಕಾಣಿಸಬಹುದು. ನಿಮ್ಮ ಸಾಮಾನ್ಯ transaction record ಜೊತೆ ಈ ಸೂಚನೆಯನ್ನು ಪರಿಶೀಲಿಸುವುದು ಉಪಯುಕ್ತ. Account ಸಂಬಂಧಿತ ವಿನಂತಿಗಳಿಗೆ ಈಗಾಗಲೇ ತಿಳಿದಿರುವ ಅಧಿಕೃತ contact channel ಮಾತ್ರ ಬಳಸಿ.",Kannada,Kannada + English code-switching,Phishing,Electricity / Utility,,Bank-like sender ID,Synthetic,Generated for PhishDetect India research dataset,Strategy: social engineering; no real personal identifiers.
KAN-P-0253,Electricity connectionಗೆ payment confirmation ಬಾಕಿಯಿದೆ. ಸೂಚಿಸಿದ page ತೆರೆಯಿ ಮತ್ತು ಕೇಳಲಾದ ಮಾಹಿತಿಯನ್ನು ನಮೂದಿಸಿ. ಉಲ್ಲೇಖ: [REF_ID]. ನಿಮ್ಮ ಸಾಮಾನ್ಯ transaction record ಜೊತೆ ಈ ಸೂಚನೆಯನ್ನು ಪರಿಶೀಲಿಸುವುದು ಉಪಯುಕ್ತ. Account ಸಂಬಂಧಿತ ವಿನಂತಿಗಳಿಗೆ ಈಗಾಗಲೇ ತಿಳಿದಿರುವ ಅಧಿಕೃತ contact channel ಮಾತ್ರ ಬಳಸಿ. ಯಾವುದೇ ಸಮಸ್ಯೆಯಿದ್ದರೆ service providerನ ಅಧಿಕೃತ support option ಬಳಸಿ.,Kannada,Kannada script,Phishing,Electricity / Utility,,Telecom-like sender ID,Synthetic,Generated for PhishDetect India research dataset,Strategy: job lure; no real personal identifiers.
KAN-P-0254,ನಿಮ್ಮ utility billನಲ್ಲಿ final payment notice ದಾಖಲಾಗಿದೆ. ಸ್ಥಿತಿಯನ್ನು ಪರಿಶೀಲಿಸಿ ಮುಂದುವರಿಯಲು link ಬಳಸಿ ಎಂದು ಸೂಚಿಸಲಾಗಿದೆ. ಕೇಳಲಾದ ಮೊತ್ತ ₹1240. Account ಸಂಬಂಧಿತ ವಿನಂತಿಗಳಿಗೆ ಈಗಾಗಲೇ ತಿಳಿದಿರುವ ಅಧಿಕೃತ contact channel ಮಾತ್ರ ಬಳಸಿ. ಯಾವುದೇ ಸಮಸ್ಯೆಯಿದ್ದರೆ service providerನ ಅಧಿಕೃತ support option ಬಳಸಿ. ಸೇವೆಯ ಸ್ಥಿತಿಯನ್ನು ನಂತರ ಅಧಿಕೃತ portalನಲ್ಲಿ ಮತ್ತೆ ಪರಿಶೀಲಿಸಬಹುದು.,Kannada,Kannada script,Phishing,Electricity / Utility,,Courier-like sender ID,Synthetic,Generated for PhishDetect India research dataset,Strategy: delivery lure; no real personal identifiers.
KAN-P-0255,ದಯವಿಟ್ಟು ಗಮನಿಸಿ — Meter service requestಗೆ account verification ಕೇಳಲಾಗಿದೆ. ವಿನಂತಿಯನ್ನು active ಇರಿಸಲು ತಕ್ಷಣ action ತೆಗೆದುಕೊಳ್ಳಿ ಎಂದು ತಿಳಿಸಲಾಗಿದೆ. ಯಾವುದೇ ಸಮಸ್ಯೆಯಿದ್ದರೆ service providerನ ಅಧಿಕೃತ support option ಬಳಸಿ. ಸೇವೆಯ ಸ್ಥಿತಿಯನ್ನು ನಂತರ ಅಧಿಕೃತ portalನಲ್ಲಿ ಮತ್ತೆ ಪರಿಶೀಲಿಸಬಹುದು. ಈ ಮಾಹಿತಿಯಲ್ಲಿರುವ ಸೇವಾ ವಿವರಗಳನ್ನು ನಿಮ್ಮ ಅಧಿಕೃತ accountನಲ್ಲಿ ಪರಿಶೀಲಿಸಬಹುದು.,Kannada,Kannada script,Phishing,Electricity / Utility,,Government-service-like sender ID,Synthetic,Generated for PhishDetect India research dataset,Strategy: urgency; no real personal identifiers.
KAN-P-0256,ಸೂಚನೆ: ನಿಮ್ಮ electricity serviceಗೆ payment warning ಕಳುಹಿಸಲಾಗಿದೆ. ಸೇವೆ ಸೀಮಿತಗೊಳ್ಳುವ ಮೊದಲು ಖಾತೆಯನ್ನು ದೃಢೀಕರಿಸಿ. ಸೇವೆಯ ಸ್ಥಿತಿಯನ್ನು ನಂತರ ಅಧಿಕೃತ portalನಲ್ಲಿ ಮತ್ತೆ ಪರಿಶೀಲಿಸಬಹುದು. ಈ ಮಾಹಿತಿಯಲ್ಲಿರುವ ಸೇವಾ ವಿವರಗಳನ್ನು ನಿಮ್ಮ ಅಧಿಕೃತ accountನಲ್ಲಿ ಪರಿಶೀಲಿಸಬಹುದು. ಯಾವುದೇ payment ಅಥವಾ identity action ಮಾಡುವ ಮೊದಲು ಅಧಿಕೃತ ಮಾಹಿತಿಯನ್ನು ಹೋಲಿಸಿ ನೋಡಿ. ಸಂಬಂಧಿತ service history ನಿಮ್ಮ official app ಅಥವಾ portalನಲ್ಲಿ ಪ್ರತ್ಯೇಕವಾಗಿ ಕಾಣಬಹುದು.,Kannada,Kannada script,Phishing,Electricity / Utility,,Merchant-like sender ID,Synthetic,Generated for PhishDetect India research dataset,Strategy: fear; no real personal identifiers.
KAN-P-0257,Utility account status update ಮಾಡಲು action ಅಗತ್ಯವಿದೆ ಎಂದು ತಿಳಿಸಲಾಗಿದೆ. ಈ activity ನಿಮ್ಮದಾಗಿರದಿದ್ದರೆ identity check ಪೂರ್ಣಗೊಳಿಸಿ. ಈ ಮಾಹಿತಿಯಲ್ಲಿರುವ ಸೇವಾ ವಿವರಗಳನ್ನು ನಿಮ್ಮ ಅಧಿಕೃತ accountನಲ್ಲಿ ಪರಿಶೀಲಿಸಬಹುದು. ಯಾವುದೇ payment ಅಥವಾ identity action ಮಾಡುವ ಮೊದಲು ಅಧಿಕೃತ ಮಾಹಿತಿಯನ್ನು ಹೋಲಿಸಿ ನೋಡಿ. ಸಂಬಂಧಿತ service history ನಿಮ್ಮ official app ಅಥವಾ portalನಲ್ಲಿ ಪ್ರತ್ಯೇಕವಾಗಿ ಕಾಣಬಹುದು.,Kannada,Kannada script,Phishing,Electricity / Utility,,Generic numeric sender,Synthetic,Generated for PhishDetect India research dataset,Strategy: reward; no real personal identifiers.
KAN-P-0258,ನಿಮ್ಮ electricity accountನಲ್ಲಿ ಬಾಕಿ ಮೊತ್ತದ ಕಾರಣ service review ಸೂಚನೆ ಬಂದಿದೆ. ಮೊತ್ತ ಅಥವಾ ಸೇವೆ ಬಿಡುಗಡೆ ಮಾಡಲು account information ಕೇಳಲಾಗಿದೆ. ಕೇಳಲಾದ ಮೊತ್ತ ₹850.,Kannada,Kannada script,Phishing,Electricity / Utility,,Short code,Synthetic,Generated for PhishDetect India research dataset,Strategy: refund; no real personal identifiers.
KAN-P-0259,"Electricity connectionಗೆ payment confirmation ಬಾಕಿಯಿದೆ. ಈಗ ನೀಡಿರುವ verification ಹಂತವನ್ನು ಪೂರ್ಣಗೊಳಿಸಿ. ಸಂಬಂಧಿತ service history ನಿಮ್ಮ official app ಅಥವಾ portalನಲ್ಲಿ ಪ್ರತ್ಯೇಕವಾಗಿ ಕಾಣಬಹುದು. ಸಂದೇಶದಲ್ಲಿರುವ ಸಮಯ, ಮೊತ್ತ ಮತ್ತು reference ವಿವರಗಳು service recordನಲ್ಲಿ ಕಾಣಿಸಬಹುದು. ನಿಮ್ಮ ಸಾಮಾನ್ಯ transaction record ಜೊತೆ ಈ ಸೂಚನೆಯನ್ನು ಪರಿಶೀಲಿಸುವುದು ಉಪಯುಕ್ತ. Account ಸಂಬಂಧಿತ ವಿನಂತಿಗಳಿಗೆ ಈಗಾಗಲೇ ತಿಳಿದಿರುವ ಅಧಿಕೃತ contact channel ಮಾತ್ರ ಬಳಸಿ.",Kannada,Kannada + English code-switching,Phishing,Electricity / Utility,,Unknown sender,Synthetic,Generated for PhishDetect India research dataset,Strategy: curiosity; no real personal identifiers.
KAN-P-0260,ಸೂಚನೆ: ನಿಮ್ಮ mobile number service profileನಲ್ಲಿ KYC review ಬಾಕಿಯಿದೆ. ಇಂದಿನ review window ಮುಗಿಯುವ ಮೊದಲು ಈ ಪ್ರಕ್ರಿಯೆ ಪೂರ್ಣಗೊಳ್ಳಬೇಕು. ಕೇಳಲಾದ ಮೊತ್ತ ₹249. hxxp://secure-check.example/verify,Kannada,Kannada script,Phishing,SIM / Telecom,hxxp://secure-check.example/verify,Bank-like sender ID,Synthetic,Generated for PhishDetect India research dataset,Strategy: refund; no real personal identifiers.
KAN-P-0261,SIM serviceಗೆ identity re-confirmation ಅಗತ್ಯವಿದೆ. ಪರಿಶೀಲನೆ ವಿಫಲವಾದರೆ ಮುಂದಿನ ಸೇವೆಯನ್ನು ನಿಲ್ಲಿಸುವ ಎಚ್ಚರಿಕೆ ನೀಡಲಾಗಿದೆ. https://account-review.example/confirm ನಿಮ್ಮ ಸಾಮಾನ್ಯ transaction record ಜೊತೆ ಈ ಸೂಚನೆಯನ್ನು ಪರಿಶೀಲಿಸುವುದು ಉಪಯುಕ್ತ. Account ಸಂಬಂಧಿತ ವಿನಂತಿಗಳಿಗೆ ಈಗಾಗಲೇ ತಿಳಿದಿರುವ ಅಧಿಕೃತ contact channel ಮಾತ್ರ ಬಳಸಿ. ಯಾವುದೇ ಸಮಸ್ಯೆಯಿದ್ದರೆ service providerನ ಅಧಿಕೃತ support option ಬಳಸಿ.,Kannada,Romanized Kannada (small minority),Phishing,SIM / Telecom,https://account-review.example/confirm,Telecom-like sender ID,Synthetic,Generated for PhishDetect India research dataset,Strategy: curiosity; no real personal identifiers.
KAN-P-0262,ನಿಮ್ಮ ಸಂಖ್ಯೆಗೆ network service review alert ಬಂದಿದೆ. Security team ಹೆಸರಿನಲ್ಲಿ ತಕ್ಷಣ ಪ್ರತಿಕ್ರಿಯಿಸಲು ಸೂಚಿಸಲಾಗಿದೆ. http://kyc-alert.example/update Account ಸಂಬಂಧಿತ ವಿನಂತಿಗಳಿಗೆ ಈಗಾಗಲೇ ತಿಳಿದಿರುವ ಅಧಿಕೃತ contact channel ಮಾತ್ರ ಬಳಸಿ. ಯಾವುದೇ ಸಮಸ್ಯೆಯಿದ್ದರೆ service providerನ ಅಧಿಕೃತ support option ಬಳಸಿ. ಸೇವೆಯ ಸ್ಥಿತಿಯನ್ನು ನಂತರ ಅಧಿಕೃತ portalನಲ್ಲಿ ಮತ್ತೆ ಪರಿಶೀಲಿಸಬಹುದು. ಈ ಮಾಹಿತಿಯಲ್ಲಿರುವ ಸೇವಾ ವಿವರಗಳನ್ನು ನಿಮ್ಮ ಅಧಿಕೃತ accountನಲ್ಲಿ ಪರಿಶೀಲಿಸಬಹುದು.,Kannada,Kannada script,Phishing,SIM / Telecom,http://kyc-alert.example/update,Courier-like sender ID,Synthetic,Generated for PhishDetect India research dataset,Strategy: authority impersonation; no real personal identifiers.
KAN-P-0263,Mobile accountನಲ್ಲಿ security change ದಾಖಲಾಗಿದೆ. ಸೂಚಿಸಿದ page ತೆರೆಯಿ ಮತ್ತು ಕೇಳಲಾದ ಮಾಹಿತಿಯನ್ನು ನಮೂದಿಸಿ. https://upi-support.example/resolve ಯಾವುದೇ ಸಮಸ್ಯೆಯಿದ್ದರೆ service providerನ ಅಧಿಕೃತ support option ಬಳಸಿ. ಸೇವೆಯ ಸ್ಥಿತಿಯನ್ನು ನಂತರ ಅಧಿಕೃತ portalನಲ್ಲಿ ಮತ್ತೆ ಪರಿಶೀಲಿಸಬಹುದು. ಈ ಮಾಹಿತಿಯಲ್ಲಿರುವ ಸೇವಾ ವಿವರಗಳನ್ನು ನಿಮ್ಮ ಅಧಿಕೃತ accountನಲ್ಲಿ ಪರಿಶೀಲಿಸಬಹುದು. ಯಾವುದೇ payment ಅಥವಾ identity action ಮಾಡುವ ಮೊದಲು ಅಧಿಕೃತ ಮಾಹಿತಿಯನ್ನು ಹೋಲಿಸಿ ನೋಡಿ.,Kannada,Kannada script,Phishing,SIM / Telecom,https://upi-support.example/resolve,Government-service-like sender ID,Synthetic,Generated for PhishDetect India research dataset,Strategy: threat; no real personal identifiers.
KAN-P-0264,ನಿಮ್ಮ telecom profile validity ಮುಗಿಯುವ ಹಂತದಲ್ಲಿದೆ. ಸ್ಥಿತಿಯನ್ನು ಪರಿಶೀಲಿಸಿ ಮುಂದುವರಿಯಲು link ಬಳಸಿ ಎಂದು ಸೂಚಿಸಲಾಗಿದೆ. ಕೇಳಲಾದ ಮೊತ್ತ ₹1999. https://parcel-status.example/address ಸೇವೆಯ ಸ್ಥಿತಿಯನ್ನು ನಂತರ ಅಧಿಕೃತ portalನಲ್ಲಿ ಮತ್ತೆ ಪರಿಶೀಲಿಸಬಹುದು. ಈ ಮಾಹಿತಿಯಲ್ಲಿರುವ ಸೇವಾ ವಿವರಗಳನ್ನು ನಿಮ್ಮ ಅಧಿಕೃತ accountನಲ್ಲಿ ಪರಿಶೀಲಿಸಬಹುದು. ಯಾವುದೇ payment ಅಥವಾ identity action ಮಾಡುವ ಮೊದಲು ಅಧಿಕೃತ ಮಾಹಿತಿಯನ್ನು ಹೋಲಿಸಿ ನೋಡಿ.,Kannada,Kannada script,Phishing,SIM / Telecom,https://parcel-status.example/address,Merchant-like sender ID,Synthetic,Generated for PhishDetect India research dataset,Strategy: social engineering; no real personal identifiers.
KAN-P-0265,ಸೂಚನೆ: Recharge service ಮರುಸಕ್ರಿಯಗೊಳಿಸಲು account check ಕೇಳಲಾಗಿದೆ. ವಿನಂತಿಯನ್ನು active ಇರಿಸಲು ತಕ್ಷಣ action ತೆಗೆದುಕೊಳ್ಳಿ ಎಂದು ತಿಳಿಸಲಾಗಿದೆ. http://reward-center.example/claim ಈ ಮಾಹಿತಿಯಲ್ಲಿರುವ ಸೇವಾ ವಿವರಗಳನ್ನು ನಿಮ್ಮ ಅಧಿಕೃತ accountನಲ್ಲಿ ಪರಿಶೀಲಿಸಬಹುದು. ಯಾವುದೇ payment ಅಥವಾ identity action ಮಾಡುವ ಮೊದಲು ಅಧಿಕೃತ ಮಾಹಿತಿಯನ್ನು ಹೋಲಿಸಿ ನೋಡಿ. ಸಂಬಂಧಿತ service history ನಿಮ್ಮ official app ಅಥವಾ portalನಲ್ಲಿ ಪ್ರತ್ಯೇಕವಾಗಿ ಕಾಣಬಹುದು.,Kannada,Kannada script,Phishing,SIM / Telecom,http://reward-center.example/claim,Generic numeric sender,Synthetic,Generated for PhishDetect India research dataset,Strategy: job lure; no real personal identifiers.
KAN-P-0266,"ನಿಮ್ಮ mobile number service profileನಲ್ಲಿ KYC review ಬಾಕಿಯಿದೆ. ಸೇವೆ ಸೀಮಿತಗೊಳ್ಳುವ ಮೊದಲು accountಯನ್ನು ದೃಢೀಕರಿಸಿ. https://job-selection.example/document ಯಾವುದೇ payment ಅಥವಾ identity action ಮಾಡುವ ಮೊದಲು ಅಧಿಕೃತ ಮಾಹಿತಿಯನ್ನು ಹೋಲಿಸಿ ನೋಡಿ. ಸಂಬಂಧಿತ service history ನಿಮ್ಮ official app ಅಥವಾ portalನಲ್ಲಿ ಪ್ರತ್ಯೇಕವಾಗಿ ಕಾಣಬಹುದು. ಸಂದೇಶದಲ್ಲಿರುವ ಸಮಯ, ಮೊತ್ತ ಮತ್ತು reference ವಿವರಗಳು service recordನಲ್ಲಿ ಕಾಣಿಸಬಹುದು.",Kannada,Kannada + English code-switching,Phishing,SIM / Telecom,https://job-selection.example/document,Short code,Synthetic,Generated for PhishDetect India research dataset,Strategy: delivery lure; no real personal identifiers.
KAN-P-0267,"SIM serviceಗೆ identity re-confirmation ಅಗತ್ಯವಿದೆ. ಈ activity ನಿಮ್ಮದಾಗಿರದಿದ್ದರೆ identity check ಪೂರ್ಣಗೊಳಿಸಿ. ಉಲ್ಲೇಖ: [REF_ID]. https://card-security.example/review ಸಂಬಂಧಿತ service history ನಿಮ್ಮ official app ಅಥವಾ portalನಲ್ಲಿ ಪ್ರತ್ಯೇಕವಾಗಿ ಕಾಣಬಹುದು. ಸಂದೇಶದಲ್ಲಿರುವ ಸಮಯ, ಮೊತ್ತ ಮತ್ತು reference ವಿವರಗಳು service recordನಲ್ಲಿ ಕಾಣಿಸಬಹುದು. ನಿಮ್ಮ ಸಾಮಾನ್ಯ transaction record ಜೊತೆ ಈ ಸೂಚನೆಯನ್ನು ಪರಿಶೀಲಿಸುವುದು ಉಪಯುಕ್ತ.",Kannada,Kannada script,Phishing,SIM / Telecom,https://card-security.example/review,Unknown sender,Synthetic,Generated for PhishDetect India research dataset,Strategy: urgency; no real personal identifiers.
KAN-P-0268,"ನಿಮ್ಮ ಸಂಖ್ಯೆಗೆ network service review alert ಬಂದಿದೆ. ಮೊತ್ತ ಅಥವಾ ಸೇವೆ ಬಿಡುಗಡೆ ಮಾಡಲು account information ಕೇಳಲಾಗಿದೆ. ಕೇಳಲಾದ ಮೊತ್ತ ₹1240. http://utility-notice.example/pay ಸಂದೇಶದಲ್ಲಿರುವ ಸಮಯ, ಮೊತ್ತ ಮತ್ತು reference ವಿವರಗಳು service recordನಲ್ಲಿ ಕಾಣಿಸಬಹುದು. ನಿಮ್ಮ ಸಾಮಾನ್ಯ transaction record ಜೊತೆ ಈ ಸೂಚನೆಯನ್ನು ಪರಿಶೀಲಿಸುವುದು ಉಪಯುಕ್ತ. Account ಸಂಬಂಧಿತ ವಿನಂತಿಗಳಿಗೆ ಈಗಾಗಲೇ ತಿಳಿದಿರುವ ಅಧಿಕೃತ contact channel ಮಾತ್ರ ಬಳಸಿ.",Kannada,Kannada script,Phishing,SIM / Telecom,http://utility-notice.example/pay,Bank-like sender ID,Synthetic,Generated for PhishDetect India research dataset,Strategy: fear; no real personal identifiers.
KAN-P-0269,ದಯವಿಟ್ಟು ಗಮನಿಸಿ — Mobile accountನಲ್ಲಿ security change ದಾಖಲಾಗಿದೆ. ಈಗ ನೀಡಿರುವ verification ಹಂತವನ್ನು ಪೂರ್ಣಗೊಳಿಸಿ. https://profile-access.example/recover ನಿಮ್ಮ ಸಾಮಾನ್ಯ transaction record ಜೊತೆ ಈ ಸೂಚನೆಯನ್ನು ಪರಿಶೀಲಿಸುವುದು ಉಪಯುಕ್ತ. Account ಸಂಬಂಧಿತ ವಿನಂತಿಗಳಿಗೆ ಈಗಾಗಲೇ ತಿಳಿದಿರುವ ಅಧಿಕೃತ contact channel ಮಾತ್ರ ಬಳಸಿ. ಯಾವುದೇ ಸಮಸ್ಯೆಯಿದ್ದರೆ service providerನ ಅಧಿಕೃತ support option ಬಳಸಿ.,Kannada,Kannada script,Phishing,SIM / Telecom,https://profile-access.example/recover,Telecom-like sender ID,Synthetic,Generated for PhishDetect India research dataset,Strategy: reward; no real personal identifiers.
KAN-P-0270,ಸೂಚನೆ: ನಿಮ್ಮ telecom profile validity ಮುಗಿಯುವ ಹಂತದಲ್ಲಿದೆ. ಇಂದಿನ review window ಮುಗಿಯುವ ಮೊದಲು ಈ ಪ್ರಕ್ರಿಯೆ ಪೂರ್ಣಗೊಳ್ಳಬೇಕು. hxxp://secure-check.example/verify Account ಸಂಬಂಧಿತ ವಿನಂತಿಗಳಿಗೆ ಈಗಾಗಲೇ ತಿಳಿದಿರುವ ಅಧಿಕೃತ contact channel ಮಾತ್ರ ಬಳಸಿ. ಯಾವುದೇ ಸಮಸ್ಯೆಯಿದ್ದರೆ service providerನ ಅಧಿಕೃತ support option ಬಳಸಿ. ಸೇವೆಯ ಸ್ಥಿತಿಯನ್ನು ನಂತರ ಅಧಿಕೃತ portalನಲ್ಲಿ ಮತ್ತೆ ಪರಿಶೀಲಿಸಬಹುದು.,Kannada,Kannada script,Phishing,SIM / Telecom,hxxp://secure-check.example/verify,Courier-like sender ID,Synthetic,Generated for PhishDetect India research dataset,Strategy: refund; no real personal identifiers.
KAN-P-0271,Recharge service ಮರುಸಕ್ರಿಯಗೊಳಿಸಲು account check ಕೇಳಲಾಗಿದೆ. ಪರಿಶೀಲನೆ ವಿಫಲವಾದರೆ ಮುಂದಿನ ಸೇವೆಯನ್ನು ನಿಲ್ಲಿಸುವ ಎಚ್ಚರಿಕೆ ನೀಡಲಾಗಿದೆ. ಯಾವುದೇ ಸಮಸ್ಯೆಯಿದ್ದರೆ service providerನ ಅಧಿಕೃತ support option ಬಳಸಿ. ಸೇವೆಯ ಸ್ಥಿತಿಯನ್ನು ನಂತರ ಅಧಿಕೃತ portalನಲ್ಲಿ ಮತ್ತೆ ಪರಿಶೀಲಿಸಬಹುದು. ಈ ಮಾಹಿತಿಯಲ್ಲಿರುವ ಸೇವಾ ವಿವರಗಳನ್ನು ನಿಮ್ಮ ಅಧಿಕೃತ accountನಲ್ಲಿ ಪರಿಶೀಲಿಸಬಹುದು. ಯಾವುದೇ payment ಅಥವಾ identity action ಮಾಡುವ ಮೊದಲು ಅಧಿಕೃತ ಮಾಹಿತಿಯನ್ನು ಹೋಲಿಸಿ ನೋಡಿ.,Kannada,Kannada script,Phishing,SIM / Telecom,,Government-service-like sender ID,Synthetic,Generated for PhishDetect India research dataset,Strategy: curiosity; no real personal identifiers.
KAN-P-0272,ನಿಮ್ಮ mobile number service profileನಲ್ಲಿ KYC review ಬಾಕಿಯಿದೆ. Security team ಹೆಸರಿನಲ್ಲಿ ತಕ್ಷಣ ಪ್ರತಿಕ್ರಿಯಿಸಲು ಸೂಚಿಸಲಾಗಿದೆ. ಕೇಳಲಾದ ಮೊತ್ತ ₹850. ಸೇವೆಯ ಸ್ಥಿತಿಯನ್ನು ನಂತರ ಅಧಿಕೃತ portalನಲ್ಲಿ ಮತ್ತೆ ಪರಿಶೀಲಿಸಬಹುದು. ಈ ಮಾಹಿತಿಯಲ್ಲಿರುವ ಸೇವಾ ವಿವರಗಳನ್ನು ನಿಮ್ಮ ಅಧಿಕೃತ accountನಲ್ಲಿ ಪರಿಶೀಲಿಸಬಹುದು. ಯಾವುದೇ payment ಅಥವಾ identity action ಮಾಡುವ ಮೊದಲು ಅಧಿಕೃತ ಮಾಹಿತಿಯನ್ನು ಹೋಲಿಸಿ ನೋಡಿ.,Kannada,Kannada script,Phishing,SIM / Telecom,,Merchant-like sender ID,Synthetic,Generated for PhishDetect India research dataset,Strategy: authority impersonation; no real personal identifiers.
KAN-P-0273,SIM serviceಗೆ identity re-confirmation ಅಗತ್ಯವಿದೆ. ಸೂಚಿಸಿದ page ತೆರೆಯಿ ಮತ್ತು ಕೇಳಲಾದ ಮಾಹಿತಿಯನ್ನು ನಮೂದಿಸಿ. ಈ ಮಾಹಿತಿಯಲ್ಲಿರುವ ಸೇವಾ ವಿವರಗಳನ್ನು ನಿಮ್ಮ ಅಧಿಕೃತ accountನಲ್ಲಿ ಪರಿಶೀಲಿಸಬಹುದು. ಯಾವುದೇ payment ಅಥವಾ identity action ಮಾಡುವ ಮೊದಲು ಅಧಿಕೃತ ಮಾಹಿತಿಯನ್ನು ಹೋಲಿಸಿ ನೋಡಿ. ಸಂಬಂಧಿತ service history ನಿಮ್ಮ official app ಅಥವಾ portalನಲ್ಲಿ ಪ್ರತ್ಯೇಕವಾಗಿ ಕಾಣಬಹುದು.,Kannada,Kannada + English code-switching,Phishing,SIM / Telecom,,Generic numeric sender,Synthetic,Generated for PhishDetect India research dataset,Strategy: threat; no real personal identifiers.
KAN-P-0274,"ಸೂಚನೆ: ನಿಮ್ಮ insurance policy profile review ಬಾಕಿಯಿದೆ. Security team ಹೆಸರಿನಲ್ಲಿ ತಕ್ಷಣ ಪ್ರತಿಕ್ರಿಯಿಸಲು ಸೂಚಿಸಲಾಗಿದೆ. ಕೇಳಲಾದ ಮೊತ್ತ ₹249. ಯಾವುದೇ payment ಅಥವಾ identity action ಮಾಡುವ ಮೊದಲು ಅಧಿಕೃತ ಮಾಹಿತಿಯನ್ನು ಹೋಲಿಸಿ ನೋಡಿ. ಸಂಬಂಧಿತ service history ನಿಮ್ಮ official app ಅಥವಾ portalನಲ್ಲಿ ಪ್ರತ್ಯೇಕವಾಗಿ ಕಾಣಬಹುದು. ಸಂದೇಶದಲ್ಲಿರುವ ಸಮಯ, ಮೊತ್ತ ಮತ್ತು reference ವಿವರಗಳು service recordನಲ್ಲಿ ಕಾಣಿಸಬಹುದು.",Kannada,Kannada script,Phishing,Insurance,,Short code,Synthetic,Generated for PhishDetect India research dataset,Strategy: delivery lure; no real personal identifiers.
KAN-P-0275,"Insurance claim ಪ್ರಕ್ರಿಯೆಗೆ document confirmation ಅಗತ್ಯವಿದೆ. ಸೂಚಿಸಿದ page ತೆರೆಯಿ ಮತ್ತು ಕೇಳಲಾದ ಮಾಹಿತಿಯನ್ನು ನಮೂದಿಸಿ. ಸಂಬಂಧಿತ service history ನಿಮ್ಮ official app ಅಥವಾ portalನಲ್ಲಿ ಪ್ರತ್ಯೇಕವಾಗಿ ಕಾಣಬಹುದು. ಸಂದೇಶದಲ್ಲಿರುವ ಸಮಯ, ಮೊತ್ತ ಮತ್ತು reference ವಿವರಗಳು service recordನಲ್ಲಿ ಕಾಣಿಸಬಹುದು. ನಿಮ್ಮ ಸಾಮಾನ್ಯ transaction record ಜೊತೆ ಈ ಸೂಚನೆಯನ್ನು ಪರಿಶೀಲಿಸುವುದು ಉಪಯುಕ್ತ.",Kannada,Kannada script,Phishing,Insurance,,Unknown sender,Synthetic,Generated for PhishDetect India research dataset,Strategy: urgency; no real personal identifiers.
KAN-P-0276,"ನಿಮ್ಮ policyಯ refund ಅಥವಾ premium adjustment ಬಾಕಿಯಿದೆ. ಸ್ಥಿತಿಯನ್ನು ಪರಿಶೀಲಿಸಿ ಮುಂದುವರಿಯಲು link ಬಳಸಿ ಎಂದು ಸೂಚಿಸಲಾಗಿದೆ. ಸಂದೇಶದಲ್ಲಿರುವ ಸಮಯ, ಮೊತ್ತ ಮತ್ತು reference ವಿವರಗಳು service recordನಲ್ಲಿ ಕಾಣಿಸಬಹುದು. ನಿಮ್ಮ ಸಾಮಾನ್ಯ transaction record ಜೊತೆ ಈ ಸೂಚನೆಯನ್ನು ಪರಿಶೀಲಿಸುವುದು ಉಪಯುಕ್ತ. Account ಸಂಬಂಧಿತ ವಿನಂತಿಗಳಿಗೆ ಈಗಾಗಲೇ ತಿಳಿದಿರುವ ಅಧಿಕೃತ contact channel ಮಾತ್ರ ಬಳಸಿ.",Kannada,Kannada script,Phishing,Insurance,,Bank-like sender ID,Synthetic,Generated for PhishDetect India research dataset,Strategy: fear; no real personal identifiers.
KAN-P-0277,Insurance service identity details ಮರುಸಲ್ಲಿಸಲು ಕೇಳಿದೆ. ವಿನಂತಿಯನ್ನು active ಇರಿಸಲು ತಕ್ಷಣ action ತೆಗೆದುಕೊಳ್ಳಿ ಎಂದು ತಿಳಿಸಲಾಗಿದೆ. ನಿಮ್ಮ ಸಾಮಾನ್ಯ transaction record ಜೊತೆ ಈ ಸೂಚನೆಯನ್ನು ಪರಿಶೀಲಿಸುವುದು ಉಪಯುಕ್ತ. Account ಸಂಬಂಧಿತ ವಿನಂತಿಗಳಿಗೆ ಈಗಾಗಲೇ ತಿಳಿದಿರುವ ಅಧಿಕೃತ contact channel ಮಾತ್ರ ಬಳಸಿ. ಯಾವುದೇ ಸಮಸ್ಯೆಯಿದ್ದರೆ service providerನ ಅಧಿಕೃತ support option ಬಳಸಿ.,Kannada,Kannada script,Phishing,Insurance,,Telecom-like sender ID,Synthetic,Generated for PhishDetect India research dataset,Strategy: reward; no real personal identifiers.
KAN-P-0278,ನಿಮ್ಮ claim ಮುಂದಿನ ಹಂತ online verification ಮೇಲೆ ಅವಲಂಬಿತವಾಗಿದೆ. ಸೇವೆ ಸೀಮಿತಗೊಳ್ಳುವ ಮೊದಲು ಖಾತೆಯನ್ನು ದೃಢೀಕರಿಸಿ. ಕೇಳಲಾದ ಮೊತ್ತ ₹1999. Account ಸಂಬಂಧಿತ ವಿನಂತಿಗಳಿಗೆ ಈಗಾಗಲೇ ತಿಳಿದಿರುವ ಅಧಿಕೃತ contact channel ಮಾತ್ರ ಬಳಸಿ. ಯಾವುದೇ ಸಮಸ್ಯೆಯಿದ್ದರೆ service providerನ ಅಧಿಕೃತ support option ಬಳಸಿ. ಸೇವೆಯ ಸ್ಥಿತಿಯನ್ನು ನಂತರ ಅಧಿಕೃತ portalನಲ್ಲಿ ಮತ್ತೆ ಪರಿಶೀಲಿಸಬಹುದು.,Kannada,Kannada script,Phishing,Insurance,,Courier-like sender ID,Synthetic,Generated for PhishDetect India research dataset,Strategy: refund; no real personal identifiers.
KAN-P-0279,ಸೂಚನೆ: Policy renewalಗೆ ಹೆಚ್ಚುವರಿ confirmation ಕೇಳಲಾಗಿದೆ. ಈ activity ನಿಮ್ಮದಾಗಿರದಿದ್ದರೆ identity check ಪೂರ್ಣಗೊಳಿಸಿ. ಯಾವುದೇ ಸಮಸ್ಯೆಯಿದ್ದರೆ service providerನ ಅಧಿಕೃತ support option ಬಳಸಿ. ಸೇವೆಯ ಸ್ಥಿತಿಯನ್ನು ನಂತರ ಅಧಿಕೃತ portalನಲ್ಲಿ ಮತ್ತೆ ಪರಿಶೀಲಿಸಬಹುದು. ಈ ಮಾಹಿತಿಯಲ್ಲಿರುವ ಸೇವಾ ವಿವರಗಳನ್ನು ನಿಮ್ಮ ಅಧಿಕೃತ accountನಲ್ಲಿ ಪರಿಶೀಲಿಸಬಹುದು. ಯಾವುದೇ payment ಅಥವಾ identity action ಮಾಡುವ ಮೊದಲು ಅಧಿಕೃತ ಮಾಹಿತಿಯನ್ನು ಹೋಲಿಸಿ ನೋಡಿ.,Kannada,Kannada script,Phishing,Insurance,,Government-service-like sender ID,Synthetic,Generated for PhishDetect India research dataset,Strategy: curiosity; no real personal identifiers.
KAN-P-0280,ನಿಮ್ಮ insurance policy profile review ಬಾಕಿಯಿದೆ. ಮೊತ್ತ ಅಥವಾ ಸೇವೆ ಬಿಡುಗಡೆ ಮಾಡಲು account information ಕೇಳಲಾಗಿದೆ. hxxp://secure-check.example/verify ಸೇವೆಯ ಸ್ಥಿತಿಯನ್ನು ನಂತರ ಅಧಿಕೃತ portalನಲ್ಲಿ ಮತ್ತೆ ಪರಿಶೀಲಿಸಬಹುದು. ಈ ಮಾಹಿತಿಯಲ್ಲಿರುವ ಸೇವಾ ವಿವರಗಳನ್ನು ನಿಮ್ಮ ಅಧಿಕೃತ accountನಲ್ಲಿ ಪರಿಶೀಲಿಸಬಹುದು. ಯಾವುದೇ payment ಅಥವಾ identity action ಮಾಡುವ ಮೊದಲು ಅಧಿಕೃತ ಮಾಹಿತಿಯನ್ನು ಹೋಲಿಸಿ ನೋಡಿ.,Kannada,Kannada + English code-switching,Phishing,Insurance,hxxp://secure-check.example/verify,Merchant-like sender ID,Synthetic,Generated for PhishDetect India research dataset,Strategy: authority impersonation; no real personal identifiers.
KAN-P-0281,Insurance claim ಪ್ರಕ್ರಿಯೆಗೆ document confirmation ಅಗತ್ಯವಿದೆ. ಈಗ ನೀಡಿರುವ verification ಹಂತವನ್ನು ಪೂರ್ಣಗೊಳಿಸಿ. ಉಲ್ಲೇಖ: [REF_ID]. https://account-review.example/confirm ಈ ಮಾಹಿತಿಯಲ್ಲಿರುವ ಸೇವಾ ವಿವರಗಳನ್ನು ನಿಮ್ಮ ಅಧಿಕೃತ accountನಲ್ಲಿ ಪರಿಶೀಲಿಸಬಹುದು. ಯಾವುದೇ payment ಅಥವಾ identity action ಮಾಡುವ ಮೊದಲು ಅಧಿಕೃತ ಮಾಹಿತಿಯನ್ನು ಹೋಲಿಸಿ ನೋಡಿ. ಸಂಬಂಧಿತ service history ನಿಮ್ಮ official app ಅಥವಾ portalನಲ್ಲಿ ಪ್ರತ್ಯೇಕವಾಗಿ ಕಾಣಬಹುದು.,Kannada,Kannada script,Phishing,Insurance,https://account-review.example/confirm,Generic numeric sender,Synthetic,Generated for PhishDetect India research dataset,Strategy: threat; no real personal identifiers.
KAN-P-0282,ನಿಮ್ಮ policyಯ refund ಅಥವಾ premium adjustment ಬಾಕಿಯಿದೆ. ಇಂದಿನ review window ಮುಗಿಯುವ ಮೊದಲು ಈ ಪ್ರಕ್ರಿಯೆ ಪೂರ್ಣಗೊಳ್ಳಬೇಕು. ಕೇಳಲಾದ ಮೊತ್ತ ₹1240. http://kyc-alert.example/update ಯಾವುದೇ payment ಅಥವಾ identity action ಮಾಡುವ ಮೊದಲು ಅಧಿಕೃತ ಮಾಹಿತಿಯನ್ನು ಹೋಲಿಸಿ ನೋಡಿ. ಸಂಬಂಧಿತ service history ನಿಮ್ಮ official app ಅಥವಾ portalನಲ್ಲಿ ಪ್ರತ್ಯೇಕವಾಗಿ ಕಾಣಬಹುದು.,Kannada,Kannada script,Phishing,Insurance,http://kyc-alert.example/update,Short code,Synthetic,Generated for PhishDetect India research dataset,Strategy: social engineering; no real personal identifiers.
KAN-P-0283,"ಸೂಚನೆ: ನಿಮ್ಮ investment accountನಲ್ಲಿ security review ಆರಂಭವಾಗಿದೆ. ಈಗ ನೀಡಿರುವ verification ಹಂತವನ್ನು ಪೂರ್ಣಗೊಳಿಸಿ. ಕೇಳಲಾದ ಮೊತ್ತ ₹249. https://upi-support.example/resolve ಸಂಬಂಧಿತ service history ನಿಮ್ಮ official app ಅಥವಾ portalನಲ್ಲಿ ಪ್ರತ್ಯೇಕವಾಗಿ ಕಾಣಬಹುದು. ಸಂದೇಶದಲ್ಲಿರುವ ಸಮಯ, ಮೊತ್ತ ಮತ್ತು reference ವಿವರಗಳು service recordನಲ್ಲಿ ಕಾಣಿಸಬಹುದು. ನಿಮ್ಮ ಸಾಮಾನ್ಯ transaction record ಜೊತೆ ಈ ಸೂಚನೆಯನ್ನು ಪರಿಶೀಲಿಸುವುದು ಉಪಯುಕ್ತ.",Kannada,Kannada script,Phishing,Investment / Trading,https://upi-support.example/resolve,Unknown sender,Synthetic,Generated for PhishDetect India research dataset,Strategy: urgency; no real personal identifiers.
KAN-P-0284,"Trading profileನಲ್ಲಿ ಹೊಸ request ಬಾಕಿಯಿದೆ. ಇಂದಿನ review window ಮುಗಿಯುವ ಮೊದಲು ಈ ಪ್ರಕ್ರಿಯೆ ಪೂರ್ಣಗೊಳ್ಳಬೇಕು. https://parcel-status.example/address ಸಂದೇಶದಲ್ಲಿರುವ ಸಮಯ, ಮೊತ್ತ ಮತ್ತು reference ವಿವರಗಳು service recordನಲ್ಲಿ ಕಾಣಿಸಬಹುದು. ನಿಮ್ಮ ಸಾಮಾನ್ಯ transaction record ಜೊತೆ ಈ ಸೂಚನೆಯನ್ನು ಪರಿಶೀಲಿಸುವುದು ಉಪಯುಕ್ತ. Account ಸಂಬಂಧಿತ ವಿನಂತಿಗಳಿಗೆ ಈಗಾಗಲೇ ತಿಳಿದಿರುವ ಅಧಿಕೃತ contact channel ಮಾತ್ರ ಬಳಸಿ.",Kannada,Kannada script,Phishing,Investment / Trading,https://parcel-status.example/address,Bank-like sender ID,Synthetic,Generated for PhishDetect India research dataset,Strategy: fear; no real personal identifiers.
KAN-P-0285,ನಿಮ್ಮ investment accountಗೆ identity re-check ಅಗತ್ಯವಿದೆ. ಪರಿಶೀಲನೆ ವಿಫಲವಾದರೆ ಮುಂದಿನ ಸೇವೆಯನ್ನು ನಿಲ್ಲಿಸುವ ಎಚ್ಚರಿಕೆ ನೀಡಲಾಗಿದೆ. http://reward-center.example/claim ನಿಮ್ಮ ಸಾಮಾನ್ಯ transaction record ಜೊತೆ ಈ ಸೂಚನೆಯನ್ನು ಪರಿಶೀಲಿಸುವುದು ಉಪಯುಕ್ತ. Account ಸಂಬಂಧಿತ ವಿನಂತಿಗಳಿಗೆ ಈಗಾಗಲೇ ತಿಳಿದಿರುವ ಅಧಿಕೃತ contact channel ಮಾತ್ರ ಬಳಸಿ. ಯಾವುದೇ ಸಮಸ್ಯೆಯಿದ್ದರೆ service providerನ ಅಧಿಕೃತ support option ಬಳಸಿ.,Kannada,Kannada script,Phishing,Investment / Trading,http://reward-center.example/claim,Telecom-like sender ID,Synthetic,Generated for PhishDetect India research dataset,Strategy: reward; no real personal identifiers.
KAN-P-0286,ವಿಶೇಷ trading opportunity ನಿಮ್ಮ accountಗೆ ಸಂಬಂಧಿಸಿದೆ ಎಂದು ತಿಳಿಸಲಾಗಿದೆ. Security team ಹೆಸರಿನಲ್ಲಿ ತಕ್ಷಣ ಪ್ರತಿಕ್ರಿಯಿಸಲು ಸೂಚಿಸಲಾಗಿದೆ. https://job-selection.example/document Account ಸಂಬಂಧಿತ ವಿನಂತಿಗಳಿಗೆ ಈಗಾಗಲೇ ತಿಳಿದಿರುವ ಅಧಿಕೃತ contact channel ಮಾತ್ರ ಬಳಸಿ. ಯಾವುದೇ ಸಮಸ್ಯೆಯಿದ್ದರೆ service providerನ ಅಧಿಕೃತ support option ಬಳಸಿ. ಸೇವೆಯ ಸ್ಥಿತಿಯನ್ನು ನಂತರ ಅಧಿಕೃತ portalನಲ್ಲಿ ಮತ್ತೆ ಪರಿಶೀಲಿಸಬಹುದು.,Kannada,Kannada script,Phishing,Investment / Trading,https://job-selection.example/document,Courier-like sender ID,Synthetic,Generated for PhishDetect India research dataset,Strategy: refund; no real personal identifiers.
KAN-P-0287,Investment refund ಬಿಡುಗಡೆಗೆ account confirmation ಕೇಳಲಾಗಿದೆ. ಸೂಚಿಸಿದ page ತೆರೆಯಿ ಮತ್ತು ಕೇಳಲಾದ ಮಾಹಿತಿಯನ್ನು ನಮೂದಿಸಿ. ಕೇಳಲಾದ ಮೊತ್ತ ₹1999. https://card-security.example/review ಯಾವುದೇ ಸಮಸ್ಯೆಯಿದ್ದರೆ service providerನ ಅಧಿಕೃತ support option ಬಳಸಿ. ಸೇವೆಯ ಸ್ಥಿತಿಯನ್ನು ನಂತರ ಅಧಿಕೃತ portalನಲ್ಲಿ ಮತ್ತೆ ಪರಿಶೀಲಿಸಬಹುದು. ಈ ಮಾಹಿತಿಯಲ್ಲಿರುವ ಸೇವಾ ವಿವರಗಳನ್ನು ನಿಮ್ಮ ಅಧಿಕೃತ accountನಲ್ಲಿ ಪರಿಶೀಲಿಸಬಹುದು.,Kannada,Kannada + English code-switching,Phishing,Investment / Trading,https://card-security.example/review,Government-service-like sender ID,Synthetic,Generated for PhishDetect India research dataset,Strategy: curiosity; no real personal identifiers.
KAN-P-0288,ಸೂಚನೆ: Trading service profile active ಇರಿಸಲು action ಕೇಳಿದೆ. ಸ್ಥಿತಿಯನ್ನು ಪರಿಶೀಲಿಸಿ ಮುಂದುವರಿಯಲು link ಬಳಸಿ ಎಂದು ಸೂಚಿಸಲಾಗಿದೆ. http://utility-notice.example/pay ಸೇವೆಯ ಸ್ಥಿತಿಯನ್ನು ನಂತರ ಅಧಿಕೃತ portalನಲ್ಲಿ ಮತ್ತೆ ಪರಿಶೀಲಿಸಬಹುದು. ಈ ಮಾಹಿತಿಯಲ್ಲಿರುವ ಸೇವಾ ವಿವರಗಳನ್ನು ನಿಮ್ಮ ಅಧಿಕೃತ accountನಲ್ಲಿ ಪರಿಶೀಲಿಸಬಹುದು. ಯಾವುದೇ payment ಅಥವಾ identity action ಮಾಡುವ ಮೊದಲು ಅಧಿಕೃತ ಮಾಹಿತಿಯನ್ನು ಹೋಲಿಸಿ ನೋಡಿ.,Kannada,Kannada script,Phishing,Investment / Trading,http://utility-notice.example/pay,Merchant-like sender ID,Synthetic,Generated for PhishDetect India research dataset,Strategy: authority impersonation; no real personal identifiers.
KAN-P-0289,ನಿಮ್ಮ investment accountನಲ್ಲಿ security review ಆರಂಭವಾಗಿದೆ. ವಿನಂತಿಯನ್ನು active ಇರಿಸಲು ತಕ್ಷಣ action ತೆಗೆದುಕೊಳ್ಳಿ ಎಂದು ತಿಳಿಸಲಾಗಿದೆ. https://profile-access.example/recover ಈ ಮಾಹಿತಿಯಲ್ಲಿರುವ ಸೇವಾ ವಿವರಗಳನ್ನು ನಿಮ್ಮ ಅಧಿಕೃತ accountನಲ್ಲಿ ಪರಿಶೀಲಿಸಬಹುದು. ಯಾವುದೇ payment ಅಥವಾ identity action ಮಾಡುವ ಮೊದಲು ಅಧಿಕೃತ ಮಾಹಿತಿಯನ್ನು ಹೋಲಿಸಿ ನೋಡಿ. ಸಂಬಂಧಿತ service history ನಿಮ್ಮ official app ಅಥವಾ portalನಲ್ಲಿ ಪ್ರತ್ಯೇಕವಾಗಿ ಕಾಣಬಹುದು.,Kannada,Kannada script,Phishing,Investment / Trading,https://profile-access.example/recover,Generic numeric sender,Synthetic,Generated for PhishDetect India research dataset,Strategy: threat; no real personal identifiers.
KAN-P-0290,"Trading profileನಲ್ಲಿ ಹೊಸ request ಬಾಕಿಯಿದೆ. ಸೇವೆ ಸೀಮಿತಗೊಳ್ಳುವ ಮೊದಲು ಖಾತೆಯನ್ನು ದೃಢೀಕರಿಸಿ. ಉಲ್ಲೇಖ: [REF_ID]. hxxp://secure-check.example/verify ಯಾವುದೇ payment ಅಥವಾ identity action ಮಾಡುವ ಮೊದಲು ಅಧಿಕೃತ ಮಾಹಿತಿಯನ್ನು ಹೋಲಿಸಿ ನೋಡಿ. ಸಂಬಂಧಿತ service history ನಿಮ್ಮ official app ಅಥವಾ portalನಲ್ಲಿ ಪ್ರತ್ಯೇಕವಾಗಿ ಕಾಣಬಹುದು. ಸಂದೇಶದಲ್ಲಿರುವ ಸಮಯ, ಮೊತ್ತ ಮತ್ತು reference ವಿವರಗಳು service recordನಲ್ಲಿ ಕಾಣಿಸಬಹುದು.",Kannada,Romanized Kannada (small minority),Phishing,Investment / Trading,hxxp://secure-check.example/verify,Short code,Synthetic,Generated for PhishDetect India research dataset,Strategy: social engineering; no real personal identifiers.
KAN-P-0291,"ನಿಮ್ಮ investment accountಗೆ identity re-check ಅಗತ್ಯವಿದೆ. ಈ activity ನಿಮ್ಮದಾಗಿರದಿದ್ದರೆ identity check ಪೂರ್ಣಗೊಳಿಸಿ. ಕೇಳಲಾದ ಮೊತ್ತ ₹1240. ಸಂಬಂಧಿತ service history ನಿಮ್ಮ official app ಅಥವಾ portalನಲ್ಲಿ ಪ್ರತ್ಯೇಕವಾಗಿ ಕಾಣಬಹುದು. ಸಂದೇಶದಲ್ಲಿರುವ ಸಮಯ, ಮೊತ್ತ ಮತ್ತು reference ವಿವರಗಳು service recordನಲ್ಲಿ ಕಾಣಿಸಬಹುದು. ನಿಮ್ಮ ಸಾಮಾನ್ಯ transaction record ಜೊತೆ ಈ ಸೂಚನೆಯನ್ನು ಪರಿಶೀಲಿಸುವುದು ಉಪಯುಕ್ತ.",Kannada,Kannada script,Phishing,Investment / Trading,,Unknown sender,Synthetic,Generated for PhishDetect India research dataset,Strategy: job lure; no real personal identifiers.
KAN-P-0292,"ಸೂಚನೆ: ನಿಮ್ಮ social profileಗೆ ಹೊಸ device ಮೂಲಕ access ದಾಖಲಾಗಿದೆ. ಸೇವೆ ಸೀಮಿತಗೊಳ್ಳುವ ಮೊದಲು ಖಾತೆಯನ್ನು ದೃಢೀಕರಿಸಿ. ಕೇಳಲಾದ ಮೊತ್ತ ₹249. ಸಂದೇಶದಲ್ಲಿರುವ ಸಮಯ, ಮೊತ್ತ ಮತ್ತು reference ವಿವರಗಳು service recordನಲ್ಲಿ ಕಾಣಿಸಬಹುದು. ನಿಮ್ಮ ಸಾಮಾನ್ಯ transaction record ಜೊತೆ ಈ ಸೂಚನೆಯನ್ನು ಪರಿಶೀಲಿಸುವುದು ಉಪಯುಕ್ತ. Account ಸಂಬಂಧಿತ ವಿನಂತಿಗಳಿಗೆ ಈಗಾಗಲೇ ತಿಳಿದಿರುವ ಅಧಿಕೃತ contact channel ಮಾತ್ರ ಬಳಸಿ.",Kannada,Kannada script,Phishing,Social Media / Account Takeover,,Bank-like sender ID,Synthetic,Generated for PhishDetect India research dataset,Strategy: fear; no real personal identifiers.
KAN-P-0293,ನಿಮ್ಮ account security settingsನಲ್ಲಿ ಬದಲಾವಣೆ ದಾಖಲಾಗಿದೆ. ಈ activity ನಿಮ್ಮದಾಗಿರದಿದ್ದರೆ identity check ಪೂರ್ಣಗೊಳಿಸಿ. ನಿಮ್ಮ ಸಾಮಾನ್ಯ transaction record ಜೊತೆ ಈ ಸೂಚನೆಯನ್ನು ಪರಿಶೀಲಿಸುವುದು ಉಪಯುಕ್ತ. Account ಸಂಬಂಧಿತ ವಿನಂತಿಗಳಿಗೆ ಈಗಾಗಲೇ ತಿಳಿದಿರುವ ಅಧಿಕೃತ contact channel ಮಾತ್ರ ಬಳಸಿ. ಯಾವುದೇ ಸಮಸ್ಯೆಯಿದ್ದರೆ service providerನ ಅಧಿಕೃತ support option ಬಳಸಿ. ಸೇವೆಯ ಸ್ಥಿತಿಯನ್ನು ನಂತರ ಅಧಿಕೃತ portalನಲ್ಲಿ ಮತ್ತೆ ಪರಿಶೀಲಿಸಬಹುದು.,Kannada,Kannada script,Phishing,Social Media / Account Takeover,,Telecom-like sender ID,Synthetic,Generated for PhishDetect India research dataset,Strategy: reward; no real personal identifiers.
KAN-P-0294,ಹೊಸ login session ನಿಮ್ಮ profileಗೆ ಸಂಬಂಧಿಸಿದೆ. ಮೊತ್ತ ಅಥವಾ ಸೇವೆ ಬಿಡುಗಡೆ ಮಾಡಲು account information ಕೇಳಲಾಗಿದೆ. Account ಸಂಬಂಧಿತ ವಿನಂತಿಗಳಿಗೆ ಈಗಾಗಲೇ ತಿಳಿದಿರುವ ಅಧಿಕೃತ contact channel ಮಾತ್ರ ಬಳಸಿ. ಯಾವುದೇ ಸಮಸ್ಯೆಯಿದ್ದರೆ service providerನ ಅಧಿಕೃತ support option ಬಳಸಿ. ಸೇವೆಯ ಸ್ಥಿತಿಯನ್ನು ನಂತರ ಅಧಿಕೃತ portalನಲ್ಲಿ ಮತ್ತೆ ಪರಿಶೀಲಿಸಬಹುದು. ಈ ಮಾಹಿತಿಯಲ್ಲಿರುವ ಸೇವಾ ವಿವರಗಳನ್ನು ನಿಮ್ಮ ಅಧಿಕೃತ accountನಲ್ಲಿ ಪರಿಶೀಲಿಸಬಹುದು.,Kannada,Kannada + English code-switching,Phishing,Social Media / Account Takeover,,Courier-like sender ID,Synthetic,Generated for PhishDetect India research dataset,Strategy: refund; no real personal identifiers.
KAN-P-0295,Account recovery request ನಿಮ್ಮ ಸಂಖ್ಯೆಯಿಂದ ಆರಂಭವಾಗಿದೆ ಎಂದು ತಿಳಿಸಲಾಗಿದೆ. ಈಗ ನೀಡಿರುವ verification ಹಂತವನ್ನು ಪೂರ್ಣಗೊಳಿಸಿ. ಯಾವುದೇ ಸಮಸ್ಯೆಯಿದ್ದರೆ service providerನ ಅಧಿಕೃತ support option ಬಳಸಿ. ಸೇವೆಯ ಸ್ಥಿತಿಯನ್ನು ನಂತರ ಅಧಿಕೃತ portalನಲ್ಲಿ ಮತ್ತೆ ಪರಿಶೀಲಿಸಬಹುದು. ಈ ಮಾಹಿತಿಯಲ್ಲಿರುವ ಸೇವಾ ವಿವರಗಳನ್ನು ನಿಮ್ಮ ಅಧಿಕೃತ accountನಲ್ಲಿ ಪರಿಶೀಲಿಸಬಹುದು. ಯಾವುದೇ payment ಅಥವಾ identity action ಮಾಡುವ ಮೊದಲು ಅಧಿಕೃತ ಮಾಹಿತಿಯನ್ನು ಹೋಲಿಸಿ ನೋಡಿ.,Kannada,Kannada script,Phishing,Social Media / Account Takeover,,Government-service-like sender ID,Synthetic,Generated for PhishDetect India research dataset,Strategy: curiosity; no real personal identifiers.
KAN-P-0296,ನಿಮ್ಮ profileನಲ್ಲಿ suspicious activity security alert ಬಂದಿದೆ. ಇಂದಿನ review window ಮುಗಿಯುವ ಮೊದಲು ಈ ಪ್ರಕ್ರಿಯೆ ಪೂರ್ಣಗೊಳ್ಳಬೇಕು. ಕೇಳಲಾದ ಮೊತ್ತ ₹1999. ಸೇವೆಯ ಸ್ಥಿತಿಯನ್ನು ನಂತರ ಅಧಿಕೃತ portalನಲ್ಲಿ ಮತ್ತೆ ಪರಿಶೀಲಿಸಬಹುದು. ಈ ಮಾಹಿತಿಯಲ್ಲಿರುವ ಸೇವಾ ವಿವರಗಳನ್ನು ನಿಮ್ಮ ಅಧಿಕೃತ accountನಲ್ಲಿ ಪರಿಶೀಲಿಸಬಹುದು. ಯಾವುದೇ payment ಅಥವಾ identity action ಮಾಡುವ ಮೊದಲು ಅಧಿಕೃತ ಮಾಹಿತಿಯನ್ನು ಹೋಲಿಸಿ ನೋಡಿ.,Kannada,Kannada script,Phishing,Social Media / Account Takeover,,Merchant-like sender ID,Synthetic,Generated for PhishDetect India research dataset,Strategy: authority impersonation; no real personal identifiers.
KAN-P-0297,ಸೂಚನೆ: Social account identity confirmation ಬಾಕಿಯಿದೆ ಎಂದು ತಿಳಿಸಲಾಗಿದೆ. ಪರಿಶೀಲನೆ ವಿಫಲವಾದರೆ ಮುಂದಿನ ಸೇವೆಯನ್ನು ನಿಲ್ಲಿಸುವ ಎಚ್ಚರಿಕೆ ನೀಡಲಾಗಿದೆ. ಈ ಮಾಹಿತಿಯಲ್ಲಿರುವ ಸೇವಾ ವಿವರಗಳನ್ನು ನಿಮ್ಮ ಅಧಿಕೃತ accountನಲ್ಲಿ ಪರಿಶೀಲಿಸಬಹುದು. ಯಾವುದೇ payment ಅಥವಾ identity action ಮಾಡುವ ಮೊದಲು ಅಧಿಕೃತ ಮಾಹಿತಿಯನ್ನು ಹೋಲಿಸಿ ನೋಡಿ. ಸಂಬಂಧಿತ service history ನಿಮ್ಮ official app ಅಥವಾ portalನಲ್ಲಿ ಪ್ರತ್ಯೇಕವಾಗಿ ಕಾಣಬಹುದು.,Kannada,Kannada script,Phishing,Social Media / Account Takeover,,Generic numeric sender,Synthetic,Generated for PhishDetect India research dataset,Strategy: threat; no real personal identifiers.
KAN-P-0298,"ನಿಮ್ಮ social profileಗೆ ಹೊಸ device ಮೂಲಕ access ದಾಖಲಾಗಿದೆ. Security team ಹೆಸರಿನಲ್ಲಿ ತಕ್ಷಣ ಪ್ರತಿಕ್ರಿಯಿಸಲು ಸೂಚಿಸಲಾಗಿದೆ. ಯಾವುದೇ payment ಅಥವಾ identity action ಮಾಡುವ ಮೊದಲು ಅಧಿಕೃತ ಮಾಹಿತಿಯನ್ನು ಹೋಲಿಸಿ ನೋಡಿ. ಸಂಬಂಧಿತ service history ನಿಮ್ಮ official app ಅಥವಾ portalನಲ್ಲಿ ಪ್ರತ್ಯೇಕವಾಗಿ ಕಾಣಬಹುದು. ಸಂದೇಶದಲ್ಲಿರುವ ಸಮಯ, ಮೊತ್ತ ಮತ್ತು reference ವಿವರಗಳು service recordನಲ್ಲಿ ಕಾಣಿಸಬಹುದು.",Kannada,Kannada script,Phishing,Social Media / Account Takeover,,Short code,Synthetic,Generated for PhishDetect India research dataset,Strategy: social engineering; no real personal identifiers.
KAN-P-0299,"ನಿಮ್ಮ account security settingsನಲ್ಲಿ ಬದಲಾವಣೆ ದಾಖಲಾಗಿದೆ. ಸೂಚಿಸಿದ page ತೆರೆಯಿ ಮತ್ತು ಕೇಳಲಾದ ಮಾಹಿತಿಯನ್ನು ನಮೂದಿಸಿ. ಉಲ್ಲೇಖ: [REF_ID]. ಸಂಬಂಧಿತ service history ನಿಮ್ಮ official app ಅಥವಾ portalನಲ್ಲಿ ಪ್ರತ್ಯೇಕವಾಗಿ ಕಾಣಬಹುದು. ಸಂದೇಶದಲ್ಲಿರುವ ಸಮಯ, ಮೊತ್ತ ಮತ್ತು reference ವಿವರಗಳು service recordನಲ್ಲಿ ಕಾಣಿಸಬಹುದು. ನಿಮ್ಮ ಸಾಮಾನ್ಯ transaction record ಜೊತೆ ಈ ಸೂಚನೆಯನ್ನು ಪರಿಶೀಲಿಸುವುದು ಉಪಯುಕ್ತ.",Kannada,Kannada script,Phishing,Social Media / Account Takeover,,Unknown sender,Synthetic,Generated for PhishDetect India research dataset,Strategy: job lure; no real personal identifiers.
KAN-P-0300,"ಹೊಸ login session ನಿಮ್ಮ profileಗೆ ಸಂಬಂಧಿಸಿದೆ. ಸ್ಥಿತಿಯನ್ನು ಪರಿಶೀಲಿಸಿ ಮುಂದುವರಿಯಲು link ಬಳಸಿ ಎಂದು ಸೂಚಿಸಲಾಗಿದೆ. ಕೇಳಲಾದ ಮೊತ್ತ ₹1240. hxxp://secure-check.example/verify ಸಂದೇಶದಲ್ಲಿರುವ ಸಮಯ, ಮೊತ್ತ ಮತ್ತು reference ವಿವರಗಳು service recordನಲ್ಲಿ ಕಾಣಿಸಬಹುದು. ನಿಮ್ಮ ಸಾಮಾನ್ಯ transaction record ಜೊತೆ ಈ ಸೂಚನೆಯನ್ನು ಪರಿಶೀಲಿಸುವುದು ಉಪಯುಕ್ತ. Account ಸಂಬಂಧಿತ ವಿನಂತಿಗಳಿಗೆ ಈಗಾಗಲೇ ತಿಳಿದಿರುವ ಅಧಿಕೃತ contact channel ಮಾತ್ರ ಬಳಸಿ.",Kannada,Kannada script,Phishing,Social Media / Account Takeover,hxxp://secure-check.example/verify,Bank-like sender ID,Synthetic,Generated for PhishDetect India research dataset,Strategy: delivery lure; no real personal identifiers.
KAN-L-0301,ನವೀಕರಣ: ನಿಮ್ಮ bank profile update request ದಾಖಲಾಗಿದೆ. Reference [REF_ID]. https://portal.example/status ನಿಮ್ಮ ಸಾಮಾನ್ಯ transaction record ಜೊತೆ ಈ ಸೂಚನೆಯನ್ನು ಪರಿಶೀಲಿಸುವುದು ಉಪಯುಕ್ತ. Account ಸಂಬಂಧಿತ ವಿನಂತಿಗಳಿಗೆ ಈಗಾಗಲೇ ತಿಳಿದಿರುವ ಅಧಿಕೃತ contact channel ಮಾತ್ರ ಬಳಸಿ. ಯಾವುದೇ ಸಮಸ್ಯೆಯಿದ್ದರೆ service providerನ ಅಧಿಕೃತ support option ಬಳಸಿ. ಸೇವೆಯ ಸ್ಥಿತಿಯನ್ನು ನಂತರ ಅಧಿಕೃತ portalನಲ್ಲಿ ಮತ್ತೆ ಪರಿಶೀಲಿಸಬಹುದು.,Kannada,Kannada + English code-switching,Legitimate,Banking / KYC,https://portal.example/status,Unknown sender,Synthetic,Generated for PhishDetect India research dataset,Hard-negative/transactional example; no real personal identifiers.
KAN-L-0302,ಈ ತಿಂಗಳ account statement ಅಧಿಕೃತ banking appನಲ್ಲಿ ಲಭ್ಯವಿದೆ. https://service.example/receipt Account ಸಂಬಂಧಿತ ವಿನಂತಿಗಳಿಗೆ ಈಗಾಗಲೇ ತಿಳಿದಿರುವ ಅಧಿಕೃತ contact channel ಮಾತ್ರ ಬಳಸಿ. ಯಾವುದೇ ಸಮಸ್ಯೆಯಿದ್ದರೆ service providerನ ಅಧಿಕೃತ support option ಬಳಸಿ. ಸೇವೆಯ ಸ್ಥಿತಿಯನ್ನು ನಂತರ ಅಧಿಕೃತ portalನಲ್ಲಿ ಮತ್ತೆ ಪರಿಶೀಲಿಸಬಹುದು. ಈ ಮಾಹಿತಿಯಲ್ಲಿರುವ ಸೇವಾ ವಿವರಗಳನ್ನು ನಿಮ್ಮ ಅಧಿಕೃತ accountನಲ್ಲಿ ಪರಿಶೀಲಿಸಬಹುದು.,Kannada,Kannada script,Legitimate,Banking / KYC,https://service.example/receipt,Bank-like sender ID,Synthetic,Generated for PhishDetect India research dataset,Hard-negative/transactional example; no real personal identifiers.
KAN-L-0303,ನಿಮ್ಮ address change request ಸ್ವೀಕರಿಸಲಾಗಿದೆ ಮತ್ತು ಪರಿಶೀಲನೆಯಲ್ಲಿದೆ.,Kannada,Kannada script,Legitimate,Banking / KYC,,Telecom-like sender ID,Synthetic,Generated for PhishDetect India research dataset,Hard-negative/transactional example; no real personal identifiers.
KAN-L-0304,ಹೊಸ cheque bookಗಾಗಿ request ಯಶಸ್ವಿಯಾಗಿ ದಾಖಲಾಗಿದೆ.,Kannada,Kannada script,Legitimate,Banking / KYC,,Courier-like sender ID,Synthetic,Generated for PhishDetect India research dataset,Hard-negative/transactional example; no real personal identifiers.
KAN-L-0305,ನಿಮ್ಮ nominee update request ಸ್ವೀಕರಿಸಲಾಗಿದೆ.,Kannada,Kannada script,Legitimate,Banking / KYC,,Government-service-like sender ID,Synthetic,Generated for PhishDetect India research dataset,Hard-negative/transactional example; no real personal identifiers.
KAN-L-0306,Bank branch appointment [DATE] ರಂದು [TIME]ಕ್ಕೆ ನಿಗದಿಯಾಗಿದೆ.,Kannada,Kannada script,Legitimate,Banking / KYC,,Merchant-like sender ID,Synthetic,Generated for PhishDetect India research dataset,Hard-negative/transactional example; no real personal identifiers.
KAN-L-0307,ನವೀಕರಣ: Debit card delivery request ಸ್ವೀಕರಿಸಲಾಗಿದೆ.,Kannada,Kannada script,Legitimate,Banking / KYC,,Generic numeric sender,Synthetic,Generated for PhishDetect India research dataset,Hard-negative/transactional example; no real personal identifiers.
KAN-L-0308,ನಿಮ್ಮ bank service ticket [REF_ID] ಮುಚ್ಚಲಾಗಿದೆ.,Kannada,Kannada + English code-switching,Legitimate,Banking / KYC,,Short code,Synthetic,Generated for PhishDetect India research dataset,Hard-negative/transactional example; no real personal identifiers.
KAN-L-0309,ಖಾತೆ ಮಾಹಿತಿಯಲ್ಲಿ ಮಾಡಿದ update ಯಶಸ್ವಿಯಾಗಿ save ಆಗಿದೆ. ಧನ್ಯವಾದಗಳು. ನಿಮ್ಮ ಸಾಮಾನ್ಯ transaction record ಜೊತೆ ಈ ಸೂಚನೆಯನ್ನು ಪರಿಶೀಲಿಸುವುದು ಉಪಯುಕ್ತ. Account ಸಂಬಂಧಿತ ವಿನಂತಿಗಳಿಗೆ ಈಗಾಗಲೇ ತಿಳಿದಿರುವ ಅಧಿಕೃತ contact channel ಮಾತ್ರ ಬಳಸಿ. ಯಾವುದೇ ಸಮಸ್ಯೆಯಿದ್ದರೆ service providerನ ಅಧಿಕೃತ support option ಬಳಸಿ. ಸೇವೆಯ ಸ್ಥಿತಿಯನ್ನು ನಂತರ ಅಧಿಕೃತ portalನಲ್ಲಿ ಮತ್ತೆ ಪರಿಶೀಲಿಸಬಹುದು.,Kannada,Kannada script,Legitimate,Banking / KYC,,Unknown sender,Synthetic,Generated for PhishDetect India research dataset,Hard-negative/transactional example; no real personal identifiers.
KAN-L-0310,ನಿಮ್ಮ bank statement ಅಧಿಕೃತ channelನಲ್ಲಿ ಲಭ್ಯವಿದೆ. https://service.example/receipt,Kannada,Kannada script,Legitimate,Banking / KYC,https://service.example/receipt,Bank-like sender ID,Synthetic,Generated for PhishDetect India research dataset,Hard-negative/transactional example; no real personal identifiers.
KAN-L-0311,ನಿಮ್ಮ bank profile update request ದಾಖಲಾಗಿದೆ. Reference [REF_ID]. https://track.example/order ಯಾವುದೇ ಸಮಸ್ಯೆಯಿದ್ದರೆ service providerನ ಅಧಿಕೃತ support option ಬಳಸಿ. ಸೇವೆಯ ಸ್ಥಿತಿಯನ್ನು ನಂತರ ಅಧಿಕೃತ portalನಲ್ಲಿ ಮತ್ತೆ ಪರಿಶೀಲಿಸಬಹುದು. ಈ ಮಾಹಿತಿಯಲ್ಲಿರುವ ಸೇವಾ ವಿವರಗಳನ್ನು ನಿಮ್ಮ ಅಧಿಕೃತ accountನಲ್ಲಿ ಪರಿಶೀಲಿಸಬಹುದು. ಯಾವುದೇ payment ಅಥವಾ identity action ಮಾಡುವ ಮೊದಲು ಅಧಿಕೃತ ಮಾಹಿತಿಯನ್ನು ಹೋಲಿಸಿ ನೋಡಿ.,Kannada,Kannada script,Legitimate,Banking / KYC,https://track.example/order,Telecom-like sender ID,Synthetic,Generated for PhishDetect India research dataset,Hard-negative/transactional example; no real personal identifiers.
KAN-L-0312,ಸೇವಾ ಮಾಹಿತಿ: ಈ ತಿಂಗಳ account statement ಅಧಿಕೃತ banking appನಲ್ಲಿ ಲಭ್ಯವಿದೆ. https://official.example/app ಸೇವೆಯ ಸ್ಥಿತಿಯನ್ನು ನಂತರ ಅಧಿಕೃತ portalನಲ್ಲಿ ಮತ್ತೆ ಪರಿಶೀಲಿಸಬಹುದು. ಈ ಮಾಹಿತಿಯಲ್ಲಿರುವ ಸೇವಾ ವಿವರಗಳನ್ನು ನಿಮ್ಮ ಅಧಿಕೃತ accountನಲ್ಲಿ ಪರಿಶೀಲಿಸಬಹುದು. ಯಾವುದೇ payment ಅಥವಾ identity action ಮಾಡುವ ಮೊದಲು ಅಧಿಕೃತ ಮಾಹಿತಿಯನ್ನು ಹೋಲಿಸಿ ನೋಡಿ. ಸಂಬಂಧಿತ service history ನಿಮ್ಮ official app ಅಥವಾ portalನಲ್ಲಿ ಪ್ರತ್ಯೇಕವಾಗಿ ಕಾಣಬಹುದು.,Kannada,Kannada script,Legitimate,Banking / KYC,https://official.example/app,Courier-like sender ID,Synthetic,Generated for PhishDetect India research dataset,Hard-negative/transactional example; no real personal identifiers.
KAN-L-0313,"ನವೀಕರಣ: ನಿಮ್ಮ address change request ಸ್ವೀಕರಿಸಲಾಗಿದೆ ಮತ್ತು ಪರಿಶೀಲನೆಯಲ್ಲಿದೆ. ಈ ಮಾಹಿತಿಯಲ್ಲಿರುವ ಸೇವಾ ವಿವರಗಳನ್ನು ನಿಮ್ಮ ಅಧಿಕೃತ accountನಲ್ಲಿ ಪರಿಶೀಲಿಸಬಹುದು. ಯಾವುದೇ payment ಅಥವಾ identity action ಮಾಡುವ ಮೊದಲು ಅಧಿಕೃತ ಮಾಹಿತಿಯನ್ನು ಹೋಲಿಸಿ ನೋಡಿ. ಸಂಬಂಧಿತ service history ನಿಮ್ಮ official app ಅಥವಾ portalನಲ್ಲಿ ಪ್ರತ್ಯೇಕವಾಗಿ ಕಾಣಬಹುದು. ಸಂದೇಶದಲ್ಲಿರುವ ಸಮಯ, ಮೊತ್ತ ಮತ್ತು reference ವಿವರಗಳು service recordನಲ್ಲಿ ಕಾಣಿಸಬಹುದು.",Kannada,Kannada script,Legitimate,Banking / KYC,,Government-service-like sender ID,Synthetic,Generated for PhishDetect India research dataset,Hard-negative/transactional example; no real personal identifiers.
KAN-L-0314,"ಹೊಸ cheque bookಗಾಗಿ request ಯಶಸ್ವಿಯಾಗಿ ದಾಖಲಾಗಿದೆ. ಈ ಸೂಚನೆ ನಿಮ್ಮ ಸೇವಾ ವಿನಂತಿಗೆ ಸಂಬಂಧಿಸಿದೆ. ಯಾವುದೇ payment ಅಥವಾ identity action ಮಾಡುವ ಮೊದಲು ಅಧಿಕೃತ ಮಾಹಿತಿಯನ್ನು ಹೋಲಿಸಿ ನೋಡಿ. ಸಂಬಂಧಿತ service history ನಿಮ್ಮ official app ಅಥವಾ portalನಲ್ಲಿ ಪ್ರತ್ಯೇಕವಾಗಿ ಕಾಣಬಹುದು. ಸಂದೇಶದಲ್ಲಿರುವ ಸಮಯ, ಮೊತ್ತ ಮತ್ತು reference ವಿವರಗಳು service recordನಲ್ಲಿ ಕಾಣಿಸಬಹುದು.",Kannada,Kannada script,Legitimate,Banking / KYC,,Merchant-like sender ID,Synthetic,Generated for PhishDetect India research dataset,Hard-negative/transactional example; no real personal identifiers.
KAN-L-0315,"ನಿಮ್ಮ nominee update request ಸ್ವೀಕರಿಸಲಾಗಿದೆ. ಅಧಿಕೃತ accountನಲ್ಲಿ status ಕೂಡ ಕಾಣಬಹುದು. ಸಂಬಂಧಿತ service history ನಿಮ್ಮ official app ಅಥವಾ portalನಲ್ಲಿ ಪ್ರತ್ಯೇಕವಾಗಿ ಕಾಣಬಹುದು. ಸಂದೇಶದಲ್ಲಿರುವ ಸಮಯ, ಮೊತ್ತ ಮತ್ತು reference ವಿವರಗಳು service recordನಲ್ಲಿ ಕಾಣಿಸಬಹುದು. ನಿಮ್ಮ ಸಾಮಾನ್ಯ transaction record ಜೊತೆ ಈ ಸೂಚನೆಯನ್ನು ಪರಿಶೀಲಿಸುವುದು ಉಪಯುಕ್ತ. Account ಸಂಬಂಧಿತ ವಿನಂತಿಗಳಿಗೆ ಈಗಾಗಲೇ ತಿಳಿದಿರುವ ಅಧಿಕೃತ contact channel ಮಾತ್ರ ಬಳಸಿ.",Kannada,Kannada + English code-switching,Legitimate,Banking / KYC,,Generic numeric sender,Synthetic,Generated for PhishDetect India research dataset,Hard-negative/transactional example; no real personal identifiers.
KAN-L-0316,"Bank branch appointment [DATE] ರಂದು [TIME]ಕ್ಕೆ ನಿಗದಿಯಾಗಿದೆ. Reference number ಅನ್ನು ಸುರಕ್ಷಿತವಾಗಿ ಇಡಿ. ಸಂದೇಶದಲ್ಲಿರುವ ಸಮಯ, ಮೊತ್ತ ಮತ್ತು reference ವಿವರಗಳು service recordನಲ್ಲಿ ಕಾಣಿಸಬಹುದು. ನಿಮ್ಮ ಸಾಮಾನ್ಯ transaction record ಜೊತೆ ಈ ಸೂಚನೆಯನ್ನು ಪರಿಶೀಲಿಸುವುದು ಉಪಯುಕ್ತ. Account ಸಂಬಂಧಿತ ವಿನಂತಿಗಳಿಗೆ ಈಗಾಗಲೇ ತಿಳಿದಿರುವ ಅಧಿಕೃತ contact channel ಮಾತ್ರ ಬಳಸಿ.",Kannada,Kannada script,Legitimate,Banking / KYC,,Short code,Synthetic,Generated for PhishDetect India research dataset,Hard-negative/transactional example; no real personal identifiers.
KAN-L-0317,Debit card delivery request ಸ್ವೀಕರಿಸಲಾಗಿದೆ. ಧನ್ಯವಾದಗಳು.,Kannada,Kannada script,Legitimate,Banking / KYC,,Unknown sender,Synthetic,Generated for PhishDetect India research dataset,Hard-negative/transactional example; no real personal identifiers.
KAN-L-0318,ನಿಮ್ಮ bank service ticket [REF_ID] ಮುಚ್ಚಲಾಗಿದೆ. Status ಪರಿಶೀಲಿಸಲು ಅಧಿಕೃತ channel ಬಳಸಿ. Account ಸಂಬಂಧಿತ ವಿನಂತಿಗಳಿಗೆ ಈಗಾಗಲೇ ತಿಳಿದಿರುವ ಅಧಿಕೃತ contact channel ಮಾತ್ರ ಬಳಸಿ. ಯಾವುದೇ ಸಮಸ್ಯೆಯಿದ್ದರೆ service providerನ ಅಧಿಕೃತ support option ಬಳಸಿ. ಸೇವೆಯ ಸ್ಥಿತಿಯನ್ನು ನಂತರ ಅಧಿಕೃತ portalನಲ್ಲಿ ಮತ್ತೆ ಪರಿಶೀಲಿಸಬಹುದು. ಈ ಮಾಹಿತಿಯಲ್ಲಿರುವ ಸೇವಾ ವಿವರಗಳನ್ನು ನಿಮ್ಮ ಅಧಿಕೃತ accountನಲ್ಲಿ ಪರಿಶೀಲಿಸಬಹುದು.,Kannada,Kannada script,Legitimate,Banking / KYC,,Bank-like sender ID,Synthetic,Generated for PhishDetect India research dataset,Hard-negative/transactional example; no real personal identifiers.
KAN-L-0319,ನವೀಕರಣ: ಖಾತೆ ಮಾಹಿತಿಯಲ್ಲಿ ಮಾಡಿದ update ಯಶಸ್ವಿಯಾಗಿ save ಆಗಿದೆ. ಯಾವುದೇ ಸಮಸ್ಯೆಯಿದ್ದರೆ service providerನ ಅಧಿಕೃತ support option ಬಳಸಿ. ಸೇವೆಯ ಸ್ಥಿತಿಯನ್ನು ನಂತರ ಅಧಿಕೃತ portalನಲ್ಲಿ ಮತ್ತೆ ಪರಿಶೀಲಿಸಬಹುದು. ಈ ಮಾಹಿತಿಯಲ್ಲಿರುವ ಸೇವಾ ವಿವರಗಳನ್ನು ನಿಮ್ಮ ಅಧಿಕೃತ accountನಲ್ಲಿ ಪರಿಶೀಲಿಸಬಹುದು. ಯಾವುದೇ payment ಅಥವಾ identity action ಮಾಡುವ ಮೊದಲು ಅಧಿಕೃತ ಮಾಹಿತಿಯನ್ನು ಹೋಲಿಸಿ ನೋಡಿ.,Kannada,Kannada script,Legitimate,Banking / KYC,,Telecom-like sender ID,Synthetic,Generated for PhishDetect India research dataset,Hard-negative/transactional example; no real personal identifiers.
KAN-L-0320,ನಿಮ್ಮ bank statement ಅಧಿಕೃತ channelನಲ್ಲಿ ಲಭ್ಯವಿದೆ. https://official.example/app,Kannada,Kannada script,Legitimate,Banking / KYC,https://official.example/app,Courier-like sender ID,Synthetic,Generated for PhishDetect India research dataset,Hard-negative/transactional example; no real personal identifiers.
KAN-L-0321,"ನಿಮ್ಮ bank profile update request ದಾಖಲಾಗಿದೆ. Reference [REF_ID]. https://portal.example/status ಈ ಮಾಹಿತಿಯಲ್ಲಿರುವ ಸೇವಾ ವಿವರಗಳನ್ನು ನಿಮ್ಮ ಅಧಿಕೃತ accountನಲ್ಲಿ ಪರಿಶೀಲಿಸಬಹುದು. ಯಾವುದೇ payment ಅಥವಾ identity action ಮಾಡುವ ಮೊದಲು ಅಧಿಕೃತ ಮಾಹಿತಿಯನ್ನು ಹೋಲಿಸಿ ನೋಡಿ. ಸಂಬಂಧಿತ service history ನಿಮ್ಮ official app ಅಥವಾ portalನಲ್ಲಿ ಪ್ರತ್ಯೇಕವಾಗಿ ಕಾಣಬಹುದು. ಸಂದೇಶದಲ್ಲಿರುವ ಸಮಯ, ಮೊತ್ತ ಮತ್ತು reference ವಿವರಗಳು service recordನಲ್ಲಿ ಕಾಣಿಸಬಹುದು.",Kannada,Kannada script,Legitimate,Banking / KYC,https://portal.example/status,Government-service-like sender ID,Synthetic,Generated for PhishDetect India research dataset,Hard-negative/transactional example; no real personal identifiers.
KAN-L-0322,"ಈ ತಿಂಗಳ account statement ಅಧಿಕೃತ banking appನಲ್ಲಿ ಲಭ್ಯವಿದೆ. https://service.example/receipt ಈ ಸೂಚನೆ ನಿಮ್ಮ ಸೇವಾ ವಿನಂತಿಗೆ ಸಂಬಂಧಿಸಿದೆ. ಯಾವುದೇ payment ಅಥವಾ identity action ಮಾಡುವ ಮೊದಲು ಅಧಿಕೃತ ಮಾಹಿತಿಯನ್ನು ಹೋಲಿಸಿ ನೋಡಿ. ಸಂಬಂಧಿತ service history ನಿಮ್ಮ official app ಅಥವಾ portalನಲ್ಲಿ ಪ್ರತ್ಯೇಕವಾಗಿ ಕಾಣಬಹುದು. ಸಂದೇಶದಲ್ಲಿರುವ ಸಮಯ, ಮೊತ್ತ ಮತ್ತು reference ವಿವರಗಳು service recordನಲ್ಲಿ ಕಾಣಿಸಬಹುದು.",Kannada,Kannada + English code-switching,Legitimate,Banking / KYC,https://service.example/receipt,Merchant-like sender ID,Synthetic,Generated for PhishDetect India research dataset,Hard-negative/transactional example; no real personal identifiers.
KAN-L-0323,"ಸೇವಾ ಮಾಹಿತಿ: ನಿಮ್ಮ address change request ಸ್ವೀಕರಿಸಲಾಗಿದೆ ಮತ್ತು ಪರಿಶೀಲನೆಯಲ್ಲಿದೆ. ಸಂಬಂಧಿತ service history ನಿಮ್ಮ official app ಅಥವಾ portalನಲ್ಲಿ ಪ್ರತ್ಯೇಕವಾಗಿ ಕಾಣಬಹುದು. ಸಂದೇಶದಲ್ಲಿರುವ ಸಮಯ, ಮೊತ್ತ ಮತ್ತು reference ವಿವರಗಳು service recordನಲ್ಲಿ ಕಾಣಿಸಬಹುದು. ನಿಮ್ಮ ಸಾಮಾನ್ಯ transaction record ಜೊತೆ ಈ ಸೂಚನೆಯನ್ನು ಪರಿಶೀಲಿಸುವುದು ಉಪಯುಕ್ತ. Account ಸಂಬಂಧಿತ ವಿನಂತಿಗಳಿಗೆ ಈಗಾಗಲೇ ತಿಳಿದಿರುವ ಅಧಿಕೃತ contact channel ಮಾತ್ರ ಬಳಸಿ.",Kannada,Kannada script,Legitimate,Banking / KYC,,Generic numeric sender,Synthetic,Generated for PhishDetect India research dataset,Hard-negative/transactional example; no real personal identifiers.
KAN-L-0324,"ಹೊಸ cheque bookಗಾಗಿ request ಯಶಸ್ವಿಯಾಗಿ ದಾಖಲಾಗಿದೆ. Reference number ಅನ್ನು ಸುರಕ್ಷಿತವಾಗಿ ಇಡಿ. ಸಂದೇಶದಲ್ಲಿರುವ ಸಮಯ, ಮೊತ್ತ ಮತ್ತು reference ವಿವರಗಳು service recordನಲ್ಲಿ ಕಾಣಿಸಬಹುದು. ನಿಮ್ಮ ಸಾಮಾನ್ಯ transaction record ಜೊತೆ ಈ ಸೂಚನೆಯನ್ನು ಪರಿಶೀಲಿಸುವುದು ಉಪಯುಕ್ತ. Account ಸಂಬಂಧಿತ ವಿನಂತಿಗಳಿಗೆ ಈಗಾಗಲೇ ತಿಳಿದಿರುವ ಅಧಿಕೃತ contact channel ಮಾತ್ರ ಬಳಸಿ. ಯಾವುದೇ ಸಮಸ್ಯೆಯಿದ್ದರೆ service providerನ ಅಧಿಕೃತ support option ಬಳಸಿ.",Kannada,Kannada script,Legitimate,Banking / KYC,,Short code,Synthetic,Generated for PhishDetect India research dataset,Hard-negative/transactional example; no real personal identifiers.
KAN-L-0325,ನವೀಕರಣ: Nimma nominee update request ಸ್ವೀಕರಿಸಲಾಗಿದೆ.,Kannada,Romanized Kannada (small minority),Legitimate,Banking / KYC,,Unknown sender,Synthetic,Generated for PhishDetect India research dataset,Hard-negative/transactional example; no real personal identifiers.
KAN-L-0326,Bank branch appointment [DATE] ರಂದು [TIME]ಕ್ಕೆ ನಿಗದಿಯಾಗಿದೆ. Status ಪರಿಶೀಲಿಸಲು ಅಧಿಕೃತ channel ಬಳಸಿ. Account ಸಂಬಂಧಿತ ವಿನಂತಿಗಳಿಗೆ ಈಗಾಗಲೇ ತಿಳಿದಿರುವ ಅಧಿಕೃತ contact channel ಮಾತ್ರ ಬಳಸಿ. ಯಾವುದೇ ಸಮಸ್ಯೆಯಿದ್ದರೆ service providerನ ಅಧಿಕೃತ support option ಬಳಸಿ. ಸೇವೆಯ ಸ್ಥಿತಿಯನ್ನು ನಂತರ ಅಧಿಕೃತ portalನಲ್ಲಿ ಮತ್ತೆ ಪರಿಶೀಲಿಸಬಹುದು. ಈ ಮಾಹಿತಿಯಲ್ಲಿರುವ ಸೇವಾ ವಿವರಗಳನ್ನು ನಿಮ್ಮ ಅಧಿಕೃತ accountನಲ್ಲಿ ಪರಿಶೀಲಿಸಬಹುದು.,Kannada,Kannada script,Legitimate,Banking / KYC,,Bank-like sender ID,Synthetic,Generated for PhishDetect India research dataset,Hard-negative/transactional example; no real personal identifiers.
KAN-L-0327,Debit card delivery request ಸ್ವೀಕರಿಸಲಾಗಿದೆ.,Kannada,Kannada script,Legitimate,Banking / KYC,,Telecom-like sender ID,Synthetic,Generated for PhishDetect India research dataset,Hard-negative/transactional example; no real personal identifiers.
KAN-L-0328,ನಿಮ್ಮ bank service ticket [REF_ID] ಮುಚ್ಚಲಾಗಿದೆ. ಈ ಮಾಹಿತಿಯನ್ನು ದಾಖಲಿಗಾಗಿ ಉಳಿಸಬಹುದು. ಸೇವೆಯ ಸ್ಥಿತಿಯನ್ನು ನಂತರ ಅಧಿಕೃತ portalನಲ್ಲಿ ಮತ್ತೆ ಪರಿಶೀಲಿಸಬಹುದು. ಈ ಮಾಹಿತಿಯಲ್ಲಿರುವ ಸೇವಾ ವಿವರಗಳನ್ನು ನಿಮ್ಮ ಅಧಿಕೃತ accountನಲ್ಲಿ ಪರಿಶೀಲಿಸಬಹುದು. ಯಾವುದೇ payment ಅಥವಾ identity action ಮಾಡುವ ಮೊದಲು ಅಧಿಕೃತ ಮಾಹಿತಿಯನ್ನು ಹೋಲಿಸಿ ನೋಡಿ. ಸಂಬಂಧಿತ service history ನಿಮ್ಮ official app ಅಥವಾ portalನಲ್ಲಿ ಪ್ರತ್ಯೇಕವಾಗಿ ಕಾಣಬಹುದು.,Kannada,Kannada script,Legitimate,Banking / KYC,,Courier-like sender ID,Synthetic,Generated for PhishDetect India research dataset,Hard-negative/transactional example; no real personal identifiers.
KAN-L-0329,ಖಾತೆ ಮಾಹಿತಿಯಲ್ಲಿ ಮಾಡಿದ update ಯಶಸ್ವಿಯಾಗಿ save ಆಗಿದೆ.,Kannada,Kannada + English code-switching,Legitimate,Banking / KYC,,Government-service-like sender ID,Synthetic,Generated for PhishDetect India research dataset,Hard-negative/transactional example; no real personal identifiers.
KAN-L-0330,"ನಿಮ್ಮ bank statement ಅಧಿಕೃತ channelನಲ್ಲಿ ಲಭ್ಯವಿದೆ. https://service.example/receipt ಈ ಸೂಚನೆ ನಿಮ್ಮ ಸೇವಾ ವಿನಂತಿಗೆ ಸಂಬಂಧಿಸಿದೆ. ಯಾವುದೇ payment ಅಥವಾ identity action ಮಾಡುವ ಮೊದಲು ಅಧಿಕೃತ ಮಾಹಿತಿಯನ್ನು ಹೋಲಿಸಿ ನೋಡಿ. ಸಂಬಂಧಿತ service history ನಿಮ್ಮ official app ಅಥವಾ portalನಲ್ಲಿ ಪ್ರತ್ಯೇಕವಾಗಿ ಕಾಣಬಹುದು. ಸಂದೇಶದಲ್ಲಿರುವ ಸಮಯ, ಮೊತ್ತ ಮತ್ತು reference ವಿವರಗಳು service recordನಲ್ಲಿ ಕಾಣಿಸಬಹುದು.",Kannada,Kannada script,Legitimate,Banking / KYC,https://service.example/receipt,Merchant-like sender ID,Synthetic,Generated for PhishDetect India research dataset,Hard-negative/transactional example; no real personal identifiers.
KAN-L-0331,"ನವೀಕರಣ: ನಿಮ್ಮ bank profile update request ದಾಖಲಾಗಿದೆ. Reference [REF_ID]. https://track.example/order ಸಂಬಂಧಿತ service history ನಿಮ್ಮ official app ಅಥವಾ portalನಲ್ಲಿ ಪ್ರತ್ಯೇಕವಾಗಿ ಕಾಣಬಹುದು. ಸಂದೇಶದಲ್ಲಿರುವ ಸಮಯ, ಮೊತ್ತ ಮತ್ತು reference ವಿವರಗಳು service recordನಲ್ಲಿ ಕಾಣಿಸಬಹುದು. ನಿಮ್ಮ ಸಾಮಾನ್ಯ transaction record ಜೊತೆ ಈ ಸೂಚನೆಯನ್ನು ಪರಿಶೀಲಿಸುವುದು ಉಪಯುಕ್ತ. Account ಸಂಬಂಧಿತ ವಿನಂತಿಗಳಿಗೆ ಈಗಾಗಲೇ ತಿಳಿದಿರುವ ಅಧಿಕೃತ contact channel ಮಾತ್ರ ಬಳಸಿ.",Kannada,Kannada script,Legitimate,Banking / KYC,https://track.example/order,Generic numeric sender,Synthetic,Generated for PhishDetect India research dataset,Hard-negative/transactional example; no real personal identifiers.
KAN-L-0332,"ಈ ತಿಂಗಳ account statement ಅಧಿಕೃತ banking appನಲ್ಲಿ ಲಭ್ಯವಿದೆ. https://official.example/app ಸಂದೇಶದಲ್ಲಿರುವ ಸಮಯ, ಮೊತ್ತ ಮತ್ತು reference ವಿವರಗಳು service recordನಲ್ಲಿ ಕಾಣಿಸಬಹುದು. ನಿಮ್ಮ ಸಾಮಾನ್ಯ transaction record ಜೊತೆ ಈ ಸೂಚನೆಯನ್ನು ಪರಿಶೀಲಿಸುವುದು ಉಪಯುಕ್ತ. Account ಸಂಬಂಧಿತ ವಿನಂತಿಗಳಿಗೆ ಈಗಾಗಲೇ ತಿಳಿದಿರುವ ಅಧಿಕೃತ contact channel ಮಾತ್ರ ಬಳಸಿ. ಯಾವುದೇ ಸಮಸ್ಯೆಯಿದ್ದರೆ service providerನ ಅಧಿಕೃತ support option ಬಳಸಿ.",Kannada,Kannada script,Legitimate,Banking / KYC,https://official.example/app,Short code,Synthetic,Generated for PhishDetect India research dataset,Hard-negative/transactional example; no real personal identifiers.
KAN-L-0333,ನಿಮ್ಮ address change request ಸ್ವೀಕರಿಸಲಾಗಿದೆ ಮತ್ತು ಪರಿಶೀಲನೆಯಲ್ಲಿದೆ. ಧನ್ಯವಾದಗಳು. ನಿಮ್ಮ ಸಾಮಾನ್ಯ transaction record ಜೊತೆ ಈ ಸೂಚನೆಯನ್ನು ಪರಿಶೀಲಿಸುವುದು ಉಪಯುಕ್ತ. Account ಸಂಬಂಧಿತ ವಿನಂತಿಗಳಿಗೆ ಈಗಾಗಲೇ ತಿಳಿದಿರುವ ಅಧಿಕೃತ contact channel ಮಾತ್ರ ಬಳಸಿ. ಯಾವುದೇ ಸಮಸ್ಯೆಯಿದ್ದರೆ service providerನ ಅಧಿಕೃತ support option ಬಳಸಿ. ಸೇವೆಯ ಸ್ಥಿತಿಯನ್ನು ನಂತರ ಅಧಿಕೃತ portalನಲ್ಲಿ ಮತ್ತೆ ಪರಿಶೀಲಿಸಬಹುದು.,Kannada,Kannada script,Legitimate,Banking / KYC,,Unknown sender,Synthetic,Generated for PhishDetect India research dataset,Hard-negative/transactional example; no real personal identifiers.
KAN-L-0334,ಸೇವಾ ಮಾಹಿತಿ: ಹೊಸ cheque bookಗಾಗಿ request ಯಶಸ್ವಿಯಾಗಿ ದಾಖಲಾಗಿದೆ. Account ಸಂಬಂಧಿತ ವಿನಂತಿಗಳಿಗೆ ಈಗಾಗಲೇ ತಿಳಿದಿರುವ ಅಧಿಕೃತ contact channel ಮಾತ್ರ ಬಳಸಿ. ಯಾವುದೇ ಸಮಸ್ಯೆಯಿದ್ದರೆ service providerನ ಅಧಿಕೃತ support option ಬಳಸಿ. ಸೇವೆಯ ಸ್ಥಿತಿಯನ್ನು ನಂತರ ಅಧಿಕೃತ portalನಲ್ಲಿ ಮತ್ತೆ ಪರಿಶೀಲಿಸಬಹುದು. ಈ ಮಾಹಿತಿಯಲ್ಲಿರುವ ಸೇವಾ ವಿವರಗಳನ್ನು ನಿಮ್ಮ ಅಧಿಕೃತ accountನಲ್ಲಿ ಪರಿಶೀಲಿಸಬಹುದು.,Kannada,Kannada script,Legitimate,Banking / KYC,,Bank-like sender ID,Synthetic,Generated for PhishDetect India research dataset,Hard-negative/transactional example; no real personal identifiers.
KAN-L-0335,ನಿಮ್ಮ nominee update request ಸ್ವೀಕರಿಸಲಾಗಿದೆ. Customer service ವಿವರಗಳು accountನಲ್ಲಿ ಲಭ್ಯವಿವೆ. ಯಾವುದೇ ಸಮಸ್ಯೆಯಿದ್ದರೆ service providerನ ಅಧಿಕೃತ support option ಬಳಸಿ. ಸೇವೆಯ ಸ್ಥಿತಿಯನ್ನು ನಂತರ ಅಧಿಕೃತ portalನಲ್ಲಿ ಮತ್ತೆ ಪರಿಶೀಲಿಸಬಹುದು. ಈ ಮಾಹಿತಿಯಲ್ಲಿರುವ ಸೇವಾ ವಿವರಗಳನ್ನು ನಿಮ್ಮ ಅಧಿಕೃತ accountನಲ್ಲಿ ಪರಿಶೀಲಿಸಬಹುದು. ಯಾವುದೇ payment ಅಥವಾ identity action ಮಾಡುವ ಮೊದಲು ಅಧಿಕೃತ ಮಾಹಿತಿಯನ್ನು ಹೋಲಿಸಿ ನೋಡಿ.,Kannada,Kannada script,Legitimate,Banking / KYC,,Telecom-like sender ID,Synthetic,Generated for PhishDetect India research dataset,Hard-negative/transactional example; no real personal identifiers.
KAN-L-0336,Bank branch appointment [DATE] ರಂದು [TIME]ಕ್ಕೆ ನಿಗದಿಯಾಗಿದೆ. ಈ ಮಾಹಿತಿಯನ್ನು ದಾಖಲಿಗಾಗಿ ಉಳಿಸಬಹುದು. ಸೇವೆಯ ಸ್ಥಿತಿಯನ್ನು ನಂತರ ಅಧಿಕೃತ portalನಲ್ಲಿ ಮತ್ತೆ ಪರಿಶೀಲಿಸಬಹುದು. ಈ ಮಾಹಿತಿಯಲ್ಲಿರುವ ಸೇವಾ ವಿವರಗಳನ್ನು ನಿಮ್ಮ ಅಧಿಕೃತ accountನಲ್ಲಿ ಪರಿಶೀಲಿಸಬಹುದು. ಯಾವುದೇ payment ಅಥವಾ identity action ಮಾಡುವ ಮೊದಲು ಅಧಿಕೃತ ಮಾಹಿತಿಯನ್ನು ಹೋಲಿಸಿ ನೋಡಿ. ಸಂಬಂಧಿತ service history ನಿಮ್ಮ official app ಅಥವಾ portalನಲ್ಲಿ ಪ್ರತ್ಯೇಕವಾಗಿ ಕಾಣಬಹುದು.,Kannada,Kannada + English code-switching,Legitimate,Banking / KYC,,Courier-like sender ID,Synthetic,Generated for PhishDetect India research dataset,Hard-negative/transactional example; no real personal identifiers.
KAN-L-0337,"ನವೀಕರಣ: ₹850 UPI payment XYZಗೆ ಯಶಸ್ವಿಯಾಗಿ ಪೂರ್ಣಗೊಂಡಿದೆ. Transaction [TXN_ID]. ಈ ಮಾಹಿತಿಯಲ್ಲಿರುವ ಸೇವಾ ವಿವರಗಳನ್ನು ನಿಮ್ಮ ಅಧಿಕೃತ accountನಲ್ಲಿ ಪರಿಶೀಲಿಸಬಹುದು. ಯಾವುದೇ payment ಅಥವಾ identity action ಮಾಡುವ ಮೊದಲು ಅಧಿಕೃತ ಮಾಹಿತಿಯನ್ನು ಹೋಲಿಸಿ ನೋಡಿ. ಸಂಬಂಧಿತ service history ನಿಮ್ಮ official app ಅಥವಾ portalನಲ್ಲಿ ಪ್ರತ್ಯೇಕವಾಗಿ ಕಾಣಬಹುದು. ಸಂದೇಶದಲ್ಲಿರುವ ಸಮಯ, ಮೊತ್ತ ಮತ್ತು reference ವಿವರಗಳು service recordನಲ್ಲಿ ಕಾಣಿಸಬಹುದು.",Kannada,Kannada script,Legitimate,UPI / Digital Payments,,Government-service-like sender ID,Synthetic,Generated for PhishDetect India research dataset,Hard-negative/transactional example; no real personal identifiers.
KAN-L-0338,"₹1,240 UPI ಮೊತ್ತ ನಿಮ್ಮ ಖಾತೆಗೆ ಸ್ವೀಕರಿಸಲಾಗಿದೆ.",Kannada,Kannada script,Legitimate,UPI / Digital Payments,,Merchant-like sender ID,Synthetic,Generated for PhishDetect India research dataset,Hard-negative/transactional example; no real personal identifiers.
KAN-L-0339,"UPI payment ಪೂರ್ಣವಾಗಲಿಲ್ಲ; debit ಆಗಿದ್ದರೆ bank ಪ್ರಕ್ರಿಯೆಯಂತೆ ಮರಳಿಸಲಾಗುತ್ತದೆ. ಸಂಬಂಧಿತ service history ನಿಮ್ಮ official app ಅಥವಾ portalನಲ್ಲಿ ಪ್ರತ್ಯೇಕವಾಗಿ ಕಾಣಬಹುದು. ಸಂದೇಶದಲ್ಲಿರುವ ಸಮಯ, ಮೊತ್ತ ಮತ್ತು reference ವಿವರಗಳು service recordನಲ್ಲಿ ಕಾಣಿಸಬಹುದು. ನಿಮ್ಮ ಸಾಮಾನ್ಯ transaction record ಜೊತೆ ಈ ಸೂಚನೆಯನ್ನು ಪರಿಶೀಲಿಸುವುದು ಉಪಯುಕ್ತ. Account ಸಂಬಂಧಿತ ವಿನಂತಿಗಳಿಗೆ ಈಗಾಗಲೇ ತಿಳಿದಿರುವ ಅಧಿಕೃತ contact channel ಮಾತ್ರ ಬಳಸಿ.",Kannada,Kannada script,Legitimate,UPI / Digital Payments,,Generic numeric sender,Synthetic,Generated for PhishDetect India research dataset,Hard-negative/transactional example; no real personal identifiers.
KAN-L-0340,"₹499 UPI refund ನಿಮ್ಮ ಖಾತೆಗೆ credit ಆಗಿದೆ. https://official.example/app ಸಂದೇಶದಲ್ಲಿರುವ ಸಮಯ, ಮೊತ್ತ ಮತ್ತು reference ವಿವರಗಳು service recordನಲ್ಲಿ ಕಾಣಿಸಬಹುದು. ನಿಮ್ಮ ಸಾಮಾನ್ಯ transaction record ಜೊತೆ ಈ ಸೂಚನೆಯನ್ನು ಪರಿಶೀಲಿಸುವುದು ಉಪಯುಕ್ತ. Account ಸಂಬಂಧಿತ ವಿನಂತಿಗಳಿಗೆ ಈಗಾಗಲೇ ತಿಳಿದಿರುವ ಅಧಿಕೃತ contact channel ಮಾತ್ರ ಬಳಸಿ. ಯಾವುದೇ ಸಮಸ್ಯೆಯಿದ್ದರೆ service providerನ ಅಧಿಕೃತ support option ಬಳಸಿ.",Kannada,Kannada script,Legitimate,UPI / Digital Payments,https://official.example/app,Short code,Synthetic,Generated for PhishDetect India research dataset,Hard-negative/transactional example; no real personal identifiers.
KAN-L-0341,UPI AutoPay ಮೂಲಕ ₹349 scheduled payment ಪೂರ್ಣಗೊಂಡಿದೆ. https://portal.example/status ನಿಮ್ಮ ಸಾಮಾನ್ಯ transaction record ಜೊತೆ ಈ ಸೂಚನೆಯನ್ನು ಪರಿಶೀಲಿಸುವುದು ಉಪಯುಕ್ತ. Account ಸಂಬಂಧಿತ ವಿನಂತಿಗಳಿಗೆ ಈಗಾಗಲೇ ತಿಳಿದಿರುವ ಅಧಿಕೃತ contact channel ಮಾತ್ರ ಬಳಸಿ. ಯಾವುದೇ ಸಮಸ್ಯೆಯಿದ್ದರೆ service providerನ ಅಧಿಕೃತ support option ಬಳಸಿ. ಸೇವೆಯ ಸ್ಥಿತಿಯನ್ನು ನಂತರ ಅಧಿಕೃತ portalನಲ್ಲಿ ಮತ್ತೆ ಪರಿಶೀಲಿಸಬಹುದು.,Kannada,Kannada script,Legitimate,UPI / Digital Payments,https://portal.example/status,Unknown sender,Synthetic,Generated for PhishDetect India research dataset,Hard-negative/transactional example; no real personal identifiers.
KAN-L-0342,ನಿಮ್ಮ UPI transaction [TXN_ID] ಯಶಸ್ವಿಯಾಗಿ ಪೂರ್ಣಗೊಂಡಿದೆ. https://service.example/receipt,Kannada,Kannada script,Legitimate,UPI / Digital Payments,https://service.example/receipt,Bank-like sender ID,Synthetic,Generated for PhishDetect India research dataset,Hard-negative/transactional example; no real personal identifiers.
KAN-L-0343,ನವೀಕರಣ: Mobile rechargeಗಾಗಿ ₹249 UPI payment ಯಶಸ್ವಿಯಾಗಿದೆ.,Kannada,Kannada + English code-switching,Legitimate,UPI / Digital Payments,,Telecom-like sender ID,Synthetic,Generated for PhishDetect India research dataset,Hard-negative/transactional example; no real personal identifiers.
KAN-L-0344,"Electricity bill ₹1,240 UPI ಮೂಲಕ ಪಾವತಿಸಲಾಗಿದೆ.",Kannada,Kannada script,Legitimate,UPI / Digital Payments,,Courier-like sender ID,Synthetic,Generated for PhishDetect India research dataset,Hard-negative/transactional example; no real personal identifiers.
KAN-L-0345,UPI payment receipt ಅಧಿಕೃತ appನಲ್ಲಿ ಲಭ್ಯವಿದೆ. ಧನ್ಯವಾದಗಳು.,Kannada,Kannada script,Legitimate,UPI / Digital Payments,,Government-service-like sender ID,Synthetic,Generated for PhishDetect India research dataset,Hard-negative/transactional example; no real personal identifiers.
KAN-L-0346,ಹೊಸ UPI beneficiary registration request ದಾಖಲಾಗಿದೆ.,Kannada,Kannada script,Legitimate,UPI / Digital Payments,,Merchant-like sender ID,Synthetic,Generated for PhishDetect India research dataset,Hard-negative/transactional example; no real personal identifiers.
KAN-L-0347,"₹850 UPI payment XYZಗೆ ಯಶಸ್ವಿಯಾಗಿ ಪೂರ್ಣಗೊಂಡಿದೆ. Transaction [TXN_ID]. ಸಂಬಂಧಿತ service history ನಿಮ್ಮ official app ಅಥವಾ portalನಲ್ಲಿ ಪ್ರತ್ಯೇಕವಾಗಿ ಕಾಣಬಹುದು. ಸಂದೇಶದಲ್ಲಿರುವ ಸಮಯ, ಮೊತ್ತ ಮತ್ತು reference ವಿವರಗಳು service recordನಲ್ಲಿ ಕಾಣಿಸಬಹುದು. ನಿಮ್ಮ ಸಾಮಾನ್ಯ transaction record ಜೊತೆ ಈ ಸೂಚನೆಯನ್ನು ಪರಿಶೀಲಿಸುವುದು ಉಪಯುಕ್ತ. Account ಸಂಬಂಧಿತ ವಿನಂತಿಗಳಿಗೆ ಈಗಾಗಲೇ ತಿಳಿದಿರುವ ಅಧಿಕೃತ contact channel ಮಾತ್ರ ಬಳಸಿ.",Kannada,Kannada script,Legitimate,UPI / Digital Payments,,Generic numeric sender,Synthetic,Generated for PhishDetect India research dataset,Hard-negative/transactional example; no real personal identifiers.
KAN-L-0348,"ಸೇವಾ ಮಾಹಿತಿ: ₹1,240 UPI ಮೊತ್ತ ನಿಮ್ಮ ಖಾತೆಗೆ ಸ್ವೀಕರಿಸಲಾಗಿದೆ. ಸಂದೇಶದಲ್ಲಿರುವ ಸಮಯ, ಮೊತ್ತ ಮತ್ತು reference ವಿವರಗಳು service recordನಲ್ಲಿ ಕಾಣಿಸಬಹುದು. ನಿಮ್ಮ ಸಾಮಾನ್ಯ transaction record ಜೊತೆ ಈ ಸೂಚನೆಯನ್ನು ಪರಿಶೀಲಿಸುವುದು ಉಪಯುಕ್ತ. Account ಸಂಬಂಧಿತ ವಿನಂತಿಗಳಿಗೆ ಈಗಾಗಲೇ ತಿಳಿದಿರುವ ಅಧಿಕೃತ contact channel ಮಾತ್ರ ಬಳಸಿ. ಯಾವುದೇ ಸಮಸ್ಯೆಯಿದ್ದರೆ service providerನ ಅಧಿಕೃತ support option ಬಳಸಿ.",Kannada,Kannada script,Legitimate,UPI / Digital Payments,,Short code,Synthetic,Generated for PhishDetect India research dataset,Hard-negative/transactional example; no real personal identifiers.
KAN-L-0349,ನವೀಕರಣ: UPI payment ಪೂರ್ಣವಾಗಲಿಲ್ಲ; debit ಆಗಿದ್ದರೆ bank ಪ್ರಕ್ರಿಯೆಯಂತೆ ಮರಳಿಸಲಾಗುತ್ತದೆ. ನಿಮ್ಮ ಸಾಮಾನ್ಯ transaction record ಜೊತೆ ಈ ಸೂಚನೆಯನ್ನು ಪರಿಶೀಲಿಸುವುದು ಉಪಯುಕ್ತ. Account ಸಂಬಂಧಿತ ವಿನಂತಿಗಳಿಗೆ ಈಗಾಗಲೇ ತಿಳಿದಿರುವ ಅಧಿಕೃತ contact channel ಮಾತ್ರ ಬಳಸಿ. ಯಾವುದೇ ಸಮಸ್ಯೆಯಿದ್ದರೆ service providerನ ಅಧಿಕೃತ support option ಬಳಸಿ. ಸೇವೆಯ ಸ್ಥಿತಿಯನ್ನು ನಂತರ ಅಧಿಕೃತ portalನಲ್ಲಿ ಮತ್ತೆ ಪರಿಶೀಲಿಸಬಹುದು.,Kannada,Kannada script,Legitimate,UPI / Digital Payments,,Unknown sender,Synthetic,Generated for PhishDetect India research dataset,Hard-negative/transactional example; no real personal identifiers.
KAN-L-0350,₹499 UPI refund ನಿಮ್ಮ ಖಾತೆಗೆ credit ಆಗಿದೆ. https://service.example/receipt Account ಸಂಬಂಧಿತ ವಿನಂತಿಗಳಿಗೆ ಈಗಾಗಲೇ ತಿಳಿದಿರುವ ಅಧಿಕೃತ contact channel ಮಾತ್ರ ಬಳಸಿ. ಯಾವುದೇ ಸಮಸ್ಯೆಯಿದ್ದರೆ service providerನ ಅಧಿಕೃತ support option ಬಳಸಿ. ಸೇವೆಯ ಸ್ಥಿತಿಯನ್ನು ನಂತರ ಅಧಿಕೃತ portalನಲ್ಲಿ ಮತ್ತೆ ಪರಿಶೀಲಿಸಬಹುದು. ಈ ಮಾಹಿತಿಯಲ್ಲಿರುವ ಸೇವಾ ವಿವರಗಳನ್ನು ನಿಮ್ಮ ಅಧಿಕೃತ accountನಲ್ಲಿ ಪರಿಶೀಲಿಸಬಹುದು.,Kannada,Kannada + English code-switching,Legitimate,UPI / Digital Payments,https://service.example/receipt,Bank-like sender ID,Synthetic,Generated for PhishDetect India research dataset,Hard-negative/transactional example; no real personal identifiers.
KAN-L-0351,UPI AutoPay ಮೂಲಕ ₹349 scheduled payment ಪೂರ್ಣಗೊಂಡಿದೆ. https://track.example/order ಯಾವುದೇ ಸಮಸ್ಯೆಯಿದ್ದರೆ service providerನ ಅಧಿಕೃತ support option ಬಳಸಿ. ಸೇವೆಯ ಸ್ಥಿತಿಯನ್ನು ನಂತರ ಅಧಿಕೃತ portalನಲ್ಲಿ ಮತ್ತೆ ಪರಿಶೀಲಿಸಬಹುದು. ಈ ಮಾಹಿತಿಯಲ್ಲಿರುವ ಸೇವಾ ವಿವರಗಳನ್ನು ನಿಮ್ಮ ಅಧಿಕೃತ accountನಲ್ಲಿ ಪರಿಶೀಲಿಸಬಹುದು. ಯಾವುದೇ payment ಅಥವಾ identity action ಮಾಡುವ ಮೊದಲು ಅಧಿಕೃತ ಮಾಹಿತಿಯನ್ನು ಹೋಲಿಸಿ ನೋಡಿ.,Kannada,Kannada script,Legitimate,UPI / Digital Payments,https://track.example/order,Telecom-like sender ID,Synthetic,Generated for PhishDetect India research dataset,Hard-negative/transactional example; no real personal identifiers.
KAN-L-0352,ನಿಮ್ಮ UPI transaction [TXN_ID] ಯಶಸ್ವಿಯಾಗಿ ಪೂರ್ಣಗೊಂಡಿದೆ. https://official.example/app,Kannada,Kannada script,Legitimate,UPI / Digital Payments,https://official.example/app,Courier-like sender ID,Synthetic,Generated for PhishDetect India research dataset,Hard-negative/transactional example; no real personal identifiers.
KAN-L-0353,Mobile rechargeಗಾಗಿ ₹249 UPI payment ಯಶಸ್ವಿಯಾಗಿದೆ. ಧನ್ಯವಾದಗಳು.,Kannada,Kannada script,Legitimate,UPI / Digital Payments,,Government-service-like sender ID,Synthetic,Generated for PhishDetect India research dataset,Hard-negative/transactional example; no real personal identifiers.
KAN-L-0354,"Electricity bill ₹1,240 UPI ಮೂಲಕ ಪಾವತಿಸಲಾಗಿದೆ. ಈ ಸೂಚನೆ ನಿಮ್ಮ ಸೇವಾ ವಿನಂತಿಗೆ ಸಂಬಂಧಿಸಿದೆ. ಯಾವುದೇ payment ಅಥವಾ identity action ಮಾಡುವ ಮೊದಲು ಅಧಿಕೃತ ಮಾಹಿತಿಯನ್ನು ಹೋಲಿಸಿ ನೋಡಿ. ಸಂಬಂಧಿತ service history ನಿಮ್ಮ official app ಅಥವಾ portalನಲ್ಲಿ ಪ್ರತ್ಯೇಕವಾಗಿ ಕಾಣಬಹುದು. ಸಂದೇಶದಲ್ಲಿರುವ ಸಮಯ, ಮೊತ್ತ ಮತ್ತು reference ವಿವರಗಳು service recordನಲ್ಲಿ ಕಾಣಿಸಬಹುದು.",Kannada,Kannada script,Legitimate,UPI / Digital Payments,,Merchant-like sender ID,Synthetic,Generated for PhishDetect India research dataset,Hard-negative/transactional example; no real personal identifiers.
KAN-L-0355,ನವೀಕರಣ: UPI payment receipt ಅಧಿಕೃತ appನಲ್ಲಿ ಲಭ್ಯವಿದೆ.,Kannada,Kannada script,Legitimate,UPI / Digital Payments,,Generic numeric sender,Synthetic,Generated for PhishDetect India research dataset,Hard-negative/transactional example; no real personal identifiers.
KAN-L-0356,"ಹೊಸ UPI beneficiary registration request ದಾಖಲಾಗಿದೆ. Reference number ಅನ್ನು ಸುರಕ್ಷಿತವಾಗಿ ಇಡಿ. ಸಂದೇಶದಲ್ಲಿರುವ ಸಮಯ, ಮೊತ್ತ ಮತ್ತು reference ವಿವರಗಳು service recordನಲ್ಲಿ ಕಾಣಿಸಬಹುದು. ನಿಮ್ಮ ಸಾಮಾನ್ಯ transaction record ಜೊತೆ ಈ ಸೂಚನೆಯನ್ನು ಪರಿಶೀಲಿಸುವುದು ಉಪಯುಕ್ತ. Account ಸಂಬಂಧಿತ ವಿನಂತಿಗಳಿಗೆ ಈಗಾಗಲೇ ತಿಳಿದಿರುವ ಅಧಿಕೃತ contact channel ಮಾತ್ರ ಬಳಸಿ. ಯಾವುದೇ ಸಮಸ್ಯೆಯಿದ್ದರೆ service providerನ ಅಧಿಕೃತ support option ಬಳಸಿ.",Kannada,Kannada script,Legitimate,UPI / Digital Payments,,Short code,Synthetic,Generated for PhishDetect India research dataset,Hard-negative/transactional example; no real personal identifiers.
KAN-L-0357,₹850 UPI payment XYZಗೆ ಯಶಸ್ವಿಯಾಗಿ ಪೂರ್ಣಗೊಂಡಿದೆ. Transaction [TXN_ID]. ಈ message ಸೇವಾ ಪ್ರಕ್ರಿಯೆಯ ಮಾಹಿತಿಗಾಗಿ. ನಿಮ್ಮ ಸಾಮಾನ್ಯ transaction record ಜೊತೆ ಈ ಸೂಚನೆಯನ್ನು ಪರಿಶೀಲಿಸುವುದು ಉಪಯುಕ್ತ. Account ಸಂಬಂಧಿತ ವಿನಂತಿಗಳಿಗೆ ಈಗಾಗಲೇ ತಿಳಿದಿರುವ ಅಧಿಕೃತ contact channel ಮಾತ್ರ ಬಳಸಿ. ಯಾವುದೇ ಸಮಸ್ಯೆಯಿದ್ದರೆ service providerನ ಅಧಿಕೃತ support option ಬಳಸಿ.,Kannada,Kannada + English code-switching,Legitimate,UPI / Digital Payments,,Unknown sender,Synthetic,Generated for PhishDetect India research dataset,Hard-negative/transactional example; no real personal identifiers.
KAN-L-0358,"₹1,240 UPI ಮೊತ್ತ ನಿಮ್ಮ ಖಾತೆಗೆ ಸ್ವೀಕರಿಸಲಾಗಿದೆ. Status ಪರಿಶೀಲಿಸಲು ಅಧಿಕೃತ channel ಬಳಸಿ. Account ಸಂಬಂಧಿತ ವಿನಂತಿಗಳಿಗೆ ಈಗಾಗಲೇ ತಿಳಿದಿರುವ ಅಧಿಕೃತ contact channel ಮಾತ್ರ ಬಳಸಿ. ಯಾವುದೇ ಸಮಸ್ಯೆಯಿದ್ದರೆ service providerನ ಅಧಿಕೃತ support option ಬಳಸಿ. ಸೇವೆಯ ಸ್ಥಿತಿಯನ್ನು ನಂತರ ಅಧಿಕೃತ portalನಲ್ಲಿ ಮತ್ತೆ ಪರಿಶೀಲಿಸಬಹುದು. ಈ ಮಾಹಿತಿಯಲ್ಲಿರುವ ಸೇವಾ ವಿವರಗಳನ್ನು ನಿಮ್ಮ ಅಧಿಕೃತ accountನಲ್ಲಿ ಪರಿಶೀಲಿಸಬಹುದು.",Kannada,Kannada script,Legitimate,UPI / Digital Payments,,Bank-like sender ID,Synthetic,Generated for PhishDetect India research dataset,Hard-negative/transactional example; no real personal identifiers.
KAN-L-0359,ಸೇವಾ ಮಾಹಿತಿ: UPI payment ಪೂರ್ಣವಾಗಲಿಲ್ಲ; debit ಆಗಿದ್ದರೆ bank ಪ್ರಕ್ರಿಯೆಯಂತೆ ಮರಳಿಸಲಾಗುತ್ತದೆ. ಯಾವುದೇ ಸಮಸ್ಯೆಯಿದ್ದರೆ service providerನ ಅಧಿಕೃತ support option ಬಳಸಿ. ಸೇವೆಯ ಸ್ಥಿತಿಯನ್ನು ನಂತರ ಅಧಿಕೃತ portalನಲ್ಲಿ ಮತ್ತೆ ಪರಿಶೀಲಿಸಬಹುದು. ಈ ಮಾಹಿತಿಯಲ್ಲಿರುವ ಸೇವಾ ವಿವರಗಳನ್ನು ನಿಮ್ಮ ಅಧಿಕೃತ accountನಲ್ಲಿ ಪರಿಶೀಲಿಸಬಹುದು. ಯಾವುದೇ payment ಅಥವಾ identity action ಮಾಡುವ ಮೊದಲು ಅಧಿಕೃತ ಮಾಹಿತಿಯನ್ನು ಹೋಲಿಸಿ ನೋಡಿ.,Kannada,Kannada script,Legitimate,UPI / Digital Payments,,Telecom-like sender ID,Synthetic,Generated for PhishDetect India research dataset,Hard-negative/transactional example; no real personal identifiers.
KAN-L-0360,₹499 UPI refund ನಿಮ್ಮ ಖಾತೆಗೆ credit ಆಗಿದೆ. https://official.example/app ಈ ಮಾಹಿತಿಯನ್ನು ದಾಖಲಿಗಾಗಿ ಉಳಿಸಬಹುದು. ಸೇವೆಯ ಸ್ಥಿತಿಯನ್ನು ನಂತರ ಅಧಿಕೃತ portalನಲ್ಲಿ ಮತ್ತೆ ಪರಿಶೀಲಿಸಬಹುದು. ಈ ಮಾಹಿತಿಯಲ್ಲಿರುವ ಸೇವಾ ವಿವರಗಳನ್ನು ನಿಮ್ಮ ಅಧಿಕೃತ accountನಲ್ಲಿ ಪರಿಶೀಲಿಸಬಹುದು. ಯಾವುದೇ payment ಅಥವಾ identity action ಮಾಡುವ ಮೊದಲು ಅಧಿಕೃತ ಮಾಹಿತಿಯನ್ನು ಹೋಲಿಸಿ ನೋಡಿ. ಸಂಬಂಧಿತ service history ನಿಮ್ಮ official app ಅಥವಾ portalನಲ್ಲಿ ಪ್ರತ್ಯೇಕವಾಗಿ ಕಾಣಬಹುದು.,Kannada,Kannada script,Legitimate,UPI / Digital Payments,https://official.example/app,Courier-like sender ID,Synthetic,Generated for PhishDetect India research dataset,Hard-negative/transactional example; no real personal identifiers.
KAN-L-0361,"ನವೀಕರಣ: UPI AutoPay ಮೂಲಕ ₹349 scheduled payment ಪೂರ್ಣಗೊಂಡಿದೆ. https://portal.example/status ಈ ಮಾಹಿತಿಯಲ್ಲಿರುವ ಸೇವಾ ವಿವರಗಳನ್ನು ನಿಮ್ಮ ಅಧಿಕೃತ accountನಲ್ಲಿ ಪರಿಶೀಲಿಸಬಹುದು. ಯಾವುದೇ payment ಅಥವಾ identity action ಮಾಡುವ ಮೊದಲು ಅಧಿಕೃತ ಮಾಹಿತಿಯನ್ನು ಹೋಲಿಸಿ ನೋಡಿ. ಸಂಬಂಧಿತ service history ನಿಮ್ಮ official app ಅಥವಾ portalನಲ್ಲಿ ಪ್ರತ್ಯೇಕವಾಗಿ ಕಾಣಬಹುದು. ಸಂದೇಶದಲ್ಲಿರುವ ಸಮಯ, ಮೊತ್ತ ಮತ್ತು reference ವಿವರಗಳು service recordನಲ್ಲಿ ಕಾಣಿಸಬಹುದು.",Kannada,Kannada script,Legitimate,UPI / Digital Payments,https://portal.example/status,Government-service-like sender ID,Synthetic,Generated for PhishDetect India research dataset,Hard-negative/transactional example; no real personal identifiers.
KAN-L-0362,"ನಿಮ್ಮ UPI transaction [TXN_ID] ಯಶಸ್ವಿಯಾಗಿ ಪೂರ್ಣಗೊಂಡಿದೆ. https://service.example/receipt ಈ ಸೂಚನೆ ನಿಮ್ಮ ಸೇವಾ ವಿನಂತಿಗೆ ಸಂಬಂಧಿಸಿದೆ. ಯಾವುದೇ payment ಅಥವಾ identity action ಮಾಡುವ ಮೊದಲು ಅಧಿಕೃತ ಮಾಹಿತಿಯನ್ನು ಹೋಲಿಸಿ ನೋಡಿ. ಸಂಬಂಧಿತ service history ನಿಮ್ಮ official app ಅಥವಾ portalನಲ್ಲಿ ಪ್ರತ್ಯೇಕವಾಗಿ ಕಾಣಬಹುದು. ಸಂದೇಶದಲ್ಲಿರುವ ಸಮಯ, ಮೊತ್ತ ಮತ್ತು reference ವಿವರಗಳು service recordನಲ್ಲಿ ಕಾಣಿಸಬಹುದು.",Kannada,Kannada script,Legitimate,UPI / Digital Payments,https://service.example/receipt,Merchant-like sender ID,Synthetic,Generated for PhishDetect India research dataset,Hard-negative/transactional example; no real personal identifiers.
KAN-L-0363,Mobile rechargeಗಾಗಿ ₹249 UPI payment ಯಶಸ್ವಿಯಾಗಿದೆ.,Kannada,Kannada script,Legitimate,UPI / Digital Payments,,Generic numeric sender,Synthetic,Generated for PhishDetect India research dataset,Hard-negative/transactional example; no real personal identifiers.
KAN-L-0364,"Electricity bill ₹1,240 UPI ಮೂಲಕ ಪಾವತಿಸಲಾಗಿದೆ. Reference number ಅನ್ನು ಸುರಕ್ಷಿತವಾಗಿ ಇಡಿ. ಸಂದೇಶದಲ್ಲಿರುವ ಸಮಯ, ಮೊತ್ತ ಮತ್ತು reference ವಿವರಗಳು service recordನಲ್ಲಿ ಕಾಣಿಸಬಹುದು. ನಿಮ್ಮ ಸಾಮಾನ್ಯ transaction record ಜೊತೆ ಈ ಸೂಚನೆಯನ್ನು ಪರಿಶೀಲಿಸುವುದು ಉಪಯುಕ್ತ. Account ಸಂಬಂಧಿತ ವಿನಂತಿಗಳಿಗೆ ಈಗಾಗಲೇ ತಿಳಿದಿರುವ ಅಧಿಕೃತ contact channel ಮಾತ್ರ ಬಳಸಿ. ಯಾವುದೇ ಸಮಸ್ಯೆಯಿದ್ದರೆ service providerನ ಅಧಿಕೃತ support option ಬಳಸಿ.",Kannada,Kannada + English code-switching,Legitimate,UPI / Digital Payments,,Short code,Synthetic,Generated for PhishDetect India research dataset,Hard-negative/transactional example; no real personal identifiers.
KAN-L-0365,UPI payment receipt ಅಧಿಕೃತ appನಲ್ಲಿ ಲಭ್ಯವಿದೆ.,Kannada,Kannada script,Legitimate,UPI / Digital Payments,,Unknown sender,Synthetic,Generated for PhishDetect India research dataset,Hard-negative/transactional example; no real personal identifiers.
KAN-L-0366,ಹೊಸ UPI beneficiary registration request ದಾಖಲಾಗಿದೆ. Status ಪರಿಶೀಲಿಸಲು ಅಧಿಕೃತ channel ಬಳಸಿ. Account ಸಂಬಂಧಿತ ವಿನಂತಿಗಳಿಗೆ ಈಗಾಗಲೇ ತಿಳಿದಿರುವ ಅಧಿಕೃತ contact channel ಮಾತ್ರ ಬಳಸಿ. ಯಾವುದೇ ಸಮಸ್ಯೆಯಿದ್ದರೆ service providerನ ಅಧಿಕೃತ support option ಬಳಸಿ. ಸೇವೆಯ ಸ್ಥಿತಿಯನ್ನು ನಂತರ ಅಧಿಕೃತ portalನಲ್ಲಿ ಮತ್ತೆ ಪರಿಶೀಲಿಸಬಹುದು. ಈ ಮಾಹಿತಿಯಲ್ಲಿರುವ ಸೇವಾ ವಿವರಗಳನ್ನು ನಿಮ್ಮ ಅಧಿಕೃತ accountನಲ್ಲಿ ಪರಿಶೀಲಿಸಬಹುದು.,Kannada,Kannada script,Legitimate,UPI / Digital Payments,,Bank-like sender ID,Synthetic,Generated for PhishDetect India research dataset,Hard-negative/transactional example; no real personal identifiers.
KAN-L-0367,ನವೀಕರಣ: ₹850 UPI payment XYZಗೆ ಯಶಸ್ವಿಯಾಗಿ ಪೂರ್ಣಗೊಂಡಿದೆ. Transaction [TXN_ID]. Customer service ವಿವರಗಳು accountನಲ್ಲಿ ಲಭ್ಯವಿವೆ. ಯಾವುದೇ ಸಮಸ್ಯೆಯಿದ್ದರೆ service providerನ ಅಧಿಕೃತ support option ಬಳಸಿ. ಸೇವೆಯ ಸ್ಥಿತಿಯನ್ನು ನಂತರ ಅಧಿಕೃತ portalನಲ್ಲಿ ಮತ್ತೆ ಪರಿಶೀಲಿಸಬಹುದು. ಈ ಮಾಹಿತಿಯಲ್ಲಿರುವ ಸೇವಾ ವಿವರಗಳನ್ನು ನಿಮ್ಮ ಅಧಿಕೃತ accountನಲ್ಲಿ ಪರಿಶೀಲಿಸಬಹುದು. ಯಾವುದೇ payment ಅಥವಾ identity action ಮಾಡುವ ಮೊದಲು ಅಧಿಕೃತ ಮಾಹಿತಿಯನ್ನು ಹೋಲಿಸಿ ನೋಡಿ.,Kannada,Kannada script,Legitimate,UPI / Digital Payments,,Telecom-like sender ID,Synthetic,Generated for PhishDetect India research dataset,Hard-negative/transactional example; no real personal identifiers.
KAN-L-0368,"₹1,240 UPI ಮೊತ್ತ ನಿಮ್ಮ ಖಾತೆಗೆ ಸ್ವೀಕರಿಸಲಾಗಿದೆ. ಈ ಮಾಹಿತಿಯನ್ನು ದಾಖಲಿಗಾಗಿ ಉಳಿಸಬಹುದು. ಸೇವೆಯ ಸ್ಥಿತಿಯನ್ನು ನಂತರ ಅಧಿಕೃತ portalನಲ್ಲಿ ಮತ್ತೆ ಪರಿಶೀಲಿಸಬಹುದು. ಈ ಮಾಹಿತಿಯಲ್ಲಿರುವ ಸೇವಾ ವಿವರಗಳನ್ನು ನಿಮ್ಮ ಅಧಿಕೃತ accountನಲ್ಲಿ ಪರಿಶೀಲಿಸಬಹುದು. ಯಾವುದೇ payment ಅಥವಾ identity action ಮಾಡುವ ಮೊದಲು ಅಧಿಕೃತ ಮಾಹಿತಿಯನ್ನು ಹೋಲಿಸಿ ನೋಡಿ. ಸಂಬಂಧಿತ service history ನಿಮ್ಮ official app ಅಥವಾ portalನಲ್ಲಿ ಪ್ರತ್ಯೇಕವಾಗಿ ಕಾಣಬಹುದು.",Kannada,Kannada script,Legitimate,UPI / Digital Payments,,Courier-like sender ID,Synthetic,Generated for PhishDetect India research dataset,Hard-negative/transactional example; no real personal identifiers.
KAN-L-0369,"UPI payment ಪೂರ್ಣವಾಗಲಿಲ್ಲ; debit ಆಗಿದ್ದರೆ bank ಪ್ರಕ್ರಿಯೆಯಂತೆ ಮರಳಿಸಲಾಗುತ್ತದೆ. ಧನ್ಯವಾದಗಳು. ಈ ಮಾಹಿತಿಯಲ್ಲಿರುವ ಸೇವಾ ವಿವರಗಳನ್ನು ನಿಮ್ಮ ಅಧಿಕೃತ accountನಲ್ಲಿ ಪರಿಶೀಲಿಸಬಹುದು. ಯಾವುದೇ payment ಅಥವಾ identity action ಮಾಡುವ ಮೊದಲು ಅಧಿಕೃತ ಮಾಹಿತಿಯನ್ನು ಹೋಲಿಸಿ ನೋಡಿ. ಸಂಬಂಧಿತ service history ನಿಮ್ಮ official app ಅಥವಾ portalನಲ್ಲಿ ಪ್ರತ್ಯೇಕವಾಗಿ ಕಾಣಬಹುದು. ಸಂದೇಶದಲ್ಲಿರುವ ಸಮಯ, ಮೊತ್ತ ಮತ್ತು reference ವಿವರಗಳು service recordನಲ್ಲಿ ಕಾಣಿಸಬಹುದು.",Kannada,Kannada script,Legitimate,UPI / Digital Payments,,Government-service-like sender ID,Synthetic,Generated for PhishDetect India research dataset,Hard-negative/transactional example; no real personal identifiers.
KAN-L-0370,"ಸೇವಾ ಮಾಹಿತಿ: ₹499 UPI refund ನಿಮ್ಮ ಖಾತೆಗೆ credit ಆಗಿದೆ. https://service.example/receipt ಯಾವುದೇ payment ಅಥವಾ identity action ಮಾಡುವ ಮೊದಲು ಅಧಿಕೃತ ಮಾಹಿತಿಯನ್ನು ಹೋಲಿಸಿ ನೋಡಿ. ಸಂಬಂಧಿತ service history ನಿಮ್ಮ official app ಅಥವಾ portalನಲ್ಲಿ ಪ್ರತ್ಯೇಕವಾಗಿ ಕಾಣಬಹುದು. ಸಂದೇಶದಲ್ಲಿರುವ ಸಮಯ, ಮೊತ್ತ ಮತ್ತು reference ವಿವರಗಳು service recordನಲ್ಲಿ ಕಾಣಿಸಬಹುದು.",Kannada,Kannada script,Legitimate,UPI / Digital Payments,https://service.example/receipt,Merchant-like sender ID,Synthetic,Generated for PhishDetect India research dataset,Hard-negative/transactional example; no real personal identifiers.
KAN-L-0371,"UPI AutoPay ಮೂಲಕ ₹349 scheduled payment ಪೂರ್ಣಗೊಂಡಿದೆ. https://track.example/order ಅಧಿಕೃತ accountನಲ್ಲಿ status ಕೂಡ ಕಾಣಬಹುದು. ಸಂಬಂಧಿತ service history ನಿಮ್ಮ official app ಅಥವಾ portalನಲ್ಲಿ ಪ್ರತ್ಯೇಕವಾಗಿ ಕಾಣಬಹುದು. ಸಂದೇಶದಲ್ಲಿರುವ ಸಮಯ, ಮೊತ್ತ ಮತ್ತು reference ವಿವರಗಳು service recordನಲ್ಲಿ ಕಾಣಿಸಬಹುದು. ನಿಮ್ಮ ಸಾಮಾನ್ಯ transaction record ಜೊತೆ ಈ ಸೂಚನೆಯನ್ನು ಪರಿಶೀಲಿಸುವುದು ಉಪಯುಕ್ತ.",Kannada,Kannada + English code-switching,Legitimate,UPI / Digital Payments,https://track.example/order,Generic numeric sender,Synthetic,Generated for PhishDetect India research dataset,Hard-negative/transactional example; no real personal identifiers.
KAN-L-0372,"ನಿಮ್ಮ UPI transaction [TXN_ID] ಯಶಸ್ವಿಯಾಗಿ ಪೂರ್ಣಗೊಂಡಿದೆ. https://official.example/app Reference number ಅನ್ನು ಸುರಕ್ಷಿತವಾಗಿ ಇಡಿ. ಸಂದೇಶದಲ್ಲಿರುವ ಸಮಯ, ಮೊತ್ತ ಮತ್ತು reference ವಿವರಗಳು service recordನಲ್ಲಿ ಕಾಣಿಸಬಹುದು. ನಿಮ್ಮ ಸಾಮಾನ್ಯ transaction record ಜೊತೆ ಈ ಸೂಚನೆಯನ್ನು ಪರಿಶೀಲಿಸುವುದು ಉಪಯುಕ್ತ. Account ಸಂಬಂಧಿತ ವಿನಂತಿಗಳಿಗೆ ಈಗಾಗಲೇ ತಿಳಿದಿರುವ ಅಧಿಕೃತ contact channel ಮಾತ್ರ ಬಳಸಿ.",Kannada,Kannada script,Legitimate,UPI / Digital Payments,https://official.example/app,Short code,Synthetic,Generated for PhishDetect India research dataset,Hard-negative/transactional example; no real personal identifiers.
KAN-L-0373,ನವೀಕರಣ: ನಿಮ್ಮ login OTP [OTP]. ಇದನ್ನು ಯಾರೊಂದಿಗೂ ಹಂಚಿಕೊಳ್ಳಬೇಡಿ. ನಿಮ್ಮ ಸಾಮಾನ್ಯ transaction record ಜೊತೆ ಈ ಸೂಚನೆಯನ್ನು ಪರಿಶೀಲಿಸುವುದು ಉಪಯುಕ್ತ. Account ಸಂಬಂಧಿತ ವಿನಂತಿಗಳಿಗೆ ಈಗಾಗಲೇ ತಿಳಿದಿರುವ ಅಧಿಕೃತ contact channel ಮಾತ್ರ ಬಳಸಿ. ಯಾವುದೇ ಸಮಸ್ಯೆಯಿದ್ದರೆ service providerನ ಅಧಿಕೃತ support option ಬಳಸಿ. ಸೇವೆಯ ಸ್ಥಿತಿಯನ್ನು ನಂತರ ಅಧಿಕೃತ portalನಲ್ಲಿ ಮತ್ತೆ ಪರಿಶೀಲಿಸಬಹುದು.,Kannada,Kannada script,Legitimate,OTP / Account Takeover,,Unknown sender,Synthetic,Generated for PhishDetect India research dataset,Hard-negative/transactional example; no real personal identifiers.
KAN-L-0374,Mobile number verificationಗಾಗಿ OTP [OTP].,Kannada,Kannada script,Legitimate,OTP / Account Takeover,,Bank-like sender ID,Synthetic,Generated for PhishDetect India research dataset,Hard-negative/transactional example; no real personal identifiers.
KAN-L-0375,ಹೊಸ beneficiary ಸೇರಿಸಲು OTP [OTP] ಅಗತ್ಯವಿದೆ.,Kannada,Romanized Kannada (small minority),Legitimate,OTP / Account Takeover,,Telecom-like sender ID,Synthetic,Generated for PhishDetect India research dataset,Hard-negative/transactional example; no real personal identifiers.
KAN-L-0376,Bank service request verification OTP [OTP].,Kannada,Kannada script,Legitimate,OTP / Account Takeover,,Courier-like sender ID,Synthetic,Generated for PhishDetect India research dataset,Hard-negative/transactional example; no real personal identifiers.
KAN-L-0377,Online payment confirmation OTP [OTP].,Kannada,Kannada script,Legitimate,OTP / Account Takeover,,Government-service-like sender ID,Synthetic,Generated for PhishDetect India research dataset,Hard-negative/transactional example; no real personal identifiers.
KAN-L-0378,ನಿಮ್ಮ account password ಯಶಸ್ವಿಯಾಗಿ ಬದಲಾಗಿದೆ.,Kannada,Kannada + English code-switching,Legitimate,OTP / Account Takeover,,Merchant-like sender ID,Synthetic,Generated for PhishDetect India research dataset,Hard-negative/transactional example; no real personal identifiers.
KAN-L-0379,ನವೀಕರಣ: ಹೊಸ device ನಿಮ್ಮ accountಗೆ ಯಶಸ್ವಿಯಾಗಿ ಸೇರಿಸಲಾಗಿದೆ.,Kannada,Kannada script,Legitimate,OTP / Account Takeover,,Generic numeric sender,Synthetic,Generated for PhishDetect India research dataset,Hard-negative/transactional example; no real personal identifiers.
KAN-L-0380,Account recovery request [REF_ID] ಆಗಿ ದಾಖಲಾಗಿದೆ. https://official.example/app,Kannada,Kannada script,Legitimate,OTP / Account Takeover,https://official.example/app,Short code,Synthetic,Generated for PhishDetect India research dataset,Hard-negative/transactional example; no real personal identifiers.
KAN-L-0381,Security settings update ಯಶಸ್ವಿಯಾಗಿದೆ. ಧನ್ಯವಾದಗಳು. https://portal.example/status,Kannada,Kannada script,Legitimate,OTP / Account Takeover,https://portal.example/status,Unknown sender,Synthetic,Generated for PhishDetect India research dataset,Hard-negative/transactional example; no real personal identifiers.
KAN-L-0382,ನಿಮ್ಮ login [TIME]ಕ್ಕೆ ಯಶಸ್ವಿಯಾಗಿದೆ. https://service.example/receipt,Kannada,Kannada script,Legitimate,OTP / Account Takeover,https://service.example/receipt,Bank-like sender ID,Synthetic,Generated for PhishDetect India research dataset,Hard-negative/transactional example; no real personal identifiers.
KAN-L-0383,ನಿಮ್ಮ login OTP [OTP]. ಇದನ್ನು ಯಾರೊಂದಿಗೂ ಹಂಚಿಕೊಳ್ಳಬೇಡಿ.,Kannada,Kannada script,Legitimate,OTP / Account Takeover,,Telecom-like sender ID,Synthetic,Generated for PhishDetect India research dataset,Hard-negative/transactional example; no real personal identifiers.
KAN-L-0384,ಸೇವಾ ಮಾಹಿತಿ: Mobile number verificationಗಾಗಿ OTP [OTP].,Kannada,Kannada script,Legitimate,OTP / Account Takeover,,Courier-like sender ID,Synthetic,Generated for PhishDetect India research dataset,Hard-negative/transactional example; no real personal identifiers.
KAN-L-0385,ನವೀಕರಣ: ಹೊಸ beneficiary ಸೇರಿಸಲು OTP [OTP] ಅಗತ್ಯವಿದೆ.,Kannada,Kannada + English code-switching,Legitimate,OTP / Account Takeover,,Government-service-like sender ID,Synthetic,Generated for PhishDetect India research dataset,Hard-negative/transactional example; no real personal identifiers.
KAN-L-0386,"Bank service request verification OTP [OTP]. ಈ ಸೂಚನೆ ನಿಮ್ಮ ಸೇವಾ ವಿನಂತಿಗೆ ಸಂಬಂಧಿಸಿದೆ. ಯಾವುದೇ payment ಅಥವಾ identity action ಮಾಡುವ ಮೊದಲು ಅಧಿಕೃತ ಮಾಹಿತಿಯನ್ನು ಹೋಲಿಸಿ ನೋಡಿ. ಸಂಬಂಧಿತ service history ನಿಮ್ಮ official app ಅಥವಾ portalನಲ್ಲಿ ಪ್ರತ್ಯೇಕವಾಗಿ ಕಾಣಬಹುದು. ಸಂದೇಶದಲ್ಲಿರುವ ಸಮಯ, ಮೊತ್ತ ಮತ್ತು reference ವಿವರಗಳು service recordನಲ್ಲಿ ಕಾಣಿಸಬಹುದು.",Kannada,Kannada script,Legitimate,OTP / Account Takeover,,Merchant-like sender ID,Synthetic,Generated for PhishDetect India research dataset,Hard-negative/transactional example; no real personal identifiers.
KAN-L-0387,"Online payment confirmation OTP [OTP]. ಅಧಿಕೃತ accountನಲ್ಲಿ status ಕೂಡ ಕಾಣಬಹುದು. ಸಂಬಂಧಿತ service history ನಿಮ್ಮ official app ಅಥವಾ portalನಲ್ಲಿ ಪ್ರತ್ಯೇಕವಾಗಿ ಕಾಣಬಹುದು. ಸಂದೇಶದಲ್ಲಿರುವ ಸಮಯ, ಮೊತ್ತ ಮತ್ತು reference ವಿವರಗಳು service recordನಲ್ಲಿ ಕಾಣಿಸಬಹುದು. ನಿಮ್ಮ ಸಾಮಾನ್ಯ transaction record ಜೊತೆ ಈ ಸೂಚನೆಯನ್ನು ಪರಿಶೀಲಿಸುವುದು ಉಪಯುಕ್ತ. Account ಸಂಬಂಧಿತ ವಿನಂತಿಗಳಿಗೆ ಈಗಾಗಲೇ ತಿಳಿದಿರುವ ಅಧಿಕೃತ contact channel ಮಾತ್ರ ಬಳಸಿ.",Kannada,Kannada script,Legitimate,OTP / Account Takeover,,Generic numeric sender,Synthetic,Generated for PhishDetect India research dataset,Hard-negative/transactional example; no real personal identifiers.
KAN-L-0388,"ನಿಮ್ಮ account password ಯಶಸ್ವಿಯಾಗಿ ಬದಲಾಗಿದೆ. Reference number ಅನ್ನು ಸುರಕ್ಷಿತವಾಗಿ ಇಡಿ. ಸಂದೇಶದಲ್ಲಿರುವ ಸಮಯ, ಮೊತ್ತ ಮತ್ತು reference ವಿವರಗಳು service recordನಲ್ಲಿ ಕಾಣಿಸಬಹುದು. ನಿಮ್ಮ ಸಾಮಾನ್ಯ transaction record ಜೊತೆ ಈ ಸೂಚನೆಯನ್ನು ಪರಿಶೀಲಿಸುವುದು ಉಪಯುಕ್ತ. Account ಸಂಬಂಧಿತ ವಿನಂತಿಗಳಿಗೆ ಈಗಾಗಲೇ ತಿಳಿದಿರುವ ಅಧಿಕೃತ contact channel ಮಾತ್ರ ಬಳಸಿ. ಯಾವುದೇ ಸಮಸ್ಯೆಯಿದ್ದರೆ service providerನ ಅಧಿಕೃತ support option ಬಳಸಿ.",Kannada,Kannada script,Legitimate,OTP / Account Takeover,,Short code,Synthetic,Generated for PhishDetect India research dataset,Hard-negative/transactional example; no real personal identifiers.
KAN-L-0389,ಹೊಸ device ನಿಮ್ಮ accountಗೆ ಯಶಸ್ವಿಯಾಗಿ ಸೇರಿಸಲಾಗಿದೆ. ಧನ್ಯವಾದಗಳು.,Kannada,Kannada script,Legitimate,OTP / Account Takeover,,Unknown sender,Synthetic,Generated for PhishDetect India research dataset,Hard-negative/transactional example; no real personal identifiers.
KAN-L-0390,Account recovery request [REF_ID] ಆಗಿ ದಾಖಲಾಗಿದೆ. https://service.example/receipt,Kannada,Kannada script,Legitimate,OTP / Account Takeover,https://service.example/receipt,Bank-like sender ID,Synthetic,Generated for PhishDetect India research dataset,Hard-negative/transactional example; no real personal identifiers.
KAN-L-0391,ನವೀಕರಣ: Security settings update ಯಶಸ್ವಿಯಾಗಿದೆ. https://track.example/order,Kannada,Kannada script,Legitimate,OTP / Account Takeover,https://track.example/order,Telecom-like sender ID,Synthetic,Generated for PhishDetect India research dataset,Hard-negative/transactional example; no real personal identifiers.
KAN-L-0392,ನಿಮ್ಮ login [TIME]ಕ್ಕೆ ಯಶಸ್ವಿಯಾಗಿದೆ. https://official.example/app,Kannada,Kannada + English code-switching,Legitimate,OTP / Account Takeover,https://official.example/app,Courier-like sender ID,Synthetic,Generated for PhishDetect India research dataset,Hard-negative/transactional example; no real personal identifiers.
KAN-L-0393,"ನಿಮ್ಮ login OTP [OTP]. ಇದನ್ನು ಯಾರೊಂದಿಗೂ ಹಂಚಿಕೊಳ್ಳಬೇಡಿ. ಮಾಹಿತಿ ಸಂಖ್ಯೆ KAN-01. ಈ ಮಾಹಿತಿಯಲ್ಲಿರುವ ಸೇವಾ ವಿವರಗಳನ್ನು ನಿಮ್ಮ ಅಧಿಕೃತ accountನಲ್ಲಿ ಪರಿಶೀಲಿಸಬಹುದು. ಯಾವುದೇ payment ಅಥವಾ identity action ಮಾಡುವ ಮೊದಲು ಅಧಿಕೃತ ಮಾಹಿತಿಯನ್ನು ಹೋಲಿಸಿ ನೋಡಿ. ಸಂಬಂಧಿತ service history ನಿಮ್ಮ official app ಅಥವಾ portalನಲ್ಲಿ ಪ್ರತ್ಯೇಕವಾಗಿ ಕಾಣಬಹುದು. ಸಂದೇಶದಲ್ಲಿರುವ ಸಮಯ, ಮೊತ್ತ ಮತ್ತು reference ವಿವರಗಳು service recordನಲ್ಲಿ ಕಾಣಿಸಬಹುದು.",Kannada,Kannada script,Legitimate,OTP / Account Takeover,,Government-service-like sender ID,Synthetic,Generated for PhishDetect India research dataset,Hard-negative/transactional example; no real personal identifiers.
KAN-L-0394,"Mobile number verificationಗಾಗಿ OTP [OTP]. ಈ ಸೂಚನೆ ನಿಮ್ಮ ಸೇವಾ ವಿನಂತಿಗೆ ಸಂಬಂಧಿಸಿದೆ. ಯಾವುದೇ payment ಅಥವಾ identity action ಮಾಡುವ ಮೊದಲು ಅಧಿಕೃತ ಮಾಹಿತಿಯನ್ನು ಹೋಲಿಸಿ ನೋಡಿ. ಸಂಬಂಧಿತ service history ನಿಮ್ಮ official app ಅಥವಾ portalನಲ್ಲಿ ಪ್ರತ್ಯೇಕವಾಗಿ ಕಾಣಬಹುದು. ಸಂದೇಶದಲ್ಲಿರುವ ಸಮಯ, ಮೊತ್ತ ಮತ್ತು reference ವಿವರಗಳು service recordನಲ್ಲಿ ಕಾಣಿಸಬಹುದು.",Kannada,Kannada script,Legitimate,OTP / Account Takeover,,Merchant-like sender ID,Synthetic,Generated for PhishDetect India research dataset,Hard-negative/transactional example; no real personal identifiers.
KAN-L-0395,"ಸೇವಾ ಮಾಹಿತಿ: ಹೊಸ beneficiary ಸೇರಿಸಲು OTP [OTP] ಅಗತ್ಯವಿದೆ. ಸಂಬಂಧಿತ service history ನಿಮ್ಮ official app ಅಥವಾ portalನಲ್ಲಿ ಪ್ರತ್ಯೇಕವಾಗಿ ಕಾಣಬಹುದು. ಸಂದೇಶದಲ್ಲಿರುವ ಸಮಯ, ಮೊತ್ತ ಮತ್ತು reference ವಿವರಗಳು service recordನಲ್ಲಿ ಕಾಣಿಸಬಹುದು. ನಿಮ್ಮ ಸಾಮಾನ್ಯ transaction record ಜೊತೆ ಈ ಸೂಚನೆಯನ್ನು ಪರಿಶೀಲಿಸುವುದು ಉಪಯುಕ್ತ. Account ಸಂಬಂಧಿತ ವಿನಂತಿಗಳಿಗೆ ಈಗಾಗಲೇ ತಿಳಿದಿರುವ ಅಧಿಕೃತ contact channel ಮಾತ್ರ ಬಳಸಿ.",Kannada,Kannada script,Legitimate,OTP / Account Takeover,,Generic numeric sender,Synthetic,Generated for PhishDetect India research dataset,Hard-negative/transactional example; no real personal identifiers.
KAN-L-0396,"Bank service request verification OTP [OTP]. Reference number ಅನ್ನು ಸುರಕ್ಷಿತವಾಗಿ ಇಡಿ. ಸಂದೇಶದಲ್ಲಿರುವ ಸಮಯ, ಮೊತ್ತ ಮತ್ತು reference ವಿವರಗಳು service recordನಲ್ಲಿ ಕಾಣಿಸಬಹುದು. ನಿಮ್ಮ ಸಾಮಾನ್ಯ transaction record ಜೊತೆ ಈ ಸೂಚನೆಯನ್ನು ಪರಿಶೀಲಿಸುವುದು ಉಪಯುಕ್ತ. Account ಸಂಬಂಧಿತ ವಿನಂತಿಗಳಿಗೆ ಈಗಾಗಲೇ ತಿಳಿದಿರುವ ಅಧಿಕೃತ contact channel ಮಾತ್ರ ಬಳಸಿ. ಯಾವುದೇ ಸಮಸ್ಯೆಯಿದ್ದರೆ service providerನ ಅಧಿಕೃತ support option ಬಳಸಿ.",Kannada,Kannada script,Legitimate,OTP / Account Takeover,,Short code,Synthetic,Generated for PhishDetect India research dataset,Hard-negative/transactional example; no real personal identifiers.
KAN-L-0397,ನವೀಕರಣ: Online payment confirmation OTP [OTP].,Kannada,Kannada script,Legitimate,OTP / Account Takeover,,Unknown sender,Synthetic,Generated for PhishDetect India research dataset,Hard-negative/transactional example; no real personal identifiers.
KAN-L-0398,ನಿಮ್ಮ account password ಯಶಸ್ವಿಯಾಗಿ ಬದಲಾಗಿದೆ. Status ಪರಿಶೀಲಿಸಲು ಅಧಿಕೃತ channel ಬಳಸಿ. Account ಸಂಬಂಧಿತ ವಿನಂತಿಗಳಿಗೆ ಈಗಾಗಲೇ ತಿಳಿದಿರುವ ಅಧಿಕೃತ contact channel ಮಾತ್ರ ಬಳಸಿ. ಯಾವುದೇ ಸಮಸ್ಯೆಯಿದ್ದರೆ service providerನ ಅಧಿಕೃತ support option ಬಳಸಿ. ಸೇವೆಯ ಸ್ಥಿತಿಯನ್ನು ನಂತರ ಅಧಿಕೃತ portalನಲ್ಲಿ ಮತ್ತೆ ಪರಿಶೀಲಿಸಬಹುದು. ಈ ಮಾಹಿತಿಯಲ್ಲಿರುವ ಸೇವಾ ವಿವರಗಳನ್ನು ನಿಮ್ಮ ಅಧಿಕೃತ accountನಲ್ಲಿ ಪರಿಶೀಲಿಸಬಹುದು.,Kannada,Kannada script,Legitimate,OTP / Account Takeover,,Bank-like sender ID,Synthetic,Generated for PhishDetect India research dataset,Hard-negative/transactional example; no real personal identifiers.
KAN-L-0399,ಹೊಸ device ನಿಮ್ಮ accountಗೆ ಯಶಸ್ವಿಯಾಗಿ ಸೇರಿಸಲಾಗಿದೆ.,Kannada,Kannada + English code-switching,Legitimate,OTP / Account Takeover,,Telecom-like sender ID,Synthetic,Generated for PhishDetect India research dataset,Hard-negative/transactional example; no real personal identifiers.
KAN-L-0400,"ನವೀಕರಣ: Nimma card ಮೂಲಕ ₹2,499 payment ಯಶಸ್ವಿಯಾಗಿದೆ. https://official.example/app ಸೇವೆಯ ಸ್ಥಿತಿಯನ್ನು ನಂತರ ಅಧಿಕೃತ portalನಲ್ಲಿ ಮತ್ತೆ ಪರಿಶೀಲಿಸಬಹುದು. ಈ ಮಾಹಿತಿಯಲ್ಲಿರುವ ಸೇವಾ ವಿವರಗಳನ್ನು ನಿಮ್ಮ ಅಧಿಕೃತ accountನಲ್ಲಿ ಪರಿಶೀಲಿಸಬಹುದು. ಯಾವುದೇ payment ಅಥವಾ identity action ಮಾಡುವ ಮೊದಲು ಅಧಿಕೃತ ಮಾಹಿತಿಯನ್ನು ಹೋಲಿಸಿ ನೋಡಿ. ಸಂಬಂಧಿತ service history ನಿಮ್ಮ official app ಅಥವಾ portalನಲ್ಲಿ ಪ್ರತ್ಯೇಕವಾಗಿ ಕಾಣಬಹುದು.",Kannada,Romanized Kannada (small minority),Legitimate,Credit / Debit Card,https://official.example/app,Courier-like sender ID,Synthetic,Generated for PhishDetect India research dataset,Hard-negative/transactional example; no real personal identifiers.
KAN-L-0401,Debit card delivery request ಸ್ವೀಕರಿಸಲಾಗಿದೆ. https://portal.example/status,Kannada,Kannada script,Legitimate,Credit / Debit Card,https://portal.example/status,Government-service-like sender ID,Synthetic,Generated for PhishDetect India research dataset,Hard-negative/transactional example; no real personal identifiers.
KAN-L-0402,Card PIN change request ಯಶಸ್ವಿಯಾಗಿ ಪೂರ್ಣಗೊಂಡಿದೆ. https://service.example/receipt,Kannada,Kannada script,Legitimate,Credit / Debit Card,https://service.example/receipt,Merchant-like sender ID,Synthetic,Generated for PhishDetect India research dataset,Hard-negative/transactional example; no real personal identifiers.
KAN-L-0403,"ನಿಮ್ಮ card online payment ₹1,999 ಯಶಸ್ವಿಯಾಗಿದೆ.",Kannada,Kannada script,Legitimate,Credit / Debit Card,,Generic numeric sender,Synthetic,Generated for PhishDetect India research dataset,Hard-negative/transactional example; no real personal identifiers.
KAN-L-0404,Card statement ಅಧಿಕೃತ appನಲ್ಲಿ ಲಭ್ಯವಿದೆ.,Kannada,Kannada script,Legitimate,Credit / Debit Card,,Short code,Synthetic,Generated for PhishDetect India research dataset,Hard-negative/transactional example; no real personal identifiers.
KAN-L-0405,ಹೊಸ cardಗಾಗಿ application ಸ್ವೀಕರಿಸಲಾಗಿದೆ.,Kannada,Kannada script,Legitimate,Credit / Debit Card,,Unknown sender,Synthetic,Generated for PhishDetect India research dataset,Hard-negative/transactional example; no real personal identifiers.
KAN-L-0406,ನವೀಕರಣ: ₹499 card payment reversal ಮೊತ್ತ ಖಾತೆಗೆ credit ಆಗಿದೆ. Account ಸಂಬಂಧಿತ ವಿನಂತಿಗಳಿಗೆ ಈಗಾಗಲೇ ತಿಳಿದಿರುವ ಅಧಿಕೃತ contact channel ಮಾತ್ರ ಬಳಸಿ. ಯಾವುದೇ ಸಮಸ್ಯೆಯಿದ್ದರೆ service providerನ ಅಧಿಕೃತ support option ಬಳಸಿ. ಸೇವೆಯ ಸ್ಥಿತಿಯನ್ನು ನಂತರ ಅಧಿಕೃತ portalನಲ್ಲಿ ಮತ್ತೆ ಪರಿಶೀಲಿಸಬಹುದು. ಈ ಮಾಹಿತಿಯಲ್ಲಿರುವ ಸೇವಾ ವಿವರಗಳನ್ನು ನಿಮ್ಮ ಅಧಿಕೃತ accountನಲ್ಲಿ ಪರಿಶೀಲಿಸಬಹುದು.,Kannada,Kannada + English code-switching,Legitimate,Credit / Debit Card,,Bank-like sender ID,Synthetic,Generated for PhishDetect India research dataset,Hard-negative/transactional example; no real personal identifiers.
KAN-L-0407,Card contactless feature ಸಕ್ರಿಯವಾಗಿದೆ.,Kannada,Kannada script,Legitimate,Credit / Debit Card,,Telecom-like sender ID,Synthetic,Generated for PhishDetect India research dataset,Hard-negative/transactional example; no real personal identifiers.
KAN-L-0408,Card service request [REF_ID] ದಾಖಲಾಗಿದೆ. ಧನ್ಯವಾದಗಳು.,Kannada,Kannada script,Legitimate,Credit / Debit Card,,Courier-like sender ID,Synthetic,Generated for PhishDetect India research dataset,Hard-negative/transactional example; no real personal identifiers.
KAN-L-0409,ನಿಮ್ಮ card delivery [DATE]ರೊಳಗೆ ನಿರೀಕ್ಷಿಸಲಾಗಿದೆ.,Kannada,Kannada script,Legitimate,Credit / Debit Card,,Government-service-like sender ID,Synthetic,Generated for PhishDetect India research dataset,Hard-negative/transactional example; no real personal identifiers.
KAN-L-0410,"ನಿಮ್ಮ card ಮೂಲಕ ₹2,499 payment ಯಶಸ್ವಿಯಾಗಿದೆ. https://service.example/receipt",Kannada,Kannada script,Legitimate,Credit / Debit Card,https://service.example/receipt,Merchant-like sender ID,Synthetic,Generated for PhishDetect India research dataset,Hard-negative/transactional example; no real personal identifiers.
KAN-L-0411,"ಸೇವಾ ಮಾಹಿತಿ: Debit card delivery request ಸ್ವೀಕರಿಸಲಾಗಿದೆ. https://track.example/order ಸಂಬಂಧಿತ service history ನಿಮ್ಮ official app ಅಥವಾ portalನಲ್ಲಿ ಪ್ರತ್ಯೇಕವಾಗಿ ಕಾಣಬಹುದು. ಸಂದೇಶದಲ್ಲಿರುವ ಸಮಯ, ಮೊತ್ತ ಮತ್ತು reference ವಿವರಗಳು service recordನಲ್ಲಿ ಕಾಣಿಸಬಹುದು. ನಿಮ್ಮ ಸಾಮಾನ್ಯ transaction record ಜೊತೆ ಈ ಸೂಚನೆಯನ್ನು ಪರಿಶೀಲಿಸುವುದು ಉಪಯುಕ್ತ. Account ಸಂಬಂಧಿತ ವಿನಂತಿಗಳಿಗೆ ಈಗಾಗಲೇ ತಿಳಿದಿರುವ ಅಧಿಕೃತ contact channel ಮಾತ್ರ ಬಳಸಿ.",Kannada,Kannada script,Legitimate,Credit / Debit Card,https://track.example/order,Generic numeric sender,Synthetic,Generated for PhishDetect India research dataset,Hard-negative/transactional example; no real personal identifiers.
KAN-L-0412,"ನವೀಕರಣ: Card PIN change request ಯಶಸ್ವಿಯಾಗಿ ಪೂರ್ಣಗೊಂಡಿದೆ. https://official.example/app ಸಂದೇಶದಲ್ಲಿರುವ ಸಮಯ, ಮೊತ್ತ ಮತ್ತು reference ವಿವರಗಳು service recordನಲ್ಲಿ ಕಾಣಿಸಬಹುದು. ನಿಮ್ಮ ಸಾಮಾನ್ಯ transaction record ಜೊತೆ ಈ ಸೂಚನೆಯನ್ನು ಪರಿಶೀಲಿಸುವುದು ಉಪಯುಕ್ತ. Account ಸಂಬಂಧಿತ ವಿನಂತಿಗಳಿಗೆ ಈಗಾಗಲೇ ತಿಳಿದಿರುವ ಅಧಿಕೃತ contact channel ಮಾತ್ರ ಬಳಸಿ. ಯಾವುದೇ ಸಮಸ್ಯೆಯಿದ್ದರೆ service providerನ ಅಧಿಕೃತ support option ಬಳಸಿ.",Kannada,Kannada script,Legitimate,Credit / Debit Card,https://official.example/app,Short code,Synthetic,Generated for PhishDetect India research dataset,Hard-negative/transactional example; no real personal identifiers.
KAN-L-0413,"ನಿಮ್ಮ card online payment ₹1,999 ಯಶಸ್ವಿಯಾಗಿದೆ. ಈ message ಸೇವಾ ಪ್ರಕ್ರಿಯೆಯ ಮಾಹಿತಿಗಾಗಿ. ನಿಮ್ಮ ಸಾಮಾನ್ಯ transaction record ಜೊತೆ ಈ ಸೂಚನೆಯನ್ನು ಪರಿಶೀಲಿಸುವುದು ಉಪಯುಕ್ತ. Account ಸಂಬಂಧಿತ ವಿನಂತಿಗಳಿಗೆ ಈಗಾಗಲೇ ತಿಳಿದಿರುವ ಅಧಿಕೃತ contact channel ಮಾತ್ರ ಬಳಸಿ. ಯಾವುದೇ ಸಮಸ್ಯೆಯಿದ್ದರೆ service providerನ ಅಧಿಕೃತ support option ಬಳಸಿ. ಸೇವೆಯ ಸ್ಥಿತಿಯನ್ನು ನಂತರ ಅಧಿಕೃತ portalನಲ್ಲಿ ಮತ್ತೆ ಪರಿಶೀಲಿಸಬಹುದು.",Kannada,Kannada + English code-switching,Legitimate,Credit / Debit Card,,Unknown sender,Synthetic,Generated for PhishDetect India research dataset,Hard-negative/transactional example; no real personal identifiers.
KAN-L-0414,Card statement ಅಧಿಕೃತ appನಲ್ಲಿ ಲಭ್ಯವಿದೆ. Status ಪರಿಶೀಲಿಸಲು ಅಧಿಕೃತ channel ಬಳಸಿ. Account ಸಂಬಂಧಿತ ವಿನಂತಿಗಳಿಗೆ ಈಗಾಗಲೇ ತಿಳಿದಿರುವ ಅಧಿಕೃತ contact channel ಮಾತ್ರ ಬಳಸಿ. ಯಾವುದೇ ಸಮಸ್ಯೆಯಿದ್ದರೆ service providerನ ಅಧಿಕೃತ support option ಬಳಸಿ. ಸೇವೆಯ ಸ್ಥಿತಿಯನ್ನು ನಂತರ ಅಧಿಕೃತ portalನಲ್ಲಿ ಮತ್ತೆ ಪರಿಶೀಲಿಸಬಹುದು. ಈ ಮಾಹಿತಿಯಲ್ಲಿರುವ ಸೇವಾ ವಿವರಗಳನ್ನು ನಿಮ್ಮ ಅಧಿಕೃತ accountನಲ್ಲಿ ಪರಿಶೀಲಿಸಬಹುದು.,Kannada,Kannada script,Legitimate,Credit / Debit Card,,Bank-like sender ID,Synthetic,Generated for PhishDetect India research dataset,Hard-negative/transactional example; no real personal identifiers.
KAN-L-0415,ಹೊಸ cardಗಾಗಿ application ಸ್ವೀಕರಿಸಲಾಗಿದೆ. Customer service ವಿವರಗಳು accountನಲ್ಲಿ ಲಭ್ಯವಿವೆ. ಯಾವುದೇ ಸಮಸ್ಯೆಯಿದ್ದರೆ service providerನ ಅಧಿಕೃತ support option ಬಳಸಿ. ಸೇವೆಯ ಸ್ಥಿತಿಯನ್ನು ನಂತರ ಅಧಿಕೃತ portalನಲ್ಲಿ ಮತ್ತೆ ಪರಿಶೀಲಿಸಬಹುದು. ಈ ಮಾಹಿತಿಯಲ್ಲಿರುವ ಸೇವಾ ವಿವರಗಳನ್ನು ನಿಮ್ಮ ಅಧಿಕೃತ accountನಲ್ಲಿ ಪರಿಶೀಲಿಸಬಹುದು. ಯಾವುದೇ payment ಅಥವಾ identity action ಮಾಡುವ ಮೊದಲು ಅಧಿಕೃತ ಮಾಹಿತಿಯನ್ನು ಹೋಲಿಸಿ ನೋಡಿ.,Kannada,Kannada script,Legitimate,Credit / Debit Card,,Telecom-like sender ID,Synthetic,Generated for PhishDetect India research dataset,Hard-negative/transactional example; no real personal identifiers.
KAN-L-0416,₹499 card payment reversal ಮೊತ್ತ ಖಾತೆಗೆ credit ಆಗಿದೆ. ಧನ್ಯವಾದಗಳು. ಸೇವೆಯ ಸ್ಥಿತಿಯನ್ನು ನಂತರ ಅಧಿಕೃತ portalನಲ್ಲಿ ಮತ್ತೆ ಪರಿಶೀಲಿಸಬಹುದು. ಈ ಮಾಹಿತಿಯಲ್ಲಿರುವ ಸೇವಾ ವಿವರಗಳನ್ನು ನಿಮ್ಮ ಅಧಿಕೃತ accountನಲ್ಲಿ ಪರಿಶೀಲಿಸಬಹುದು. ಯಾವುದೇ payment ಅಥವಾ identity action ಮಾಡುವ ಮೊದಲು ಅಧಿಕೃತ ಮಾಹಿತಿಯನ್ನು ಹೋಲಿಸಿ ನೋಡಿ. ಸಂಬಂಧಿತ service history ನಿಮ್ಮ official app ಅಥವಾ portalನಲ್ಲಿ ಪ್ರತ್ಯೇಕವಾಗಿ ಕಾಣಬಹುದು.,Kannada,Kannada script,Legitimate,Credit / Debit Card,,Courier-like sender ID,Synthetic,Generated for PhishDetect India research dataset,Hard-negative/transactional example; no real personal identifiers.
KAN-L-0417,Card contactless feature ಸಕ್ರಿಯವಾಗಿದೆ. ಮಾಹಿತಿ ಸಂಖ್ಯೆ KAN-01.,Kannada,Kannada script,Legitimate,Credit / Debit Card,,Government-service-like sender ID,Synthetic,Generated for PhishDetect India research dataset,Hard-negative/transactional example; no real personal identifiers.
KAN-L-0418,ನವೀಕರಣ: Card service request [REF_ID] ದಾಖಲಾಗಿದೆ.,Kannada,Kannada script,Legitimate,Credit / Debit Card,,Merchant-like sender ID,Synthetic,Generated for PhishDetect India research dataset,Hard-negative/transactional example; no real personal identifiers.
KAN-L-0419,"ನಿಮ್ಮ card delivery [DATE]ರೊಳಗೆ ನಿರೀಕ್ಷಿಸಲಾಗಿದೆ. ಅಧಿಕೃತ accountನಲ್ಲಿ status ಕೂಡ ಕಾಣಬಹುದು. ಸಂಬಂಧಿತ service history ನಿಮ್ಮ official app ಅಥವಾ portalನಲ್ಲಿ ಪ್ರತ್ಯೇಕವಾಗಿ ಕಾಣಬಹುದು. ಸಂದೇಶದಲ್ಲಿರುವ ಸಮಯ, ಮೊತ್ತ ಮತ್ತು reference ವಿವರಗಳು service recordನಲ್ಲಿ ಕಾಣಿಸಬಹುದು. ನಿಮ್ಮ ಸಾಮಾನ್ಯ transaction record ಜೊತೆ ಈ ಸೂಚನೆಯನ್ನು ಪರಿಶೀಲಿಸುವುದು ಉಪಯುಕ್ತ. Account ಸಂಬಂಧಿತ ವಿನಂತಿಗಳಿಗೆ ಈಗಾಗಲೇ ತಿಳಿದಿರುವ ಅಧಿಕೃತ contact channel ಮಾತ್ರ ಬಳಸಿ.",Kannada,Kannada script,Legitimate,Credit / Debit Card,,Generic numeric sender,Synthetic,Generated for PhishDetect India research dataset,Hard-negative/transactional example; no real personal identifiers.
KAN-L-0420,"ನಿಮ್ಮ card ಮೂಲಕ ₹2,499 payment ಯಶಸ್ವಿಯಾಗಿದೆ. https://official.example/app",Kannada,Kannada + English code-switching,Legitimate,Credit / Debit Card,https://official.example/app,Short code,Synthetic,Generated for PhishDetect India research dataset,Hard-negative/transactional example; no real personal identifiers.
KAN-L-0421,Debit card delivery request ಸ್ವೀಕರಿಸಲಾಗಿದೆ. https://portal.example/status ಈ message ಸೇವಾ ಪ್ರಕ್ರಿಯೆಯ ಮಾಹಿತಿಗಾಗಿ. ನಿಮ್ಮ ಸಾಮಾನ್ಯ transaction record ಜೊತೆ ಈ ಸೂಚನೆಯನ್ನು ಪರಿಶೀಲಿಸುವುದು ಉಪಯುಕ್ತ. Account ಸಂಬಂಧಿತ ವಿನಂತಿಗಳಿಗೆ ಈಗಾಗಲೇ ತಿಳಿದಿರುವ ಅಧಿಕೃತ contact channel ಮಾತ್ರ ಬಳಸಿ. ಯಾವುದೇ ಸಮಸ್ಯೆಯಿದ್ದರೆ service providerನ ಅಧಿಕೃತ support option ಬಳಸಿ. ಸೇವೆಯ ಸ್ಥಿತಿಯನ್ನು ನಂತರ ಅಧಿಕೃತ portalನಲ್ಲಿ ಮತ್ತೆ ಪರಿಶೀಲಿಸಬಹುದು.,Kannada,Kannada script,Legitimate,Credit / Debit Card,https://portal.example/status,Unknown sender,Synthetic,Generated for PhishDetect India research dataset,Hard-negative/transactional example; no real personal identifiers.
KAN-L-0422,ಸೇವಾ ಮಾಹಿತಿ: Card PIN change request ಯಶಸ್ವಿಯಾಗಿ ಪೂರ್ಣಗೊಂಡಿದೆ. https://service.example/receipt Account ಸಂಬಂಧಿತ ವಿನಂತಿಗಳಿಗೆ ಈಗಾಗಲೇ ತಿಳಿದಿರುವ ಅಧಿಕೃತ contact channel ಮಾತ್ರ ಬಳಸಿ. ಯಾವುದೇ ಸಮಸ್ಯೆಯಿದ್ದರೆ service providerನ ಅಧಿಕೃತ support option ಬಳಸಿ. ಸೇವೆಯ ಸ್ಥಿತಿಯನ್ನು ನಂತರ ಅಧಿಕೃತ portalನಲ್ಲಿ ಮತ್ತೆ ಪರಿಶೀಲಿಸಬಹುದು. ಈ ಮಾಹಿತಿಯಲ್ಲಿರುವ ಸೇವಾ ವಿವರಗಳನ್ನು ನಿಮ್ಮ ಅಧಿಕೃತ accountನಲ್ಲಿ ಪರಿಶೀಲಿಸಬಹುದು.,Kannada,Kannada script,Legitimate,Credit / Debit Card,https://service.example/receipt,Bank-like sender ID,Synthetic,Generated for PhishDetect India research dataset,Hard-negative/transactional example; no real personal identifiers.
KAN-L-0423,ನವೀಕರಣ: ನಿಮ್ಮ government service application [APPLICATION_ID] ಸ್ವೀಕರಿಸಲಾಗಿದೆ.,Kannada,Kannada script,Legitimate,Aadhaar / DigiLocker / Government,,Telecom-like sender ID,Synthetic,Generated for PhishDetect India research dataset,Hard-negative/transactional example; no real personal identifiers.
KAN-L-0424,Certificate application ಅಧಿಕೃತ portalನಲ್ಲಿ ದಾಖಲಾಗಿದೆ.,Kannada,Kannada script,Legitimate,Aadhaar / DigiLocker / Government,,Courier-like sender ID,Synthetic,Generated for PhishDetect India research dataset,Hard-negative/transactional example; no real personal identifiers.
KAN-L-0425,Nimma documents submission receipt ಲಭ್ಯವಿದೆ.,Kannada,Romanized Kannada (small minority),Legitimate,Aadhaar / DigiLocker / Government,,Government-service-like sender ID,Synthetic,Generated for PhishDetect India research dataset,Hard-negative/transactional example; no real personal identifiers.
KAN-L-0426,Service centre appointment [DATE] ರಂದು [TIME]ಕ್ಕೆ ಇದೆ.,Kannada,Kannada script,Legitimate,Aadhaar / DigiLocker / Government,,Merchant-like sender ID,Synthetic,Generated for PhishDetect India research dataset,Hard-negative/transactional example; no real personal identifiers.
KAN-L-0427,ನಿಮ್ಮ application status ಅಧಿಕೃತ portalನಲ್ಲಿ update ಆಗಿದೆ.,Kannada,Kannada + English code-switching,Legitimate,Aadhaar / DigiLocker / Government,,Generic numeric sender,Synthetic,Generated for PhishDetect India research dataset,Hard-negative/transactional example; no real personal identifiers.
KAN-L-0428,ನಿಮ್ಮ document downloadಗೆ ಸಿದ್ಧವಾಗಿದೆ.,Kannada,Kannada script,Legitimate,Aadhaar / DigiLocker / Government,,Short code,Synthetic,Generated for PhishDetect India research dataset,Hard-negative/transactional example; no real personal identifiers.
KAN-L-0429,ನವೀಕರಣ: ₹249 government service payment ಯಶಸ್ವಿಯಾಗಿದೆ.,Kannada,Kannada script,Legitimate,Aadhaar / DigiLocker / Government,,Unknown sender,Synthetic,Generated for PhishDetect India research dataset,Hard-negative/transactional example; no real personal identifiers.
KAN-L-0430,ನಿಮ್ಮ request [REF_ID] ಅಡಿಯಲ್ಲಿ ನೋಂದಾಯಿಸಲಾಗಿದೆ. https://service.example/receipt,Kannada,Kannada script,Legitimate,Aadhaar / DigiLocker / Government,https://service.example/receipt,Bank-like sender ID,Synthetic,Generated for PhishDetect India research dataset,Hard-negative/transactional example; no real personal identifiers.
KAN-L-0431,ನಿಮ್ಮ application verification ಪೂರ್ಣಗೊಂಡಿದೆ. ಧನ್ಯವಾದಗಳು. https://track.example/order,Kannada,Kannada script,Legitimate,Aadhaar / DigiLocker / Government,https://track.example/order,Telecom-like sender ID,Synthetic,Generated for PhishDetect India research dataset,Hard-negative/transactional example; no real personal identifiers.
KAN-L-0432,Digital certificate copy ಅಧಿಕೃತ accountನಲ್ಲಿ ಲಭ್ಯವಿದೆ. https://official.example/app,Kannada,Kannada script,Legitimate,Aadhaar / DigiLocker / Government,https://official.example/app,Courier-like sender ID,Synthetic,Generated for PhishDetect India research dataset,Hard-negative/transactional example; no real personal identifiers.
KAN-L-0433,ನಿಮ್ಮ government service application [APPLICATION_ID] ಸ್ವೀಕರಿಸಲಾಗಿದೆ.,Kannada,Kannada script,Legitimate,Aadhaar / DigiLocker / Government,,Government-service-like sender ID,Synthetic,Generated for PhishDetect India research dataset,Hard-negative/transactional example; no real personal identifiers.
KAN-L-0434,ಸೇವಾ ಮಾಹಿತಿ: Certificate application ಅಧಿಕೃತ portalನಲ್ಲಿ ದಾಖಲಾಗಿದೆ.,Kannada,Kannada + English code-switching,Legitimate,Aadhaar / DigiLocker / Government,,Merchant-like sender ID,Synthetic,Generated for PhishDetect India research dataset,Hard-negative/transactional example; no real personal identifiers.
KAN-L-0435,ನವೀಕರಣ: ನಿಮ್ಮ documents submission receipt ಲಭ್ಯವಿದೆ.,Kannada,Kannada script,Legitimate,Aadhaar / DigiLocker / Government,,Generic numeric sender,Synthetic,Generated for PhishDetect India research dataset,Hard-negative/transactional example; no real personal identifiers.
KAN-L-0436,"Service centre appointment [DATE] ರಂದು [TIME]ಕ್ಕೆ ಇದೆ. Reference number ಅನ್ನು ಸುರಕ್ಷಿತವಾಗಿ ಇಡಿ. ಸಂದೇಶದಲ್ಲಿರುವ ಸಮಯ, ಮೊತ್ತ ಮತ್ತು reference ವಿವರಗಳು service recordನಲ್ಲಿ ಕಾಣಿಸಬಹುದು. ನಿಮ್ಮ ಸಾಮಾನ್ಯ transaction record ಜೊತೆ ಈ ಸೂಚನೆಯನ್ನು ಪರಿಶೀಲಿಸುವುದು ಉಪಯುಕ್ತ. Account ಸಂಬಂಧಿತ ವಿನಂತಿಗಳಿಗೆ ಈಗಾಗಲೇ ತಿಳಿದಿರುವ ಅಧಿಕೃತ contact channel ಮಾತ್ರ ಬಳಸಿ.",Kannada,Kannada script,Legitimate,Aadhaar / DigiLocker / Government,,Short code,Synthetic,Generated for PhishDetect India research dataset,Hard-negative/transactional example; no real personal identifiers.
KAN-L-0437,ನಿಮ್ಮ application status ಅಧಿಕೃತ portalನಲ್ಲಿ update ಆಗಿದೆ. ಈ message ಸೇವಾ ಪ್ರಕ್ರಿಯೆಯ ಮಾಹಿತಿಗಾಗಿ. ನಿಮ್ಮ ಸಾಮಾನ್ಯ transaction record ಜೊತೆ ಈ ಸೂಚನೆಯನ್ನು ಪರಿಶೀಲಿಸುವುದು ಉಪಯುಕ್ತ. Account ಸಂಬಂಧಿತ ವಿನಂತಿಗಳಿಗೆ ಈಗಾಗಲೇ ತಿಳಿದಿರುವ ಅಧಿಕೃತ contact channel ಮಾತ್ರ ಬಳಸಿ. ಯಾವುದೇ ಸಮಸ್ಯೆಯಿದ್ದರೆ service providerನ ಅಧಿಕೃತ support option ಬಳಸಿ. ಸೇವೆಯ ಸ್ಥಿತಿಯನ್ನು ನಂತರ ಅಧಿಕೃತ portalನಲ್ಲಿ ಮತ್ತೆ ಪರಿಶೀಲಿಸಬಹುದು.,Kannada,Kannada script,Legitimate,Aadhaar / DigiLocker / Government,,Unknown sender,Synthetic,Generated for PhishDetect India research dataset,Hard-negative/transactional example; no real personal identifiers.
KAN-L-0438,ನಿಮ್ಮ document downloadಗೆ ಸಿದ್ಧವಾಗಿದೆ. Status ಪರಿಶೀಲಿಸಲು ಅಧಿಕೃತ channel ಬಳಸಿ. Account ಸಂಬಂಧಿತ ವಿನಂತಿಗಳಿಗೆ ಈಗಾಗಲೇ ತಿಳಿದಿರುವ ಅಧಿಕೃತ contact channel ಮಾತ್ರ ಬಳಸಿ. ಯಾವುದೇ ಸಮಸ್ಯೆಯಿದ್ದರೆ service providerನ ಅಧಿಕೃತ support option ಬಳಸಿ. ಸೇವೆಯ ಸ್ಥಿತಿಯನ್ನು ನಂತರ ಅಧಿಕೃತ portalನಲ್ಲಿ ಮತ್ತೆ ಪರಿಶೀಲಿಸಬಹುದು. ಈ ಮಾಹಿತಿಯಲ್ಲಿರುವ ಸೇವಾ ವಿವರಗಳನ್ನು ನಿಮ್ಮ ಅಧಿಕೃತ accountನಲ್ಲಿ ಪರಿಶೀಲಿಸಬಹುದು.,Kannada,Kannada script,Legitimate,Aadhaar / DigiLocker / Government,,Bank-like sender ID,Synthetic,Generated for PhishDetect India research dataset,Hard-negative/transactional example; no real personal identifiers.
KAN-L-0439,₹249 government service payment ಯಶಸ್ವಿಯಾಗಿದೆ. ಧನ್ಯವಾದಗಳು.,Kannada,Kannada script,Legitimate,Aadhaar / DigiLocker / Government,,Telecom-like sender ID,Synthetic,Generated for PhishDetect India research dataset,Hard-negative/transactional example; no real personal identifiers.
KAN-L-0440,ನಿಮ್ಮ request [REF_ID] ಅಡಿಯಲ್ಲಿ ನೋಂದಾಯಿಸಲಾಗಿದೆ. https://official.example/app,Kannada,Kannada script,Legitimate,Aadhaar / DigiLocker / Government,https://official.example/app,Courier-like sender ID,Synthetic,Generated for PhishDetect India research dataset,Hard-negative/transactional example; no real personal identifiers.
KAN-L-0441,ನವೀಕರಣ: ನಿಮ್ಮ application verification ಪೂರ್ಣಗೊಂಡಿದೆ. https://portal.example/status,Kannada,Kannada + English code-switching,Legitimate,Aadhaar / DigiLocker / Government,https://portal.example/status,Government-service-like sender ID,Synthetic,Generated for PhishDetect India research dataset,Hard-negative/transactional example; no real personal identifiers.
KAN-L-0442,Digital certificate copy ಅಧಿಕೃತ accountನಲ್ಲಿ ಲಭ್ಯವಿದೆ. https://service.example/receipt,Kannada,Kannada script,Legitimate,Aadhaar / DigiLocker / Government,https://service.example/receipt,Merchant-like sender ID,Synthetic,Generated for PhishDetect India research dataset,Hard-negative/transactional example; no real personal identifiers.
KAN-L-0443,"ನಿಮ್ಮ government service application [APPLICATION_ID] ಸ್ವೀಕರಿಸಲಾಗಿದೆ. ಅಧಿಕೃತ accountನಲ್ಲಿ status ಕೂಡ ಕಾಣಬಹುದು. ಸಂಬಂಧಿತ service history ನಿಮ್ಮ official app ಅಥವಾ portalನಲ್ಲಿ ಪ್ರತ್ಯೇಕವಾಗಿ ಕಾಣಬಹುದು. ಸಂದೇಶದಲ್ಲಿರುವ ಸಮಯ, ಮೊತ್ತ ಮತ್ತು reference ವಿವರಗಳು service recordನಲ್ಲಿ ಕಾಣಿಸಬಹುದು. ನಿಮ್ಮ ಸಾಮಾನ್ಯ transaction record ಜೊತೆ ಈ ಸೂಚನೆಯನ್ನು ಪರಿಶೀಲಿಸುವುದು ಉಪಯುಕ್ತ. Account ಸಂಬಂಧಿತ ವಿನಂತಿಗಳಿಗೆ ಈಗಾಗಲೇ ತಿಳಿದಿರುವ ಅಧಿಕೃತ contact channel ಮಾತ್ರ ಬಳಸಿ.",Kannada,Kannada script,Legitimate,Aadhaar / DigiLocker / Government,,Generic numeric sender,Synthetic,Generated for PhishDetect India research dataset,Hard-negative/transactional example; no real personal identifiers.
KAN-L-0444,"Certificate application ಅಧಿಕೃತ portalನಲ್ಲಿ ದಾಖಲಾಗಿದೆ. Reference number ಅನ್ನು ಸುರಕ್ಷಿತವಾಗಿ ಇಡಿ. ಸಂದೇಶದಲ್ಲಿರುವ ಸಮಯ, ಮೊತ್ತ ಮತ್ತು reference ವಿವರಗಳು service recordನಲ್ಲಿ ಕಾಣಿಸಬಹುದು. ನಿಮ್ಮ ಸಾಮಾನ್ಯ transaction record ಜೊತೆ ಈ ಸೂಚನೆಯನ್ನು ಪರಿಶೀಲಿಸುವುದು ಉಪಯುಕ್ತ. Account ಸಂಬಂಧಿತ ವಿನಂತಿಗಳಿಗೆ ಈಗಾಗಲೇ ತಿಳಿದಿರುವ ಅಧಿಕೃತ contact channel ಮಾತ್ರ ಬಳಸಿ. ಯಾವುದೇ ಸಮಸ್ಯೆಯಿದ್ದರೆ service providerನ ಅಧಿಕೃತ support option ಬಳಸಿ.",Kannada,Kannada script,Legitimate,Aadhaar / DigiLocker / Government,,Short code,Synthetic,Generated for PhishDetect India research dataset,Hard-negative/transactional example; no real personal identifiers.
KAN-L-0445,ಸೇವಾ ಮಾಹಿತಿ: ನಿಮ್ಮ documents submission receipt ಲಭ್ಯವಿದೆ.,Kannada,Kannada script,Legitimate,Aadhaar / DigiLocker / Government,,Unknown sender,Synthetic,Generated for PhishDetect India research dataset,Hard-negative/transactional example; no real personal identifiers.
KAN-L-0446,ನವೀಕರಣ: ನಿಮ್ಮ parcel [REF_ID] deliveryಗೆ ಹೊರಟಿದೆ.,Kannada,Kannada script,Legitimate,Courier / Parcel,,Bank-like sender ID,Synthetic,Generated for PhishDetect India research dataset,Hard-negative/transactional example; no real personal identifiers.
KAN-L-0447,ನಿಮ್ಮ package local delivery centre ತಲುಪಿದೆ.,Kannada,Kannada script,Legitimate,Courier / Parcel,,Telecom-like sender ID,Synthetic,Generated for PhishDetect India research dataset,Hard-negative/transactional example; no real personal identifiers.
KAN-L-0448,ನಿಮ್ಮ order ಇಂದು delivery ಆಗುವ ನಿರೀಕ್ಷೆಯಿದೆ.,Kannada,Kannada + English code-switching,Legitimate,Courier / Parcel,,Courier-like sender ID,Synthetic,Generated for PhishDetect India research dataset,Hard-negative/transactional example; no real personal identifiers.
KAN-L-0449,"ನಿಮ್ಮ shipment transitನಲ್ಲಿ ಇದೆ. ಅಧಿಕೃತ courier appನಲ್ಲಿ status ನೋಡಿ. ಈ ಮಾಹಿತಿಯಲ್ಲಿರುವ ಸೇವಾ ವಿವರಗಳನ್ನು ನಿಮ್ಮ ಅಧಿಕೃತ accountನಲ್ಲಿ ಪರಿಶೀಲಿಸಬಹುದು. ಯಾವುದೇ payment ಅಥವಾ identity action ಮಾಡುವ ಮೊದಲು ಅಧಿಕೃತ ಮಾಹಿತಿಯನ್ನು ಹೋಲಿಸಿ ನೋಡಿ. ಸಂಬಂಧಿತ service history ನಿಮ್ಮ official app ಅಥವಾ portalನಲ್ಲಿ ಪ್ರತ್ಯೇಕವಾಗಿ ಕಾಣಬಹುದು. ಸಂದೇಶದಲ್ಲಿರುವ ಸಮಯ, ಮೊತ್ತ ಮತ್ತು reference ವಿವರಗಳು service recordನಲ್ಲಿ ಕಾಣಿಸಬಹುದು.",Kannada,Kannada script,Legitimate,Courier / Parcel,,Government-service-like sender ID,Synthetic,Generated for PhishDetect India research dataset,Hard-negative/transactional example; no real personal identifiers.
KAN-L-0450,Nimma parcel ಯಶಸ್ವಿಯಾಗಿ delivered ಆಗಿದೆ. https://service.example/receipt,Kannada,Romanized Kannada (small minority),Legitimate,Courier / Parcel,https://service.example/receipt,Merchant-like sender ID,Synthetic,Generated for PhishDetect India research dataset,Hard-negative/transactional example; no real personal identifiers.
KAN-L-0451,Return package pickup ಪೂರ್ಣಗೊಂಡಿದೆ. https://track.example/order,Kannada,Kannada script,Legitimate,Courier / Parcel,https://track.example/order,Generic numeric sender,Synthetic,Generated for PhishDetect India research dataset,Hard-negative/transactional example; no real personal identifiers.
KAN-L-0452,ನವೀಕರಣ: Order pack ಆಗಿ dispatchಗೆ ಸಿದ್ಧವಾಗಿದೆ. https://official.example/app,Kannada,Kannada script,Legitimate,Courier / Parcel,https://official.example/app,Short code,Synthetic,Generated for PhishDetect India research dataset,Hard-negative/transactional example; no real personal identifiers.
KAN-L-0453,Delivery status [REF_ID]ಗೆ update ಆಗಿದೆ.,Kannada,Kannada script,Legitimate,Courier / Parcel,,Unknown sender,Synthetic,Generated for PhishDetect India research dataset,Hard-negative/transactional example; no real personal identifiers.
KAN-L-0454,Courier pickup confirmation ದೊರೆತಿದೆ. ಧನ್ಯವಾದಗಳು.,Kannada,Kannada script,Legitimate,Courier / Parcel,,Bank-like sender ID,Synthetic,Generated for PhishDetect India research dataset,Hard-negative/transactional example; no real personal identifiers.
KAN-L-0455,Return package local centreಗೆ ಸ್ವೀಕರಿಸಲಾಗಿದೆ.,Kannada,Kannada + English code-switching,Legitimate,Courier / Parcel,,Telecom-like sender ID,Synthetic,Generated for PhishDetect India research dataset,Hard-negative/transactional example; no real personal identifiers.
KAN-L-0456,ನಿಮ್ಮ parcel [REF_ID] deliveryಗೆ ಹೊರಟಿದೆ.,Kannada,Kannada script,Legitimate,Courier / Parcel,,Courier-like sender ID,Synthetic,Generated for PhishDetect India research dataset,Hard-negative/transactional example; no real personal identifiers.
KAN-L-0457,"ಸೇವಾ ಮಾಹಿತಿ: ನಿಮ್ಮ package local delivery centre ತಲುಪಿದೆ. ಈ ಮಾಹಿತಿಯಲ್ಲಿರುವ ಸೇವಾ ವಿವರಗಳನ್ನು ನಿಮ್ಮ ಅಧಿಕೃತ accountನಲ್ಲಿ ಪರಿಶೀಲಿಸಬಹುದು. ಯಾವುದೇ payment ಅಥವಾ identity action ಮಾಡುವ ಮೊದಲು ಅಧಿಕೃತ ಮಾಹಿತಿಯನ್ನು ಹೋಲಿಸಿ ನೋಡಿ. ಸಂಬಂಧಿತ service history ನಿಮ್ಮ official app ಅಥವಾ portalನಲ್ಲಿ ಪ್ರತ್ಯೇಕವಾಗಿ ಕಾಣಬಹುದು. ಸಂದೇಶದಲ್ಲಿರುವ ಸಮಯ, ಮೊತ್ತ ಮತ್ತು reference ವಿವರಗಳು service recordನಲ್ಲಿ ಕಾಣಿಸಬಹುದು.",Kannada,Kannada script,Legitimate,Courier / Parcel,,Government-service-like sender ID,Synthetic,Generated for PhishDetect India research dataset,Hard-negative/transactional example; no real personal identifiers.
KAN-L-0458,ನವೀಕರಣ: ನಿಮ್ಮ order ಇಂದು delivery ಆಗುವ ನಿರೀಕ್ಷೆಯಿದೆ.,Kannada,Kannada script,Legitimate,Courier / Parcel,,Merchant-like sender ID,Synthetic,Generated for PhishDetect India research dataset,Hard-negative/transactional example; no real personal identifiers.
KAN-L-0459,"ನಿಮ್ಮ shipment transitನಲ್ಲಿ ಇದೆ. ಅಧಿಕೃತ courier appನಲ್ಲಿ status ನೋಡಿ. ಅಧಿಕೃತ accountನಲ್ಲಿ status ಕೂಡ ಕಾಣಬಹುದು. ಸಂಬಂಧಿತ service history ನಿಮ್ಮ official app ಅಥವಾ portalನಲ್ಲಿ ಪ್ರತ್ಯೇಕವಾಗಿ ಕಾಣಬಹುದು. ಸಂದೇಶದಲ್ಲಿರುವ ಸಮಯ, ಮೊತ್ತ ಮತ್ತು reference ವಿವರಗಳು service recordನಲ್ಲಿ ಕಾಣಿಸಬಹುದು. ನಿಮ್ಮ ಸಾಮಾನ್ಯ transaction record ಜೊತೆ ಈ ಸೂಚನೆಯನ್ನು ಪರಿಶೀಲಿಸುವುದು ಉಪಯುಕ್ತ.",Kannada,Kannada script,Legitimate,Courier / Parcel,,Generic numeric sender,Synthetic,Generated for PhishDetect India research dataset,Hard-negative/transactional example; no real personal identifiers.
KAN-L-0460,ನಿಮ್ಮ parcel ಯಶಸ್ವಿಯಾಗಿ delivered ಆಗಿದೆ. https://official.example/app,Kannada,Kannada script,Legitimate,Courier / Parcel,https://official.example/app,Short code,Synthetic,Generated for PhishDetect India research dataset,Hard-negative/transactional example; no real personal identifiers.
KAN-L-0461,Return package pickup ಪೂರ್ಣಗೊಂಡಿದೆ. https://portal.example/status,Kannada,Kannada script,Legitimate,Courier / Parcel,https://portal.example/status,Unknown sender,Synthetic,Generated for PhishDetect India research dataset,Hard-negative/transactional example; no real personal identifiers.
KAN-L-0462,Order pack ಆಗಿ dispatchಗೆ ಸಿದ್ಧವಾಗಿದೆ. ಧನ್ಯವಾದಗಳು. https://service.example/receipt,Kannada,Kannada + English code-switching,Legitimate,Courier / Parcel,https://service.example/receipt,Bank-like sender ID,Synthetic,Generated for PhishDetect India research dataset,Hard-negative/transactional example; no real personal identifiers.
KAN-L-0463,Delivery status [REF_ID]ಗೆ update ಆಗಿದೆ. Customer service ವಿವರಗಳು accountನಲ್ಲಿ ಲಭ್ಯವಿವೆ. ಯಾವುದೇ ಸಮಸ್ಯೆಯಿದ್ದರೆ service providerನ ಅಧಿಕೃತ support option ಬಳಸಿ. ಸೇವೆಯ ಸ್ಥಿತಿಯನ್ನು ನಂತರ ಅಧಿಕೃತ portalನಲ್ಲಿ ಮತ್ತೆ ಪರಿಶೀಲಿಸಬಹುದು. ಈ ಮಾಹಿತಿಯಲ್ಲಿರುವ ಸೇವಾ ವಿವರಗಳನ್ನು ನಿಮ್ಮ ಅಧಿಕೃತ accountನಲ್ಲಿ ಪರಿಶೀಲಿಸಬಹುದು. ಯಾವುದೇ payment ಅಥವಾ identity action ಮಾಡುವ ಮೊದಲು ಅಧಿಕೃತ ಮಾಹಿತಿಯನ್ನು ಹೋಲಿಸಿ ನೋಡಿ.,Kannada,Kannada script,Legitimate,Courier / Parcel,,Telecom-like sender ID,Synthetic,Generated for PhishDetect India research dataset,Hard-negative/transactional example; no real personal identifiers.
KAN-L-0464,ನವೀಕರಣ: Courier pickup confirmation ದೊರೆತಿದೆ.,Kannada,Kannada script,Legitimate,Courier / Parcel,,Courier-like sender ID,Synthetic,Generated for PhishDetect India research dataset,Hard-negative/transactional example; no real personal identifiers.
KAN-L-0465,"Return package local centreಗೆ ಸ್ವೀಕರಿಸಲಾಗಿದೆ. ಮಾಹಿತಿ ಸಂಖ್ಯೆ KAN-01. ಈ ಮಾಹಿತಿಯಲ್ಲಿರುವ ಸೇವಾ ವಿವರಗಳನ್ನು ನಿಮ್ಮ ಅಧಿಕೃತ accountನಲ್ಲಿ ಪರಿಶೀಲಿಸಬಹುದು. ಯಾವುದೇ payment ಅಥವಾ identity action ಮಾಡುವ ಮೊದಲು ಅಧಿಕೃತ ಮಾಹಿತಿಯನ್ನು ಹೋಲಿಸಿ ನೋಡಿ. ಸಂಬಂಧಿತ service history ನಿಮ್ಮ official app ಅಥವಾ portalನಲ್ಲಿ ಪ್ರತ್ಯೇಕವಾಗಿ ಕಾಣಬಹುದು. ಸಂದೇಶದಲ್ಲಿರುವ ಸಮಯ, ಮೊತ್ತ ಮತ್ತು reference ವಿವರಗಳು service recordನಲ್ಲಿ ಕಾಣಿಸಬಹುದು.",Kannada,Kannada script,Legitimate,Courier / Parcel,,Government-service-like sender ID,Synthetic,Generated for PhishDetect India research dataset,Hard-negative/transactional example; no real personal identifiers.
KAN-L-0466,"ನಿಮ್ಮ parcel [REF_ID] deliveryಗೆ ಹೊರಟಿದೆ. ಈ ಸೂಚನೆ ನಿಮ್ಮ ಸೇವಾ ವಿನಂತಿಗೆ ಸಂಬಂಧಿಸಿದೆ. ಯಾವುದೇ payment ಅಥವಾ identity action ಮಾಡುವ ಮೊದಲು ಅಧಿಕೃತ ಮಾಹಿತಿಯನ್ನು ಹೋಲಿಸಿ ನೋಡಿ. ಸಂಬಂಧಿತ service history ನಿಮ್ಮ official app ಅಥವಾ portalನಲ್ಲಿ ಪ್ರತ್ಯೇಕವಾಗಿ ಕಾಣಬಹುದು. ಸಂದೇಶದಲ್ಲಿರುವ ಸಮಯ, ಮೊತ್ತ ಮತ್ತು reference ವಿವರಗಳು service recordನಲ್ಲಿ ಕಾಣಿಸಬಹುದು.",Kannada,Kannada script,Legitimate,Courier / Parcel,,Merchant-like sender ID,Synthetic,Generated for PhishDetect India research dataset,Hard-negative/transactional example; no real personal identifiers.
KAN-L-0467,"ನಿಮ್ಮ package local delivery centre ತಲುಪಿದೆ. ಅಧಿಕೃತ accountನಲ್ಲಿ status ಕೂಡ ಕಾಣಬಹುದು. ಸಂಬಂಧಿತ service history ನಿಮ್ಮ official app ಅಥವಾ portalನಲ್ಲಿ ಪ್ರತ್ಯೇಕವಾಗಿ ಕಾಣಬಹುದು. ಸಂದೇಶದಲ್ಲಿರುವ ಸಮಯ, ಮೊತ್ತ ಮತ್ತು reference ವಿವರಗಳು service recordನಲ್ಲಿ ಕಾಣಿಸಬಹುದು. ನಿಮ್ಮ ಸಾಮಾನ್ಯ transaction record ಜೊತೆ ಈ ಸೂಚನೆಯನ್ನು ಪರಿಶೀಲಿಸುವುದು ಉಪಯುಕ್ತ. Account ಸಂಬಂಧಿತ ವಿನಂತಿಗಳಿಗೆ ಈಗಾಗಲೇ ತಿಳಿದಿರುವ ಅಧಿಕೃತ contact channel ಮಾತ್ರ ಬಳಸಿ.",Kannada,Kannada script,Legitimate,Courier / Parcel,,Generic numeric sender,Synthetic,Generated for PhishDetect India research dataset,Hard-negative/transactional example; no real personal identifiers.
KAN-L-0468,"ಸೇವಾ ಮಾಹಿತಿ: ನಿಮ್ಮ order ಇಂದು delivery ಆಗುವ ನಿರೀಕ್ಷೆಯಿದೆ. ಸಂದೇಶದಲ್ಲಿರುವ ಸಮಯ, ಮೊತ್ತ ಮತ್ತು reference ವಿವರಗಳು service recordನಲ್ಲಿ ಕಾಣಿಸಬಹುದು. ನಿಮ್ಮ ಸಾಮಾನ್ಯ transaction record ಜೊತೆ ಈ ಸೂಚನೆಯನ್ನು ಪರಿಶೀಲಿಸುವುದು ಉಪಯುಕ್ತ. Account ಸಂಬಂಧಿತ ವಿನಂತಿಗಳಿಗೆ ಈಗಾಗಲೇ ತಿಳಿದಿರುವ ಅಧಿಕೃತ contact channel ಮಾತ್ರ ಬಳಸಿ. ಯಾವುದೇ ಸಮಸ್ಯೆಯಿದ್ದರೆ service providerನ ಅಧಿಕೃತ support option ಬಳಸಿ.",Kannada,Kannada script,Legitimate,Courier / Parcel,,Short code,Synthetic,Generated for PhishDetect India research dataset,Hard-negative/transactional example; no real personal identifiers.
KAN-L-0469,ನವೀಕರಣ: ನಿಮ್ಮ application [REF_ID] recruitment team ಸ್ವೀಕರಿಸಿದೆ.,Kannada,Kannada + English code-switching,Legitimate,Job / Recruitment Scam,,Unknown sender,Synthetic,Generated for PhishDetect India research dataset,Hard-negative/transactional example; no real personal identifiers.
KAN-L-0470,Interview slot [DATE] ರಂದು [TIME]ಕ್ಕೆ ನಿಗದಿಯಾಗಿದೆ. https://service.example/receipt Account ಸಂಬಂಧಿತ ವಿನಂತಿಗಳಿಗೆ ಈಗಾಗಲೇ ತಿಳಿದಿರುವ ಅಧಿಕೃತ contact channel ಮಾತ್ರ ಬಳಸಿ. ಯಾವುದೇ ಸಮಸ್ಯೆಯಿದ್ದರೆ service providerನ ಅಧಿಕೃತ support option ಬಳಸಿ. ಸೇವೆಯ ಸ್ಥಿತಿಯನ್ನು ನಂತರ ಅಧಿಕೃತ portalನಲ್ಲಿ ಮತ್ತೆ ಪರಿಶೀಲಿಸಬಹುದು. ಈ ಮಾಹಿತಿಯಲ್ಲಿರುವ ಸೇವಾ ವಿವರಗಳನ್ನು ನಿಮ್ಮ ಅಧಿಕೃತ accountನಲ್ಲಿ ಪರಿಶೀಲಿಸಬಹುದು.,Kannada,Kannada script,Legitimate,Job / Recruitment Scam,https://service.example/receipt,Bank-like sender ID,Synthetic,Generated for PhishDetect India research dataset,Hard-negative/transactional example; no real personal identifiers.
KAN-L-0471,ನಿಮ್ಮ profile ಮುಂದಿನ recruitment ಹಂತಕ್ಕೆ ಕಳುಹಿಸಲಾಗಿದೆ. https://track.example/order ಯಾವುದೇ ಸಮಸ್ಯೆಯಿದ್ದರೆ service providerನ ಅಧಿಕೃತ support option ಬಳಸಿ. ಸೇವೆಯ ಸ್ಥಿತಿಯನ್ನು ನಂತರ ಅಧಿಕೃತ portalನಲ್ಲಿ ಮತ್ತೆ ಪರಿಶೀಲಿಸಬಹುದು. ಈ ಮಾಹಿತಿಯಲ್ಲಿರುವ ಸೇವಾ ವಿವರಗಳನ್ನು ನಿಮ್ಮ ಅಧಿಕೃತ accountನಲ್ಲಿ ಪರಿಶೀಲಿಸಬಹುದು. ಯಾವುದೇ payment ಅಥವಾ identity action ಮಾಡುವ ಮೊದಲು ಅಧಿಕೃತ ಮಾಹಿತಿಯನ್ನು ಹೋಲಿಸಿ ನೋಡಿ.,Kannada,Kannada script,Legitimate,Job / Recruitment Scam,https://track.example/order,Telecom-like sender ID,Synthetic,Generated for PhishDetect India research dataset,Hard-negative/transactional example; no real personal identifiers.
KAN-L-0472,ನಿಮ್ಮ application status official recruitment portalನಲ್ಲಿ update ಆಗಿದೆ. https://official.example/app ಸೇವೆಯ ಸ್ಥಿತಿಯನ್ನು ನಂತರ ಅಧಿಕೃತ portalನಲ್ಲಿ ಮತ್ತೆ ಪರಿಶೀಲಿಸಬಹುದು. ಈ ಮಾಹಿತಿಯಲ್ಲಿರುವ ಸೇವಾ ವಿವರಗಳನ್ನು ನಿಮ್ಮ ಅಧಿಕೃತ accountನಲ್ಲಿ ಪರಿಶೀಲಿಸಬಹುದು. ಯಾವುದೇ payment ಅಥವಾ identity action ಮಾಡುವ ಮೊದಲು ಅಧಿಕೃತ ಮಾಹಿತಿಯನ್ನು ಹೋಲಿಸಿ ನೋಡಿ. ಸಂಬಂಧಿತ service history ನಿಮ್ಮ official app ಅಥವಾ portalನಲ್ಲಿ ಪ್ರತ್ಯೇಕವಾಗಿ ಕಾಣಬಹುದು.,Kannada,Kannada script,Legitimate,Job / Recruitment Scam,https://official.example/app,Courier-like sender ID,Synthetic,Generated for PhishDetect India research dataset,Hard-negative/transactional example; no real personal identifiers.
KAN-L-0473,Online test [DATE]ರೊಳಗೆ ಪೂರ್ಣಗೊಳಿಸಬೇಕು.,Kannada,Kannada script,Legitimate,Job / Recruitment Scam,,Government-service-like sender ID,Synthetic,Generated for PhishDetect India research dataset,Hard-negative/transactional example; no real personal identifiers.
KAN-L-0474,Recruitment team ನಿಮ್ಮ resume review ದಾಖಲಿಸಿದೆ.,Kannada,Kannada script,Legitimate,Job / Recruitment Scam,,Merchant-like sender ID,Synthetic,Generated for PhishDetect India research dataset,Hard-negative/transactional example; no real personal identifiers.
KAN-L-0475,"ನವೀಕರಣ: Interview invitation official recruitment portalನಲ್ಲಿ ಲಭ್ಯವಿದೆ. ಸಂಬಂಧಿತ service history ನಿಮ್ಮ official app ಅಥವಾ portalನಲ್ಲಿ ಪ್ರತ್ಯೇಕವಾಗಿ ಕಾಣಬಹುದು. ಸಂದೇಶದಲ್ಲಿರುವ ಸಮಯ, ಮೊತ್ತ ಮತ್ತು reference ವಿವರಗಳು service recordನಲ್ಲಿ ಕಾಣಿಸಬಹುದು. ನಿಮ್ಮ ಸಾಮಾನ್ಯ transaction record ಜೊತೆ ಈ ಸೂಚನೆಯನ್ನು ಪರಿಶೀಲಿಸುವುದು ಉಪಯುಕ್ತ. Account ಸಂಬಂಧಿತ ವಿನಂತಿಗಳಿಗೆ ಈಗಾಗಲೇ ತಿಳಿದಿರುವ ಅಧಿಕೃತ contact channel ಮಾತ್ರ ಬಳಸಿ.",Kannada,Romanized Kannada (small minority),Legitimate,Job / Recruitment Scam,,Generic numeric sender,Synthetic,Generated for PhishDetect India research dataset,Hard-negative/transactional example; no real personal identifiers.
KAN-L-0476,Application documents submission receipt ಲಭ್ಯವಿದೆ.,Kannada,Kannada + English code-switching,Legitimate,Job / Recruitment Scam,,Short code,Synthetic,Generated for PhishDetect India research dataset,Hard-negative/transactional example; no real personal identifiers.
KAN-L-0477,Job application ID [APPLICATION_ID] ಯಶಸ್ವಿಯಾಗಿ ಸೃಷ್ಟಿಯಾಗಿದೆ. ಧನ್ಯವಾದಗಳು. ನಿಮ್ಮ ಸಾಮಾನ್ಯ transaction record ಜೊತೆ ಈ ಸೂಚನೆಯನ್ನು ಪರಿಶೀಲಿಸುವುದು ಉಪಯುಕ್ತ. Account ಸಂಬಂಧಿತ ವಿನಂತಿಗಳಿಗೆ ಈಗಾಗಲೇ ತಿಳಿದಿರುವ ಅಧಿಕೃತ contact channel ಮಾತ್ರ ಬಳಸಿ. ಯಾವುದೇ ಸಮಸ್ಯೆಯಿದ್ದರೆ service providerನ ಅಧಿಕೃತ support option ಬಳಸಿ. ಸೇವೆಯ ಸ್ಥಿತಿಯನ್ನು ನಂತರ ಅಧಿಕೃತ portalನಲ್ಲಿ ಮತ್ತೆ ಪರಿಶೀಲಿಸಬಹುದು.,Kannada,Kannada script,Legitimate,Job / Recruitment Scam,,Unknown sender,Synthetic,Generated for PhishDetect India research dataset,Hard-negative/transactional example; no real personal identifiers.
KAN-L-0478,Recruitment process ಮುಂದಿನ ಹಂತದ ಮಾಹಿತಿ emailನಲ್ಲಿ ಕಳುಹಿಸಲಾಗಿದೆ. Account ಸಂಬಂಧಿತ ವಿನಂತಿಗಳಿಗೆ ಈಗಾಗಲೇ ತಿಳಿದಿರುವ ಅಧಿಕೃತ contact channel ಮಾತ್ರ ಬಳಸಿ. ಯಾವುದೇ ಸಮಸ್ಯೆಯಿದ್ದರೆ service providerನ ಅಧಿಕೃತ support option ಬಳಸಿ. ಸೇವೆಯ ಸ್ಥಿತಿಯನ್ನು ನಂತರ ಅಧಿಕೃತ portalನಲ್ಲಿ ಮತ್ತೆ ಪರಿಶೀಲಿಸಬಹುದು. ಈ ಮಾಹಿತಿಯಲ್ಲಿರುವ ಸೇವಾ ವಿವರಗಳನ್ನು ನಿಮ್ಮ ಅಧಿಕೃತ accountನಲ್ಲಿ ಪರಿಶೀಲಿಸಬಹುದು.,Kannada,Kannada script,Legitimate,Job / Recruitment Scam,,Bank-like sender ID,Synthetic,Generated for PhishDetect India research dataset,Hard-negative/transactional example; no real personal identifiers.
KAN-L-0479,ನಿಮ್ಮ application [REF_ID] recruitment team ಸ್ವೀಕರಿಸಿದೆ.,Kannada,Kannada script,Legitimate,Job / Recruitment Scam,,Telecom-like sender ID,Synthetic,Generated for PhishDetect India research dataset,Hard-negative/transactional example; no real personal identifiers.
KAN-L-0480,ಸೇವಾ ಮಾಹಿತಿ: Interview slot [DATE] ರಂದು [TIME]ಕ್ಕೆ ನಿಗದಿಯಾಗಿದೆ. https://official.example/app ಸೇವೆಯ ಸ್ಥಿತಿಯನ್ನು ನಂತರ ಅಧಿಕೃತ portalನಲ್ಲಿ ಮತ್ತೆ ಪರಿಶೀಲಿಸಬಹುದು. ಈ ಮಾಹಿತಿಯಲ್ಲಿರುವ ಸೇವಾ ವಿವರಗಳನ್ನು ನಿಮ್ಮ ಅಧಿಕೃತ accountನಲ್ಲಿ ಪರಿಶೀಲಿಸಬಹುದು. ಯಾವುದೇ payment ಅಥವಾ identity action ಮಾಡುವ ಮೊದಲು ಅಧಿಕೃತ ಮಾಹಿತಿಯನ್ನು ಹೋಲಿಸಿ ನೋಡಿ. ಸಂಬಂಧಿತ service history ನಿಮ್ಮ official app ಅಥವಾ portalನಲ್ಲಿ ಪ್ರತ್ಯೇಕವಾಗಿ ಕಾಣಬಹುದು.,Kannada,Kannada script,Legitimate,Job / Recruitment Scam,https://official.example/app,Courier-like sender ID,Synthetic,Generated for PhishDetect India research dataset,Hard-negative/transactional example; no real personal identifiers.
KAN-L-0481,"ನವೀಕರಣ: ನಿಮ್ಮ profile ಮುಂದಿನ recruitment ಹಂತಕ್ಕೆ ಕಳುಹಿಸಲಾಗಿದೆ. https://portal.example/status ಈ ಮಾಹಿತಿಯಲ್ಲಿರುವ ಸೇವಾ ವಿವರಗಳನ್ನು ನಿಮ್ಮ ಅಧಿಕೃತ accountನಲ್ಲಿ ಪರಿಶೀಲಿಸಬಹುದು. ಯಾವುದೇ payment ಅಥವಾ identity action ಮಾಡುವ ಮೊದಲು ಅಧಿಕೃತ ಮಾಹಿತಿಯನ್ನು ಹೋಲಿಸಿ ನೋಡಿ. ಸಂಬಂಧಿತ service history ನಿಮ್ಮ official app ಅಥವಾ portalನಲ್ಲಿ ಪ್ರತ್ಯೇಕವಾಗಿ ಕಾಣಬಹುದು. ಸಂದೇಶದಲ್ಲಿರುವ ಸಮಯ, ಮೊತ್ತ ಮತ್ತು reference ವಿವರಗಳು service recordನಲ್ಲಿ ಕಾಣಿಸಬಹುದು.",Kannada,Kannada script,Legitimate,Job / Recruitment Scam,https://portal.example/status,Government-service-like sender ID,Synthetic,Generated for PhishDetect India research dataset,Hard-negative/transactional example; no real personal identifiers.
KAN-L-0482,"ನಿಮ್ಮ application status official recruitment portalನಲ್ಲಿ update ಆಗಿದೆ. https://service.example/receipt ಯಾವುದೇ payment ಅಥವಾ identity action ಮಾಡುವ ಮೊದಲು ಅಧಿಕೃತ ಮಾಹಿತಿಯನ್ನು ಹೋಲಿಸಿ ನೋಡಿ. ಸಂಬಂಧಿತ service history ನಿಮ್ಮ official app ಅಥವಾ portalನಲ್ಲಿ ಪ್ರತ್ಯೇಕವಾಗಿ ಕಾಣಬಹುದು. ಸಂದೇಶದಲ್ಲಿರುವ ಸಮಯ, ಮೊತ್ತ ಮತ್ತು reference ವಿವರಗಳು service recordನಲ್ಲಿ ಕಾಣಿಸಬಹುದು. ನಿಮ್ಮ ಸಾಮಾನ್ಯ transaction record ಜೊತೆ ಈ ಸೂಚನೆಯನ್ನು ಪರಿಶೀಲಿಸುವುದು ಉಪಯುಕ್ತ.",Kannada,Kannada script,Legitimate,Job / Recruitment Scam,https://service.example/receipt,Merchant-like sender ID,Synthetic,Generated for PhishDetect India research dataset,Hard-negative/transactional example; no real personal identifiers.
KAN-L-0483,"Online test [DATE]ರೊಳಗೆ ಪೂರ್ಣಗೊಳಿಸಬೇಕು. ಅಧಿಕೃತ accountನಲ್ಲಿ status ಕೂಡ ಕಾಣಬಹುದು. ಸಂಬಂಧಿತ service history ನಿಮ್ಮ official app ಅಥವಾ portalನಲ್ಲಿ ಪ್ರತ್ಯೇಕವಾಗಿ ಕಾಣಬಹುದು. ಸಂದೇಶದಲ್ಲಿರುವ ಸಮಯ, ಮೊತ್ತ ಮತ್ತು reference ವಿವರಗಳು service recordನಲ್ಲಿ ಕಾಣಿಸಬಹುದು. ನಿಮ್ಮ ಸಾಮಾನ್ಯ transaction record ಜೊತೆ ಈ ಸೂಚನೆಯನ್ನು ಪರಿಶೀಲಿಸುವುದು ಉಪಯುಕ್ತ. Account ಸಂಬಂಧಿತ ವಿನಂತಿಗಳಿಗೆ ಈಗಾಗಲೇ ತಿಳಿದಿರುವ ಅಧಿಕೃತ contact channel ಮಾತ್ರ ಬಳಸಿ.",Kannada,Kannada + English code-switching,Legitimate,Job / Recruitment Scam,,Generic numeric sender,Synthetic,Generated for PhishDetect India research dataset,Hard-negative/transactional example; no real personal identifiers.
KAN-L-0484,"Recruitment team ನಿಮ್ಮ resume review ದಾಖಲಿಸಿದೆ. Reference number ಅನ್ನು ಸುರಕ್ಷಿತವಾಗಿ ಇಡಿ. ಸಂದೇಶದಲ್ಲಿರುವ ಸಮಯ, ಮೊತ್ತ ಮತ್ತು reference ವಿವರಗಳು service recordನಲ್ಲಿ ಕಾಣಿಸಬಹುದು. ನಿಮ್ಮ ಸಾಮಾನ್ಯ transaction record ಜೊತೆ ಈ ಸೂಚನೆಯನ್ನು ಪರಿಶೀಲಿಸುವುದು ಉಪಯುಕ್ತ. Account ಸಂಬಂಧಿತ ವಿನಂತಿಗಳಿಗೆ ಈಗಾಗಲೇ ತಿಳಿದಿರುವ ಅಧಿಕೃತ contact channel ಮಾತ್ರ ಬಳಸಿ. ಯಾವುದೇ ಸಮಸ್ಯೆಯಿದ್ದರೆ service providerನ ಅಧಿಕೃತ support option ಬಳಸಿ.",Kannada,Kannada script,Legitimate,Job / Recruitment Scam,,Short code,Synthetic,Generated for PhishDetect India research dataset,Hard-negative/transactional example; no real personal identifiers.
KAN-L-0485,Interview invitation official recruitment portalನಲ್ಲಿ ಲಭ್ಯವಿದೆ. ಧನ್ಯವಾದಗಳು. ನಿಮ್ಮ ಸಾಮಾನ್ಯ transaction record ಜೊತೆ ಈ ಸೂಚನೆಯನ್ನು ಪರಿಶೀಲಿಸುವುದು ಉಪಯುಕ್ತ. Account ಸಂಬಂಧಿತ ವಿನಂತಿಗಳಿಗೆ ಈಗಾಗಲೇ ತಿಳಿದಿರುವ ಅಧಿಕೃತ contact channel ಮಾತ್ರ ಬಳಸಿ. ಯಾವುದೇ ಸಮಸ್ಯೆಯಿದ್ದರೆ service providerನ ಅಧಿಕೃತ support option ಬಳಸಿ. ಸೇವೆಯ ಸ್ಥಿತಿಯನ್ನು ನಂತರ ಅಧಿಕೃತ portalನಲ್ಲಿ ಮತ್ತೆ ಪರಿಶೀಲಿಸಬಹುದು.,Kannada,Kannada script,Legitimate,Job / Recruitment Scam,,Unknown sender,Synthetic,Generated for PhishDetect India research dataset,Hard-negative/transactional example; no real personal identifiers.
KAN-L-0486,Application documents submission receipt ಲಭ್ಯವಿದೆ. Status ಪರಿಶೀಲಿಸಲು ಅಧಿಕೃತ channel ಬಳಸಿ. Account ಸಂಬಂಧಿತ ವಿನಂತಿಗಳಿಗೆ ಈಗಾಗಲೇ ತಿಳಿದಿರುವ ಅಧಿಕೃತ contact channel ಮಾತ್ರ ಬಳಸಿ. ಯಾವುದೇ ಸಮಸ್ಯೆಯಿದ್ದರೆ service providerನ ಅಧಿಕೃತ support option ಬಳಸಿ. ಸೇವೆಯ ಸ್ಥಿತಿಯನ್ನು ನಂತರ ಅಧಿಕೃತ portalನಲ್ಲಿ ಮತ್ತೆ ಪರಿಶೀಲಿಸಬಹುದು. ಈ ಮಾಹಿತಿಯಲ್ಲಿರುವ ಸೇವಾ ವಿವರಗಳನ್ನು ನಿಮ್ಮ ಅಧಿಕೃತ accountನಲ್ಲಿ ಪರಿಶೀಲಿಸಬಹುದು.,Kannada,Kannada script,Legitimate,Job / Recruitment Scam,,Bank-like sender ID,Synthetic,Generated for PhishDetect India research dataset,Hard-negative/transactional example; no real personal identifiers.
KAN-L-0487,ನವೀಕರಣ: Job application ID [APPLICATION_ID] ಯಶಸ್ವಿಯಾಗಿ ಸೃಷ್ಟಿಯಾಗಿದೆ. ಯಾವುದೇ ಸಮಸ್ಯೆಯಿದ್ದರೆ service providerನ ಅಧಿಕೃತ support option ಬಳಸಿ. ಸೇವೆಯ ಸ್ಥಿತಿಯನ್ನು ನಂತರ ಅಧಿಕೃತ portalನಲ್ಲಿ ಮತ್ತೆ ಪರಿಶೀಲಿಸಬಹುದು. ಈ ಮಾಹಿತಿಯಲ್ಲಿರುವ ಸೇವಾ ವಿವರಗಳನ್ನು ನಿಮ್ಮ ಅಧಿಕೃತ accountನಲ್ಲಿ ಪರಿಶೀಲಿಸಬಹುದು. ಯಾವುದೇ payment ಅಥವಾ identity action ಮಾಡುವ ಮೊದಲು ಅಧಿಕೃತ ಮಾಹಿತಿಯನ್ನು ಹೋಲಿಸಿ ನೋಡಿ.,Kannada,Kannada script,Legitimate,Job / Recruitment Scam,,Telecom-like sender ID,Synthetic,Generated for PhishDetect India research dataset,Hard-negative/transactional example; no real personal identifiers.
KAN-L-0488,Recruitment process ಮುಂದಿನ ಹಂತದ ಮಾಹಿತಿ emailನಲ್ಲಿ ಕಳುಹಿಸಲಾಗಿದೆ. ಈ ಮಾಹಿತಿಯನ್ನು ದಾಖಲಿಗಾಗಿ ಉಳಿಸಬಹುದು. ಸೇವೆಯ ಸ್ಥಿತಿಯನ್ನು ನಂತರ ಅಧಿಕೃತ portalನಲ್ಲಿ ಮತ್ತೆ ಪರಿಶೀಲಿಸಬಹುದು. ಈ ಮಾಹಿತಿಯಲ್ಲಿರುವ ಸೇವಾ ವಿವರಗಳನ್ನು ನಿಮ್ಮ ಅಧಿಕೃತ accountನಲ್ಲಿ ಪರಿಶೀಲಿಸಬಹುದು. ಯಾವುದೇ payment ಅಥವಾ identity action ಮಾಡುವ ಮೊದಲು ಅಧಿಕೃತ ಮಾಹಿತಿಯನ್ನು ಹೋಲಿಸಿ ನೋಡಿ. ಸಂಬಂಧಿತ service history ನಿಮ್ಮ official app ಅಥವಾ portalನಲ್ಲಿ ಪ್ರತ್ಯೇಕವಾಗಿ ಕಾಣಬಹುದು.,Kannada,Kannada script,Legitimate,Job / Recruitment Scam,,Courier-like sender ID,Synthetic,Generated for PhishDetect India research dataset,Hard-negative/transactional example; no real personal identifiers.
KAN-L-0489,"ನಿಮ್ಮ application [REF_ID] recruitment team ಸ್ವೀಕರಿಸಿದೆ. ಮಾಹಿತಿ ಸಂಖ್ಯೆ KAN-01. ಈ ಮಾಹಿತಿಯಲ್ಲಿರುವ ಸೇವಾ ವಿವರಗಳನ್ನು ನಿಮ್ಮ ಅಧಿಕೃತ accountನಲ್ಲಿ ಪರಿಶೀಲಿಸಬಹುದು. ಯಾವುದೇ payment ಅಥವಾ identity action ಮಾಡುವ ಮೊದಲು ಅಧಿಕೃತ ಮಾಹಿತಿಯನ್ನು ಹೋಲಿಸಿ ನೋಡಿ. ಸಂಬಂಧಿತ service history ನಿಮ್ಮ official app ಅಥವಾ portalನಲ್ಲಿ ಪ್ರತ್ಯೇಕವಾಗಿ ಕಾಣಬಹುದು. ಸಂದೇಶದಲ್ಲಿರುವ ಸಮಯ, ಮೊತ್ತ ಮತ್ತು reference ವಿವರಗಳು service recordನಲ್ಲಿ ಕಾಣಿಸಬಹುದು.",Kannada,Kannada script,Legitimate,Job / Recruitment Scam,,Government-service-like sender ID,Synthetic,Generated for PhishDetect India research dataset,Hard-negative/transactional example; no real personal identifiers.
KAN-L-0490,"Interview slot [DATE] ರಂದು [TIME]ಕ್ಕೆ ನಿಗದಿಯಾಗಿದೆ. https://service.example/receipt ಈ ಸೂಚನೆ ನಿಮ್ಮ ಸೇವಾ ವಿನಂತಿಗೆ ಸಂಬಂಧಿಸಿದೆ. ಯಾವುದೇ payment ಅಥವಾ identity action ಮಾಡುವ ಮೊದಲು ಅಧಿಕೃತ ಮಾಹಿತಿಯನ್ನು ಹೋಲಿಸಿ ನೋಡಿ. ಸಂಬಂಧಿತ service history ನಿಮ್ಮ official app ಅಥವಾ portalನಲ್ಲಿ ಪ್ರತ್ಯೇಕವಾಗಿ ಕಾಣಬಹುದು. ಸಂದೇಶದಲ್ಲಿರುವ ಸಮಯ, ಮೊತ್ತ ಮತ್ತು reference ವಿವರಗಳು service recordನಲ್ಲಿ ಕಾಣಿಸಬಹುದು.",Kannada,Kannada + English code-switching,Legitimate,Job / Recruitment Scam,https://service.example/receipt,Merchant-like sender ID,Synthetic,Generated for PhishDetect India research dataset,Hard-negative/transactional example; no real personal identifiers.
KAN-L-0491,"ಸೇವಾ ಮಾಹಿತಿ: ನಿಮ್ಮ profile ಮುಂದಿನ recruitment ಹಂತಕ್ಕೆ ಕಳುಹಿಸಲಾಗಿದೆ. https://track.example/order ಸಂಬಂಧಿತ service history ನಿಮ್ಮ official app ಅಥವಾ portalನಲ್ಲಿ ಪ್ರತ್ಯೇಕವಾಗಿ ಕಾಣಬಹುದು. ಸಂದೇಶದಲ್ಲಿರುವ ಸಮಯ, ಮೊತ್ತ ಮತ್ತು reference ವಿವರಗಳು service recordನಲ್ಲಿ ಕಾಣಿಸಬಹುದು. ನಿಮ್ಮ ಸಾಮಾನ್ಯ transaction record ಜೊತೆ ಈ ಸೂಚನೆಯನ್ನು ಪರಿಶೀಲಿಸುವುದು ಉಪಯುಕ್ತ. Account ಸಂಬಂಧಿತ ವಿನಂತಿಗಳಿಗೆ ಈಗಾಗಲೇ ತಿಳಿದಿರುವ ಅಧಿಕೃತ contact channel ಮಾತ್ರ ಬಳಸಿ.",Kannada,Kannada script,Legitimate,Job / Recruitment Scam,https://track.example/order,Generic numeric sender,Synthetic,Generated for PhishDetect India research dataset,Hard-negative/transactional example; no real personal identifiers.
KAN-L-0492,"ನವೀಕರಣ: ನಿಮ್ಮ loan application [APPLICATION_ID] ಸ್ವೀಕರಿಸಲಾಗಿದೆ. https://official.example/app ಸಂದೇಶದಲ್ಲಿರುವ ಸಮಯ, ಮೊತ್ತ ಮತ್ತು reference ವಿವರಗಳು service recordನಲ್ಲಿ ಕಾಣಿಸಬಹುದು. ನಿಮ್ಮ ಸಾಮಾನ್ಯ transaction record ಜೊತೆ ಈ ಸೂಚನೆಯನ್ನು ಪರಿಶೀಲಿಸುವುದು ಉಪಯುಕ್ತ. Account ಸಂಬಂಧಿತ ವಿನಂತಿಗಳಿಗೆ ಈಗಾಗಲೇ ತಿಳಿದಿರುವ ಅಧಿಕೃತ contact channel ಮಾತ್ರ ಬಳಸಿ. ಯಾವುದೇ ಸಮಸ್ಯೆಯಿದ್ದರೆ service providerನ ಅಧಿಕೃತ support option ಬಳಸಿ.",Kannada,Kannada script,Legitimate,Loan / Finance,https://official.example/app,Short code,Synthetic,Generated for PhishDetect India research dataset,Hard-negative/transactional example; no real personal identifiers.
KAN-L-0493,Loan application status official accountನಲ್ಲಿ update ಆಗಿದೆ. ನಿಮ್ಮ ಸಾಮಾನ್ಯ transaction record ಜೊತೆ ಈ ಸೂಚನೆಯನ್ನು ಪರಿಶೀಲಿಸುವುದು ಉಪಯುಕ್ತ. Account ಸಂಬಂಧಿತ ವಿನಂತಿಗಳಿಗೆ ಈಗಾಗಲೇ ತಿಳಿದಿರುವ ಅಧಿಕೃತ contact channel ಮಾತ್ರ ಬಳಸಿ. ಯಾವುದೇ ಸಮಸ್ಯೆಯಿದ್ದರೆ service providerನ ಅಧಿಕೃತ support option ಬಳಸಿ. ಸೇವೆಯ ಸ್ಥಿತಿಯನ್ನು ನಂತರ ಅಧಿಕೃತ portalನಲ್ಲಿ ಮತ್ತೆ ಪರಿಶೀಲಿಸಬಹುದು.,Kannada,Kannada script,Legitimate,Loan / Finance,,Unknown sender,Synthetic,Generated for PhishDetect India research dataset,Hard-negative/transactional example; no real personal identifiers.
KAN-L-0494,Finance service request review ಆರಂಭವಾಗಿದೆ.,Kannada,Kannada script,Legitimate,Loan / Finance,,Bank-like sender ID,Synthetic,Generated for PhishDetect India research dataset,Hard-negative/transactional example; no real personal identifiers.
KAN-L-0495,Loan application documents ಸ್ವೀಕರಿಸಲಾಗಿದೆ.,Kannada,Kannada script,Legitimate,Loan / Finance,,Telecom-like sender ID,Synthetic,Generated for PhishDetect India research dataset,Hard-negative/transactional example; no real personal identifiers.
KAN-L-0496,"₹7,500 EMI payment receipt ಲಭ್ಯವಿದೆ.",Kannada,Kannada script,Legitimate,Loan / Finance,,Courier-like sender ID,Synthetic,Generated for PhishDetect India research dataset,Hard-negative/transactional example; no real personal identifiers.
KAN-L-0497,"₹3,499 loan account payment ಯಶಸ್ವಿಯಾಗಿದೆ.",Kannada,Kannada + English code-switching,Legitimate,Loan / Finance,,Government-service-like sender ID,Synthetic,Generated for PhishDetect India research dataset,Hard-negative/transactional example; no real personal identifiers.
KAN-L-0498,ನವೀಕರಣ: Finance service ticket [REF_ID] ದಾಖಲಾಗಿದೆ.,Kannada,Kannada script,Legitimate,Loan / Finance,,Merchant-like sender ID,Synthetic,Generated for PhishDetect India research dataset,Hard-negative/transactional example; no real personal identifiers.
KAN-L-0499,Credit report request ಪ್ರಕ್ರಿಯೆಯಲ್ಲಿದೆ.,Kannada,Kannada script,Legitimate,Loan / Finance,,Generic numeric sender,Synthetic,Generated for PhishDetect India research dataset,Hard-negative/transactional example; no real personal identifiers.
KAN-L-0500,"Loan account statement official portalನಲ್ಲಿ ಲಭ್ಯವಿದೆ. ಧನ್ಯವಾದಗಳು. https://official.example/app ಸಂದೇಶದಲ್ಲಿರುವ ಸಮಯ, ಮೊತ್ತ ಮತ್ತು reference ವಿವರಗಳು service recordನಲ್ಲಿ ಕಾಣಿಸಬಹುದು. ನಿಮ್ಮ ಸಾಮಾನ್ಯ transaction record ಜೊತೆ ಈ ಸೂಚನೆಯನ್ನು ಪರಿಶೀಲಿಸುವುದು ಉಪಯುಕ್ತ. Account ಸಂಬಂಧಿತ ವಿನಂತಿಗಳಿಗೆ ಈಗಾಗಲೇ ತಿಳಿದಿರುವ ಅಧಿಕೃತ contact channel ಮಾತ್ರ ಬಳಸಿ. ಯಾವುದೇ ಸಮಸ್ಯೆಯಿದ್ದರೆ service providerನ ಅಧಿಕೃತ support option ಬಳಸಿ.",Kannada,Romanized Kannada (small minority),Legitimate,Loan / Finance,https://official.example/app,Short code,Synthetic,Generated for PhishDetect India research dataset,Hard-negative/transactional example; no real personal identifiers.
KAN-L-0501,Payment schedule ಯಶಸ್ವಿಯಾಗಿ update ಆಗಿದೆ. https://portal.example/status,Kannada,Kannada script,Legitimate,Loan / Finance,https://portal.example/status,Unknown sender,Synthetic,Generated for PhishDetect India research dataset,Hard-negative/transactional example; no real personal identifiers.
KAN-L-0502,ನಿಮ್ಮ loan application [APPLICATION_ID] ಸ್ವೀಕರಿಸಲಾಗಿದೆ. https://service.example/receipt,Kannada,Kannada script,Legitimate,Loan / Finance,https://service.example/receipt,Bank-like sender ID,Synthetic,Generated for PhishDetect India research dataset,Hard-negative/transactional example; no real personal identifiers.
KAN-L-0503,ಸೇವಾ ಮಾಹಿತಿ: Loan application status official accountನಲ್ಲಿ update ಆಗಿದೆ. ಯಾವುದೇ ಸಮಸ್ಯೆಯಿದ್ದರೆ service providerನ ಅಧಿಕೃತ support option ಬಳಸಿ. ಸೇವೆಯ ಸ್ಥಿತಿಯನ್ನು ನಂತರ ಅಧಿಕೃತ portalನಲ್ಲಿ ಮತ್ತೆ ಪರಿಶೀಲಿಸಬಹುದು. ಈ ಮಾಹಿತಿಯಲ್ಲಿರುವ ಸೇವಾ ವಿವರಗಳನ್ನು ನಿಮ್ಮ ಅಧಿಕೃತ accountನಲ್ಲಿ ಪರಿಶೀಲಿಸಬಹುದು. ಯಾವುದೇ payment ಅಥವಾ identity action ಮಾಡುವ ಮೊದಲು ಅಧಿಕೃತ ಮಾಹಿತಿಯನ್ನು ಹೋಲಿಸಿ ನೋಡಿ.,Kannada,Kannada script,Legitimate,Loan / Finance,,Telecom-like sender ID,Synthetic,Generated for PhishDetect India research dataset,Hard-negative/transactional example; no real personal identifiers.
KAN-L-0504,ನವೀಕರಣ: Finance service request review ಆರಂಭವಾಗಿದೆ.,Kannada,Kannada + English code-switching,Legitimate,Loan / Finance,,Courier-like sender ID,Synthetic,Generated for PhishDetect India research dataset,Hard-negative/transactional example; no real personal identifiers.
KAN-L-0505,"Loan application documents ಸ್ವೀಕರಿಸಲಾಗಿದೆ. ಮಾಹಿತಿ ಸಂಖ್ಯೆ KAN-01. ಈ ಮಾಹಿತಿಯಲ್ಲಿರುವ ಸೇವಾ ವಿವರಗಳನ್ನು ನಿಮ್ಮ ಅಧಿಕೃತ accountನಲ್ಲಿ ಪರಿಶೀಲಿಸಬಹುದು. ಯಾವುದೇ payment ಅಥವಾ identity action ಮಾಡುವ ಮೊದಲು ಅಧಿಕೃತ ಮಾಹಿತಿಯನ್ನು ಹೋಲಿಸಿ ನೋಡಿ. ಸಂಬಂಧಿತ service history ನಿಮ್ಮ official app ಅಥವಾ portalನಲ್ಲಿ ಪ್ರತ್ಯೇಕವಾಗಿ ಕಾಣಬಹುದು. ಸಂದೇಶದಲ್ಲಿರುವ ಸಮಯ, ಮೊತ್ತ ಮತ್ತು reference ವಿವರಗಳು service recordನಲ್ಲಿ ಕಾಣಿಸಬಹುದು.",Kannada,Kannada script,Legitimate,Loan / Finance,,Government-service-like sender ID,Synthetic,Generated for PhishDetect India research dataset,Hard-negative/transactional example; no real personal identifiers.
KAN-L-0506,"₹7,500 EMI payment receipt ಲಭ್ಯವಿದೆ. ಈ ಸೂಚನೆ ನಿಮ್ಮ ಸೇವಾ ವಿನಂತಿಗೆ ಸಂಬಂಧಿಸಿದೆ. ಯಾವುದೇ payment ಅಥವಾ identity action ಮಾಡುವ ಮೊದಲು ಅಧಿಕೃತ ಮಾಹಿತಿಯನ್ನು ಹೋಲಿಸಿ ನೋಡಿ. ಸಂಬಂಧಿತ service history ನಿಮ್ಮ official app ಅಥವಾ portalನಲ್ಲಿ ಪ್ರತ್ಯೇಕವಾಗಿ ಕಾಣಬಹುದು. ಸಂದೇಶದಲ್ಲಿರುವ ಸಮಯ, ಮೊತ್ತ ಮತ್ತು reference ವಿವರಗಳು service recordನಲ್ಲಿ ಕಾಣಿಸಬಹುದು.",Kannada,Kannada script,Legitimate,Loan / Finance,,Merchant-like sender ID,Synthetic,Generated for PhishDetect India research dataset,Hard-negative/transactional example; no real personal identifiers.
KAN-L-0507,"₹3,499 loan account payment ಯಶಸ್ವಿಯಾಗಿದೆ. ಅಧಿಕೃತ accountನಲ್ಲಿ status ಕೂಡ ಕಾಣಬಹುದು. ಸಂಬಂಧಿತ service history ನಿಮ್ಮ official app ಅಥವಾ portalನಲ್ಲಿ ಪ್ರತ್ಯೇಕವಾಗಿ ಕಾಣಬಹುದು. ಸಂದೇಶದಲ್ಲಿರುವ ಸಮಯ, ಮೊತ್ತ ಮತ್ತು reference ವಿವರಗಳು service recordನಲ್ಲಿ ಕಾಣಿಸಬಹುದು. ನಿಮ್ಮ ಸಾಮಾನ್ಯ transaction record ಜೊತೆ ಈ ಸೂಚನೆಯನ್ನು ಪರಿಶೀಲಿಸುವುದು ಉಪಯುಕ್ತ. Account ಸಂಬಂಧಿತ ವಿನಂತಿಗಳಿಗೆ ಈಗಾಗಲೇ ತಿಳಿದಿರುವ ಅಧಿಕೃತ contact channel ಮಾತ್ರ ಬಳಸಿ.",Kannada,Kannada script,Legitimate,Loan / Finance,,Generic numeric sender,Synthetic,Generated for PhishDetect India research dataset,Hard-negative/transactional example; no real personal identifiers.
KAN-L-0508,Finance service ticket [REF_ID] ದಾಖಲಾಗಿದೆ. ಧನ್ಯವಾದಗಳು.,Kannada,Kannada script,Legitimate,Loan / Finance,,Short code,Synthetic,Generated for PhishDetect India research dataset,Hard-negative/transactional example; no real personal identifiers.
KAN-L-0509,Credit report request ಪ್ರಕ್ರಿಯೆಯಲ್ಲಿದೆ. ಈ message ಸೇವಾ ಪ್ರಕ್ರಿಯೆಯ ಮಾಹಿತಿಗಾಗಿ. ನಿಮ್ಮ ಸಾಮಾನ್ಯ transaction record ಜೊತೆ ಈ ಸೂಚನೆಯನ್ನು ಪರಿಶೀಲಿಸುವುದು ಉಪಯುಕ್ತ. Account ಸಂಬಂಧಿತ ವಿನಂತಿಗಳಿಗೆ ಈಗಾಗಲೇ ತಿಳಿದಿರುವ ಅಧಿಕೃತ contact channel ಮಾತ್ರ ಬಳಸಿ. ಯಾವುದೇ ಸಮಸ್ಯೆಯಿದ್ದರೆ service providerನ ಅಧಿಕೃತ support option ಬಳಸಿ. ಸೇವೆಯ ಸ್ಥಿತಿಯನ್ನು ನಂತರ ಅಧಿಕೃತ portalನಲ್ಲಿ ಮತ್ತೆ ಪರಿಶೀಲಿಸಬಹುದು.,Kannada,Kannada script,Legitimate,Loan / Finance,,Unknown sender,Synthetic,Generated for PhishDetect India research dataset,Hard-negative/transactional example; no real personal identifiers.
KAN-L-0510,ನವೀಕರಣ: ₹499 cashback ಮೂಲ payment methodಗೆ credit ಆಗಿದೆ. https://service.example/receipt Account ಸಂಬಂಧಿತ ವಿನಂತಿಗಳಿಗೆ ಈಗಾಗಲೇ ತಿಳಿದಿರುವ ಅಧಿಕೃತ contact channel ಮಾತ್ರ ಬಳಸಿ. ಯಾವುದೇ ಸಮಸ್ಯೆಯಿದ್ದರೆ service providerನ ಅಧಿಕೃತ support option ಬಳಸಿ. ಸೇವೆಯ ಸ್ಥಿತಿಯನ್ನು ನಂತರ ಅಧಿಕೃತ portalನಲ್ಲಿ ಮತ್ತೆ ಪರಿಶೀಲಿಸಬಹುದು. ಈ ಮಾಹಿತಿಯಲ್ಲಿರುವ ಸೇವಾ ವಿವರಗಳನ್ನು ನಿಮ್ಮ ಅಧಿಕೃತ accountನಲ್ಲಿ ಪರಿಶೀಲಿಸಬಹುದು.,Kannada,Kannada script,Legitimate,Cashback / Reward / Lottery,https://service.example/receipt,Bank-like sender ID,Synthetic,Generated for PhishDetect India research dataset,Hard-negative/transactional example; no real personal identifiers.
KAN-L-0511,"ನಿಮ್ಮ purchase refund ₹1,240 process ಆಗಿದೆ. https://track.example/order ಯಾವುದೇ ಸಮಸ್ಯೆಯಿದ್ದರೆ service providerನ ಅಧಿಕೃತ support option ಬಳಸಿ. ಸೇವೆಯ ಸ್ಥಿತಿಯನ್ನು ನಂತರ ಅಧಿಕೃತ portalನಲ್ಲಿ ಮತ್ತೆ ಪರಿಶೀಲಿಸಬಹುದು. ಈ ಮಾಹಿತಿಯಲ್ಲಿರುವ ಸೇವಾ ವಿವರಗಳನ್ನು ನಿಮ್ಮ ಅಧಿಕೃತ accountನಲ್ಲಿ ಪರಿಶೀಲಿಸಬಹುದು. ಯಾವುದೇ payment ಅಥವಾ identity action ಮಾಡುವ ಮೊದಲು ಅಧಿಕೃತ ಮಾಹಿತಿಯನ್ನು ಹೋಲಿಸಿ ನೋಡಿ.",Kannada,Kannada + English code-switching,Legitimate,Cashback / Reward / Lottery,https://track.example/order,Telecom-like sender ID,Synthetic,Generated for PhishDetect India research dataset,Hard-negative/transactional example; no real personal identifiers.
KAN-L-0512,Promotional benefit accountಗೆ credit ಆಗಿದೆ. https://official.example/app,Kannada,Kannada script,Legitimate,Cashback / Reward / Lottery,https://official.example/app,Courier-like sender ID,Synthetic,Generated for PhishDetect India research dataset,Hard-negative/transactional example; no real personal identifiers.
KAN-L-0513,"Reward point balance official appನಲ್ಲಿ update ಆಗಿದೆ. ಈ ಮಾಹಿತಿಯಲ್ಲಿರುವ ಸೇವಾ ವಿವರಗಳನ್ನು ನಿಮ್ಮ ಅಧಿಕೃತ accountನಲ್ಲಿ ಪರಿಶೀಲಿಸಬಹುದು. ಯಾವುದೇ payment ಅಥವಾ identity action ಮಾಡುವ ಮೊದಲು ಅಧಿಕೃತ ಮಾಹಿತಿಯನ್ನು ಹೋಲಿಸಿ ನೋಡಿ. ಸಂಬಂಧಿತ service history ನಿಮ್ಮ official app ಅಥವಾ portalನಲ್ಲಿ ಪ್ರತ್ಯೇಕವಾಗಿ ಕಾಣಬಹುದು. ಸಂದೇಶದಲ್ಲಿರುವ ಸಮಯ, ಮೊತ್ತ ಮತ್ತು reference ವಿವರಗಳು service recordನಲ್ಲಿ ಕಾಣಿಸಬಹುದು.",Kannada,Kannada script,Legitimate,Cashback / Reward / Lottery,,Government-service-like sender ID,Synthetic,Generated for PhishDetect India research dataset,Hard-negative/transactional example; no real personal identifiers.
KAN-L-0514,Refund request [REF_ID] ಪ್ರಕ್ರಿಯೆ ಪೂರ್ಣಗೊಂಡಿದೆ.,Kannada,Kannada script,Legitimate,Cashback / Reward / Lottery,,Merchant-like sender ID,Synthetic,Generated for PhishDetect India research dataset,Hard-negative/transactional example; no real personal identifiers.
KAN-L-0515,₹249 cashback amount accountಗೆ credit ಆಗಿದೆ.,Kannada,Kannada script,Legitimate,Cashback / Reward / Lottery,,Generic numeric sender,Synthetic,Generated for PhishDetect India research dataset,Hard-negative/transactional example; no real personal identifiers.
KAN-L-0516,"ನವೀಕರಣ: Order cancellation ನಂತರ refund process ಆರಂಭವಾಗಿದೆ. ಸಂದೇಶದಲ್ಲಿರುವ ಸಮಯ, ಮೊತ್ತ ಮತ್ತು reference ವಿವರಗಳು service recordನಲ್ಲಿ ಕಾಣಿಸಬಹುದು. ನಿಮ್ಮ ಸಾಮಾನ್ಯ transaction record ಜೊತೆ ಈ ಸೂಚನೆಯನ್ನು ಪರಿಶೀಲಿಸುವುದು ಉಪಯುಕ್ತ. Account ಸಂಬಂಧಿತ ವಿನಂತಿಗಳಿಗೆ ಈಗಾಗಲೇ ತಿಳಿದಿರುವ ಅಧಿಕೃತ contact channel ಮಾತ್ರ ಬಳಸಿ. ಯಾವುದೇ ಸಮಸ್ಯೆಯಿದ್ದರೆ service providerನ ಅಧಿಕೃತ support option ಬಳಸಿ.",Kannada,Kannada script,Legitimate,Cashback / Reward / Lottery,,Short code,Synthetic,Generated for PhishDetect India research dataset,Hard-negative/transactional example; no real personal identifiers.
KAN-L-0517,Payment reversal ಯಶಸ್ವಿಯಾಗಿ ಪೂರ್ಣಗೊಂಡಿದೆ.,Kannada,Kannada script,Legitimate,Cashback / Reward / Lottery,,Unknown sender,Synthetic,Generated for PhishDetect India research dataset,Hard-negative/transactional example; no real personal identifiers.
KAN-L-0518,Refund receipt official accountನಲ್ಲಿ ಲಭ್ಯವಿದೆ. ಧನ್ಯವಾದಗಳು.,Kannada,Kannada + English code-switching,Legitimate,Cashback / Reward / Lottery,,Bank-like sender ID,Synthetic,Generated for PhishDetect India research dataset,Hard-negative/transactional example; no real personal identifiers.
KAN-L-0519,Offer benefit details official appನಲ್ಲಿ update ಆಗಿದೆ. ಯಾವುದೇ ಸಮಸ್ಯೆಯಿದ್ದರೆ service providerನ ಅಧಿಕೃತ support option ಬಳಸಿ. ಸೇವೆಯ ಸ್ಥಿತಿಯನ್ನು ನಂತರ ಅಧಿಕೃತ portalನಲ್ಲಿ ಮತ್ತೆ ಪರಿಶೀಲಿಸಬಹುದು. ಈ ಮಾಹಿತಿಯಲ್ಲಿರುವ ಸೇವಾ ವಿವರಗಳನ್ನು ನಿಮ್ಮ ಅಧಿಕೃತ accountನಲ್ಲಿ ಪರಿಶೀಲಿಸಬಹುದು. ಯಾವುದೇ payment ಅಥವಾ identity action ಮಾಡುವ ಮೊದಲು ಅಧಿಕೃತ ಮಾಹಿತಿಯನ್ನು ಹೋಲಿಸಿ ನೋಡಿ.,Kannada,Kannada script,Legitimate,Cashback / Reward / Lottery,,Telecom-like sender ID,Synthetic,Generated for PhishDetect India research dataset,Hard-negative/transactional example; no real personal identifiers.
KAN-L-0520,₹499 cashback ಮೂಲ payment methodಗೆ credit ಆಗಿದೆ. https://official.example/app ಸೇವೆಯ ಸ್ಥಿತಿಯನ್ನು ನಂತರ ಅಧಿಕೃತ portalನಲ್ಲಿ ಮತ್ತೆ ಪರಿಶೀಲಿಸಬಹುದು. ಈ ಮಾಹಿತಿಯಲ್ಲಿರುವ ಸೇವಾ ವಿವರಗಳನ್ನು ನಿಮ್ಮ ಅಧಿಕೃತ accountನಲ್ಲಿ ಪರಿಶೀಲಿಸಬಹುದು. ಯಾವುದೇ payment ಅಥವಾ identity action ಮಾಡುವ ಮೊದಲು ಅಧಿಕೃತ ಮಾಹಿತಿಯನ್ನು ಹೋಲಿಸಿ ನೋಡಿ. ಸಂಬಂಧಿತ service history ನಿಮ್ಮ official app ಅಥವಾ portalನಲ್ಲಿ ಪ್ರತ್ಯೇಕವಾಗಿ ಕಾಣಬಹುದು.,Kannada,Kannada script,Legitimate,Cashback / Reward / Lottery,https://official.example/app,Courier-like sender ID,Synthetic,Generated for PhishDetect India research dataset,Hard-negative/transactional example; no real personal identifiers.
KAN-L-0521,"ಸೇವಾ ಮಾಹಿತಿ: ನಿಮ್ಮ purchase refund ₹1,240 process ಆಗಿದೆ. https://portal.example/status ಈ ಮಾಹಿತಿಯಲ್ಲಿರುವ ಸೇವಾ ವಿವರಗಳನ್ನು ನಿಮ್ಮ ಅಧಿಕೃತ accountನಲ್ಲಿ ಪರಿಶೀಲಿಸಬಹುದು. ಯಾವುದೇ payment ಅಥವಾ identity action ಮಾಡುವ ಮೊದಲು ಅಧಿಕೃತ ಮಾಹಿತಿಯನ್ನು ಹೋಲಿಸಿ ನೋಡಿ. ಸಂಬಂಧಿತ service history ನಿಮ್ಮ official app ಅಥವಾ portalನಲ್ಲಿ ಪ್ರತ್ಯೇಕವಾಗಿ ಕಾಣಬಹುದು. ಸಂದೇಶದಲ್ಲಿರುವ ಸಮಯ, ಮೊತ್ತ ಮತ್ತು reference ವಿವರಗಳು service recordನಲ್ಲಿ ಕಾಣಿಸಬಹುದು.",Kannada,Kannada script,Legitimate,Cashback / Reward / Lottery,https://portal.example/status,Government-service-like sender ID,Synthetic,Generated for PhishDetect India research dataset,Hard-negative/transactional example; no real personal identifiers.
KAN-L-0522,"ನವೀಕರಣ: Promotional benefit accountಗೆ credit ಆಗಿದೆ. https://service.example/receipt ಯಾವುದೇ payment ಅಥವಾ identity action ಮಾಡುವ ಮೊದಲು ಅಧಿಕೃತ ಮಾಹಿತಿಯನ್ನು ಹೋಲಿಸಿ ನೋಡಿ. ಸಂಬಂಧಿತ service history ನಿಮ್ಮ official app ಅಥವಾ portalನಲ್ಲಿ ಪ್ರತ್ಯೇಕವಾಗಿ ಕಾಣಬಹುದು. ಸಂದೇಶದಲ್ಲಿರುವ ಸಮಯ, ಮೊತ್ತ ಮತ್ತು reference ವಿವರಗಳು service recordನಲ್ಲಿ ಕಾಣಿಸಬಹುದು. ನಿಮ್ಮ ಸಾಮಾನ್ಯ transaction record ಜೊತೆ ಈ ಸೂಚನೆಯನ್ನು ಪರಿಶೀಲಿಸುವುದು ಉಪಯುಕ್ತ.",Kannada,Kannada script,Legitimate,Cashback / Reward / Lottery,https://service.example/receipt,Merchant-like sender ID,Synthetic,Generated for PhishDetect India research dataset,Hard-negative/transactional example; no real personal identifiers.
KAN-L-0523,"Reward point balance official appನಲ್ಲಿ update ಆಗಿದೆ. ಅಧಿಕೃತ accountನಲ್ಲಿ status ಕೂಡ ಕಾಣಬಹುದು. ಸಂಬಂಧಿತ service history ನಿಮ್ಮ official app ಅಥವಾ portalನಲ್ಲಿ ಪ್ರತ್ಯೇಕವಾಗಿ ಕಾಣಬಹುದು. ಸಂದೇಶದಲ್ಲಿರುವ ಸಮಯ, ಮೊತ್ತ ಮತ್ತು reference ವಿವರಗಳು service recordನಲ್ಲಿ ಕಾಣಿಸಬಹುದು. ನಿಮ್ಮ ಸಾಮಾನ್ಯ transaction record ಜೊತೆ ಈ ಸೂಚನೆಯನ್ನು ಪರಿಶೀಲಿಸುವುದು ಉಪಯುಕ್ತ.",Kannada,Kannada script,Legitimate,Cashback / Reward / Lottery,,Generic numeric sender,Synthetic,Generated for PhishDetect India research dataset,Hard-negative/transactional example; no real personal identifiers.
KAN-L-0524,"Refund request [REF_ID] ಪ್ರಕ್ರಿಯೆ ಪೂರ್ಣಗೊಂಡಿದೆ. Reference number ಅನ್ನು ಸುರಕ್ಷಿತವಾಗಿ ಇಡಿ. ಸಂದೇಶದಲ್ಲಿರುವ ಸಮಯ, ಮೊತ್ತ ಮತ್ತು reference ವಿವರಗಳು service recordನಲ್ಲಿ ಕಾಣಿಸಬಹುದು. ನಿಮ್ಮ ಸಾಮಾನ್ಯ transaction record ಜೊತೆ ಈ ಸೂಚನೆಯನ್ನು ಪರಿಶೀಲಿಸುವುದು ಉಪಯುಕ್ತ. Account ಸಂಬಂಧಿತ ವಿನಂತಿಗಳಿಗೆ ಈಗಾಗಲೇ ತಿಳಿದಿರುವ ಅಧಿಕೃತ contact channel ಮಾತ್ರ ಬಳಸಿ. ಯಾವುದೇ ಸಮಸ್ಯೆಯಿದ್ದರೆ service providerನ ಅಧಿಕೃತ support option ಬಳಸಿ.",Kannada,Kannada script,Legitimate,Cashback / Reward / Lottery,,Short code,Synthetic,Generated for PhishDetect India research dataset,Hard-negative/transactional example; no real personal identifiers.
KAN-L-0525,₹249 cashback amount accountಗೆ credit ಆಗಿದೆ. ಈ message ಸೇವಾ ಪ್ರಕ್ರಿಯೆಯ ಮಾಹಿತಿಗಾಗಿ. ನಿಮ್ಮ ಸಾಮಾನ್ಯ transaction record ಜೊತೆ ಈ ಸೂಚನೆಯನ್ನು ಪರಿಶೀಲಿಸುವುದು ಉಪಯುಕ್ತ. Account ಸಂಬಂಧಿತ ವಿನಂತಿಗಳಿಗೆ ಈಗಾಗಲೇ ತಿಳಿದಿರುವ ಅಧಿಕೃತ contact channel ಮಾತ್ರ ಬಳಸಿ. ಯಾವುದೇ ಸಮಸ್ಯೆಯಿದ್ದರೆ service providerನ ಅಧಿಕೃತ support option ಬಳಸಿ. ಸೇವೆಯ ಸ್ಥಿತಿಯನ್ನು ನಂತರ ಅಧಿಕೃತ portalನಲ್ಲಿ ಮತ್ತೆ ಪರಿಶೀಲಿಸಬಹುದು.,Kannada,Kannada + English code-switching,Legitimate,Cashback / Reward / Lottery,,Unknown sender,Synthetic,Generated for PhishDetect India research dataset,Hard-negative/transactional example; no real personal identifiers.
KAN-L-0526,Order cancellation ನಂತರ refund process ಆರಂಭವಾಗಿದೆ. ಧನ್ಯವಾದಗಳು. Account ಸಂಬಂಧಿತ ವಿನಂತಿಗಳಿಗೆ ಈಗಾಗಲೇ ತಿಳಿದಿರುವ ಅಧಿಕೃತ contact channel ಮಾತ್ರ ಬಳಸಿ. ಯಾವುದೇ ಸಮಸ್ಯೆಯಿದ್ದರೆ service providerನ ಅಧಿಕೃತ support option ಬಳಸಿ. ಸೇವೆಯ ಸ್ಥಿತಿಯನ್ನು ನಂತರ ಅಧಿಕೃತ portalನಲ್ಲಿ ಮತ್ತೆ ಪರಿಶೀಲಿಸಬಹುದು. ಈ ಮಾಹಿತಿಯಲ್ಲಿರುವ ಸೇವಾ ವಿವರಗಳನ್ನು ನಿಮ್ಮ ಅಧಿಕೃತ accountನಲ್ಲಿ ಪರಿಶೀಲಿಸಬಹುದು.,Kannada,Kannada script,Legitimate,Cashback / Reward / Lottery,,Bank-like sender ID,Synthetic,Generated for PhishDetect India research dataset,Hard-negative/transactional example; no real personal identifiers.
KAN-L-0527,Payment reversal ಯಶಸ್ವಿಯಾಗಿ ಪೂರ್ಣಗೊಂಡಿದೆ. Customer service ವಿವರಗಳು accountನಲ್ಲಿ ಲಭ್ಯವಿವೆ. ಯಾವುದೇ ಸಮಸ್ಯೆಯಿದ್ದರೆ service providerನ ಅಧಿಕೃತ support option ಬಳಸಿ. ಸೇವೆಯ ಸ್ಥಿತಿಯನ್ನು ನಂತರ ಅಧಿಕೃತ portalನಲ್ಲಿ ಮತ್ತೆ ಪರಿಶೀಲಿಸಬಹುದು. ಈ ಮಾಹಿತಿಯಲ್ಲಿರುವ ಸೇವಾ ವಿವರಗಳನ್ನು ನಿಮ್ಮ ಅಧಿಕೃತ accountನಲ್ಲಿ ಪರಿಶೀಲಿಸಬಹುದು. ಯಾವುದೇ payment ಅಥವಾ identity action ಮಾಡುವ ಮೊದಲು ಅಧಿಕೃತ ಮಾಹಿತಿಯನ್ನು ಹೋಲಿಸಿ ನೋಡಿ.,Kannada,Kannada script,Legitimate,Cashback / Reward / Lottery,,Telecom-like sender ID,Synthetic,Generated for PhishDetect India research dataset,Hard-negative/transactional example; no real personal identifiers.
KAN-L-0528,ನವೀಕರಣ: ನಿಮ್ಮ order [ORDER_ID] confirmed ಆಗಿದೆ.,Kannada,Kannada script,Legitimate,Shopping / E-commerce,,Courier-like sender ID,Synthetic,Generated for PhishDetect India research dataset,Hard-negative/transactional example; no real personal identifiers.
KAN-L-0529,"ನಿಮ್ಮ orderಗೆ ₹1,999 payment ಯಶಸ್ವಿಯಾಗಿದೆ.",Kannada,Kannada script,Legitimate,Shopping / E-commerce,,Government-service-like sender ID,Synthetic,Generated for PhishDetect India research dataset,Hard-negative/transactional example; no real personal identifiers.
KAN-L-0530,Package pack ಆಗಿ dispatchಗೆ ಸಿದ್ಧವಾಗಿದೆ. https://service.example/receipt,Kannada,Kannada script,Legitimate,Shopping / E-commerce,https://service.example/receipt,Merchant-like sender ID,Synthetic,Generated for PhishDetect India research dataset,Hard-negative/transactional example; no real personal identifiers.
KAN-L-0531,ನಿಮ್ಮ order deliveryಗೆ ಹೊರಟಿದೆ. https://track.example/order,Kannada,Kannada script,Legitimate,Shopping / E-commerce,https://track.example/order,Generic numeric sender,Synthetic,Generated for PhishDetect India research dataset,Hard-negative/transactional example; no real personal identifiers.
KAN-L-0532,Return request ದಾಖಲಾಗಿದೆ. https://official.example/app,Kannada,Kannada + English code-switching,Legitimate,Shopping / E-commerce,https://official.example/app,Short code,Synthetic,Generated for PhishDetect India research dataset,Hard-negative/transactional example; no real personal identifiers.
KAN-L-0533,Return pickup [DATE]ಕ್ಕೆ ನಿಗದಿಯಾಗಿದೆ.,Kannada,Kannada script,Legitimate,Shopping / E-commerce,,Unknown sender,Synthetic,Generated for PhishDetect India research dataset,Hard-negative/transactional example; no real personal identifiers.
KAN-L-0534,ನವೀಕರಣ: Order cancel ಆಗಿದ್ದು refund process ಆರಂಭವಾಗಿದೆ. Account ಸಂಬಂಧಿತ ವಿನಂತಿಗಳಿಗೆ ಈಗಾಗಲೇ ತಿಳಿದಿರುವ ಅಧಿಕೃತ contact channel ಮಾತ್ರ ಬಳಸಿ. ಯಾವುದೇ ಸಮಸ್ಯೆಯಿದ್ದರೆ service providerನ ಅಧಿಕೃತ support option ಬಳಸಿ. ಸೇವೆಯ ಸ್ಥಿತಿಯನ್ನು ನಂತರ ಅಧಿಕೃತ portalನಲ್ಲಿ ಮತ್ತೆ ಪರಿಶೀಲಿಸಬಹುದು. ಈ ಮಾಹಿತಿಯಲ್ಲಿರುವ ಸೇವಾ ವಿವರಗಳನ್ನು ನಿಮ್ಮ ಅಧಿಕೃತ accountನಲ್ಲಿ ಪರಿಶೀಲಿಸಬಹುದು.,Kannada,Kannada script,Legitimate,Shopping / E-commerce,,Bank-like sender ID,Synthetic,Generated for PhishDetect India research dataset,Hard-negative/transactional example; no real personal identifiers.
KAN-L-0535,Purchase receipt accountನಲ್ಲಿ ಲಭ್ಯವಿದೆ.,Kannada,Kannada script,Legitimate,Shopping / E-commerce,,Telecom-like sender ID,Synthetic,Generated for PhishDetect India research dataset,Hard-negative/transactional example; no real personal identifiers.
KAN-L-0536,Order [ORDER_ID] delivery status update ಆಗಿದೆ. ಧನ್ಯವಾದಗಳು. ಸೇವೆಯ ಸ್ಥಿತಿಯನ್ನು ನಂತರ ಅಧಿಕೃತ portalನಲ್ಲಿ ಮತ್ತೆ ಪರಿಶೀಲಿಸಬಹುದು. ಈ ಮಾಹಿತಿಯಲ್ಲಿರುವ ಸೇವಾ ವಿವರಗಳನ್ನು ನಿಮ್ಮ ಅಧಿಕೃತ accountನಲ್ಲಿ ಪರಿಶೀಲಿಸಬಹುದು. ಯಾವುದೇ payment ಅಥವಾ identity action ಮಾಡುವ ಮೊದಲು ಅಧಿಕೃತ ಮಾಹಿತಿಯನ್ನು ಹೋಲಿಸಿ ನೋಡಿ. ಸಂಬಂಧಿತ service history ನಿಮ್ಮ official app ಅಥವಾ portalನಲ್ಲಿ ಪ್ರತ್ಯೇಕವಾಗಿ ಕಾಣಬಹುದು.,Kannada,Kannada script,Legitimate,Shopping / E-commerce,,Courier-like sender ID,Synthetic,Generated for PhishDetect India research dataset,Hard-negative/transactional example; no real personal identifiers.
KAN-L-0537,Service booking request ಯಶಸ್ವಿಯಾಗಿ ದಾಖಲಾಗಿದೆ.,Kannada,Kannada script,Legitimate,Shopping / E-commerce,,Government-service-like sender ID,Synthetic,Generated for PhishDetect India research dataset,Hard-negative/transactional example; no real personal identifiers.
KAN-L-0538,ನಿಮ್ಮ order [ORDER_ID] confirmed ಆಗಿದೆ.,Kannada,Kannada script,Legitimate,Shopping / E-commerce,,Merchant-like sender ID,Synthetic,Generated for PhishDetect India research dataset,Hard-negative/transactional example; no real personal identifiers.
KAN-L-0539,"ಸೇವಾ ಮಾಹಿತಿ: ನಿಮ್ಮ orderಗೆ ₹1,999 payment ಯಶಸ್ವಿಯಾಗಿದೆ. ಸಂಬಂಧಿತ service history ನಿಮ್ಮ official app ಅಥವಾ portalನಲ್ಲಿ ಪ್ರತ್ಯೇಕವಾಗಿ ಕಾಣಬಹುದು. ಸಂದೇಶದಲ್ಲಿರುವ ಸಮಯ, ಮೊತ್ತ ಮತ್ತು reference ವಿವರಗಳು service recordನಲ್ಲಿ ಕಾಣಿಸಬಹುದು. ನಿಮ್ಮ ಸಾಮಾನ್ಯ transaction record ಜೊತೆ ಈ ಸೂಚನೆಯನ್ನು ಪರಿಶೀಲಿಸುವುದು ಉಪಯುಕ್ತ. Account ಸಂಬಂಧಿತ ವಿನಂತಿಗಳಿಗೆ ಈಗಾಗಲೇ ತಿಳಿದಿರುವ ಅಧಿಕೃತ contact channel ಮಾತ್ರ ಬಳಸಿ.",Kannada,Kannada + English code-switching,Legitimate,Shopping / E-commerce,,Generic numeric sender,Synthetic,Generated for PhishDetect India research dataset,Hard-negative/transactional example; no real personal identifiers.
KAN-L-0540,"ನವೀಕರಣ: Package pack ಆಗಿ dispatchಗೆ ಸಿದ್ಧವಾಗಿದೆ. https://official.example/app ಸಂದೇಶದಲ್ಲಿರುವ ಸಮಯ, ಮೊತ್ತ ಮತ್ತು reference ವಿವರಗಳು service recordನಲ್ಲಿ ಕಾಣಿಸಬಹುದು. ನಿಮ್ಮ ಸಾಮಾನ್ಯ transaction record ಜೊತೆ ಈ ಸೂಚನೆಯನ್ನು ಪರಿಶೀಲಿಸುವುದು ಉಪಯುಕ್ತ. Account ಸಂಬಂಧಿತ ವಿನಂತಿಗಳಿಗೆ ಈಗಾಗಲೇ ತಿಳಿದಿರುವ ಅಧಿಕೃತ contact channel ಮಾತ್ರ ಬಳಸಿ. ಯಾವುದೇ ಸಮಸ್ಯೆಯಿದ್ದರೆ service providerನ ಅಧಿಕೃತ support option ಬಳಸಿ.",Kannada,Kannada script,Legitimate,Shopping / E-commerce,https://official.example/app,Short code,Synthetic,Generated for PhishDetect India research dataset,Hard-negative/transactional example; no real personal identifiers.
KAN-L-0541,ನಿಮ್ಮ order deliveryಗೆ ಹೊರಟಿದೆ. https://portal.example/status,Kannada,Kannada script,Legitimate,Shopping / E-commerce,https://portal.example/status,Unknown sender,Synthetic,Generated for PhishDetect India research dataset,Hard-negative/transactional example; no real personal identifiers.
KAN-L-0542,Return request ದಾಖಲಾಗಿದೆ. https://service.example/receipt,Kannada,Kannada script,Legitimate,Shopping / E-commerce,https://service.example/receipt,Bank-like sender ID,Synthetic,Generated for PhishDetect India research dataset,Hard-negative/transactional example; no real personal identifiers.
KAN-L-0543,Return pickup [DATE]ಕ್ಕೆ ನಿಗದಿಯಾಗಿದೆ. Customer service ವಿವರಗಳು accountನಲ್ಲಿ ಲಭ್ಯವಿವೆ. ಯಾವುದೇ ಸಮಸ್ಯೆಯಿದ್ದರೆ service providerನ ಅಧಿಕೃತ support option ಬಳಸಿ. ಸೇವೆಯ ಸ್ಥಿತಿಯನ್ನು ನಂತರ ಅಧಿಕೃತ portalನಲ್ಲಿ ಮತ್ತೆ ಪರಿಶೀಲಿಸಬಹುದು. ಈ ಮಾಹಿತಿಯಲ್ಲಿರುವ ಸೇವಾ ವಿವರಗಳನ್ನು ನಿಮ್ಮ ಅಧಿಕೃತ accountನಲ್ಲಿ ಪರಿಶೀಲಿಸಬಹುದು. ಯಾವುದೇ payment ಅಥವಾ identity action ಮಾಡುವ ಮೊದಲು ಅಧಿಕೃತ ಮಾಹಿತಿಯನ್ನು ಹೋಲಿಸಿ ನೋಡಿ.,Kannada,Kannada script,Legitimate,Shopping / E-commerce,,Telecom-like sender ID,Synthetic,Generated for PhishDetect India research dataset,Hard-negative/transactional example; no real personal identifiers.
KAN-L-0544,Order cancel ಆಗಿದ್ದು refund process ಆರಂಭವಾಗಿದೆ. ಧನ್ಯವಾದಗಳು. ಸೇವೆಯ ಸ್ಥಿತಿಯನ್ನು ನಂತರ ಅಧಿಕೃತ portalನಲ್ಲಿ ಮತ್ತೆ ಪರಿಶೀಲಿಸಬಹುದು. ಈ ಮಾಹಿತಿಯಲ್ಲಿರುವ ಸೇವಾ ವಿವರಗಳನ್ನು ನಿಮ್ಮ ಅಧಿಕೃತ accountನಲ್ಲಿ ಪರಿಶೀಲಿಸಬಹುದು. ಯಾವುದೇ payment ಅಥವಾ identity action ಮಾಡುವ ಮೊದಲು ಅಧಿಕೃತ ಮಾಹಿತಿಯನ್ನು ಹೋಲಿಸಿ ನೋಡಿ. ಸಂಬಂಧಿತ service history ನಿಮ್ಮ official app ಅಥವಾ portalನಲ್ಲಿ ಪ್ರತ್ಯೇಕವಾಗಿ ಕಾಣಬಹುದು.,Kannada,Kannada script,Legitimate,Shopping / E-commerce,,Courier-like sender ID,Synthetic,Generated for PhishDetect India research dataset,Hard-negative/transactional example; no real personal identifiers.
KAN-L-0545,"Purchase receipt accountನಲ್ಲಿ ಲಭ್ಯವಿದೆ. ಮಾಹಿತಿ ಸಂಖ್ಯೆ KAN-01. ಈ ಮಾಹಿತಿಯಲ್ಲಿರುವ ಸೇವಾ ವಿವರಗಳನ್ನು ನಿಮ್ಮ ಅಧಿಕೃತ accountನಲ್ಲಿ ಪರಿಶೀಲಿಸಬಹುದು. ಯಾವುದೇ payment ಅಥವಾ identity action ಮಾಡುವ ಮೊದಲು ಅಧಿಕೃತ ಮಾಹಿತಿಯನ್ನು ಹೋಲಿಸಿ ನೋಡಿ. ಸಂಬಂಧಿತ service history ನಿಮ್ಮ official app ಅಥವಾ portalನಲ್ಲಿ ಪ್ರತ್ಯೇಕವಾಗಿ ಕಾಣಬಹುದು. ಸಂದೇಶದಲ್ಲಿರುವ ಸಮಯ, ಮೊತ್ತ ಮತ್ತು reference ವಿವರಗಳು service recordನಲ್ಲಿ ಕಾಣಿಸಬಹುದು.",Kannada,Kannada script,Legitimate,Shopping / E-commerce,,Government-service-like sender ID,Synthetic,Generated for PhishDetect India research dataset,Hard-negative/transactional example; no real personal identifiers.
KAN-L-0546,"ನವೀಕರಣ: ₹1,240 electricity bill payment ಯಶಸ್ವಿಯಾಗಿದೆ. Receipt [REF_ID]. ಯಾವುದೇ payment ಅಥವಾ identity action ಮಾಡುವ ಮೊದಲು ಅಧಿಕೃತ ಮಾಹಿತಿಯನ್ನು ಹೋಲಿಸಿ ನೋಡಿ. ಸಂಬಂಧಿತ service history ನಿಮ್ಮ official app ಅಥವಾ portalನಲ್ಲಿ ಪ್ರತ್ಯೇಕವಾಗಿ ಕಾಣಬಹುದು. ಸಂದೇಶದಲ್ಲಿರುವ ಸಮಯ, ಮೊತ್ತ ಮತ್ತು reference ವಿವರಗಳು service recordನಲ್ಲಿ ಕಾಣಿಸಬಹುದು. ನಿಮ್ಮ ಸಾಮಾನ್ಯ transaction record ಜೊತೆ ಈ ಸೂಚನೆಯನ್ನು ಪರಿಶೀಲಿಸುವುದು ಉಪಯುಕ್ತ.",Kannada,Kannada + English code-switching,Legitimate,Electricity / Utility,,Merchant-like sender ID,Synthetic,Generated for PhishDetect India research dataset,Hard-negative/transactional example; no real personal identifiers.
KAN-L-0547,ನಿಮ್ಮ electricity bill ಅಧಿಕೃತ portalನಲ್ಲಿ ಲಭ್ಯವಿದೆ.,Kannada,Kannada script,Legitimate,Electricity / Utility,,Generic numeric sender,Synthetic,Generated for PhishDetect India research dataset,Hard-negative/transactional example; no real personal identifiers.
KAN-L-0548,Meter reading [DATE]ರಂದು ದಾಖಲಾಗಿದೆ.,Kannada,Kannada script,Legitimate,Electricity / Utility,,Short code,Synthetic,Generated for PhishDetect India research dataset,Hard-negative/transactional example; no real personal identifiers.
KAN-L-0549,Electricity complaint [REF_ID] ಆಗಿ ದಾಖಲಾಗಿದೆ.,Kannada,Kannada script,Legitimate,Electricity / Utility,,Unknown sender,Synthetic,Generated for PhishDetect India research dataset,Hard-negative/transactional example; no real personal identifiers.
KAN-L-0550,Electricity service request ಯಶಸ್ವಿಯಾಗಿ ನೋಂದಾಯಿಸಲಾಗಿದೆ. https://service.example/receipt,Kannada,Romanized Kannada (small minority),Legitimate,Electricity / Utility,https://service.example/receipt,Bank-like sender ID,Synthetic,Generated for PhishDetect India research dataset,Hard-negative/transactional example; no real personal identifiers.
KAN-L-0551,₹850 utility payment ಯಶಸ್ವಿಯಾಗಿದೆ. https://track.example/order,Kannada,Kannada script,Legitimate,Electricity / Utility,https://track.example/order,Telecom-like sender ID,Synthetic,Generated for PhishDetect India research dataset,Hard-negative/transactional example; no real personal identifiers.
KAN-L-0552,ನವೀಕರಣ: Electricity service appointment [DATE]ಕ್ಕೆ ಇದೆ. https://official.example/app ಸೇವೆಯ ಸ್ಥಿತಿಯನ್ನು ನಂತರ ಅಧಿಕೃತ portalನಲ್ಲಿ ಮತ್ತೆ ಪರಿಶೀಲಿಸಬಹುದು. ಈ ಮಾಹಿತಿಯಲ್ಲಿರುವ ಸೇವಾ ವಿವರಗಳನ್ನು ನಿಮ್ಮ ಅಧಿಕೃತ accountನಲ್ಲಿ ಪರಿಶೀಲಿಸಬಹುದು. ಯಾವುದೇ payment ಅಥವಾ identity action ಮಾಡುವ ಮೊದಲು ಅಧಿಕೃತ ಮಾಹಿತಿಯನ್ನು ಹೋಲಿಸಿ ನೋಡಿ. ಸಂಬಂಧಿತ service history ನಿಮ್ಮ official app ಅಥವಾ portalನಲ್ಲಿ ಪ್ರತ್ಯೇಕವಾಗಿ ಕಾಣಬಹುದು.,Kannada,Kannada script,Legitimate,Electricity / Utility,https://official.example/app,Courier-like sender ID,Synthetic,Generated for PhishDetect India research dataset,Hard-negative/transactional example; no real personal identifiers.
KAN-L-0553,Bill payment receipt official accountನಲ್ಲಿ ಲಭ್ಯವಿದೆ.,Kannada,Kannada + English code-switching,Legitimate,Electricity / Utility,,Government-service-like sender ID,Synthetic,Generated for PhishDetect India research dataset,Hard-negative/transactional example; no real personal identifiers.
KAN-L-0554,Meter service request reviewನಲ್ಲಿ ಇದೆ. ಧನ್ಯವಾದಗಳು.,Kannada,Kannada script,Legitimate,Electricity / Utility,,Merchant-like sender ID,Synthetic,Generated for PhishDetect India research dataset,Hard-negative/transactional example; no real personal identifiers.
KAN-L-0555,Electricity payment status update ಆಗಿದೆ.,Kannada,Kannada script,Legitimate,Electricity / Utility,,Generic numeric sender,Synthetic,Generated for PhishDetect India research dataset,Hard-negative/transactional example; no real personal identifiers.
KAN-L-0556,"₹1,240 electricity bill payment ಯಶಸ್ವಿಯಾಗಿದೆ. Receipt [REF_ID]. ಸಂದೇಶದಲ್ಲಿರುವ ಸಮಯ, ಮೊತ್ತ ಮತ್ತು reference ವಿವರಗಳು service recordನಲ್ಲಿ ಕಾಣಿಸಬಹುದು. ನಿಮ್ಮ ಸಾಮಾನ್ಯ transaction record ಜೊತೆ ಈ ಸೂಚನೆಯನ್ನು ಪರಿಶೀಲಿಸುವುದು ಉಪಯುಕ್ತ. Account ಸಂಬಂಧಿತ ವಿನಂತಿಗಳಿಗೆ ಈಗಾಗಲೇ ತಿಳಿದಿರುವ ಅಧಿಕೃತ contact channel ಮಾತ್ರ ಬಳಸಿ. ಯಾವುದೇ ಸಮಸ್ಯೆಯಿದ್ದರೆ service providerನ ಅಧಿಕೃತ support option ಬಳಸಿ.",Kannada,Kannada script,Legitimate,Electricity / Utility,,Short code,Synthetic,Generated for PhishDetect India research dataset,Hard-negative/transactional example; no real personal identifiers.
KAN-L-0557,ಸೇವಾ ಮಾಹಿತಿ: ನಿಮ್ಮ electricity bill ಅಧಿಕೃತ portalನಲ್ಲಿ ಲಭ್ಯವಿದೆ. ನಿಮ್ಮ ಸಾಮಾನ್ಯ transaction record ಜೊತೆ ಈ ಸೂಚನೆಯನ್ನು ಪರಿಶೀಲಿಸುವುದು ಉಪಯುಕ್ತ. Account ಸಂಬಂಧಿತ ವಿನಂತಿಗಳಿಗೆ ಈಗಾಗಲೇ ತಿಳಿದಿರುವ ಅಧಿಕೃತ contact channel ಮಾತ್ರ ಬಳಸಿ. ಯಾವುದೇ ಸಮಸ್ಯೆಯಿದ್ದರೆ service providerನ ಅಧಿಕೃತ support option ಬಳಸಿ. ಸೇವೆಯ ಸ್ಥಿತಿಯನ್ನು ನಂತರ ಅಧಿಕೃತ portalನಲ್ಲಿ ಮತ್ತೆ ಪರಿಶೀಲಿಸಬಹುದು.,Kannada,Kannada script,Legitimate,Electricity / Utility,,Unknown sender,Synthetic,Generated for PhishDetect India research dataset,Hard-negative/transactional example; no real personal identifiers.
KAN-L-0558,ನವೀಕರಣ: Meter reading [DATE]ರಂದು ದಾಖಲಾಗಿದೆ.,Kannada,Kannada script,Legitimate,Electricity / Utility,,Bank-like sender ID,Synthetic,Generated for PhishDetect India research dataset,Hard-negative/transactional example; no real personal identifiers.
KAN-L-0559,Electricity complaint [REF_ID] ಆಗಿ ದಾಖಲಾಗಿದೆ. Customer service ವಿವರಗಳು accountನಲ್ಲಿ ಲಭ್ಯವಿವೆ. ಯಾವುದೇ ಸಮಸ್ಯೆಯಿದ್ದರೆ service providerನ ಅಧಿಕೃತ support option ಬಳಸಿ. ಸೇವೆಯ ಸ್ಥಿತಿಯನ್ನು ನಂತರ ಅಧಿಕೃತ portalನಲ್ಲಿ ಮತ್ತೆ ಪರಿಶೀಲಿಸಬಹುದು. ಈ ಮಾಹಿತಿಯಲ್ಲಿರುವ ಸೇವಾ ವಿವರಗಳನ್ನು ನಿಮ್ಮ ಅಧಿಕೃತ accountನಲ್ಲಿ ಪರಿಶೀಲಿಸಬಹುದು. ಯಾವುದೇ payment ಅಥವಾ identity action ಮಾಡುವ ಮೊದಲು ಅಧಿಕೃತ ಮಾಹಿತಿಯನ್ನು ಹೋಲಿಸಿ ನೋಡಿ.,Kannada,Kannada script,Legitimate,Electricity / Utility,,Telecom-like sender ID,Synthetic,Generated for PhishDetect India research dataset,Hard-negative/transactional example; no real personal identifiers.
KAN-L-0560,ನವೀಕರಣ: ₹249 mobile recharge ಯಶಸ್ವಿಯಾಗಿದೆ. https://official.example/app,Kannada,Kannada + English code-switching,Legitimate,SIM / Telecom,https://official.example/app,Courier-like sender ID,Synthetic,Generated for PhishDetect India research dataset,Hard-negative/transactional example; no real personal identifiers.
KAN-L-0561,Data pack ಸಕ್ರಿಯವಾಗಿದೆ. https://portal.example/status,Kannada,Kannada script,Legitimate,SIM / Telecom,https://portal.example/status,Government-service-like sender ID,Synthetic,Generated for PhishDetect India research dataset,Hard-negative/transactional example; no real personal identifiers.
KAN-L-0562,Prepaid plan [DATE]ರವರೆಗೆ valid ಆಗಿದೆ. https://service.example/receipt,Kannada,Kannada script,Legitimate,SIM / Telecom,https://service.example/receipt,Merchant-like sender ID,Synthetic,Generated for PhishDetect India research dataset,Hard-negative/transactional example; no real personal identifiers.
KAN-L-0563,₹499 postpaid bill payment ಯಶಸ್ವಿಯಾಗಿದೆ.,Kannada,Kannada script,Legitimate,SIM / Telecom,,Generic numeric sender,Synthetic,Generated for PhishDetect India research dataset,Hard-negative/transactional example; no real personal identifiers.
KAN-L-0564,Mobile service request [REF_ID] ದಾಖಲಾಗಿದೆ.,Kannada,Kannada script,Legitimate,SIM / Telecom,,Short code,Synthetic,Generated for PhishDetect India research dataset,Hard-negative/transactional example; no real personal identifiers.
KAN-L-0565,Broadband payment ಸ್ವೀಕರಿಸಲಾಗಿದೆ.,Kannada,Kannada script,Legitimate,SIM / Telecom,,Unknown sender,Synthetic,Generated for PhishDetect India research dataset,Hard-negative/transactional example; no real personal identifiers.
KAN-L-0566,ನವೀಕರಣ: SIM replacement request ದಾಖಲಾಗಿದೆ.,Kannada,Kannada script,Legitimate,SIM / Telecom,,Bank-like sender ID,Synthetic,Generated for PhishDetect India research dataset,Hard-negative/transactional example; no real personal identifiers.
KAN-L-0567,Data add-on ಯಶಸ್ವಿಯಾಗಿ activate ಆಗಿದೆ.,Kannada,Kannada + English code-switching,Legitimate,SIM / Telecom,,Telecom-like sender ID,Synthetic,Generated for PhishDetect India research dataset,Hard-negative/transactional example; no real personal identifiers.
KAN-L-0568,Recharge receipt official appನಲ್ಲಿ ಲಭ್ಯವಿದೆ. ಧನ್ಯವಾದಗಳು.,Kannada,Kannada script,Legitimate,SIM / Telecom,,Courier-like sender ID,Synthetic,Generated for PhishDetect India research dataset,Hard-negative/transactional example; no real personal identifiers.
KAN-L-0569,ನಿಮ್ಮ service plan ಯಶಸ್ವಿಯಾಗಿ renew ಆಗಿದೆ.,Kannada,Kannada script,Legitimate,SIM / Telecom,,Government-service-like sender ID,Synthetic,Generated for PhishDetect India research dataset,Hard-negative/transactional example; no real personal identifiers.
KAN-L-0570,₹249 mobile recharge ಯಶಸ್ವಿಯಾಗಿದೆ. https://service.example/receipt,Kannada,Kannada script,Legitimate,SIM / Telecom,https://service.example/receipt,Merchant-like sender ID,Synthetic,Generated for PhishDetect India research dataset,Hard-negative/transactional example; no real personal identifiers.
KAN-L-0571,ಸೇವಾ ಮಾಹಿತಿ: Data pack ಸಕ್ರಿಯವಾಗಿದೆ. https://track.example/order,Kannada,Kannada script,Legitimate,SIM / Telecom,https://track.example/order,Generic numeric sender,Synthetic,Generated for PhishDetect India research dataset,Hard-negative/transactional example; no real personal identifiers.
KAN-L-0572,"ನವೀಕರಣ: Prepaid plan [DATE]ರವರೆಗೆ valid ಆಗಿದೆ. https://official.example/app ಸಂದೇಶದಲ್ಲಿರುವ ಸಮಯ, ಮೊತ್ತ ಮತ್ತು reference ವಿವರಗಳು service recordನಲ್ಲಿ ಕಾಣಿಸಬಹುದು. ನಿಮ್ಮ ಸಾಮಾನ್ಯ transaction record ಜೊತೆ ಈ ಸೂಚನೆಯನ್ನು ಪರಿಶೀಲಿಸುವುದು ಉಪಯುಕ್ತ. Account ಸಂಬಂಧಿತ ವಿನಂತಿಗಳಿಗೆ ಈಗಾಗಲೇ ತಿಳಿದಿರುವ ಅಧಿಕೃತ contact channel ಮಾತ್ರ ಬಳಸಿ. ಯಾವುದೇ ಸಮಸ್ಯೆಯಿದ್ದರೆ service providerನ ಅಧಿಕೃತ support option ಬಳಸಿ.",Kannada,Kannada script,Legitimate,SIM / Telecom,https://official.example/app,Short code,Synthetic,Generated for PhishDetect India research dataset,Hard-negative/transactional example; no real personal identifiers.
KAN-L-0573,₹499 postpaid bill payment ಯಶಸ್ವಿಯಾಗಿದೆ. ಈ message ಸೇವಾ ಪ್ರಕ್ರಿಯೆಯ ಮಾಹಿತಿಗಾಗಿ. ನಿಮ್ಮ ಸಾಮಾನ್ಯ transaction record ಜೊತೆ ಈ ಸೂಚನೆಯನ್ನು ಪರಿಶೀಲಿಸುವುದು ಉಪಯುಕ್ತ. Account ಸಂಬಂಧಿತ ವಿನಂತಿಗಳಿಗೆ ಈಗಾಗಲೇ ತಿಳಿದಿರುವ ಅಧಿಕೃತ contact channel ಮಾತ್ರ ಬಳಸಿ. ಯಾವುದೇ ಸಮಸ್ಯೆಯಿದ್ದರೆ service providerನ ಅಧಿಕೃತ support option ಬಳಸಿ. ಸೇವೆಯ ಸ್ಥಿತಿಯನ್ನು ನಂತರ ಅಧಿಕೃತ portalನಲ್ಲಿ ಮತ್ತೆ ಪರಿಶೀಲಿಸಬಹುದು.,Kannada,Kannada script,Legitimate,SIM / Telecom,,Unknown sender,Synthetic,Generated for PhishDetect India research dataset,Hard-negative/transactional example; no real personal identifiers.
KAN-L-0574,"ನವೀಕರಣ: ₹3,499 insurance premium payment ಯಶಸ್ವಿಯಾಗಿ ಸ್ವೀಕರಿಸಲಾಗಿದೆ. Account ಸಂಬಂಧಿತ ವಿನಂತಿಗಳಿಗೆ ಈಗಾಗಲೇ ತಿಳಿದಿರುವ ಅಧಿಕೃತ contact channel ಮಾತ್ರ ಬಳಸಿ. ಯಾವುದೇ ಸಮಸ್ಯೆಯಿದ್ದರೆ service providerನ ಅಧಿಕೃತ support option ಬಳಸಿ. ಸೇವೆಯ ಸ್ಥಿತಿಯನ್ನು ನಂತರ ಅಧಿಕೃತ portalನಲ್ಲಿ ಮತ್ತೆ ಪರಿಶೀಲಿಸಬಹುದು. ಈ ಮಾಹಿತಿಯಲ್ಲಿರುವ ಸೇವಾ ವಿವರಗಳನ್ನು ನಿಮ್ಮ ಅಧಿಕೃತ accountನಲ್ಲಿ ಪರಿಶೀಲಿಸಬಹುದು.",Kannada,Kannada + English code-switching,Legitimate,Insurance,,Bank-like sender ID,Synthetic,Generated for PhishDetect India research dataset,Hard-negative/transactional example; no real personal identifiers.
KAN-L-0575,Insurance claim [REF_ID] ದಾಖಲಾಗಿದೆ.,Kannada,Romanized Kannada (small minority),Legitimate,Insurance,,Telecom-like sender ID,Synthetic,Generated for PhishDetect India research dataset,Hard-negative/transactional example; no real personal identifiers.
KAN-L-0576,Policy renewal receipt ಲಭ್ಯವಿದೆ.,Kannada,Kannada script,Legitimate,Insurance,,Courier-like sender ID,Synthetic,Generated for PhishDetect India research dataset,Hard-negative/transactional example; no real personal identifiers.
KAN-L-0577,Claim documents ಯಶಸ್ವಿಯಾಗಿ ಸ್ವೀಕರಿಸಲಾಗಿದೆ.,Kannada,Kannada script,Legitimate,Insurance,,Government-service-like sender ID,Synthetic,Generated for PhishDetect India research dataset,Hard-negative/transactional example; no real personal identifiers.
KAN-L-0578,Policy statement official accountನಲ್ಲಿ ಲಭ್ಯವಿದೆ.,Kannada,Kannada script,Legitimate,Insurance,,Merchant-like sender ID,Synthetic,Generated for PhishDetect India research dataset,Hard-negative/transactional example; no real personal identifiers.
KAN-L-0579,Premium payment [TXN_ID] ಅಡಿಯಲ್ಲಿ ದಾಖಲಾಗಿದೆ.,Kannada,Kannada script,Legitimate,Insurance,,Generic numeric sender,Synthetic,Generated for PhishDetect India research dataset,Hard-negative/transactional example; no real personal identifiers.
KAN-L-0580,ನವೀಕರಣ: Claim status update ಆಗಿದೆ. https://official.example/app,Kannada,Kannada script,Legitimate,Insurance,https://official.example/app,Short code,Synthetic,Generated for PhishDetect India research dataset,Hard-negative/transactional example; no real personal identifiers.
KAN-L-0581,Policy service request ಯಶಸ್ವಿಯಾಗಿ ದಾಖಲಾಗಿದೆ. https://portal.example/status,Kannada,Kannada + English code-switching,Legitimate,Insurance,https://portal.example/status,Unknown sender,Synthetic,Generated for PhishDetect India research dataset,Hard-negative/transactional example; no real personal identifiers.
KAN-L-0582,ಮುಂದಿನ policy installment [DATE]ರಂದು ಇದೆ. ಧನ್ಯವಾದಗಳು. https://service.example/receipt Account ಸಂಬಂಧಿತ ವಿನಂತಿಗಳಿಗೆ ಈಗಾಗಲೇ ತಿಳಿದಿರುವ ಅಧಿಕೃತ contact channel ಮಾತ್ರ ಬಳಸಿ. ಯಾವುದೇ ಸಮಸ್ಯೆಯಿದ್ದರೆ service providerನ ಅಧಿಕೃತ support option ಬಳಸಿ. ಸೇವೆಯ ಸ್ಥಿತಿಯನ್ನು ನಂತರ ಅಧಿಕೃತ portalನಲ್ಲಿ ಮತ್ತೆ ಪರಿಶೀಲಿಸಬಹುದು. ಈ ಮಾಹಿತಿಯಲ್ಲಿರುವ ಸೇವಾ ವಿವರಗಳನ್ನು ನಿಮ್ಮ ಅಧಿಕೃತ accountನಲ್ಲಿ ಪರಿಶೀಲಿಸಬಹುದು.,Kannada,Kannada script,Legitimate,Insurance,https://service.example/receipt,Bank-like sender ID,Synthetic,Generated for PhishDetect India research dataset,Hard-negative/transactional example; no real personal identifiers.
KAN-L-0583,ನವೀಕರಣ: Investment account statement ಲಭ್ಯವಿದೆ.,Kannada,Kannada script,Legitimate,Investment / Trading,,Telecom-like sender ID,Synthetic,Generated for PhishDetect India research dataset,Hard-negative/transactional example; no real personal identifiers.
KAN-L-0584,Mutual fund transaction [TXN_ID] ಯಶಸ್ವಿಯಾಗಿದೆ.,Kannada,Kannada script,Legitimate,Investment / Trading,,Courier-like sender ID,Synthetic,Generated for PhishDetect India research dataset,Hard-negative/transactional example; no real personal identifiers.
KAN-L-0585,"Trading accountಗೆ ₹5,000 credit ಆಗಿದೆ.",Kannada,Kannada script,Legitimate,Investment / Trading,,Government-service-like sender ID,Synthetic,Generated for PhishDetect India research dataset,Hard-negative/transactional example; no real personal identifiers.
KAN-L-0586,SIP payment ಯಶಸ್ವಿಯಾಗಿ process ಆಗಿದೆ.,Kannada,Kannada script,Legitimate,Investment / Trading,,Merchant-like sender ID,Synthetic,Generated for PhishDetect India research dataset,Hard-negative/transactional example; no real personal identifiers.
KAN-L-0587,Investment redemption request receipt ಲಭ್ಯವಿದೆ.,Kannada,Kannada script,Legitimate,Investment / Trading,,Generic numeric sender,Synthetic,Generated for PhishDetect India research dataset,Hard-negative/transactional example; no real personal identifiers.
KAN-L-0588,Trading account profile update ಆಗಿದೆ.,Kannada,Kannada + English code-switching,Legitimate,Investment / Trading,,Short code,Synthetic,Generated for PhishDetect India research dataset,Hard-negative/transactional example; no real personal identifiers.
KAN-L-0589,ನವೀಕರಣ: Investment service request [REF_ID] ದಾಖಲಾಗಿದೆ.,Kannada,Kannada script,Legitimate,Investment / Trading,,Unknown sender,Synthetic,Generated for PhishDetect India research dataset,Hard-negative/transactional example; no real personal identifiers.
KAN-L-0590,Portfolio report official accountನಲ್ಲಿ ಲಭ್ಯವಿದೆ. https://service.example/receipt,Kannada,Kannada script,Legitimate,Investment / Trading,https://service.example/receipt,Bank-like sender ID,Synthetic,Generated for PhishDetect India research dataset,Hard-negative/transactional example; no real personal identifiers.
KAN-L-0591,SIP ಮುಂದಿನ payment [DATE]ರಂದು process ಆಗುತ್ತದೆ. ಧನ್ಯವಾದಗಳು. https://track.example/order ಯಾವುದೇ ಸಮಸ್ಯೆಯಿದ್ದರೆ service providerನ ಅಧಿಕೃತ support option ಬಳಸಿ. ಸೇವೆಯ ಸ್ಥಿತಿಯನ್ನು ನಂತರ ಅಧಿಕೃತ portalನಲ್ಲಿ ಮತ್ತೆ ಪರಿಶೀಲಿಸಬಹುದು. ಈ ಮಾಹಿತಿಯಲ್ಲಿರುವ ಸೇವಾ ವಿವರಗಳನ್ನು ನಿಮ್ಮ ಅಧಿಕೃತ accountನಲ್ಲಿ ಪರಿಶೀಲಿಸಬಹುದು. ಯಾವುದೇ payment ಅಥವಾ identity action ಮಾಡುವ ಮೊದಲು ಅಧಿಕೃತ ಮಾಹಿತಿಯನ್ನು ಹೋಲಿಸಿ ನೋಡಿ.,Kannada,Kannada script,Legitimate,Investment / Trading,https://track.example/order,Telecom-like sender ID,Synthetic,Generated for PhishDetect India research dataset,Hard-negative/transactional example; no real personal identifiers.
KAN-L-0592,ನವೀಕರಣ: ನಿಮ್ಮ social accountಗೆ [TIME]ಕ್ಕೆ login ಯಶಸ್ವಿಯಾಗಿದೆ. https://official.example/app ಸೇವೆಯ ಸ್ಥಿತಿಯನ್ನು ನಂತರ ಅಧಿಕೃತ portalನಲ್ಲಿ ಮತ್ತೆ ಪರಿಶೀಲಿಸಬಹುದು. ಈ ಮಾಹಿತಿಯಲ್ಲಿರುವ ಸೇವಾ ವಿವರಗಳನ್ನು ನಿಮ್ಮ ಅಧಿಕೃತ accountನಲ್ಲಿ ಪರಿಶೀಲಿಸಬಹುದು. ಯಾವುದೇ payment ಅಥವಾ identity action ಮಾಡುವ ಮೊದಲು ಅಧಿಕೃತ ಮಾಹಿತಿಯನ್ನು ಹೋಲಿಸಿ ನೋಡಿ. ಸಂಬಂಧಿತ service history ನಿಮ್ಮ official app ಅಥವಾ portalನಲ್ಲಿ ಪ್ರತ್ಯೇಕವಾಗಿ ಕಾಣಬಹುದು.,Kannada,Kannada script,Legitimate,Social Media / Account Takeover,https://official.example/app,Courier-like sender ID,Synthetic,Generated for PhishDetect India research dataset,Hard-negative/transactional example; no real personal identifiers.
KAN-L-0593,"ಹೊಸ device ನಿಮ್ಮ accountಗೆ ಯಶಸ್ವಿಯಾಗಿ ಸೇರಿಸಲಾಗಿದೆ. ಮಾಹಿತಿ ಸಂಖ್ಯೆ KAN-01. ಈ ಮಾಹಿತಿಯಲ್ಲಿರುವ ಸೇವಾ ವಿವರಗಳನ್ನು ನಿಮ್ಮ ಅಧಿಕೃತ accountನಲ್ಲಿ ಪರಿಶೀಲಿಸಬಹುದು. ಯಾವುದೇ payment ಅಥವಾ identity action ಮಾಡುವ ಮೊದಲು ಅಧಿಕೃತ ಮಾಹಿತಿಯನ್ನು ಹೋಲಿಸಿ ನೋಡಿ. ಸಂಬಂಧಿತ service history ನಿಮ್ಮ official app ಅಥವಾ portalನಲ್ಲಿ ಪ್ರತ್ಯೇಕವಾಗಿ ಕಾಣಬಹುದು. ಸಂದೇಶದಲ್ಲಿರುವ ಸಮಯ, ಮೊತ್ತ ಮತ್ತು reference ವಿವರಗಳು service recordನಲ್ಲಿ ಕಾಣಿಸಬಹುದು.",Kannada,Kannada script,Legitimate,Social Media / Account Takeover,,Government-service-like sender ID,Synthetic,Generated for PhishDetect India research dataset,Hard-negative/transactional example; no real personal identifiers.
KAN-L-0594,ನಿಮ್ಮ password ಯಶಸ್ವಿಯಾಗಿ ಬದಲಾಗಿದೆ.,Kannada,Kannada script,Legitimate,Social Media / Account Takeover,,Merchant-like sender ID,Synthetic,Generated for PhishDetect India research dataset,Hard-negative/transactional example; no real personal identifiers.
KAN-L-0595,Account recovery request [REF_ID] ದಾಖಲಾಗಿದೆ.,Kannada,Kannada + English code-switching,Legitimate,Social Media / Account Takeover,,Generic numeric sender,Synthetic,Generated for PhishDetect India research dataset,Hard-negative/transactional example; no real personal identifiers.
KAN-L-0596,Security settings update ಆಗಿದೆ.,Kannada,Kannada script,Legitimate,Social Media / Account Takeover,,Short code,Synthetic,Generated for PhishDetect India research dataset,Hard-negative/transactional example; no real personal identifiers.
KAN-L-0597,Login historyಯಲ್ಲಿ ಹೊಸ session ದಾಖಲಾಗಿದೆ.,Kannada,Kannada script,Legitimate,Social Media / Account Takeover,,Unknown sender,Synthetic,Generated for PhishDetect India research dataset,Hard-negative/transactional example; no real personal identifiers.
KAN-L-0598,ನವೀಕರಣ: Profile email verification ಪೂರ್ಣಗೊಂಡಿದೆ.,Kannada,Kannada script,Legitimate,Social Media / Account Takeover,,Bank-like sender ID,Synthetic,Generated for PhishDetect India research dataset,Hard-negative/transactional example; no real personal identifiers.
KAN-L-0599,Two-step verification ಸಕ್ರಿಯವಾಗಿದೆ.,Kannada,Kannada script,Legitimate,Social Media / Account Takeover,,Telecom-like sender ID,Synthetic,Generated for PhishDetect India research dataset,Hard-negative/transactional example; no real personal identifiers.
KAN-L-0600,Account security ಮಾಹಿತಿ official appನಲ್ಲಿ ಲಭ್ಯವಿದೆ. ಧನ್ಯವಾದಗಳು. https://official.example/app ಸೇವೆಯ ಸ್ಥಿತಿಯನ್ನು ನಂತರ ಅಧಿಕೃತ portalನಲ್ಲಿ ಮತ್ತೆ ಪರಿಶೀಲಿಸಬಹುದು. ಈ ಮಾಹಿತಿಯಲ್ಲಿರುವ ಸೇವಾ ವಿವರಗಳನ್ನು ನಿಮ್ಮ ಅಧಿಕೃತ accountನಲ್ಲಿ ಪರಿಶೀಲಿಸಬಹುದು. ಯಾವುದೇ payment ಅಥವಾ identity action ಮಾಡುವ ಮೊದಲು ಅಧಿಕೃತ ಮಾಹಿತಿಯನ್ನು ಹೋಲಿಸಿ ನೋಡಿ. ಸಂಬಂಧಿತ service history ನಿಮ್ಮ official app ಅಥವಾ portalನಲ್ಲಿ ಪ್ರತ್ಯೇಕವಾಗಿ ಕಾಣಬಹುದು.,Kannada,Romanized Kannada (small minority),Legitimate,Social Media / Account Takeover,https://official.example/app,Courier-like sender ID,Synthetic,Generated for PhishDetect India research dataset,Hard-negative/transactional example; no real personal identifiers.
