SMS_Text,target,language
Your card payment of ₹199 at Amazon was approved.,0,English
"Your UPI payment of ₹3,499 to Airtel was successful. Transaction reference TXN8472. For your records. https://service.example/check",0,English
Your electricity bill payment of ₹199 was successful. The receipt is available on the portal. Thank you. https://service.example/check,0,English
Your salary account has been credited. The updated balance is available in your banking app. Thank you. https://service.example/check,0,English
Your KYC update request has been received. You can check its status after review. Thank you.,0,English
Your KYC update request has been received. You can check its status after review.,0,English
SMS: Your KYC update request has been received. You can check its status after review.,0,English
Your subscription renewal for mobile app was processed successfully. For your records. Please use the official app.,0,English
Update: Your mobile recharge of ₹249 was successful. The plan is active until 16 August. https://service.example/check,0,English
Your return pickup has been scheduled for 21 August. Please keep the package ready. Please check the app for details.,0,English
"The ₹7,500 refund for your order has been credited to the original payment method. Thank you.",0,English
Update: The ₹249 refund for your order has been credited to the original payment method.,0,English
Your return pickup has been scheduled for 25 August. Please keep the package ready.,0,English
Your interview for the Operations Associate position is scheduled for 21 August at 9:15 AM.,0,English
Your subscription renewal for cloud storage was processed successfully. | Account update https://service.example/check,0,English
Your reward points balance has been updated in the official app. Thank you.,0,English
"Your loan EMI of ₹1,999 was received successfully. No further action is required. Thank you. Please use the official app.",0,English
Your bank branch appointment is confirmed for 16 August at 2:10 PM. Thank you.,0,English
Your broadband bill of ₹199 has been paid successfully. Service details are available in your account.,0,English
"Update: Your broadband bill of ₹1,240 has been paid successfully.",0,English
Your return pickup has been scheduled for 16 August. Please keep the package ready. https://service.example/check,0,English
Your electricity bill payment of ₹249 was successful. The receipt is available on the portal. Please check the app for details.,0,English
Your parcel from ABC Store has been picked up and is expected to reach you by 16 August. | Account update,0,English
"Your mobile recharge of ₹3,499 was successful — The plan is active until 18 August. https://service.example/check",0,English
"Your login was successful from a new device. If this was you, no action is needed. https://service.example/check",0,English
Your electricity bill payment of ₹499 was successful. The receipt is available on the portal. https://service.example/check,0,English
Your KYC update request has been received. You can check its status after review. https://service.example/check,0,English
Your government service application REF5291 has been received and is under review.,0,English
Your DigiLocker document is ready to view in your account. Please check the app for details.,0,English
SMS: Your insurance premium of ₹850 has been received. Policy details are available in the app.,0,English
Your loan EMI of ₹199 was received successfully. No further action is required.,0,English
Your card payment of ₹199 at Zomato was approved. https://service.example/check,0,English
"Your mobile recharge of ₹1,240 was successful. The plan is active until 18 August.",0,English
"Your login was successful from a new device. If this was you, no action is needed.",0,English
"Your login was successful from a new device. If this was you, no action is needed. | Today https://service.example/check",0,English
Your interview for the Customer Support Executive position is scheduled for 25 August at 5:45 PM. Please use the official app.,0,English
The ₹499 refund for your order has been credited to the original payment method —,0,English
SMS: Your KYC update request has been received. You can check its status after review. https://service.example/check,0,English
"SMS: Your mobile recharge of ₹1,240 was successful. The plan is active until 21 August.",0,English
Your card payment of ₹199 at Swiggy was approved. For your records.,0,English
SMS: Your parcel from Swiggy has been picked up and is expected to reach you by 16 August.,0,English
Your parcel from Airtel has been picked up and is expected to reach you by 21 August — https://service.example/check,0,English
Your DigiLocker document is ready to view in your account.,0,English
Your card payment of ₹249 at ABC Store was approved.,0,English
Your salary account has been credited — The updated balance is available in your banking app. https://service.example/check,0,English
Update: Your insurance premium of ₹499 has been received. Policy details are available in the app. https://service.example/check,0,English
Your insurance premium of ₹249 has been received. Policy details are available in the app. | Service update,0,English
"Your broadband bill of ₹3,499 has been paid successfully. https://service.example/check",0,English
SMS: Your KYC update request has been received. You can check its status after review. You can also view the latest status in the app.,0,English
Your interview for the Data Analyst position is scheduled for 25 August at 5:45 PM. Service details are available in your account. Please use the official app.,0,English
"Update: Your insurance premium of ₹1,999 has been received. Policy details are available in the app.",0,English
Your UPI payment of ₹249 to Swiggy was successful — Transaction reference APP7045.,0,English
"Your card payment of ₹1,999 at Zomato was approved. https://service.example/check",0,English
Your reward points balance has been updated in the official app. For your records. https://service.example/check,0,English
SMS: Your subscription renewal for video service was processed successfully. https://service.example/check,0,English
"SMS: Your UPI payment of ₹3,499 to Zomato was successful. Transaction reference APP7045. https://service.example/check",0,English
"Your login was successful from a new device. If this was you, no action is needed. Keep the confirmation for your records.",0,English
Your DigiLocker document is ready to view in your account. You can also view the latest status in the app.,0,English
Your card payment of ₹499 at Amazon was approved —,0,English
Your account statement for this month is now available in the official banking app. | Service update,0,English
"Your mobile recharge of ₹3,499 was successful. The plan is active until 18 August. Service details are available in your account. https://service.example/check",0,English
Your interview for the Software Engineer position is scheduled for 25 August at 5:45 PM.,0,English
Your KYC update request has been received. You can check its status after review. Keep the confirmation for your records. This update is also visible in your account.,0,English
Your bank branch appointment is confirmed for 21 August at 2:10 PM.,0,English
Your KYC update request has been received. You can check its status after review. The same update is available in your account.,0,English
"Your broadband bill of ₹3,499 has been paid successfully — Please use the official app.",0,English
Your salary account has been credited. The updated balance is available in your banking app.,0,English
Your card payment of ₹499 at Zomato was approved. | Service update https://service.example/check,0,English
"Your broadband bill of ₹3,499 has been paid successfully.",0,English
"Your UPI payment of ₹7,500 to Swiggy was successful. Transaction reference ORD3816. Thank you. https://service.example/check",0,English
"Your electricity bill payment of ₹3,499 was successful. The receipt is available on the portal. For your records. https://service.example/check",0,English
"Your loan EMI of ₹1,240 was received successfully. No further action is required. https://service.example/check",0,English
Your government service application TXN8472 has been received and is under review. For your records. Please use the official app.,0,English
Your government service application REF5291 has been received and is under review. | Service update,0,English
Your card payment of ₹850 at Amazon was approved —,0,English
Your government service application TXN8472 has been received and is under review. Service details are available in your account.,0,English
"The ₹1,999 refund for your order has been credited to the original payment method.",0,English
Your account statement for this month is now available in the official banking app. Please use the official app.,0,English
SMS: Your government service application ORD3816 has been received and is under review. https://service.example/check,0,English
Your mobile recharge of ₹850 was successful. The plan is active until 21 August. Thank you.,0,English
Your salary account has been credited. The updated balance is available in your banking app. Keep the confirmation for your records.,0,English
Your bank branch appointment is confirmed for 16 August at 5:45 PM. https://service.example/check,0,English
Your KYC update request has been received. You can check its status after review. https://service.example/check The same update is available in your account.,0,English
SMS: Your UPI payment of ₹499 to Flipkart was successful. Transaction reference APP7045.,0,English
Your bank branch appointment is confirmed for 18 August at 9:15 AM. For your records.,0,English
Your account statement for this month is now available in the official banking app.,0,English
Your KYC update request has been received. You can check its status after review. Keep the confirmation for your records. Keep this message for reference.,0,English
SMS: Your account statement for this month is now available in the official banking app.,0,English
Update: Your salary account has been credited. The updated balance is available in your banking app. Please use the official app.,0,English
Your interview for the Data Analyst position is scheduled for 25 August at 5:45 PM. Thank you. https://service.example/check,0,English
"Your broadband bill of ₹1,999 has been paid successfully — https://service.example/check",0,English
Your return pickup has been scheduled for 16 August. Please keep the package ready. Please check the app for details. Please use the official app.,0,English
"Your broadband bill of ₹1,240 has been paid successfully. Thank you.",0,English
Your mobile recharge of ₹499 was successful. The plan is active until 21 August.,0,English
Your account statement for this month is now available in the official banking app. Please use the official app. The same update is available in your account.,0,English
"The ₹1,240 refund for your order has been credited to the original payment method — https://service.example/check",0,English
"Your login was successful from a new device. If this was you, no action is needed. For your records.",0,English
Update: Your bank branch appointment is confirmed for 21 August at 2:10 PM.,0,English
Your reward points balance has been updated in the official app. Service details are available in your account.,0,English
Your KYC update request has been received. You can check its status after review. | Today Please use the official app.,0,English
Your insurance claim cannot be processed until the beneficiary details are confirmed. For your records. https://service.example/check,1,English
Your KYC has expired. Update your information immediately to prevent banking access from being blocked. https://service.example/check,1,English
Your UPI refund could not be released. Provide the required payment details to complete the request. | Account update,1,English
Your job application needs a final verification before the interview slot can be confirmed. https://service.example/check,1,English
Your loan application is approved in principle. Submit the requested details to release the amount.,1,English
Update: Your bank account will be restricted today unless you confirm the pending KYC details.,1,English
Your UPI service has been placed on hold. Complete the verification before the review closes. | Today https://service.example/check,1,English
Your KYC has expired. Update your information immediately to prevent banking access from being blocked. Please check the app for details.,1,English
Your subscription payment failed. Verify your card information to avoid cancellation. | Today,1,English
Your job application needs a final verification before the interview slot can be confirmed. Please check the app for details.,1,English
Your subscription payment failed. Verify your card information to avoid cancellation. | Service update,1,English
Your KYC has expired — Update your information immediately to prevent banking access from being blocked.,1,English
Your insurance claim cannot be processed until the beneficiary details are confirmed. For your records. https://service.example/check The same update is available in your account.,1,English
Your account recovery request was received from an unknown device. Confirm your identity immediately. | Service update https://service.example/check,1,English
Your UPI refund could not be released. Provide the required payment details to complete the request.,1,English
SMS: Your government benefit verification is pending. Confirm your details before the application is closed.,1,English
Your parcel is being held because the delivery address could not be verified. Confirm it to continue. Thank you. https://service.example/check,1,English
Your account recovery request was received from an unknown device. Confirm your identity immediately. https://service.example/check,1,English
Your government benefit verification is pending. Confirm your details before the application is closed. Please check the app for details.,1,English
Your government benefit verification is pending. Confirm your details before the application is closed. Service details are available in your account.,1,English
We noticed unusual activity on your account. Confirm your identity to avoid suspension. Please check the app for details.,1,English
Your UPI refund could not be released. Provide the required payment details to complete the request. The same update is available in your account. You may review the status in the app.,1,English
Your job application needs a final verification before the interview slot can be confirmed. Thank you. https://service.example/check,1,English
Your parcel is being held because the delivery address could not be verified. Confirm it to continue. Thank you.,1,English
SMS: Your bank account will be restricted today unless you confirm the pending KYC details.,1,English
Your UPI refund could not be released. Provide the required payment details to complete the request. | Account update Keep the confirmation for your records.,1,English
SMS: Your KYC has expired. Update your information immediately to prevent banking access from being blocked.,1,English
Your insurance claim cannot be processed until the beneficiary details are confirmed. | Today,1,English
Your reward is ready for collection. Complete the verification step to receive the cashback. https://service.example/check,1,English
SMS: Your UPI refund could not be released. Provide the required payment details to complete the request.,1,English
Update: Your card will be temporarily disabled unless the security check is completed. Please use the official app.,1,English
You have been shortlisted for a work-from-home role. Pay the refundable registration amount to complete joining. | Account update,1,English
Your KYC has expired. Update your information immediately to prevent banking access from being blocked.,1,English
You have been shortlisted for a work-from-home role. Pay the refundable registration amount to complete joining. Please use the official app.,1,English
Your job application needs a final verification before the interview slot can be confirmed. Thank you.,1,English
We noticed unusual activity on your account. Confirm your identity to avoid suspension. Please check the app for details. You can also view the latest status in the app.,1,English
Your card payment could not be verified. Re-enter your account details to keep the card active. https://service.example/check,1,English
Your job application needs a final verification before the interview slot can be confirmed. https://service.example/check Keep the confirmation for your records.,1,English
Your bank profile has been flagged for a security review. Confirm the requested information. Service details are available in your account.,1,English
Your card payment could not be verified. Re-enter your account details to keep the card active. Thank you.,1,English
Your mobile number needs a KYC recheck. Complete the process today to keep services active. Thank you. Please use the official app.,1,English
A refund is waiting for confirmation — Share the requested account details to receive the amount.,1,English
Your reward is ready for collection — Complete the verification step to receive the cashback.,1,English
Update: Your bank account will be restricted today unless you confirm the pending KYC details. Keep the confirmation for your records.,1,English
SMS: A refund is waiting for confirmation. Share the requested account details to receive the amount.,1,English
Your subscription payment failed. Verify your card information to avoid cancellation.,1,English
Your card payment could not be verified. Re-enter your account details to keep the card active. Thank you. Keep the confirmation for your records.,1,English
We noticed unusual activity on your account. Confirm your identity to avoid suspension. | Service update,1,English
Your bank profile has been flagged for a security review. Confirm the requested information.,1,English
You have been shortlisted for a work-from-home role. Pay the refundable registration amount to complete joining. Please check the app for details.,1,English
Update: Your loan application is approved in principle. Submit the requested details to release the amount.,1,English
Your government benefit verification is pending. Confirm your details before the application is closed. For your records.,1,English
Your government benefit verification is pending. Confirm your details before the application is closed.,1,English
Your reward is ready for collection. Complete the verification step to receive the cashback. Thank you.,1,English
Your government benefit verification is pending. Confirm your details before the application is closed. The same update is available in your account.,1,English
Your KYC has expired — Update your information immediately to prevent banking access from being blocked. Keep the confirmation for your records.,1,English
Your account recovery request was received from an unknown device. Confirm your identity immediately. Thank you. https://service.example/check,1,English
Your subscription payment failed — Verify your card information to avoid cancellation. Please use the official app.,1,English
Your loan application is approved in principle. Submit the requested details to release the amount. Thank you. https://service.example/check,1,English
Update: We noticed unusual activity on your account. Confirm your identity to avoid suspension.,1,English
Your bank profile has been flagged for a security review — Confirm the requested information.,1,English
SMS: Your job application needs a final verification before the interview slot can be confirmed. https://service.example/check,1,English
Your parcel is being held because the delivery address could not be verified. Confirm it to continue. Thank you. https://service.example/check You can also view the latest status in the app.,1,English
SMS: Your bank profile has been flagged for a security review. Confirm the requested information. https://service.example/check,1,English
Update: Your UPI refund could not be released. Provide the required payment details to complete the request.,1,English
Your parcel is being held because the delivery address could not be verified. Confirm it to continue.,1,English
Your bank account will be restricted today unless you confirm the pending KYC details.,1,English
Your card payment could not be verified. Re-enter your account details to keep the card active.,1,English
Your insurance claim cannot be processed until the beneficiary details are confirmed —,1,English
Your UPI refund could not be released. Provide the required payment details to complete the request. For your records. Please use the official app.,1,English
SMS: Your card will be temporarily disabled unless the security check is completed. Please use the official app.,1,English
Update: We noticed unusual activity on your account. Confirm your identity to avoid suspension. You can also view the latest status in the app.,1,English
You have been shortlisted for a work-from-home role. Pay the refundable registration amount to complete joining. Service details are available in your account.,1,English
Your account recovery request was received from an unknown device. Confirm your identity immediately.,1,English
Your bank profile has been flagged for a security review. Confirm the requested information. | Account update https://service.example/check,1,English
Your KYC has expired. Update your information immediately to prevent banking access from being blocked. For your records. Please use the official app.,1,English
Your bank account will be restricted today unless you confirm the pending KYC details. Thank you.,1,English
Your subscription payment failed. Verify your card information to avoid cancellation. You can also view the latest status in the app.,1,English
Update: We noticed unusual activity on your account. Confirm your identity to avoid suspension. https://service.example/check,1,English
Your bank profile has been flagged for a security review. Confirm the requested information. | Service update,1,English
Your loan application is approved in principle. Submit the requested details to release the amount. You can also view the latest status in the app.,1,English
You have been shortlisted for a work-from-home role. Pay the refundable registration amount to complete joining. For your records. https://service.example/check,1,English
Your subscription payment failed. Verify your card information to avoid cancellation. | Service update Keep the confirmation for your records.,1,English
SMS: Your KYC has expired. Update your information immediately to prevent banking access from being blocked. https://service.example/check,1,English
Your electricity connection is scheduled for suspension because the latest bill could not be verified. Please use the official app.,1,English
Your insurance claim cannot be processed until the beneficiary details are confirmed.,1,English
Your card payment could not be verified. Re-enter your account details to keep the card active. Thank you. You can also view the latest status in the app.,1,English
Your loan application is approved in principle. Submit the requested details to release the amount. The same update is available in your account. This update is also visible in your account.,1,English
Update: Your account recovery request was received from an unknown device. Confirm your identity immediately. Please use the official app.,1,English
SMS: Your account recovery request was received from an unknown device. Confirm your identity immediately.,1,English
Your UPI refund could not be released. Provide the required payment details to complete the request. The same update is available in your account. Keep this message for reference.,1,English
SMS: Your insurance claim cannot be processed until the beneficiary details are confirmed.,1,English
SMS: Your KYC has expired. Update your information immediately to prevent banking access from being blocked. Please use the official app.,1,English
Your job application needs a final verification before the interview slot can be confirmed. | Account update,1,English
Your account recovery request was received from an unknown device. Confirm your identity immediately. For your records.,1,English
Your card will be temporarily disabled unless the security check is completed. https://service.example/check,1,English
Your loan application is approved in principle. Submit the requested details to release the amount. The same update is available in your account. You may review the status in the app.,1,English
Your UPI service has been placed on hold. Complete the verification before the review closes. Thank you.,1,English
Update: Your insurance claim cannot be processed until the beneficiary details are confirmed.,1,English
Your card will be temporarily disabled unless the security check is completed. Please check the app for details.,1,English
SMS: इस महीने का बैंक स्टेटमेंट आधिकारिक ऐप में उपलब्ध है।,0,Hindi
इस महीने का बैंक स्टेटमेंट आधिकारिक ऐप में उपलब्ध है।,0,Hindi
"₹1,999 का बिजली बिल भुगतान सफल रहा। रसीद पोर्टल पर उपलब्ध है।",0,Hindi
आपके नए device से login की पुष्टि हो गई है। https://service.example/check,0,Hindi
SMS: आपका दस्तावेज DigiLocker में देखने के लिए उपलब्ध है। https://service.example/check,0,Hindi
SMS: इस महीने का बैंक स्टेटमेंट आधिकारिक ऐप में उपलब्ध है। https://service.example/check,0,Hindi
Update: आपका KYC update request प्राप्त हो गया है। समीक्षा के बाद स्थिति देख सकते हैं। https://service.example/check,0,Hindi
आपकी ₹850 की EMI सफलतापूर्वक जमा हो गई है। Service details are available in your account.,0,Hindi
"₹7,500 का मोबाइल रिचार्ज सफल रहा। आपका प्लान 16 August तक सक्रिय है। Please use the official app.",0,Hindi
बैंक शाखा में आपका appointment 21 August को 5:45 PM बजे है।,0,Hindi
"आपका broadband bill ₹3,499 सफलतापूर्वक जमा हो गया है।",0,Hindi
इस महीने का बैंक स्टेटमेंट आधिकारिक ऐप में उपलब्ध है। Please check the app for details.,0,Hindi
Update: बीमा प्रीमियम ₹850 सफलतापूर्वक प्राप्त हुआ। पॉलिसी की जानकारी ऐप में उपलब्ध है। Please use the official app.,0,Hindi
Update: आपका return pickup 16 August के लिए तय किया गया है।,0,Hindi
SMS: आपका पार्सल Swiggy से भेज दिया गया है और 25 August तक पहुंचने की उम्मीद है। Please use the official app.,0,Hindi
"₹1,240 का बिजली बिल भुगतान सफल रहा। रसीद पोर्टल पर उपलब्ध है। Please check the app for details.",0,Hindi
SMS: ₹249 का UPI भुगतान सफल रहा। लेनदेन संख्या TXN8472 है। https://service.example/check,0,Hindi
"आपका broadband bill ₹1,999 सफलतापूर्वक जमा हो गया है। | Service update Please use the official app.",0,Hindi
आपकी ₹249 की EMI सफलतापूर्वक जमा हो गई है। https://service.example/check,0,Hindi
आपका इंटरव्यू 16 August को 2:10 PM बजे निर्धारित है। Thank you. https://service.example/check,0,Hindi
आपका दस्तावेज DigiLocker में देखने के लिए उपलब्ध है।,0,Hindi
"SMS: ₹3,499 का बिजली बिल भुगतान सफल रहा। रसीद पोर्टल पर उपलब्ध है।",0,Hindi
इस महीने का बैंक स्टेटमेंट आधिकारिक ऐप में उपलब्ध है। यही जानकारी आपके आधिकारिक खाते में भी देखी जा सकती है। यह अपडेट आपके खाते में भी उपलब्ध है।,0,Hindi
Update: आपकी subscription renewal सफलतापूर्वक प्रोसेस हो गई है। Please use the official app.,0,Hindi
आपके ऑर्डर का ₹249 रिफंड मूल भुगतान माध्यम में जमा हो गया है। | Account update,0,Hindi
₹499 का बिजली बिल भुगतान सफल रहा। रसीद पोर्टल पर उपलब्ध है। Thank you.,0,Hindi
"₹1,999 का मोबाइल रिचार्ज सफल रहा। आपका प्लान 25 August तक सक्रिय है। https://service.example/check",0,Hindi
"बीमा प्रीमियम ₹1,999 सफलतापूर्वक प्राप्त हुआ। पॉलिसी की जानकारी ऐप में उपलब्ध है। | Service update",0,Hindi
आपका दस्तावेज DigiLocker में देखने के लिए उपलब्ध है। यही जानकारी आपके आधिकारिक खाते में भी देखी जा सकती है।,0,Hindi
Update: आपका broadband bill ₹850 सफलतापूर्वक जमा हो गया है।,0,Hindi
आपकी subscription renewal सफलतापूर्वक प्रोसेस हो गई है। | Service update https://service.example/check,0,Hindi
आपका पार्सल Amazon से भेज दिया गया है और 21 August तक पहुंचने की उम्मीद है। | Service update,0,Hindi
"₹1,240 का UPI भुगतान सफल रहा। लेनदेन संख्या APP7045 है।",0,Hindi
आपके खाते में ₹850 जमा किए गए हैं। नया बैलेंस बैंक ऐप में देखा जा सकता है। Service details are available in your account. https://service.example/check,0,Hindi
आपका KYC update request प्राप्त हो गया है। समीक्षा के बाद स्थिति देख सकते हैं।,0,Hindi
आपका broadband bill ₹499 सफलतापूर्वक जमा हो गया है।,0,Hindi
"₹7,500 का UPI भुगतान सफल रहा। लेनदेन संख्या REF5291 है। https://service.example/check",0,Hindi
इस महीने का बैंक स्टेटमेंट आधिकारिक ऐप में उपलब्ध है। यही जानकारी आपके आधिकारिक खाते में भी देखी जा सकती है। इस सूचना को रिकॉर्ड के लिए रखें।,0,Hindi
"आपके ऑर्डर का ₹1,999 रिफंड मूल भुगतान माध्यम में जमा हो गया है। Service details are available in your account.",0,Hindi
इस महीने का बैंक स्टेटमेंट आधिकारिक ऐप में उपलब्ध है। कृपया इस पुष्टि को अपने रिकॉर्ड के लिए रखें।,0,Hindi
आपकी subscription renewal सफलतापूर्वक प्रोसेस हो गई है। Service details are available in your account.,0,Hindi
"आपका broadband bill ₹7,500 सफलतापूर्वक जमा हो गया है। Service details are available in your account. https://service.example/check",0,Hindi
Update: आपका पार्सल Zomato से भेज दिया गया है और 16 August तक पहुंचने की उम्मीद है। https://service.example/check,0,Hindi
आपके ऑर्डर का ₹199 रिफंड मूल भुगतान माध्यम में जमा हो गया है। https://service.example/check,0,Hindi
बैंक शाखा में आपका appointment 21 August को 9:15 AM बजे है।,0,Hindi
Update: आपका पार्सल ABC Store से भेज दिया गया है और 16 August तक पहुंचने की उम्मीद है।,0,Hindi
आपकी subscription renewal सफलतापूर्वक प्रोसेस हो गई है। https://service.example/check,0,Hindi
आपकी subscription renewal सफलतापूर्वक प्रोसेस हो गई है। | Account update,0,Hindi
SMS: बैंक शाखा में आपका appointment 25 August को 9:15 AM बजे है। https://service.example/check,0,Hindi
"SMS: आपके कार्ड से Flipkart पर ₹1,999 का भुगतान सफल रहा।",0,Hindi
"बीमा प्रीमियम ₹7,500 सफलतापूर्वक प्राप्त हुआ। पॉलिसी की जानकारी ऐप में उपलब्ध है। | Account update",0,Hindi
आपकी subscription renewal सफलतापूर्वक प्रोसेस हो गई है। For your records.,0,Hindi
"₹1,999 का UPI भुगतान सफल रहा। लेनदेन संख्या REF5291 है।",0,Hindi
आपका broadband bill ₹499 सफलतापूर्वक जमा हो गया है। Service details are available in your account.,0,Hindi
आपके ऑर्डर का ₹249 रिफंड मूल भुगतान माध्यम में जमा हो गया है। Please check the app for details. https://service.example/check,0,Hindi
आपका return pickup 25 August के लिए तय किया गया है। Please check the app for details. https://service.example/check,0,Hindi
आपका broadband bill ₹850 सफलतापूर्वक जमा हो गया है।,0,Hindi
"आपकी ₹1,240 की EMI सफलतापूर्वक जमा हो गई है। Please check the app for details.",0,Hindi
इस महीने का बैंक स्टेटमेंट आधिकारिक ऐप में उपलब्ध है। Service details are available in your account.,0,Hindi
"Update: ₹3,499 का बिजली बिल भुगतान सफल रहा। रसीद पोर्टल पर उपलब्ध है। https://service.example/check",0,Hindi
आपका KYC update request प्राप्त हो गया है। समीक्षा के बाद स्थिति देख सकते हैं। कृपया इस पुष्टि को अपने रिकॉर्ड के लिए रखें।,0,Hindi
"₹1,999 का बिजली बिल भुगतान सफल रहा। रसीद पोर्टल पर उपलब्ध है। Please check the app for details. Please use the official app.",0,Hindi
SMS: आपका पार्सल Flipkart से भेज दिया गया है और 21 August तक पहुंचने की उम्मीद है।,0,Hindi
इस महीने का बैंक स्टेटमेंट आधिकारिक ऐप में उपलब्ध है। Service details are available in your account. कृपया इस पुष्टि को अपने रिकॉर्ड के लिए रखें।,0,Hindi
आपके reward points का balance अपडेट हो गया है। https://service.example/check,0,Hindi
आपका इंटरव्यू 16 August को 9:15 AM बजे निर्धारित है। https://service.example/check,0,Hindi
आपका इंटरव्यू 21 August को 2:10 PM बजे निर्धारित है। Service details are available in your account. https://service.example/check,0,Hindi
"आपकी ₹7,500 की EMI सफलतापूर्वक जमा हो गई है।",0,Hindi
"आपका broadband bill ₹3,499 सफलतापूर्वक जमा हो गया है। Please check the app for details. https://service.example/check",0,Hindi
इस महीने का बैंक स्टेटमेंट आधिकारिक ऐप में उपलब्ध है। For your records.,0,Hindi
"आपकी ₹1,999 की EMI सफलतापूर्वक जमा हो गई है। Service details are available in your account. https://service.example/check",0,Hindi
₹499 का बिजली बिल भुगतान सफल रहा। रसीद पोर्टल पर उपलब्ध है। Please use the official app.,0,Hindi
आपकी ₹499 की EMI सफलतापूर्वक जमा हो गई है। Service details are available in your account.,0,Hindi
बीमा प्रीमियम ₹850 सफलतापूर्वक प्राप्त हुआ। पॉलिसी की जानकारी ऐप में उपलब्ध है।,0,Hindi
₹850 का बिजली बिल भुगतान सफल रहा। रसीद पोर्टल पर उपलब्ध है।,0,Hindi
आपकी UPI सेवा रोक दी गई है। आगे भुगतान करने के लिए verification पूरा करें।,1,Hindi
आपका reward तैयार है। cashback प्राप्त करने के लिए verification पूरा करें।,1,Hindi
Update: आपकी subscription payment असफल हुई है। सेवा बंद होने से पहले card details verify करें।,1,Hindi
बिजली बिल की पुष्टि न होने के कारण आपका connection बंद किया जा सकता है। https://service.example/check,1,Hindi
Update: आपका बैंक खाता आज बंद किया जा सकता है क्योंकि KYC अभी लंबित है। तुरंत विवरण verify करें।,1,Hindi
SMS: इंटरव्यू slot confirm करने से पहले आपके job application का final verification जरूरी है। https://service.example/check,1,Hindi
सरकारी लाभ के लिए आपका verification लंबित है। आवेदन बंद होने से पहले विवरण confirm करें। Please check the app for details.,1,Hindi
Update: सुरक्षा जांच पूरी नहीं होने पर आपका card अस्थायी रूप से बंद हो सकता है। https://service.example/check,1,Hindi
अज्ञात device से account recovery request मिली है। तुरंत अपनी पहचान confirm करें। | Today,1,Hindi
इंटरव्यू slot confirm करने से पहले आपके job application का final verification जरूरी है।,1,Hindi
सुरक्षा जांच पूरी नहीं होने पर आपका card अस्थायी रूप से बंद हो सकता है।,1,Hindi
आपके mobile number की KYC फिर से करनी है। सेवा चालू रखने के लिए आज verification करें।,1,Hindi
सरकारी लाभ के लिए आपका verification लंबित है। आवेदन बंद होने से पहले विवरण confirm करें। For your records.,1,Hindi
सरकारी लाभ के लिए आपका verification लंबित है। आवेदन बंद होने से पहले विवरण confirm करें।,1,Hindi
बिजली बिल की पुष्टि न होने के कारण आपका connection बंद किया जा सकता है। https://service.example/check यह अपडेट आपके सेवा रिकॉर्ड में भी उपलब्ध है।,1,Hindi
आपका बैंक खाता आज बंद किया जा सकता है क्योंकि KYC अभी लंबित है। तुरंत विवरण verify करें। | Today,1,Hindi
आपका reward तैयार है। cashback प्राप्त करने के लिए verification पूरा करें। यही जानकारी आपके आधिकारिक खाते में भी देखी जा सकती है।,1,Hindi
आपका bank profile security review में है। मांगी गई जानकारी की पुष्टि करें। Service details are available in your account.,1,Hindi
आपकी UPI सेवा रोक दी गई है। आगे भुगतान करने के लिए verification पूरा करें। Thank you. Please use the official app.,1,Hindi
आपका insurance claim beneficiary details की पुष्टि के बिना आगे नहीं बढ़ सकता। For your records. Please use the official app.,1,Hindi
अज्ञात device से account recovery request मिली है। तुरंत अपनी पहचान confirm करें।,1,Hindi
इंटरव्यू slot confirm करने से पहले आपके job application का final verification जरूरी है। Please check the app for details.,1,Hindi
अज्ञात device से account recovery request मिली है। तुरंत अपनी पहचान confirm करें। | Service update,1,Hindi
आपके कार्ड भुगतान की पुष्टि नहीं हो सकी। कार्ड चालू रखने के लिए account details दोबारा दें। Please check the app for details.,1,Hindi
सरकारी लाभ के लिए आपका verification लंबित है। आवेदन बंद होने से पहले विवरण confirm करें। Thank you.,1,Hindi
इंटरव्यू slot confirm करने से पहले आपके job application का final verification जरूरी है। Thank you.,1,Hindi
इंटरव्यू slot confirm करने से पहले आपके job application का final verification जरूरी है। यह अपडेट आपके सेवा रिकॉर्ड में भी उपलब्ध है।,1,Hindi
आपका parcel delivery address verify न होने के कारण रोक दिया गया है। पता confirm करें।,1,Hindi
आपका KYC expire हो गया है। बैंकिंग सुविधा बंद होने से पहले जानकारी अपडेट करें। Service details are available in your account.,1,Hindi
आपके mobile number की KYC फिर से करनी है। सेवा चालू रखने के लिए आज verification करें। यह अपडेट आपके सेवा रिकॉर्ड में भी उपलब्ध है।,1,Hindi
आपका loan आवेदन स्वीकृत बताया गया है। राशि जारी करने के लिए मांगी गई जानकारी भेजें। Service details are available in your account.,1,Hindi
SMS: आपके कार्ड भुगतान की पुष्टि नहीं हो सकी। कार्ड चालू रखने के लिए account details दोबारा दें।,1,Hindi
आपका KYC expire हो गया है। बैंकिंग सुविधा बंद होने से पहले जानकारी अपडेट करें। Service details are available in your account. यह अपडेट आपके सेवा रिकॉर्ड में भी उपलब्ध है।,1,Hindi
आपका reward तैयार है। cashback प्राप्त करने के लिए verification पूरा करें। https://service.example/check,1,Hindi
इंटरव्यू slot confirm करने से पहले आपके job application का final verification जरूरी है। यही जानकारी आपके आधिकारिक खाते में भी देखी जा सकती है।,1,Hindi
आपके खाते में संदिग्ध activity मिली है। सेवा बंद होने से पहले identity confirm करें। Thank you. https://service.example/check,1,Hindi
सुरक्षा जांच पूरी नहीं होने पर आपका card अस्थायी रूप से बंद हो सकता है। Thank you.,1,Hindi
आपका loan आवेदन स्वीकृत बताया गया है। राशि जारी करने के लिए मांगी गई जानकारी भेजें।,1,Hindi
आपके कार्ड भुगतान की पुष्टि नहीं हो सकी। कार्ड चालू रखने के लिए account details दोबारा दें। https://service.example/check,1,Hindi
Update: आपका loan आवेदन स्वीकृत बताया गया है। राशि जारी करने के लिए मांगी गई जानकारी भेजें।,1,Hindi
Update: इंटरव्यू slot confirm करने से पहले आपके job application का final verification जरूरी है।,1,Hindi
आपकी subscription payment असफल हुई है। सेवा बंद होने से पहले card details verify करें। Please check the app for details.,1,Hindi
बिजली बिल की पुष्टि न होने के कारण आपका connection बंद किया जा सकता है।,1,Hindi
आप work-from-home job के लिए shortlist हुए हैं। joining पूरी करने के लिए registration amount जमा करें। Thank you.,1,Hindi
बिजली बिल की पुष्टि न होने के कारण आपका connection बंद किया जा सकता है। Service details are available in your account.,1,Hindi
Update: आपकी subscription payment असफल हुई है। सेवा बंद होने से पहले card details verify करें। कृपया इस पुष्टि को अपने रिकॉर्ड के लिए रखें।,1,Hindi
सुरक्षा जांच पूरी नहीं होने पर आपका card अस्थायी रूप से बंद हो सकता है। | Service update,1,Hindi
Update: आपका insurance claim beneficiary details की पुष्टि के बिना आगे नहीं बढ़ सकता। Please use the official app.,1,Hindi
SMS: आपकी subscription payment असफल हुई है। सेवा बंद होने से पहले card details verify करें।,1,Hindi
Update: अज्ञात device से account recovery request मिली है। तुरंत अपनी पहचान confirm करें।,1,Hindi
आपका parcel delivery address verify न होने के कारण रोक दिया गया है। पता confirm करें। https://service.example/check,1,Hindi
आपका refund जारी होने की प्रतीक्षा में है। राशि पाने के लिए मांगी गई account details दें। Please check the app for details.,1,Hindi
आप work-from-home job के लिए shortlist हुए हैं। joining पूरी करने के लिए registration amount जमा करें। https://service.example/check,1,Hindi
SMS: आपकी subscription payment असफल हुई है। सेवा बंद होने से पहले card details verify करें। यह अपडेट आपके सेवा रिकॉर्ड में भी उपलब्ध है।,1,Hindi
आपकी UPI सेवा रोक दी गई है। आगे भुगतान करने के लिए verification पूरा करें। Please check the app for details.,1,Hindi
आपकी UPI सेवा रोक दी गई है। आगे भुगतान करने के लिए verification पूरा करें। | Service update https://service.example/check,1,Hindi
Update: आपका loan आवेदन स्वीकृत बताया गया है। राशि जारी करने के लिए मांगी गई जानकारी भेजें। यह अपडेट आपके सेवा रिकॉर्ड में भी उपलब्ध है।,1,Hindi
आपका parcel delivery address verify न होने के कारण रोक दिया गया है। पता confirm करें। कृपया इस पुष्टि को अपने रिकॉर्ड के लिए रखें।,1,Hindi
आपका insurance claim beneficiary details की पुष्टि के बिना आगे नहीं बढ़ सकता। Please use the official app.,1,Hindi
SMS: आपके mobile number की KYC फिर से करनी है। सेवा चालू रखने के लिए आज verification करें। https://service.example/check,1,Hindi
अज्ञात device से account recovery request मिली है। तुरंत अपनी पहचान confirm करें। कृपया इस पुष्टि को अपने रिकॉर्ड के लिए रखें।,1,Hindi
Update: इंटरव्यू slot confirm करने से पहले आपके job application का final verification जरूरी है। यही जानकारी आपके आधिकारिक खाते में भी देखी जा सकती है।,1,Hindi
बिजली बिल की पुष्टि न होने के कारण आपका connection बंद किया जा सकता है। यह अपडेट आपके सेवा रिकॉर्ड में भी उपलब्ध है।,1,Hindi
SMS: आपका reward तैयार है। cashback प्राप्त करने के लिए verification पूरा करें। https://service.example/check,1,Hindi
आपका KYC expire हो गया है। बैंकिंग सुविधा बंद होने से पहले जानकारी अपडेट करें।,1,Hindi
आपका refund जारी होने की प्रतीक्षा में है। राशि पाने के लिए मांगी गई account details दें। Service details are available in your account.,1,Hindi
SMS: आप work-from-home job के लिए shortlist हुए हैं। joining पूरी करने के लिए registration amount जमा करें। https://service.example/check,1,Hindi
आपके खाते में संदिग्ध activity मिली है। सेवा बंद होने से पहले identity confirm करें। Thank you. https://service.example/check यही जानकारी आपके आधिकारिक खाते में भी देखी जा सकती है।,1,Hindi
सुरक्षा जांच पूरी नहीं होने पर आपका card अस्थायी रूप से बंद हो सकता है। https://service.example/check,1,Hindi
बिजली बिल की पुष्टि न होने के कारण आपका connection बंद किया जा सकता है। कृपया इस पुष्टि को अपने रिकॉर्ड के लिए रखें।,1,Hindi
सरकारी लाभ के लिए आपका verification लंबित है। आवेदन बंद होने से पहले विवरण confirm करें। https://service.example/check,1,Hindi
आपका KYC expire हो गया है। बैंकिंग सुविधा बंद होने से पहले जानकारी अपडेट करें। For your records. https://service.example/check,1,Hindi
आपका बैंक खाता आज बंद किया जा सकता है क्योंकि KYC अभी लंबित है। तुरंत विवरण verify करें। Please use the official app.,1,Hindi
सरकारी लाभ के लिए आपका verification लंबित है। आवेदन बंद होने से पहले विवरण confirm करें। Please check the app for details. https://service.example/check,1,Hindi
आपका KYC expire हो गया है। बैंकिंग सुविधा बंद होने से पहले जानकारी अपडेट करें। | Service update,1,Hindi
"Update: ₹7,500 recharge ಯಶಸ್ವಿಯಾಗಿದೆ. ನಿಮ್ಮ plan 21 Augustರವರೆಗೆ active ಇದೆ. https://service.example/check",0,Kannada
ನಿಮ್ಮ reward points balance update ಆಗಿದೆ. For your records.,0,Kannada
ನಿಮ್ಮ KYC update request ಸ್ವೀಕರಿಸಲಾಗಿದೆ — Review ನಂತರ status ನೋಡಬಹುದು. https://service.example/check,0,Kannada
"ನಿಮ್ಮ broadband bill ₹3,499 ಯಶಸ್ವಿಯಾಗಿ ಪಾವತಿಸಲಾಗಿದೆ.",0,Kannada
ನಿಮ್ಮ subscription renewal ಯಶಸ್ವಿಯಾಗಿ process ಆಗಿದೆ.,0,Kannada
ಈ ತಿಂಗಳ account statement ಅಧಿಕೃತ banking appನಲ್ಲಿ ಲಭ್ಯವಿದೆ. Thank you.,0,Kannada
"ನಿಮ್ಮ ಖಾತೆಗೆ ₹1,999 ಜಮೆಯಾಗಿದೆ. ಬ್ಯಾಲೆನ್ಸ್ ಅನ್ನು ಅಧಿಕೃತ banking appನಲ್ಲಿ ನೋಡಬಹುದು. Please check the app for details.",0,Kannada
ನಿಮ್ಮ parcel Swiggyನಿಂದ dispatch ಆಗಿದೆ. Delivery 25 Augustರವರೆಗೆ ನಿರೀಕ್ಷಿಸಲಾಗಿದೆ.,0,Kannada
Electricity bill ₹499 payment ಯಶಸ್ವಿಯಾಗಿದೆ — Receipt portalನಲ್ಲಿ ಲಭ್ಯವಿದೆ.,0,Kannada
Insurance premium ₹850 ಯಶಸ್ವಿಯಾಗಿ ಸ್ವೀಕರಿಸಲಾಗಿದೆ — Policy details appನಲ್ಲಿ ಲಭ್ಯವಿದೆ.,0,Kannada
SMS: ನಿಮ್ಮ ₹499 refund ಮೂಲ payment methodಗೆ ಜಮೆಯಾಗಿದೆ. https://service.example/check,0,Kannada
Government service application TXN8472 ಸ್ವೀಕರಿಸಲಾಗಿದೆ ಮತ್ತು reviewನಲ್ಲಿದೆ.,0,Kannada
"Update: Electricity bill ₹7,500 payment ಯಶಸ್ವಿಯಾಗಿದೆ. Receipt portalನಲ್ಲಿ ಲಭ್ಯವಿದೆ.",0,Kannada
ನಿಮ್ಮ document DigiLockerನಲ್ಲಿ ನೋಡಲು ಲಭ್ಯವಿದೆ.,0,Kannada
"ನಿಮ್ಮ cardನಿಂದ Flipkartಗೆ ₹7,500 payment ಯಶಸ್ವಿಯಾಗಿದೆ. | Today",0,Kannada
"ನಿಮ್ಮ ₹7,500 refund ಮೂಲ payment methodಗೆ ಜಮೆಯಾಗಿದೆ. For your records. https://service.example/check",0,Kannada
SMS: Bank branch appointment 16 Augustರಂದು 5:45 PMಕ್ಕೆ confirmed ಆಗಿದೆ. https://service.example/check,0,Kannada
"Update: ನಿಮ್ಮ ಖಾತೆಗೆ ₹7,500 ಜಮೆಯಾಗಿದೆ. ಬ್ಯಾಲೆನ್ಸ್ ಅನ್ನು ಅಧಿಕೃತ banking appನಲ್ಲಿ ನೋಡಬಹುದು. https://service.example/check",0,Kannada
ನಿಮ್ಮ broadband bill ₹499 ಯಶಸ್ವಿಯಾಗಿ ಪಾವತಿಸಲಾಗಿದೆ. Thank you. Please use the official app.,0,Kannada
ನಿಮ್ಮ ಖಾತೆಗೆ ₹499 ಜಮೆಯಾಗಿದೆ. ಬ್ಯಾಲೆನ್ಸ್ ಅನ್ನು ಅಧಿಕೃತ banking appನಲ್ಲಿ ನೋಡಬಹುದು.,0,Kannada
Return pickup 18 Augustಕ್ಕೆ scheduled ಆಗಿದೆ. Please check the app for details. https://service.example/check,0,Kannada
ನಿಮ್ಮ interview 21 Augustರಂದು 5:45 PMಕ್ಕೆ scheduled ಆಗಿದೆ.,0,Kannada
Insurance premium ₹850 ಯಶಸ್ವಿಯಾಗಿ ಸ್ವೀಕರಿಸಲಾಗಿದೆ. Policy details appನಲ್ಲಿ ಲಭ್ಯವಿದೆ. | Service update,0,Kannada
"ನಿಮ್ಮ ಖಾತೆಗೆ ₹1,240 ಜಮೆಯಾಗಿದೆ — ಬ್ಯಾಲೆನ್ಸ್ ಅನ್ನು ಅಧಿಕೃತ banking appನಲ್ಲಿ ನೋಡಬಹುದು.",0,Kannada
ನಿಮ್ಮ broadband bill ₹249 ಯಶಸ್ವಿಯಾಗಿ ಪಾವತಿಸಲಾಗಿದೆ. Thank you.,0,Kannada
₹199 UPI ಪಾವತಿ Zomatoಗೆ ಯಶಸ್ವಿಯಾಗಿದೆ. ಉಲ್ಲೇಖ APP7045. Thank you.,0,Kannada
"Update: ನಿಮ್ಮ broadband bill ₹1,240 ಯಶಸ್ವಿಯಾಗಿ ಪಾವತಿಸಲಾಗಿದೆ. https://service.example/check",0,Kannada
"ನಿಮ್ಮ cardನಿಂದ Amazonಗೆ ₹1,240 payment ಯಶಸ್ವಿಯಾಗಿದೆ. https://service.example/check",0,Kannada
SMS: ನಿಮ್ಮ subscription renewal ಯಶಸ್ವಿಯಾಗಿ process ಆಗಿದೆ.,0,Kannada
ನಿಮ್ಮ interview 25 Augustರಂದು 11:30 AMಕ್ಕೆ scheduled ಆಗಿದೆ.,0,Kannada
ನಿಮ್ಮ KYC update request ಸ್ವೀಕರಿಸಲಾಗಿದೆ. Review ನಂತರ status ನೋಡಬಹುದು. For your records.,0,Kannada
ನಿಮ್ಮ subscription renewal ಯಶಸ್ವಿಯಾಗಿ process ಆಗಿದೆ. Please check the app for details.,0,Kannada
Insurance premium ₹249 ಯಶಸ್ವಿಯಾಗಿ ಸ್ವೀಕರಿಸಲಾಗಿದೆ. Policy details appನಲ್ಲಿ ಲಭ್ಯವಿದೆ. For your records.,0,Kannada
ನಿಮ್ಮ ಖಾತೆಗೆ ₹499 ಜಮೆಯಾಗಿದೆ. ಬ್ಯಾಲೆನ್ಸ್ ಅನ್ನು ಅಧಿಕೃತ banking appನಲ್ಲಿ ನೋಡಬಹುದು. ಈ confirmation ಅನ್ನು ನಿಮ್ಮ recordsಗಾಗಿ ಉಳಿಸಿ.,0,Kannada
₹499 recharge ಯಶಸ್ವಿಯಾಗಿದೆ. ನಿಮ್ಮ plan 21 Augustರವರೆಗೆ active ಇದೆ. https://service.example/check,0,Kannada
ನಿಮ್ಮ KYC update request ಸ್ವೀಕರಿಸಲಾಗಿದೆ. Review ನಂತರ status ನೋಡಬಹುದು. For your records. ಈ update ನಿಮ್ಮ service recordನಲ್ಲೂ ಲಭ್ಯವಿದೆ.,0,Kannada
ಹೊಸ device login ಯಶಸ್ವಿಯಾಗಿ confirm ಆಗಿದೆ — https://service.example/check,0,Kannada
ಹೊಸ device login ಯಶಸ್ವಿಯಾಗಿ confirm ಆಗಿದೆ. Service details are available in your account.,0,Kannada
"₹3,499 recharge ಯಶಸ್ವಿಯಾಗಿದೆ. ನಿಮ್ಮ plan 21 Augustರವರೆಗೆ active ಇದೆ. Please check the app for details. https://service.example/check",0,Kannada
"ನಿಮ್ಮ ₹3,499 EMI ಯಶಸ್ವಿಯಾಗಿ ಪಾವತಿಸಲಾಗಿದೆ. Service details are available in your account. Please use the official app.",0,Kannada
ನಿಮ್ಮ reward points balance update ಆಗಿದೆ. | Service update Please use the official app.,0,Kannada
"ನಿಮ್ಮ cardನಿಂದ Swiggyಗೆ ₹7,500 payment ಯಶಸ್ವಿಯಾಗಿದೆ. Please check the app for details. https://service.example/check",0,Kannada
SMS: ನಿಮ್ಮ ₹850 EMI ಯಶಸ್ವಿಯಾಗಿ ಪಾವತಿಸಲಾಗಿದೆ.,0,Kannada
ನಿಮ್ಮ reward points balance update ಆಗಿದೆ.,0,Kannada
"ನಿಮ್ಮ broadband bill ₹7,500 ಯಶಸ್ವಿಯಾಗಿ ಪಾವತಿಸಲಾಗಿದೆ. https://service.example/check",0,Kannada
ನಿಮ್ಮ KYC update request ಸ್ವೀಕರಿಸಲಾಗಿದೆ. Review ನಂತರ status ನೋಡಬಹುದು. For your records. ಈ confirmation ಅನ್ನು ನಿಮ್ಮ recordsಗಾಗಿ ಉಳಿಸಿ.,0,Kannada
ನಿಮ್ಮ ₹499 EMI ಯಶಸ್ವಿಯಾಗಿ ಪಾವತಿಸಲಾಗಿದೆ.,0,Kannada
Bank branch appointment 21 Augustರಂದು 2:10 PMಕ್ಕೆ confirmed ಆಗಿದೆ. Service details are available in your account.,0,Kannada
Update: ಈ ತಿಂಗಳ account statement ಅಧಿಕೃತ banking appನಲ್ಲಿ ಲಭ್ಯವಿದೆ.,0,Kannada
ನಿಮ್ಮ parcel Amazonನಿಂದ dispatch ಆಗಿದೆ. Delivery 25 Augustರವರೆಗೆ ನಿರೀಕ್ಷಿಸಲಾಗಿದೆ. Thank you.,0,Kannada
ಈ ತಿಂಗಳ account statement ಅಧಿಕೃತ banking appನಲ್ಲಿ ಲಭ್ಯವಿದೆ. https://service.example/check,0,Kannada
Update: Bank branch appointment 18 Augustರಂದು 2:10 PMಕ್ಕೆ confirmed ಆಗಿದೆ.,0,Kannada
Return pickup 18 Augustಕ್ಕೆ scheduled ಆಗಿದೆ. | Today https://service.example/check,0,Kannada
₹499 UPI ಪಾವತಿ Airtelಗೆ ಯಶಸ್ವಿಯಾಗಿದೆ. ಉಲ್ಲೇಖ APP7045. Please check the app for details.,0,Kannada
"Insurance premium ₹3,499 ಯಶಸ್ವಿಯಾಗಿ ಸ್ವೀಕರಿಸಲಾಗಿದೆ. Policy details appನಲ್ಲಿ ಲಭ್ಯವಿದೆ. Please check the app for details.",0,Kannada
"SMS: ನಿಮ್ಮ ಖಾತೆಗೆ ₹7,500 ಜಮೆಯಾಗಿದೆ. ಬ್ಯಾಲೆನ್ಸ್ ಅನ್ನು ಅಧಿಕೃತ banking appನಲ್ಲಿ ನೋಡಬಹುದು. Please use the official app.",0,Kannada
ನಿಮ್ಮ ₹249 refund ಮೂಲ payment methodಗೆ ಜಮೆಯಾಗಿದೆ. Thank you.,0,Kannada
ನಿಮ್ಮ interview 25 Augustರಂದು 11:30 AMಕ್ಕೆ scheduled ಆಗಿದೆ. ಈ confirmation ಅನ್ನು ನಿಮ್ಮ recordsಗಾಗಿ ಉಳಿಸಿ.,0,Kannada
SMS: ನಿಮ್ಮ document DigiLockerನಲ್ಲಿ ನೋಡಲು ಲಭ್ಯವಿದೆ.,0,Kannada
ಈ ತಿಂಗಳ account statement ಅಧಿಕೃತ banking appನಲ್ಲಿ ಲಭ್ಯವಿದೆ.,0,Kannada
ನಿಮ್ಮ subscription renewal ಯಶಸ್ವಿಯಾಗಿ process ಆಗಿದೆ. ಈ confirmation ಅನ್ನು ನಿಮ್ಮ recordsಗಾಗಿ ಉಳಿಸಿ.,0,Kannada
ನಿಮ್ಮ ₹249 refund ಮೂಲ payment methodಗೆ ಜಮೆಯಾಗಿದೆ. Thank you. ಇದೇ ಮಾಹಿತಿಯನ್ನು ನಿಮ್ಮ ಅಧಿಕೃತ accountನಲ್ಲೂ ನೋಡಬಹುದು.,0,Kannada
ನಿಮ್ಮ cardನಿಂದ Swiggyಗೆ ₹499 payment ಯಶಸ್ವಿಯಾಗಿದೆ. Please check the app for details.,0,Kannada
ಈ ತಿಂಗಳ account statement ಅಧಿಕೃತ banking appನಲ್ಲಿ ಲಭ್ಯವಿದೆ —,0,Kannada
ನಿಮ್ಮ broadband bill ₹499 ಯಶಸ್ವಿಯಾಗಿ ಪಾವತಿಸಲಾಗಿದೆ. Thank you.,0,Kannada
ನಿಮ್ಮ ಖಾತೆಗೆ ₹199 ಜಮೆಯಾಗಿದೆ. ಬ್ಯಾಲೆನ್ಸ್ ಅನ್ನು ಅಧಿಕೃತ banking appನಲ್ಲಿ ನೋಡಬಹುದು. Please check the app for details. https://service.example/check,0,Kannada
"₹1,999 UPI ಪಾವತಿ Zomatoಗೆ ಯಶಸ್ವಿಯಾಗಿದೆ. ಉಲ್ಲೇಖ TXN8472.",0,Kannada
"ನಿಮ್ಮ ಖಾತೆಗೆ ₹1,999 ಜಮೆಯಾಗಿದೆ. ಬ್ಯಾಲೆನ್ಸ್ ಅನ್ನು ಅಧಿಕೃತ banking appನಲ್ಲಿ ನೋಡಬಹುದು. Thank you. Please use the official app.",0,Kannada
₹499 recharge ಯಶಸ್ವಿಯಾಗಿದೆ. ನಿಮ್ಮ plan 25 Augustರವರೆಗೆ active ಇದೆ. | Today https://service.example/check,0,Kannada
"Update: ನಿಮ್ಮ ₹1,999 EMI ಯಶಸ್ವಿಯಾಗಿ ಪಾವತಿಸಲಾಗಿದೆ.",0,Kannada
"Insurance premium ₹1,240 ಯಶಸ್ವಿಯಾಗಿ ಸ್ವೀಕರಿಸಲಾಗಿದೆ. Policy details appನಲ್ಲಿ ಲಭ್ಯವಿದೆ. https://service.example/check",0,Kannada
Electricity bill ₹850 payment ಯಶಸ್ವಿಯಾಗಿದೆ. Receipt portalನಲ್ಲಿ ಲಭ್ಯವಿದೆ.,0,Kannada
Bank branch appointment 25 Augustರಂದು 5:45 PMಕ್ಕೆ confirmed ಆಗಿದೆ.,0,Kannada
"ನಿಮ್ಮ ಖಾತೆಗೆ ₹3,499 ಜಮೆಯಾಗಿದೆ. ಬ್ಯಾಲೆನ್ಸ್ ಅನ್ನು ಅಧಿಕೃತ banking appನಲ್ಲಿ ನೋಡಬಹುದು.",0,Kannada
Update: ನಿಮ್ಮ reward points balance update ಆಗಿದೆ. https://service.example/check,0,Kannada
Refund pending ಇದೆ. Amount ಪಡೆಯಲು ಕೇಳಿದ account details share ಮಾಡಿ.,1,Kannada
Insurance claim beneficiary details confirm ಆಗುವವರೆಗೆ process ಆಗುವುದಿಲ್ಲ.,1,Kannada
Update: UPI refund release ಆಗಿಲ್ಲ. Payment details submit ಮಾಡಿ process complete ಮಾಡಿ. https://service.example/check,1,Kannada
"ನಿಮ್ಮ bank account ಇಂದು suspend ಆಗಬಹುದು, KYC pending ಇದೆ. ದಯವಿಟ್ಟು ತಕ್ಷಣ verify ಮಾಡಿ. For your records.",1,Kannada
Reward ready ಇದೆ. Cashback ಪಡೆಯಲು verification complete ಮಾಡಿ.,1,Kannada
Refund pending ಇದೆ. Amount ಪಡೆಯಲು ಕೇಳಿದ account details share ಮಾಡಿ. For your records. Please use the official app.,1,Kannada
SMS: Subscription payment fail ಆಗಿದೆ. Cancellation ತಪ್ಪಿಸಲು card information verify ಮಾಡಿ. Please use the official app.,1,Kannada
ನಿಮ್ಮ UPI service holdನಲ್ಲಿದೆ. Payment ಮುಂದುವರಿಸಲು verification complete ಮಾಡಿ. | Service update Please use the official app.,1,Kannada
"Parcel address verify ಆಗಿಲ್ಲ, ಆದ್ದರಿಂದ delivery holdನಲ್ಲಿದೆ. Address confirm ಮಾಡಿ.",1,Kannada
"Update: Electricity connection suspend ಆಗಬಹುದು, latest bill verify ಆಗಿಲ್ಲ.",1,Kannada
UPI refund release ಆಗಿಲ್ಲ — Payment details submit ಮಾಡಿ process complete ಮಾಡಿ.,1,Kannada
Refund pending ಇದೆ. Amount ಪಡೆಯಲು ಕೇಳಿದ account details share ಮಾಡಿ. https://service.example/check,1,Kannada
ನಿಮ್ಮನ್ನು work-from-home jobಗೆ shortlist ಮಾಡಲಾಗಿದೆ. Joiningಗಾಗಿ registration amount pay ಮಾಡಿ. Please use the official app.,1,Kannada
Reward ready ಇದೆ. Cashback ಪಡೆಯಲು verification complete ಮಾಡಿ. ಇದೇ ಮಾಹಿತಿಯನ್ನು ನಿಮ್ಮ ಅಧಿಕೃತ accountನಲ್ಲೂ ನೋಡಬಹುದು.,1,Kannada
SMS: Subscription payment fail ಆಗಿದೆ. Cancellation ತಪ್ಪಿಸಲು card information verify ಮಾಡಿ.,1,Kannada
"Electricity connection suspend ಆಗಬಹುದು, latest bill verify ಆಗಿಲ್ಲ.",1,Kannada
Security check complete ಆಗದಿದ್ದರೆ card temporarily disable ಆಗಬಹುದು.,1,Kannada
Security check complete ಆಗದಿದ್ದರೆ card temporarily disable ಆಗಬಹುದು. ಈ update ನಿಮ್ಮ service recordನಲ್ಲೂ ಲಭ್ಯವಿದೆ.,1,Kannada
Insurance claim beneficiary details confirm ಆಗುವವರೆಗೆ process ಆಗುವುದಿಲ್ಲ. | Service update Please use the official app.,1,Kannada
Update: ನಿಮ್ಮ UPI service holdನಲ್ಲಿದೆ. Payment ಮುಂದುವರಿಸಲು verification complete ಮಾಡಿ.,1,Kannada
Interview slot confirm ಮಾಡುವ ಮೊದಲು job application final verification complete ಮಾಡಿ. https://service.example/check,1,Kannada
ನಿಮ್ಮನ್ನು work-from-home jobಗೆ shortlist ಮಾಡಲಾಗಿದೆ. Joiningಗಾಗಿ registration amount pay ಮಾಡಿ.,1,Kannada
Mobile number KYC recheck ಅಗತ್ಯವಿದೆ — Service active ಇರಲು ಇಂದು verify ಮಾಡಿ. https://service.example/check,1,Kannada
Subscription payment fail ಆಗಿದೆ. Cancellation ತಪ್ಪಿಸಲು card information verify ಮಾಡಿ. Please use the official app.,1,Kannada
Security check complete ಆಗದಿದ್ದರೆ card temporarily disable ಆಗಬಹುದು. | Account update,1,Kannada
"Electricity connection suspend ಆಗಬಹುದು, latest bill verify ಆಗಿಲ್ಲ. | Service update",1,Kannada
UPI refund release ಆಗಿಲ್ಲ. Payment details submit ಮಾಡಿ process complete ಮಾಡಿ. Thank you. https://service.example/check,1,Kannada
SMS: ನಿಮ್ಮನ್ನು work-from-home jobಗೆ shortlist ಮಾಡಲಾಗಿದೆ. Joiningಗಾಗಿ registration amount pay ಮಾಡಿ. https://service.example/check,1,Kannada
"Parcel address verify ಆಗಿಲ್ಲ, ಆದ್ದರಿಂದ delivery holdನಲ್ಲಿದೆ. Address confirm ಮಾಡಿ. Please check the app for details. Please use the official app.",1,Kannada
"Electricity connection suspend ಆಗಬಹುದು, latest bill verify ಆಗಿಲ್ಲ — https://service.example/check",1,Kannada
Update: Reward ready ಇದೆ. Cashback ಪಡೆಯಲು verification complete ಮಾಡಿ.,1,Kannada
Insurance claim beneficiary details confirm ಆಗುವವರೆಗೆ process ಆಗುವುದಿಲ್ಲ. For your records. Please use the official app.,1,Kannada
Accountನಲ್ಲಿ suspicious activity ಕಂಡುಬಂದಿದೆ. Service block ಆಗುವ ಮೊದಲು identity confirm ಮಾಡಿ. Thank you. https://service.example/check,1,Kannada
Subscription payment fail ಆಗಿದೆ. Cancellation ತಪ್ಪಿಸಲು card information verify ಮಾಡಿ. Service details are available in your account. Please use the official app.,1,Kannada
"Electricity connection suspend ಆಗಬಹುದು, latest bill verify ಆಗಿಲ್ಲ. https://service.example/check",1,Kannada
Government benefit verification pending ಇದೆ. Application close ಆಗುವ ಮೊದಲು details confirm ಮಾಡಿ. Thank you. Please use the official app.,1,Kannada
SMS: Interview slot confirm ಮಾಡುವ ಮೊದಲು job application final verification complete ಮಾಡಿ.,1,Kannada
"Electricity connection suspend ಆಗಬಹುದು, latest bill verify ಆಗಿಲ್ಲ. | Today",1,Kannada
Accountನಲ್ಲಿ suspicious activity ಕಂಡುಬಂದಿದೆ. Service block ಆಗುವ ಮೊದಲು identity confirm ಮಾಡಿ.,1,Kannada
Unknown deviceನಿಂದ account recovery request ಬಂದಿದೆ. Please identity confirm ಮಾಡಿ. | Account update https://service.example/check,1,Kannada
Refund pending ಇದೆ. Amount ಪಡೆಯಲು ಕೇಳಿದ account details share ಮಾಡಿ. https://service.example/check ಇದೇ ಮಾಹಿತಿಯನ್ನು ನಿಮ್ಮ ಅಧಿಕೃತ accountನಲ್ಲೂ ನೋಡಬಹುದು.,1,Kannada
"ನಿಮ್ಮ bank account ಇಂದು suspend ಆಗಬಹುದು, KYC pending ಇದೆ. ದಯವಿಟ್ಟು ತಕ್ಷಣ verify ಮಾಡಿ. Please check the app for details.",1,Kannada
Update: ನಿಮ್ಮನ್ನು work-from-home jobಗೆ shortlist ಮಾಡಲಾಗಿದೆ. Joiningಗಾಗಿ registration amount pay ಮಾಡಿ.,1,Kannada
Update: ನಿಮ್ಮ KYC expire ಆಗಿದೆ. Banking access block ಆಗುವ ಮೊದಲು details update ಮಾಡಿ.,1,Kannada
UPI refund release ಆಗಿಲ್ಲ. Payment details submit ಮಾಡಿ process complete ಮಾಡಿ.,1,Kannada
SMS: ನಿಮ್ಮನ್ನು work-from-home jobಗೆ shortlist ಮಾಡಲಾಗಿದೆ. Joiningಗಾಗಿ registration amount pay ಮಾಡಿ.,1,Kannada
ನಿಮ್ಮ UPI service holdನಲ್ಲಿದೆ — Payment ಮುಂದುವರಿಸಲು verification complete ಮಾಡಿ.,1,Kannada
Security check complete ಆಗದಿದ್ದರೆ card temporarily disable ಆಗಬಹುದು. https://service.example/check,1,Kannada
ನಿಮ್ಮ UPI service holdನಲ್ಲಿದೆ. Payment ಮುಂದುವರಿಸಲು verification complete ಮಾಡಿ. Service details are available in your account.,1,Kannada
Interview slot confirm ಮಾಡುವ ಮೊದಲು job application final verification complete ಮಾಡಿ — https://service.example/check,1,Kannada
Subscription payment fail ಆಗಿದೆ. Cancellation ತಪ್ಪಿಸಲು card information verify ಮಾಡಿ. Please check the app for details. Please use the official app.,1,Kannada
SMS: Accountನಲ್ಲಿ suspicious activity ಕಂಡುಬಂದಿದೆ. Service block ಆಗುವ ಮೊದಲು identity confirm ಮಾಡಿ.,1,Kannada
ನಿಮ್ಮನ್ನು work-from-home jobಗೆ shortlist ಮಾಡಲಾಗಿದೆ. Joiningಗಾಗಿ registration amount pay ಮಾಡಿ. For your records.,1,Kannada
ನಿಮ್ಮ UPI service holdನಲ್ಲಿದೆ. Payment ಮುಂದುವರಿಸಲು verification complete ಮಾಡಿ.,1,Kannada
ನಿಮ್ಮ KYC expire ಆಗಿದೆ. Banking access block ಆಗುವ ಮೊದಲು details update ಮಾಡಿ. For your records. Please use the official app.,1,Kannada
Reward ready ಇದೆ. Cashback ಪಡೆಯಲು verification complete ಮಾಡಿ. Please check the app for details.,1,Kannada
Insurance claim beneficiary details confirm ಆಗುವವರೆಗೆ process ಆಗುವುದಿಲ್ಲ. | Service update https://service.example/check,1,Kannada
Update: Mobile number KYC recheck ಅಗತ್ಯವಿದೆ. Service active ಇರಲು ಇಂದು verify ಮಾಡಿ. https://service.example/check,1,Kannada
Refund pending ಇದೆ. Amount ಪಡೆಯಲು ಕೇಳಿದ account details share ಮಾಡಿ. For your records. https://service.example/check,1,Kannada
Accountನಲ್ಲಿ suspicious activity ಕಂಡುಬಂದಿದೆ. Service block ಆಗುವ ಮೊದಲು identity confirm ಮಾಡಿ. ಈ update ನಿಮ್ಮ service recordನಲ್ಲೂ ಲಭ್ಯವಿದೆ.,1,Kannada
SMS: ನಿಮ್ಮ KYC expire ಆಗಿದೆ. Banking access block ಆಗುವ ಮೊದಲು details update ಮಾಡಿ.,1,Kannada
"SMS: Parcel address verify ಆಗಿಲ್ಲ, ಆದ್ದರಿಂದ delivery holdನಲ್ಲಿದೆ. Address confirm ಮಾಡಿ.",1,Kannada
SMS: Refund pending ಇದೆ. Amount ಪಡೆಯಲು ಕೇಳಿದ account details share ಮಾಡಿ. https://service.example/check,1,Kannada
ನಿಮ್ಮನ್ನು work-from-home jobಗೆ shortlist ಮಾಡಲಾಗಿದೆ. Joiningಗಾಗಿ registration amount pay ಮಾಡಿ. https://service.example/check,1,Kannada
Refund pending ಇದೆ — Amount ಪಡೆಯಲು ಕೇಳಿದ account details share ಮಾಡಿ.,1,Kannada
Unknown deviceನಿಂದ account recovery request ಬಂದಿದೆ. Please identity confirm ಮಾಡಿ.,1,Kannada
Interview slot confirm ಮಾಡುವ ಮೊದಲು job application final verification complete ಮಾಡಿ. https://service.example/check ಈ confirmation ಅನ್ನು ನಿಮ್ಮ recordsಗಾಗಿ ಉಳಿಸಿ.,1,Kannada
SMS: ನಿಮ್ಮ KYC expire ಆಗಿದೆ. Banking access block ಆಗುವ ಮೊದಲು details update ಮಾಡಿ. ಇದೇ ಮಾಹಿತಿಯನ್ನು ನಿಮ್ಮ ಅಧಿಕೃತ accountನಲ್ಲೂ ನೋಡಬಹುದು.,1,Kannada
Card payment verify ಆಗಿಲ್ಲ. Card active ಇರಲು account details ಮತ್ತೆ enter ಮಾಡಿ. Please check the app for details.,1,Kannada
"ನಿಮ್ಮ bank account ಇಂದು suspend ಆಗಬಹುದು, KYC pending ಇದೆ. ದಯವಿಟ್ಟು ತಕ್ಷಣ verify ಮಾಡಿ. For your records. ಈ confirmation ಅನ್ನು ನಿಮ್ಮ recordsಗಾಗಿ ಉಳಿಸಿ.",1,Kannada
SMS: Reward ready ಇದೆ. Cashback ಪಡೆಯಲು verification complete ಮಾಡಿ.,1,Kannada
Loan approve ಆಗಿದೆ ಎಂದು ಮಾಹಿತಿ ಬಂದಿದೆ. Amount release ಮಾಡಲು requested details submit ಮಾಡಿ. https://service.example/check,1,Kannada
Loan approve ಆಗಿದೆ ಎಂದು ಮಾಹಿತಿ ಬಂದಿದೆ. Amount release ಮಾಡಲು requested details submit ಮಾಡಿ.,1,Kannada
Accountನಲ್ಲಿ suspicious activity ಕಂಡುಬಂದಿದೆ. Service block ಆಗುವ ಮೊದಲು identity confirm ಮಾಡಿ. Service details are available in your account. https://service.example/check,1,Kannada
Government benefit verification pending ಇದೆ. Application close ಆಗುವ ಮೊದಲು details confirm ಮಾಡಿ. Thank you.,1,Kannada
"Insurance premium ₹1,999 successfully receive ho gaya hai. Policy details app mein hain. Please use the official app.",0,Hinglish
"Aapka parcel Swiggy se dispatch ho gaya hai, delivery 16 August tak expected hai.",0,Hinglish
"₹1,999 ka UPI payment ABC Store ko successfully receive ho gaya hai. Ref TXN8472. https://service.example/check",0,Hinglish
"Aapke account mein ₹3,499 credit ho gaya hai. Balance banking app mein check kar sakte hain. https://service.example/check",0,Hinglish
₹499 ka recharge successful hai aur plan 18 August tak active hai —,0,Hinglish
Bank branch appointment 21 August ko 11:30 AM par confirmed hai. Please check the app for details.,0,Hinglish
Is month ka account statement official banking app mein available hai. | Account update,0,Hinglish
₹499 ka UPI payment Flipkart ko successfully receive ho gaya hai. Ref TXN8472. | Today,0,Hinglish
Aapka broadband bill ₹499 successfully pay ho gaya hai.,0,Hinglish
"Update: Aapka broadband bill ₹1,999 successfully pay ho gaya hai.",0,Hinglish
"Aapka parcel Flipkart se dispatch ho gaya hai, delivery 21 August tak expected hai. | Account update",0,Hinglish
Aapke reward points ka balance update ho gaya hai. Service details are available in your account. https://service.example/check,0,Hinglish
Aapki ₹499 EMI successfully pay ho gayi hai. Please use the official app.,0,Hinglish
Aapka return pickup 25 August ke liye scheduled hai. | Today Please use the official app.,0,Hinglish
Aapka return pickup 18 August ke liye scheduled hai. https://service.example/check,0,Hinglish
Government service application TXN8472 receive ho gaya hai aur review mein hai — https://service.example/check,0,Hinglish
Aapke new device se login successfully confirm hua hai.,0,Hinglish
Bank branch appointment 18 August ko 9:15 AM par confirmed hai.,0,Hinglish
Update: Is month ka account statement official banking app mein available hai.,0,Hinglish
Update: Aapki subscription renewal successfully process ho gayi hai.,0,Hinglish
Update: Aapka broadband bill ₹249 successfully pay ho gaya hai.,0,Hinglish
"Aapke card se Flipkart par ₹7,500 payment successful hua hai —",0,Hinglish
Aapka broadband bill ₹499 successfully pay ho gaya hai —,0,Hinglish
Government service application REF5291 receive ho gaya hai aur review mein hai.,0,Hinglish
"Update: Insurance premium ₹1,240 successfully receive ho gaya hai. Policy details app mein hain.",0,Hinglish
Bank branch appointment 25 August ko 9:15 AM par confirmed hai. | Account update,0,Hinglish
"Aapka parcel Zomato se dispatch ho gaya hai, delivery 21 August tak expected hai. https://service.example/check",0,Hinglish
Government service application APP7045 receive ho gaya hai aur review mein hai.,0,Hinglish
Aapke new device se login successfully confirm hua hai. https://service.example/check,0,Hinglish
Aapka interview 21 August ko 2:10 PM par scheduled hai. For your records. https://service.example/check,0,Hinglish
Aapke new device se login successfully confirm hua hai. Thank you.,0,Hinglish
"₹7,500 ka UPI payment Jio ko successfully receive ho gaya hai. Ref APP7045. Service details are available in your account.",0,Hinglish
"₹1,240 ka UPI payment Airtel ko successfully receive ho gaya hai. Ref REF5291. Please use the official app.",0,Hinglish
Bank branch appointment 21 August ko 11:30 AM par confirmed hai.,0,Hinglish
"Electricity bill ka ₹3,499 payment successful hai. Receipt portal par available hai.",0,Hinglish
SMS: Aapka return pickup 16 August ke liye scheduled hai. https://service.example/check,0,Hinglish
Is month ka account statement official banking app mein available hai. Please check the app for details.,0,Hinglish
Government service application REF5291 receive ho gaya hai aur review mein hai. Same update aapke official account mein bhi available hai.,0,Hinglish
Aapka document DigiLocker mein view karne ke liye available hai. Please check the app for details.,0,Hinglish
Aapke reward points ka balance update ho gaya hai.,0,Hinglish
Aapke new device se login successfully confirm hua hai. Service details are available in your account.,0,Hinglish
Aapke card se ABC Store par ₹199 payment successful hua hai. https://service.example/check,0,Hinglish
Aapke new device se login successfully confirm hua hai. For your records.,0,Hinglish
Government service application TXN8472 receive ho gaya hai aur review mein hai.,0,Hinglish
Government service application APP7045 receive ho gaya hai aur review mein hai — https://service.example/check,0,Hinglish
Is month ka account statement official banking app mein available hai. For your records.,0,Hinglish
"Insurance premium ₹7,500 successfully receive ho gaya hai. Policy details app mein hain. Thank you.",0,Hinglish
Insurance premium ₹249 successfully receive ho gaya hai. Policy details app mein hain. Please check the app for details. https://service.example/check,0,Hinglish
"Insurance premium ₹3,499 successfully receive ho gaya hai. Policy details app mein hain. https://service.example/check",0,Hinglish
SMS: Government service application REF5291 receive ho gaya hai aur review mein hai. https://service.example/check,0,Hinglish
"₹7,500 ka UPI payment Jio ko successfully receive ho gaya hai. Ref APP7045. | Account update",0,Hinglish
SMS: Aapke new device se login successfully confirm hua hai. https://service.example/check,0,Hinglish
Update: Aapka interview 16 August ko 5:45 PM par scheduled hai.,0,Hinglish
Government service application APP7045 receive ho gaya hai aur review mein hai. Ye status app mein bhi check kar sakte hain.,0,Hinglish
"₹7,500 ka recharge successful hai aur plan 25 August tak active hai.",0,Hinglish
"SMS: ₹1,240 ka recharge successful hai aur plan 21 August tak active hai.",0,Hinglish
SMS: Insurance premium ₹850 successfully receive ho gaya hai. Policy details app mein hain. https://service.example/check,0,Hinglish
Aapka document DigiLocker mein view karne ke liye available hai.,0,Hinglish
Is month ka account statement official banking app mein available hai. | Account update Same update aapke official account mein bhi available hai.,0,Hinglish
Aapke reward points ka balance update ho gaya hai. Thank you. Please use the official app.,0,Hinglish
Update: Aapka interview 25 August ko 2:10 PM par scheduled hai.,0,Hinglish
Aapki ₹499 EMI successfully pay ho gayi hai.,0,Hinglish
"Electricity bill ka ₹1,240 payment successful hai. Receipt portal par available hai. Thank you.",0,Hinglish
Aapke reward points ka balance update ho gaya hai. Please use the official app.,0,Hinglish
"Aapka KYC update request receive ho gaya hai, review ke baad status check karein.",0,Hinglish
"Aapka refund ₹7,500 original payment method mein credit ho gaya hai.",0,Hinglish
"Insurance premium ₹1,240 successfully receive ho gaya hai. Policy details app mein hain. https://service.example/check",0,Hinglish
"Aapke card se Amazon par ₹3,499 payment successful hua hai. Thank you.",0,Hinglish
"Aapka parcel Jio se dispatch ho gaya hai, delivery 21 August tak expected hai. For your records. https://service.example/check",0,Hinglish
"Aapki ₹1,240 EMI successfully pay ho gayi hai. | Service update https://service.example/check",0,Hinglish
"Aapka KYC update request receive ho gaya hai, review ke baad status check karein. https://service.example/check",0,Hinglish
Government service application ORD3816 receive ho gaya hai aur review mein hai — Please use the official app.,0,Hinglish
Aapka broadband bill ₹249 successfully pay ho gaya hai.,0,Hinglish
₹249 ka UPI payment Flipkart ko successfully receive ho gaya hai. Ref APP7045. https://service.example/check,0,Hinglish
"Update: Aapki ₹7,500 EMI successfully pay ho gayi hai.",0,Hinglish
"Aapki ₹1,240 EMI successfully pay ho gayi hai. Thank you. Please use the official app.",0,Hinglish
"Update: Aapki ₹1,999 EMI successfully pay ho gayi hai.",0,Hinglish
Aapki subscription renewal successfully process ho gayi hai —,0,Hinglish
"Update: Electricity bill ka ₹1,240 payment successful hai. Receipt portal par available hai.",0,Hinglish
Electricity bill ka ₹850 payment successful hai. Receipt portal par available hai.,0,Hinglish
"Aapka KYC update request receive ho gaya hai, review ke baad status check karein. Ye status app mein bhi check kar sakte hain.",0,Hinglish
Bank branch appointment 25 August ko 5:45 PM par confirmed hai.,0,Hinglish
Aapka document DigiLocker mein view karne ke liye available hai. For your records.,0,Hinglish
Electricity bill ka ₹199 payment successful hai. Receipt portal par available hai.,0,Hinglish
Aapka interview 25 August ko 11:30 AM par scheduled hai. Service details are available in your account.,0,Hinglish
"Aapka KYC update request receive ho gaya hai, review ke baad status check karein. Thank you.",0,Hinglish
"Insurance premium ₹7,500 successfully receive ho gaya hai. Policy details app mein hain.",0,Hinglish
Aapka return pickup 25 August ke liye scheduled hai. Thank you.,0,Hinglish
Aapka return pickup 21 August ke liye scheduled hai. https://service.example/check,0,Hinglish
Aapka refund ₹850 original payment method mein credit ho gaya hai —,0,Hinglish
"Update: ₹1,999 ka UPI payment ABC Store ko successfully receive ho gaya hai. Ref REF5291. Please use the official app.",0,Hinglish
"Aapka parcel Zomato se dispatch ho gaya hai, delivery 18 August tak expected hai. https://service.example/check",0,Hinglish
"₹1,240 ka UPI payment Zomato ko successfully receive ho gaya hai. Ref TXN8472.",0,Hinglish
"₹7,500 ka UPI payment Flipkart ko successfully receive ho gaya hai. Ref APP7045. For your records. Please use the official app.",0,Hinglish
Aapka interview 16 August ko 2:10 PM par scheduled hai.,0,Hinglish
Aapki subscription renewal successfully process ho gayi hai. Thank you.,0,Hinglish
"Insurance premium ₹7,500 successfully receive ho gaya hai — Policy details app mein hain.",0,Hinglish
Aapka document DigiLocker mein view karne ke liye available hai. Same update aapke official account mein bhi available hai.,0,Hinglish
"Insurance premium ₹1,999 successfully receive ho gaya hai. Policy details app mein hain. Please check the app for details.",0,Hinglish
"Aapki ₹1,240 EMI successfully pay ho gayi hai. Service details are available in your account. Please use the official app.",0,Hinglish
₹850 ka recharge successful hai aur plan 21 August tak active hai.,0,Hinglish
Aapka interview 25 August ko 11:30 AM par scheduled hai. https://service.example/check,0,Hinglish
"Aapka parcel ABC Store se dispatch ho gaya hai, delivery 18 August tak expected hai.",0,Hinglish
Aapka interview 25 August ko 11:30 AM par scheduled hai. https://service.example/check Same update aapke official account mein bhi available hai.,0,Hinglish
"Insurance premium ₹3,499 successfully receive ho gaya hai. Policy details app mein hain. https://service.example/check Ye status app mein bhi check kar sakte hain.",0,Hinglish
Aapka broadband bill ₹850 successfully pay ho gaya hai. For your records.,0,Hinglish
"₹1,240 ka UPI payment Amazon ko successfully receive ho gaya hai. Ref REF5291. For your records.",0,Hinglish
SMS: Government service application APP7045 receive ho gaya hai aur review mein hai. Please use the official app.,0,Hinglish
"₹7,500 ka recharge successful hai aur plan 25 August tak active hai. Is confirmation ko records ke liye rakh sakte hain.",0,Hinglish
₹199 ka UPI payment Airtel ko successfully receive ho gaya hai. Ref ORD3816. For your records.,0,Hinglish
"Aapke card se Amazon par ₹7,500 payment successful hua hai. Please use the official app.",0,Hinglish
₹850 ka UPI payment Amazon ko successfully receive ho gaya hai. Ref TXN8472.,0,Hinglish
"₹1,240 ka UPI payment Swiggy ko successfully receive ho gaya hai — Ref APP7045.",0,Hinglish
"Aapka broadband bill ₹7,500 successfully pay ho gaya hai. https://service.example/check",0,Hinglish
Bank branch appointment 25 August ko 11:30 AM par confirmed hai. Service details are available in your account. https://service.example/check,0,Hinglish
Update: Aapka interview 18 August ko 2:10 PM par scheduled hai.,0,Hinglish
"Update: ₹1,999 ka UPI payment Zomato ko successfully receive ho gaya hai. Ref ORD3816.",0,Hinglish
Aapke reward points ka balance update ho gaya hai. Is confirmation ko records ke liye rakh sakte hain.,0,Hinglish
Is month ka account statement official banking app mein available hai.,0,Hinglish
Aapka broadband bill ₹499 successfully pay ho gaya hai — Ye status app mein bhi check kar sakte hain.,0,Hinglish
"Aapka parcel Airtel se dispatch ho gaya hai, delivery 21 August tak expected hai. For your records.",0,Hinglish
Update: Government service application ORD3816 receive ho gaya hai aur review mein hai.,0,Hinglish
Update: Aapki subscription renewal successfully process ho gayi hai. Ye status app mein bhi check kar sakte hain.,0,Hinglish
Aapka interview 18 August ko 5:45 PM par scheduled hai.,0,Hinglish
Aapka refund ₹850 original payment method mein credit ho gaya hai. Thank you.,0,Hinglish
Aapka KYC expire ho gaya hai. Banking access block hone se pehle details update karein.,1,Hinglish
Aapka KYC expire ho gaya hai. Banking access block hone se pehle details update karein. Please check the app for details.,1,Hinglish
Reward ready hai. Cashback receive karne ke liye verification complete karein. | Today,1,Hinglish
Aapki UPI service hold par hai. Payment continue karne ke liye verification complete karein. https://service.example/check,1,Hinglish
Insurance claim beneficiary details confirm hone tak process nahi hoga. | Service update Please use the official app.,1,Hinglish
Update: Unknown device se account recovery request aayi hai. Please identity confirm karein.,1,Hinglish
Update: UPI refund release nahi hua. Payment details submit karke process complete karein. https://service.example/check,1,Hinglish
Reward ready hai. Cashback receive karne ke liye verification complete karein.,1,Hinglish
Update: Unknown device se account recovery request aayi hai. Please identity confirm karein. Same update aapke official account mein bhi available hai.,1,Hinglish
Electricity connection suspend ho sakta hai kyunki latest bill verify nahi hua. Thank you. https://service.example/check,1,Hinglish
Refund pending hai. Amount receive karne ke liye requested account details share karein. | Today,1,Hinglish
Electricity connection suspend ho sakta hai kyunki latest bill verify nahi hua.,1,Hinglish
"Aapka bank account aaj suspend ho sakta hai, KYC pending hai — Please immediately verify karein.",1,Hinglish
"Aapka bank account aaj suspend ho sakta hai, KYC pending hai. Please immediately verify karein.",1,Hinglish
Update: Security check complete nahi hua to card temporarily disable ho sakta hai.,1,Hinglish
Bank profile security review mein hai. Requested information confirm karein. Thank you. https://service.example/check,1,Hinglish
"Aapka bank account aaj suspend ho sakta hai, KYC pending hai. Please immediately verify karein. Is confirmation ko records ke liye rakh sakte hain. Status app mein bhi check kar sakte hain.",1,Hinglish
Card payment verify nahi hua. Card active rakhne ke liye account details re-enter karein.,1,Hinglish
Subscription payment fail hui hai. Cancellation avoid karne ke liye card information verify karein. https://service.example/check,1,Hinglish
Interview slot confirm karne se pehle job application ka final verification complete karein — Please use the official app.,1,Hinglish
Subscription payment fail hui hai. Cancellation avoid karne ke liye card information verify karein. Thank you.,1,Hinglish
Loan approve hone ki information mili hai. Amount release karne ke liye requested details submit karein. https://service.example/check,1,Hinglish
Aapki UPI service hold par hai. Payment continue karne ke liye verification complete karein. | Today,1,Hinglish
Interview slot confirm karne se pehle job application ka final verification complete karein.,1,Hinglish
Insurance claim beneficiary details confirm hone tak process nahi hoga.,1,Hinglish
Refund pending hai. Amount receive karne ke liye requested account details share karein. For your records.,1,Hinglish
Government benefit verification pending hai. Application close hone se pehle details confirm karein. | Account update,1,Hinglish
Electricity connection suspend ho sakta hai kyunki latest bill verify nahi hua. https://service.example/check,1,Hinglish
"Aapka bank account aaj suspend ho sakta hai, KYC pending hai. Please immediately verify karein. Service details are available in your account.",1,Hinglish
"Parcel address verify nahi hua, isliye delivery hold par hai — Please address confirm karein. Please use the official app.",1,Hinglish
Reward ready hai. Cashback receive karne ke liye verification complete karein. Thank you.,1,Hinglish
Aapki UPI service hold par hai. Payment continue karne ke liye verification complete karein. Service details are available in your account.,1,Hinglish
Update: Reward ready hai. Cashback receive karne ke liye verification complete karein.,1,Hinglish
Loan approve hone ki information mili hai. Amount release karne ke liye requested details submit karein. Please check the app for details.,1,Hinglish
Subscription payment fail hui hai. Cancellation avoid karne ke liye card information verify karein. Service details are available in your account.,1,Hinglish
SMS: Aap work-from-home job ke liye shortlist hue hain. Joining ke liye refundable registration amount pay karein. https://service.example/check,1,Hinglish
"Aapka bank account aaj suspend ho sakta hai, KYC pending hai. Please immediately verify karein. For your records. https://service.example/check",1,Hinglish
Aapki UPI service hold par hai. Payment continue karne ke liye verification complete karein.,1,Hinglish
Refund pending hai. Amount receive karne ke liye requested account details share karein. Service details are available in your account. https://service.example/check,1,Hinglish
Aapki UPI service hold par hai — Payment continue karne ke liye verification complete karein. https://service.example/check,1,Hinglish
"Aapka bank account aaj suspend ho sakta hai, KYC pending hai. Please immediately verify karein. Is confirmation ko records ke liye rakh sakte hain. Ye update aapke account mein bhi available hai.",1,Hinglish
Bank profile security review mein hai. Requested information confirm karein.,1,Hinglish
Update: Account mein suspicious activity detect hui hai. Service block hone se pehle identity confirm karein.,1,Hinglish
Loan approve hone ki information mili hai. Amount release karne ke liye requested details submit karein. https://service.example/check Is confirmation ko records ke liye rakh sakte hain.,1,Hinglish
Update: Loan approve hone ki information mili hai. Amount release karne ke liye requested details submit karein.,1,Hinglish
Subscription payment fail hui hai. Cancellation avoid karne ke liye card information verify karein. Service details are available in your account. Ye status app mein bhi check kar sakte hain.,1,Hinglish
Government benefit verification pending hai — Application close hone se pehle details confirm karein.,1,Hinglish
Interview slot confirm karne se pehle job application ka final verification complete karein. Same update aapke official account mein bhi available hai.,1,Hinglish
Aapki UPI service hold par hai. Payment continue karne ke liye verification complete karein. Service details are available in your account. https://service.example/check,1,Hinglish
Account mein suspicious activity detect hui hai. Service block hone se pehle identity confirm karein.,1,Hinglish
Unknown device se account recovery request aayi hai. Please identity confirm karein.,1,Hinglish
"Aapka bank account aaj suspend ho sakta hai, KYC pending hai. Please immediately verify karein. For your records. https://service.example/check Ye status app mein bhi check kar sakte hain.",1,Hinglish
Government benefit verification pending hai — Application close hone se pehle details confirm karein. Is confirmation ko records ke liye rakh sakte hain.,1,Hinglish
Mobile number ki KYC recheck karni hai — Service active rakhne ke liye aaj verify karein. Please use the official app.,1,Hinglish
Aapki UPI service hold par hai. Payment continue karne ke liye verification complete karein. Ye status app mein bhi check kar sakte hain. Is message ko records ke liye rakh sakte hain.,1,Hinglish
Bank profile security review mein hai. Requested information confirm karein. Is confirmation ko records ke liye rakh sakte hain.,1,Hinglish
SMS: Interview slot confirm karne se pehle job application ka final verification complete karein. https://service.example/check,1,Hinglish
SMS: Electricity connection suspend ho sakta hai kyunki latest bill verify nahi hua.,1,Hinglish
Update: Interview slot confirm karne se pehle job application ka final verification complete karein.,1,Hinglish
SMS: Insurance claim beneficiary details confirm hone tak process nahi hoga.,1,Hinglish
SMS: Account mein suspicious activity detect hui hai. Service block hone se pehle identity confirm karein. https://service.example/check,1,Hinglish
Subscription payment fail hui hai. Cancellation avoid karne ke liye card information verify karein. For your records.,1,Hinglish
SMS: Government benefit verification pending hai. Application close hone se pehle details confirm karein. https://service.example/check,1,Hinglish
SMS: Loan approve hone ki information mili hai. Amount release karne ke liye requested details submit karein.,1,Hinglish
Bank profile security review mein hai. Requested information confirm karein. For your records.,1,Hinglish
"Parcel address verify nahi hua, isliye delivery hold par hai. Please address confirm karein.",1,Hinglish
"Parcel address verify nahi hua, isliye delivery hold par hai. Please address confirm karein. | Today",1,Hinglish
Aap work-from-home job ke liye shortlist hue hain. Joining ke liye refundable registration amount pay karein.,1,Hinglish
"Parcel address verify nahi hua, isliye delivery hold par hai. Please address confirm karein. Thank you. https://service.example/check",1,Hinglish
Subscription payment fail hui hai. Cancellation avoid karne ke liye card information verify karein.,1,Hinglish
Mobile number ki KYC recheck karni hai. Service active rakhne ke liye aaj verify karein. Please check the app for details. https://service.example/check,1,Hinglish
UPI refund release nahi hua. Payment details submit karke process complete karein. Please check the app for details. https://service.example/check,1,Hinglish
Aapki UPI service hold par hai. Payment continue karne ke liye verification complete karein. Ye status app mein bhi check kar sakte hain. Status app mein bhi check kar sakte hain.,1,Hinglish
Bank profile security review mein hai. Requested information confirm karein. | Today,1,Hinglish
Card payment verify nahi hua. Card active rakhne ke liye account details re-enter karein. Service details are available in your account.,1,Hinglish
UPI refund release nahi hua. Payment details submit karke process complete karein. For your records.,1,Hinglish
Update: Reward ready hai. Cashback receive karne ke liye verification complete karein. Is confirmation ko records ke liye rakh sakte hain.,1,Hinglish
Update: Reward ready hai. Cashback receive karne ke liye verification complete karein. https://service.example/check,1,Hinglish
Government benefit verification pending hai. Application close hone se pehle details confirm karein. Please check the app for details.,1,Hinglish
Aapka KYC expire ho gaya hai. Banking access block hone se pehle details update karein. | Today,1,Hinglish
Subscription payment fail hui hai. Cancellation avoid karne ke liye card information verify karein. Same update aapke official account mein bhi available hai. Ye update aapke account mein bhi available hai.,1,Hinglish
SMS: Subscription payment fail hui hai. Cancellation avoid karne ke liye card information verify karein.,1,Hinglish
"Aapka bank account aaj suspend ho sakta hai, KYC pending hai. Please immediately verify karein. Please check the app for details.",1,Hinglish
Security check complete nahi hua to card temporarily disable ho sakta hai. Please use the official app.,1,Hinglish
Loan approve hone ki information mili hai. Amount release karne ke liye requested details submit karein.,1,Hinglish
Aapki UPI service hold par hai. Payment continue karne ke liye verification complete karein. Service details are available in your account. https://service.example/check Is confirmation ko records ke liye rakh sakte hain.,1,Hinglish
Unknown device se account recovery request aayi hai. Please identity confirm karein. https://service.example/check,1,Hinglish
Refund pending hai. Amount receive karne ke liye requested account details share karein. Please check the app for details.,1,Hinglish
Update: Insurance claim beneficiary details confirm hone tak process nahi hoga.,1,Hinglish
Update: Mobile number ki KYC recheck karni hai. Service active rakhne ke liye aaj verify karein. https://service.example/check,1,Hinglish
Subscription payment fail hui hai. Cancellation avoid karne ke liye card information verify karein. Ye status app mein bhi check kar sakte hain.,1,Hinglish
Interview slot confirm karne se pehle job application ka final verification complete karein. Is confirmation ko records ke liye rakh sakte hain.,1,Hinglish
"Aapka bank account aaj suspend ho sakta hai, KYC pending hai — Please immediately verify karein. Same update aapke official account mein bhi available hai.",1,Hinglish
Aapka KYC expire ho gaya hai. Banking access block hone se pehle details update karein. Thank you.,1,Hinglish
Subscription payment fail hui hai. Cancellation avoid karne ke liye card information verify karein. Service details are available in your account. https://service.example/check,1,Hinglish
Insurance claim beneficiary details confirm hone tak process nahi hoga. Same update aapke official account mein bhi available hai.,1,Hinglish
Bank profile security review mein hai. Requested information confirm karein. Service details are available in your account.,1,Hinglish
Card payment verify nahi hua. Card active rakhne ke liye account details re-enter karein. For your records.,1,Hinglish
SMS: UPI refund release nahi hua. Payment details submit karke process complete karein.,1,Hinglish
Aapka KYC expire ho gaya hai — Banking access block hone se pehle details update karein.,1,Hinglish
Update: Unknown device se account recovery request aayi hai. Please identity confirm karein. Is confirmation ko records ke liye rakh sakte hain.,1,Hinglish
Update: Reward ready hai. Cashback receive karne ke liye verification complete karein. Please use the official app.,1,Hinglish
Update: Government benefit verification pending hai. Application close hone se pehle details confirm karein. Please use the official app.,1,Hinglish
Reward ready hai. Cashback receive karne ke liye verification complete karein. Is confirmation ko records ke liye rakh sakte hain.,1,Hinglish
Interview slot confirm karne se pehle job application ka final verification complete karein. https://service.example/check,1,Hinglish
Loan approve hone ki information mili hai — Amount release karne ke liye requested details submit karein. https://service.example/check,1,Hinglish
"Aapka bank account aaj suspend ho sakta hai, KYC pending hai. Please immediately verify karein. Please check the app for details. Is confirmation ko records ke liye rakh sakte hain.",1,Hinglish
Government benefit verification pending hai. Application close hone se pehle details confirm karein.,1,Hinglish
Aapka KYC expire ho gaya hai. Banking access block hone se pehle details update karein. Thank you. Ye status app mein bhi check kar sakte hain.,1,Hinglish
Account mein suspicious activity detect hui hai. Service block hone se pehle identity confirm karein. Is confirmation ko records ke liye rakh sakte hain.,1,Hinglish
Update: Card payment verify nahi hua. Card active rakhne ke liye account details re-enter karein.,1,Hinglish
Aapka KYC expire ho gaya hai. Banking access block hone se pehle details update karein. Please use the official app.,1,Hinglish
Insurance claim beneficiary details confirm hone tak process nahi hoga. | Account update,1,Hinglish
Subscription payment fail hui hai. Cancellation avoid karne ke liye card information verify karein. Same update aapke official account mein bhi available hai. Is message ko records ke liye rakh sakte hain.,1,Hinglish
UPI refund release nahi hua — Payment details submit karke process complete karein.,1,Hinglish
UPI refund release nahi hua. Payment details submit karke process complete karein.,1,Hinglish
Aapki UPI service hold par hai. Payment continue karne ke liye verification complete karein. Same update aapke official account mein bhi available hai.,1,Hinglish
Unknown device se account recovery request aayi hai. Please identity confirm karein. Thank you.,1,Hinglish
SMS: Refund pending hai. Amount receive karne ke liye requested account details share karein.,1,Hinglish
UPI refund release nahi hua. Payment details submit karke process complete karein. Please use the official app.,1,Hinglish
Update: Aapki UPI service hold par hai. Payment continue karne ke liye verification complete karein. https://service.example/check,1,Hinglish
"Parcel address verify nahi hua, isliye delivery hold par hai. Please address confirm karein. Thank you.",1,Hinglish
UPI refund release nahi hua. Payment details submit karke process complete karein. Service details are available in your account. Please use the official app.,1,Hinglish
Mobile number ki KYC recheck karni hai. Service active rakhne ke liye aaj verify karein. For your records. Please use the official app.,1,Hinglish
Bank profile security review mein hai. Requested information confirm karein. Please check the app for details.,1,Hinglish
New device login successfully confirm agide. Please check the app for details. Please use the official app.,0,Konglish
Electricity bill ₹249 payment successful agide. Receipt portalnalli ide. Thank you. https://service.example/check,0,Konglish
Nimma document DigiLocker alli view madoke available ide. Please check the app for details.,0,Konglish
Nimma subscription renewal successfully process agide. For your records.,0,Konglish
Nimma document DigiLocker alli view madoke available ide.,0,Konglish
SMS: Return pickup 16 Augustge scheduled agide. Please use the official app.,0,Konglish
"Nimma card inda Swiggyge ₹3,499 payment successful agide. Service details are available in your account. https://service.example/check",0,Konglish
"Nimma parcel ABC Store inda dispatch agide, delivery 21 August varege expected ide. Please use the official app.",0,Konglish
"Update: ₹3,499 recharge successful agide, plan 25 August varege active ide.",0,Konglish
Nimma interview 18 August dina 5:45 PMge scheduled agide.,0,Konglish
Nimma reward points balance update agide. Service details are available in your account. Please use the official app.,0,Konglish
"Nimma accountge ₹7,500 credit agide. Balance official banking appnalli check madabahudu. Please check the app for details. Please use the official app.",0,Konglish
"Nimma card inda Swiggyge ₹7,500 payment successful agide. Service details are available in your account. https://service.example/check",0,Konglish
Update: ₹249 UPI payment Jioge successful agide. Ref ORD3816.,0,Konglish
"SMS: Nimma card inda Jioge ₹1,240 payment successful agide. Please use the official app.",0,Konglish
"₹7,500 recharge successful agide, plan 25 August varege active ide. Please check the app for details.",0,Konglish
Nimma card inda Swiggyge ₹249 payment successful agide —,0,Konglish
Return pickup 21 Augustge scheduled agide. Please check the app for details.,0,Konglish
Nimma card inda Zomatoge ₹199 payment successful agide. Please check the app for details.,0,Konglish
Bank branch appointment 18 August dina 2:10 PMge confirmed agide. For your records. https://service.example/check,0,Konglish
Nimma interview 16 August dina 11:30 AMge scheduled agide.,0,Konglish
Update: Electricity bill ₹850 payment successful agide. Receipt portalnalli ide.,0,Konglish
Update: Nimma accountge ₹199 credit agide. Balance official banking appnalli check madabahudu.,0,Konglish
"Nimma parcel ABC Store inda dispatch agide, delivery 21 August varege expected ide.",0,Konglish
"Nimma KYC update request receive agide, review aadmele status check madi.",0,Konglish
"Nimma ₹1,999 refund original payment methodge credit agide. https://service.example/check",0,Konglish
"Update: Nimma KYC update request receive agide, review aadmele status check madi. Please use the official app.",0,Konglish
Bank branch appointment 21 August dina 11:30 AMge confirmed agide. Thank you.,0,Konglish
Bank branch appointment 16 August dina 2:10 PMge confirmed agide. Please check the app for details.,0,Konglish
"Nimma ₹1,240 refund original payment methodge credit agide. Thank you.",0,Konglish
"Nimma ₹1,240 EMI successfully pay agide. For your records.",0,Konglish
I month account statement official banking appnalli available ide. | Account update,0,Konglish
"Update: ₹249 recharge successful agide, plan 21 August varege active ide. Please use the official app.",0,Konglish
Nimma document DigiLocker alli view madoke available ide. Service details are available in your account.,0,Konglish
Nimma interview 16 August dina 11:30 AMge scheduled agide. Ee status appnalli kooda check madabahudu.,0,Konglish
Nimma reward points balance update agide. Service details are available in your account.,0,Konglish
"Nimma accountge ₹3,499 credit agide. Balance official banking appnalli check madabahudu. Please check the app for details. https://service.example/check",0,Konglish
SMS: Nimma broadband bill ₹850 successfully pay agide.,0,Konglish
"SMS: Nimma KYC update request receive agide, review aadmele status check madi.",0,Konglish
Nimma reward points balance update agide.,0,Konglish
"Nimma KYC update request receive agide, review aadmele status check madi. https://service.example/check",0,Konglish
"Nimma card inda Swiggyge ₹3,499 payment successful agide. For your records.",0,Konglish
Nimma document DigiLocker alli view madoke available ide. Same update nimma official accountnalli kooda ide.,0,Konglish
Nimma subscription renewal successfully process agide. Please check the app for details.,0,Konglish
"Nimma card inda Zomatoge ₹1,240 payment successful agide.",0,Konglish
"Nimma ₹3,499 refund original payment methodge credit agide. Thank you. https://service.example/check",0,Konglish
Nimma document DigiLocker alli view madoke available ide. https://service.example/check,0,Konglish
"Nimma parcel ABC Store inda dispatch agide, delivery 25 August varege expected ide. For your records. Please use the official app.",0,Konglish
Nimma reward points balance update agide. Service details are available in your account. https://service.example/check,0,Konglish
"Update: Nimma card inda Airtelge ₹7,500 payment successful agide.",0,Konglish
New device login successfully confirm agide. Service details are available in your account.,0,Konglish
₹249 UPI payment Zomatoge successful agide. Ref REF5291. | Service update,0,Konglish
I month account statement official banking appnalli available ide — https://service.example/check,0,Konglish
SMS: Nimma interview 16 August dina 2:10 PMge scheduled agide. https://service.example/check,0,Konglish
SMS: Electricity bill ₹199 payment successful agide. Receipt portalnalli ide. Please use the official app.,0,Konglish
Bank branch appointment 16 August dina 9:15 AMge confirmed agide.,0,Konglish
Nimma card inda Airtelge ₹499 payment successful agide. Service details are available in your account.,0,Konglish
Return pickup 16 Augustge scheduled agide — https://service.example/check,0,Konglish
"Nimma KYC update request receive agide, review aadmele status check madi. Ee status appnalli kooda check madabahudu.",0,Konglish
Nimma reward points balance update agide. Service details are available in your account. Ee confirmation recordsgagi save madi.,0,Konglish
New device login successfully confirm agide. Thank you.,0,Konglish
"Nimma ₹3,499 EMI successfully pay agide. | Account update https://service.example/check",0,Konglish
"Insurance premium ₹7,500 successfully receive agide. Policy details appnalli ide. Please use the official app.",0,Konglish
SMS: Nimma accountge ₹850 credit agide. Balance official banking appnalli check madabahudu.,0,Konglish
Return pickup 21 Augustge scheduled agide. Please check the app for details. https://service.example/check,0,Konglish
"₹1,240 UPI payment ABC Storege successful agide. Ref APP7045. Service details are available in your account.",0,Konglish
Update: Nimma reward points balance update agide.,0,Konglish
Bank branch appointment 18 August dina 2:10 PMge confirmed agide. Thank you.,0,Konglish
"Update: ₹1,240 UPI payment ABC Storege successful agide. Ref ORD3816.",0,Konglish
"₹1,999 UPI payment Airtelge successful agide. Ref REF5291. Service details are available in your account.",0,Konglish
Update: ₹249 UPI payment Zomatoge successful agide. Ref APP7045.,0,Konglish
"Insurance premium ₹7,500 successfully receive agide. Policy details appnalli ide. https://service.example/check",0,Konglish
"Nimma KYC update request receive agide, review aadmele status check madi. Service details are available in your account. https://service.example/check",0,Konglish
Nimma interview 16 August dina 9:15 AMge scheduled agide. Thank you. https://service.example/check,0,Konglish
Nimma interview 21 August dina 9:15 AMge scheduled agide.,0,Konglish
"Nimma broadband bill ₹1,240 successfully pay agide. Service details are available in your account.",0,Konglish
"₹850 recharge successful agide, plan 21 August varege active ide. Thank you.",0,Konglish
"Insurance premium ₹1,240 successfully receive agide — Policy details appnalli ide.",0,Konglish
₹249 UPI payment Amazonge successful agide. Ref ORD3816. Thank you. https://service.example/check,0,Konglish
I month account statement official banking appnalli available ide —,0,Konglish
Nimma card inda ABC Storege ₹249 payment successful agide. Please check the app for details.,0,Konglish
Update: Nimma subscription renewal successfully process agide.,0,Konglish
Electricity bill ₹249 payment successful agide. Receipt portalnalli ide. Please check the app for details.,0,Konglish
Government service application APP7045 receive agide mattu reviewnalli ide. Service details are available in your account.,0,Konglish
"Nimma KYC update request receive agide, review aadmele status check madi. Please use the official app.",0,Konglish
Nimma reward points balance update agide. Thank you. https://service.example/check,0,Konglish
Nimma document DigiLocker alli view madoke available ide. Service details are available in your account. Ee confirmation recordsgagi save madi.,0,Konglish
"Nimma accountge ₹1,240 credit agide. Balance official banking appnalli check madabahudu. https://service.example/check",0,Konglish
"Nimma broadband bill ₹7,500 successfully pay agide.",0,Konglish
New device login successfully confirm agide. Service details are available in your account. Ee confirmation recordsgagi save madi.,0,Konglish
Bank branch appointment 25 August dina 9:15 AMge confirmed agide —,0,Konglish
"Nimma accountge ₹1,999 credit agide. Balance official banking appnalli check madabahudu. | Account update Please use the official app.",0,Konglish
"Nimma parcel Jio inda dispatch agide, delivery 18 August varege expected ide.",0,Konglish
Nimma reward points balance update agide. For your records.,0,Konglish
Bank branch appointment 25 August dina 9:15 AMge confirmed agide. For your records. Please use the official app.,0,Konglish
₹249 UPI payment Swiggyge successful agide. Ref REF5291. https://service.example/check,0,Konglish
"Nimma ₹7,500 EMI successfully pay agide.",0,Konglish
Nimma reward points balance update agide. Please check the app for details.,0,Konglish
I month account statement official banking appnalli available ide. For your records.,0,Konglish
"₹199 recharge successful agide, plan 25 August varege active ide —",0,Konglish
"Insurance premium ₹1,999 successfully receive agide. Policy details appnalli ide.",0,Konglish
SMS: I month account statement official banking appnalli available ide.,0,Konglish
Nimma interview 21 August dina 11:30 AMge scheduled agide.,0,Konglish
Return pickup 18 Augustge scheduled agide — https://service.example/check,0,Konglish
Nimma interview 16 August dina 5:45 PMge scheduled agide.,0,Konglish
"Nimma KYC update request receive agide, review aadmele status check madi —",0,Konglish
"Nimma parcel ABC Store inda dispatch agide, delivery 16 August varege expected ide.",0,Konglish
"Insurance premium ₹1,999 successfully receive agide. Policy details appnalli ide. Thank you. https://service.example/check",0,Konglish
Nimma accountge ₹499 credit agide. Balance official banking appnalli check madabahudu. Please use the official app.,0,Konglish
Insurance premium ₹249 successfully receive agide — Policy details appnalli ide.,0,Konglish
"Update: Nimma KYC update request receive agide, review aadmele status check madi.",0,Konglish
Nimma ₹850 EMI successfully pay agide.,0,Konglish
SMS: I month account statement official banking appnalli available ide. Ee status appnalli kooda check madabahudu.,0,Konglish
Government service application REF5291 receive agide mattu reviewnalli ide. | Service update https://service.example/check,0,Konglish
"Nimma KYC update request receive agide, review aadmele status check madi. Please use the official app. Same update nimma official accountnalli kooda ide.",0,Konglish
Nimma card inda Zomatoge ₹850 payment successful agide.,0,Konglish
Update: Return pickup 25 Augustge scheduled agide. https://service.example/check,0,Konglish
"Nimma parcel ABC Store inda dispatch agide, delivery 25 August varege expected ide. | Service update Please use the official app.",0,Konglish
Nimma card inda Jioge ₹850 payment successful agide.,0,Konglish
"₹249 recharge successful agide, plan 16 August varege active ide.",0,Konglish
Update: Return pickup 21 Augustge scheduled agide. Please use the official app.,0,Konglish
"Nimma KYC update request receive agide, review aadmele status check madi. Please use the official app. Ee status appnalli kooda check madabahudu.",0,Konglish
"SMS: Insurance premium ₹7,500 successfully receive agide. Policy details appnalli ide.",0,Konglish
"Update: Nimma card inda Jioge ₹3,499 payment successful agide. https://service.example/check",0,Konglish
Nimma reward points balance update agide. Ee status appnalli kooda check madabahudu.,0,Konglish
"Electricity connection suspend agabahudu, latest bill verify agilla.",1,Konglish
Government benefit verification pending ide. Application close aguva munche details confirm madi.,1,Konglish
"Nimma bank account ivattu suspend agabahudu, KYC pending ide. Please immediately verify madi. | Account update https://service.example/check",1,Konglish
Reward ready ide. Cashback receive madoke verification complete madi.,1,Konglish
"Nimma bank account ivattu suspend agabahudu, KYC pending ide. Please immediately verify madi. Please use the official app.",1,Konglish
UPI refund release agilla. Payment details submit madi process complete madi.,1,Konglish
Subscription payment fail agide. Cancellation avoid madoke card information verify madi.,1,Konglish
Card payment verify agilla. Card active irbekandre account details re-enter madi. Please check the app for details.,1,Konglish
Nimma KYC expire agide. Banking access block aguva munche details update madi. Please use the official app.,1,Konglish
Card payment verify agilla. Card active irbekandre account details re-enter madi. Please check the app for details. Ee confirmation recordsgagi save madi.,1,Konglish
Nimge work-from-home job shortlist agide. Joining complete madoke registration amount pay madi. https://service.example/check,1,Konglish
Unknown device inda account recovery request bandide. Please identity confirm madi. For your records.,1,Konglish
UPI refund release agilla. Payment details submit madi process complete madi. Thank you. https://service.example/check,1,Konglish
Card payment verify agilla. Card active irbekandre account details re-enter madi. https://service.example/check,1,Konglish
Security check complete agillandre card temporarily disable agabahudu. For your records.,1,Konglish
UPI refund release agilla — Payment details submit madi process complete madi.,1,Konglish
Nimma UPI service holdnalli ide. Payment continue madoke verification complete madi.,1,Konglish
"Parcel address verify agilla, adakke delivery holdnalli ide. Address confirm madi. Thank you.",1,Konglish
Bank profile security reviewnalli ide. Requested information confirm madi.,1,Konglish
Subscription payment fail agide. Cancellation avoid madoke card information verify madi. | Account update https://service.example/check,1,Konglish
Interview slot confirm madoke munche job application final verification complete madi —,1,Konglish
Account alli suspicious activity detect agide. Service block aguva munche identity confirm madi. Service details are available in your account.,1,Konglish
Update: Card payment verify agilla. Card active irbekandre account details re-enter madi.,1,Konglish
Subscription payment fail agide. Cancellation avoid madoke card information verify madi. Ee status appnalli kooda check madabahudu.,1,Konglish
"Electricity connection suspend agabahudu, latest bill verify agilla. For your records. Please use the official app.",1,Konglish
Card payment verify agilla. Card active irbekandre account details re-enter madi. Please check the app for details. Same update nimma official accountnalli kooda ide.,1,Konglish
Update: Unknown device inda account recovery request bandide. Please identity confirm madi.,1,Konglish
Card payment verify agilla. Card active irbekandre account details re-enter madi.,1,Konglish
Subscription payment fail agide. Cancellation avoid madoke card information verify madi. Same update nimma official accountnalli kooda ide.,1,Konglish
Interview slot confirm madoke munche job application final verification complete madi — Ee status appnalli kooda check madabahudu.,1,Konglish
Card payment verify agilla. Card active irbekandre account details re-enter madi. Ee confirmation recordsgagi save madi.,1,Konglish
Nimma KYC expire agide. Banking access block aguva munche details update madi.,1,Konglish
Update: Loan approve agide endu message bandide. Amount release madoke requested details submit madi.,1,Konglish
Refund pending ide. Amount receive madoke requested account details share madi. Please check the app for details.,1,Konglish
Bank profile security reviewnalli ide. Requested information confirm madi. For your records. Please use the official app.,1,Konglish
Nimma UPI service holdnalli ide. Payment continue madoke verification complete madi. Ee status appnalli kooda check madabahudu.,1,Konglish
"SMS: Parcel address verify agilla, adakke delivery holdnalli ide. Address confirm madi.",1,Konglish
Reward ready ide — Cashback receive madoke verification complete madi. https://service.example/check,1,Konglish
Account alli suspicious activity detect agide. Service block aguva munche identity confirm madi. https://service.example/check,1,Konglish
Reward ready ide — Cashback receive madoke verification complete madi.,1,Konglish
Mobile number KYC recheck beku. Service active irbekandre ivattu verify madi. For your records.,1,Konglish
"Parcel address verify agilla, adakke delivery holdnalli ide. Address confirm madi. For your records.",1,Konglish
Refund pending ide. Amount receive madoke requested account details share madi. Service details are available in your account.,1,Konglish
Reward ready ide. Cashback receive madoke verification complete madi. Same update nimma official accountnalli kooda ide. Status appnalli kooda check madabahudu.,1,Konglish
Interview slot confirm madoke munche job application final verification complete madi. Please check the app for details.,1,Konglish
Refund pending ide. Amount receive madoke requested account details share madi. https://service.example/check,1,Konglish
UPI refund release agilla. Payment details submit madi process complete madi. Same update nimma official accountnalli kooda ide.,1,Konglish
Card payment verify agilla. Card active irbekandre account details re-enter madi. | Account update https://service.example/check,1,Konglish
Mobile number KYC recheck beku. Service active irbekandre ivattu verify madi. Thank you.,1,Konglish
Bank profile security reviewnalli ide — Requested information confirm madi. https://service.example/check,1,Konglish
Account alli suspicious activity detect agide. Service block aguva munche identity confirm madi. Thank you. https://service.example/check,1,Konglish
SMS: Security check complete agillandre card temporarily disable agabahudu. Please use the official app.,1,Konglish
Update: Unknown device inda account recovery request bandide. Please identity confirm madi. https://service.example/check,1,Konglish
"Nimma bank account ivattu suspend agabahudu, KYC pending ide. Please immediately verify madi. For your records.",1,Konglish
Update: Mobile number KYC recheck beku. Service active irbekandre ivattu verify madi.,1,Konglish
Update: Reward ready ide. Cashback receive madoke verification complete madi. https://service.example/check,1,Konglish
Nimge work-from-home job shortlist agide. Joining complete madoke registration amount pay madi. https://service.example/check Ee status appnalli kooda check madabahudu.,1,Konglish
UPI refund release agilla. Payment details submit madi process complete madi. Service details are available in your account.,1,Konglish
Subscription payment fail agide. Cancellation avoid madoke card information verify madi. Please check the app for details.,1,Konglish
Mobile number KYC recheck beku. Service active irbekandre ivattu verify madi. Thank you. https://service.example/check,1,Konglish
Update: Nimma UPI service holdnalli ide. Payment continue madoke verification complete madi.,1,Konglish
Nimge work-from-home job shortlist agide. Joining complete madoke registration amount pay madi.,1,Konglish
Insurance claim beneficiary details confirm aaguvavarege process agalla.,1,Konglish
SMS: Security check complete agillandre card temporarily disable agabahudu.,1,Konglish
SMS: Interview slot confirm madoke munche job application final verification complete madi.,1,Konglish
Reward ready ide. Cashback receive madoke verification complete madi. Ee status appnalli kooda check madabahudu.,1,Konglish
Nimma KYC expire agide. Banking access block aguva munche details update madi. | Account update https://service.example/check,1,Konglish
"Parcel address verify agilla, adakke delivery holdnalli ide. Address confirm madi. https://service.example/check",1,Konglish
SMS: Security check complete agillandre card temporarily disable agabahudu. Ee status appnalli kooda check madabahudu.,1,Konglish
"Electricity connection suspend agabahudu, latest bill verify agilla. | Service update https://service.example/check",1,Konglish
Refund pending ide — Amount receive madoke requested account details share madi.,1,Konglish
Bank profile security reviewnalli ide. Requested information confirm madi. Ee status appnalli kooda check madabahudu.,1,Konglish
Unknown device inda account recovery request bandide. Please identity confirm madi.,1,Konglish
"Nimma bank account ivattu suspend agabahudu, KYC pending ide. Please immediately verify madi. | Account update Please use the official app.",1,Konglish
Security check complete agillandre card temporarily disable agabahudu.,1,Konglish
Refund pending ide. Amount receive madoke requested account details share madi. Service details are available in your account. Please use the official app.,1,Konglish
Reward ready ide. Cashback receive madoke verification complete madi. Same update nimma official accountnalli kooda ide. Ee update nimma accountnalli kooda available ide.,1,Konglish
Account alli suspicious activity detect agide. Service block aguva munche identity confirm madi.,1,Konglish
Nimge work-from-home job shortlist agide. Joining complete madoke registration amount pay madi. https://service.example/check Ee confirmation recordsgagi save madi.,1,Konglish
"Nimma bank account ivattu suspend agabahudu, KYC pending ide. Please immediately verify madi. Please check the app for details. https://service.example/check",1,Konglish
Update: Bank profile security reviewnalli ide. Requested information confirm madi. Please use the official app.,1,Konglish
Nimma UPI service holdnalli ide. Payment continue madoke verification complete madi. Ee confirmation recordsgagi save madi.,1,Konglish
Reward ready ide. Cashback receive madoke verification complete madi. | Service update https://service.example/check,1,Konglish
"Electricity connection suspend agabahudu, latest bill verify agilla. Please check the app for details. Please use the official app.",1,Konglish
"Electricity connection suspend agabahudu, latest bill verify agilla. https://service.example/check",1,Konglish
"Electricity connection suspend agabahudu, latest bill verify agilla. | Today",1,Konglish
"Parcel address verify agilla, adakke delivery holdnalli ide. Address confirm madi. Service details are available in your account.",1,Konglish
Nimma UPI service holdnalli ide. Payment continue madoke verification complete madi. Service details are available in your account.,1,Konglish
Nimge work-from-home job shortlist agide. Joining complete madoke registration amount pay madi. Please check the app for details. Please use the official app.,1,Konglish
Reward ready ide. Cashback receive madoke verification complete madi. | Account update https://service.example/check,1,Konglish
Bank profile security reviewnalli ide. Requested information confirm madi. For your records. https://service.example/check,1,Konglish
"Parcel address verify agilla, adakke delivery holdnalli ide. Address confirm madi.",1,Konglish
"Electricity connection suspend agabahudu, latest bill verify agilla. Ee status appnalli kooda check madabahudu.",1,Konglish
Card payment verify agilla — Card active irbekandre account details re-enter madi.,1,Konglish
"Nimma bank account ivattu suspend agabahudu, KYC pending ide. Please immediately verify madi. For your records. https://service.example/check",1,Konglish
Update: Account alli suspicious activity detect agide. Service block aguva munche identity confirm madi. https://service.example/check,1,Konglish
Account alli suspicious activity detect agide. Service block aguva munche identity confirm madi. https://service.example/check Ee confirmation recordsgagi save madi.,1,Konglish
UPI refund release agilla. Payment details submit madi process complete madi. Please check the app for details.,1,Konglish
SMS: Subscription payment fail agide. Cancellation avoid madoke card information verify madi.,1,Konglish
Update: Mobile number KYC recheck beku. Service active irbekandre ivattu verify madi. Ee confirmation recordsgagi save madi.,1,Konglish
Mobile number KYC recheck beku. Service active irbekandre ivattu verify madi.,1,Konglish
"Nimma bank account ivattu suspend agabahudu, KYC pending ide. Please immediately verify madi. https://service.example/check",1,Konglish
"Parcel address verify agilla, adakke delivery holdnalli ide. Address confirm madi. Thank you. Ee confirmation recordsgagi save madi.",1,Konglish
Nimma UPI service holdnalli ide. Payment continue madoke verification complete madi. Same update nimma official accountnalli kooda ide.,1,Konglish
Card payment verify agilla. Card active irbekandre account details re-enter madi. Service details are available in your account.,1,Konglish
Interview slot confirm madoke munche job application final verification complete madi. Please use the official app.,1,Konglish
Unknown device inda account recovery request bandide. Please identity confirm madi. | Service update,1,Konglish
Bank profile security reviewnalli ide. Requested information confirm madi. | Account update https://service.example/check,1,Konglish
"Parcel address verify agilla, adakke delivery holdnalli ide. Address confirm madi. https://service.example/check Ee confirmation recordsgagi save madi.",1,Konglish
Update: Subscription payment fail agide. Cancellation avoid madoke card information verify madi. Please use the official app.,1,Konglish
"Nimma bank account ivattu suspend agabahudu, KYC pending ide. Please immediately verify madi. Please check the app for details.",1,Konglish
Reward ready ide. Cashback receive madoke verification complete madi. Ee confirmation recordsgagi save madi.,1,Konglish
"Update: Electricity connection suspend agabahudu, latest bill verify agilla.",1,Konglish
Bank profile security reviewnalli ide. Requested information confirm madi. Thank you.,1,Konglish
Nimma KYC expire agide. Banking access block aguva munche details update madi. Please use the official app. Ee confirmation recordsgagi save madi.,1,Konglish
Unknown device inda account recovery request bandide. Please identity confirm madi. https://service.example/check,1,Konglish
Reward ready ide. Cashback receive madoke verification complete madi. | Today Please use the official app.,1,Konglish
"Nimma bank account ivattu suspend agabahudu, KYC pending ide. Please immediately verify madi. Please check the app for details. Ee confirmation recordsgagi save madi.",1,Konglish
Card payment verify agilla. Card active irbekandre account details re-enter madi. Thank you.,1,Konglish
Unknown device inda account recovery request bandide — Please identity confirm madi.,1,Konglish
Account alli suspicious activity detect agide. Service block aguva munche identity confirm madi. Please check the app for details.,1,Konglish
Nimma UPI service holdnalli ide. Payment continue madoke verification complete madi. https://service.example/check,1,Konglish
Update: Refund pending ide. Amount receive madoke requested account details share madi. Please use the official app.,1,Konglish
Account alli suspicious activity detect agide — Service block aguva munche identity confirm madi.,1,Konglish
Card payment verify agilla. Card active irbekandre account details re-enter madi. https://service.example/check Same update nimma official accountnalli kooda ide.,1,Konglish
